[2026-08-21 17:53:37] testing.INFO: settings.updated {"audit_id":"01m0j3j5rz8bdp2m8xgm1fyeh3","actor_id":"01m0j3j3vfj2zgnxwjkc5758bw","target":":","request_id":"b7bd6c3b-b2e6-4e20-a219-f6b7b21e61de"} 
[2026-08-21 17:53:38] testing.INFO: settings.updated {"audit_id":"01m0j3j86q0qb36kt9vznza2gm","actor_id":"01m0j3j865rr806x15y9sjg79h","target":":","request_id":"7eac0cc8-c01d-4746-b108-82647a24cdf9"} 
[2026-08-21 17:53:39] testing.INFO: role.updated {"audit_id":"01m0j3j8g45f244247tz9afta9","actor_id":"01m0j3j8eacey57h2d1ryqem1q","target":"Role:01m0j3j8cwk7jte1zn2jk8yfqn","request_id":"e4081478-2c76-4e5a-874f-303108adaea2"} 
[2026-08-21 17:53:39] testing.INFO: settings.payment_method_qr_updated {"audit_id":"01m0j3j8xz26nttf797m28kd7k","actor_id":"01m0j3j8k6pc0yhx97d6vy1md3","target":"PaymentMethod:01m0j3j8k17qxmgj82w304zn4c","request_id":"fb6adf0c-1a3d-4cfa-9c96-89fbad70cc3c"} 
[2026-08-21 17:53:39] testing.INFO: settings.payment_method_qr_removed {"audit_id":"01m0j3j8y855gfxyx0wmddzyt6","actor_id":"01m0j3j8k6pc0yhx97d6vy1md3","target":"PaymentMethod:01m0j3j8k17qxmgj82w304zn4c","request_id":"88312036-20a8-4871-9622-939d0ab29490"} 
[2026-08-21 17:53:39] testing.INFO: settings.updated {"audit_id":"01m0j3j95wtqg34z7pbqmsm653","actor_id":"01m0j3j94tbn3rrpzhz9dyzzv4","target":":","request_id":"acd90c77-45b6-4e04-8338-b569bf0a1523"} 
[2026-08-21 17:53:40] testing.INFO: faq.created {"audit_id":"01m0j3j9ar9tj7pn1ykrr0z06a","actor_id":"01m0j3j99ff05gw8jnycn09204","target":"Faq:01m0j3j9apny03ct3w47cm9j80","request_id":"84dc28ad-514a-4359-8b01-cd627404c7c6"} 
[2026-08-21 17:53:40] testing.INFO: faq.updated {"audit_id":"01m0j3j9b24vn5jjqwfrbsqfr1","actor_id":"01m0j3j99ff05gw8jnycn09204","target":"Faq:01m0j3j9apny03ct3w47cm9j80","request_id":"7c1661e5-ad5c-40c5-8ade-1aef6708cf53"} 
[2026-08-21 17:53:40] testing.INFO: faq.deleted {"audit_id":"01m0j3j9ex06rb4w4ht9047803","actor_id":"01m0j3j99ff05gw8jnycn09204","target":"Faq:01m0j3j9apny03ct3w47cm9j80","request_id":"97eaee5c-aad6-4f44-a8f4-e41ab91cabe7"} 
[2026-08-21 17:53:40] testing.INFO: attempt.started {"audit_id":"01m0j3j9x7cc8e255w1c0sv8ac","actor_id":"01m0j3j9rfp8mayta0qyj1n43e","target":"TestAttempt:01m0j3j9x6dqatzyzz83b40v46","request_id":"0f848d40-29c5-43f5-b799-ac6c3d296ff7"} 
[2026-08-21 17:53:40] testing.INFO: attempt.started {"audit_id":"01m0j3ja6yqt09ktb1fbypm7m8","actor_id":"01m0j3ja6hytkkr50d07sve3ep","target":"TestAttempt:01m0j3ja6wk4ff8n2jjf4900ga","request_id":"9de1790c-a5db-468a-8ef0-b0e28627deb0"} 
[2026-08-21 17:53:40] testing.INFO: attempt.started {"audit_id":"01m0j3ja7789szsmwk73wgdqsn","actor_id":"01m0j3ja6hytkkr50d07sve3ep","target":"TestAttempt:01m0j3ja6wk4ff8n2jjf4900ga","request_id":"c993d35c-345a-458a-ba38-283c20530f15"} 
[2026-08-21 17:53:41] testing.INFO: attempt.started {"audit_id":"01m0j3jaazz2b129kdqdjet16f","actor_id":"01m0j3jaahn3htjwh4fxp6apy8","target":"TestAttempt:01m0j3jaaytqrjjj0hdcjv967m","request_id":"1f5cea79-17d2-43a8-ae0d-0565275ef2df"} 
[2026-08-21 17:53:41] testing.INFO: attempt.started {"audit_id":"01m0j3jafrsmrnj8wygjhqtj23","actor_id":"01m0j3jafbw5q26wecjbpy7038","target":"TestAttempt:01m0j3jafqsynzwahvmep6d6vf","request_id":"2eeb0ce8-ff58-46da-a04d-f1d7cf10effa"} 
[2026-08-21 17:53:41] testing.INFO: attempt.submitted {"audit_id":"01m0j3jajat8tq7dtj91s9zbyt","actor_id":"01m0j3jafbw5q26wecjbpy7038","target":"TestAttempt:01m0j3jafqsynzwahvmep6d6vf","request_id":"25ba9022-2086-4d95-a016-2a3a8fef68fc"} 
[2026-08-21 17:53:41] testing.INFO: auth.logged_in {"audit_id":"01m0j3jb6yn14vg8b5mqx89dzb","actor_id":"01m0j3jarzsjf056n67gdrcpcn","target":"User:01m0j3jarzsjf056n67gdrcpcn","request_id":"ea9f8184-ebfd-47ec-89a6-359fe142a8ce"} 
[2026-08-21 17:53:42] testing.INFO: auth.logged_out {"audit_id":"01m0j3jbcv2hz98nq2eymak4b3","actor_id":"01m0j3jarzsjf056n67gdrcpcn","target":"User:01m0j3jarzsjf056n67gdrcpcn","request_id":"00e9883d-eb48-4b2c-8b61-79234f401470"} 
[2026-08-21 17:53:42] testing.INFO: auth.logged_in {"audit_id":"01m0j3jbd1nfm92jxeansnkhp4","actor_id":"01m0j3jarzsjf056n67gdrcpcn","target":"User:01m0j3jarzsjf056n67gdrcpcn","request_id":"1b7b677a-0125-4194-a7dc-fba3f689a1ae"} 
[2026-08-21 17:53:42] testing.INFO: auth.account_locked {"audit_id":"01m0j3jbp5747fwwvep4zt4jwn","actor_id":"01m0j3jbmxjph3k6652naqbtt6","target":"User:01m0j3jbmxjph3k6652naqbtt6","request_id":"3f0fa589-c564-4893-8f69-2d166245e863"} 
[2026-08-21 17:53:42] testing.INFO: auth.password_changed {"audit_id":"01m0j3jbxzx75n5xc82mcmbhfr","actor_id":"01m0j3jbtp109t1gwq5t1c92fy","target":"User:01m0j3jbtp109t1gwq5t1c92fy","request_id":"e92ca5b0-f26a-423b-984b-4a722cdb3bb6"} 
[2026-08-21 17:53:42] testing.INFO: account.profile_updated {"audit_id":"01m0j3jc28rjkjnnjn4avrkpd7","actor_id":"01m0j3jc13c1ea5a2jvjrvcf7t","target":"User:01m0j3jc13c1ea5a2jvjrvcf7t","request_id":"4f389701-a774-4e30-a8a2-ba6f5985bfb0"} 
[2026-08-21 17:53:43] testing.INFO: course.updated {"audit_id":"01m0j3jccskgn8hv2gdnchk1xs","actor_id":"01m0j3jcbj9nb9tbprwcxjmxja","target":"Course:01m0j3jcbmvvs01qzxvjrrv8yh","request_id":"434e80fe-00b0-4061-81b5-412aab3c5eb4"} 
[2026-08-21 17:53:43] testing.INFO: course.updated {"audit_id":"01m0j3jckags4fxbg97yeb9jpx","actor_id":"01m0j3jcjxnzkf22a4f2csfxja","target":"Course:01m0j3jcjzyp63r9m643w5d8zj","request_id":"5bd9040c-78b5-47ca-af11-8fbf29f5548c"} 
[2026-08-21 17:53:43] testing.INFO: course.thumbnail_updated {"audit_id":"01m0j3jcq93kab3sdxtv0wx0j1","actor_id":"01m0j3jcpd8pf1ak0yyc7kgh83","target":"Course:01m0j3jcpfn7kvwe63y1bfqqxp","request_id":"8c4ff8ed-66f2-442d-856a-1af93d100939"} 
[2026-08-21 17:53:43] testing.INFO: course.thumbnail_updated {"audit_id":"01m0j3jcqs4nrr6t7rg00w09a6","actor_id":"01m0j3jcpd8pf1ak0yyc7kgh83","target":"Course:01m0j3jcpfn7kvwe63y1bfqqxp","request_id":"51cbe1fd-51d6-45ea-a3a1-1d812b495945"} 
[2026-08-21 17:53:43] testing.INFO: course.thumbnail_updated {"audit_id":"01m0j3jcvpp5812j3aagwswmew","actor_id":"01m0j3jcv47a23hrem3w02rfnr","target":"Course:01m0j3jcv7k81zdrrkxaewf55b","request_id":"f8fff242-038a-4133-8576-37fa9dc63e05"} 
[2026-08-21 17:53:43] testing.INFO: course.thumbnail_removed {"audit_id":"01m0j3jcvzz1s6y1dn17bvwrgz","actor_id":"01m0j3jcv47a23hrem3w02rfnr","target":"Course:01m0j3jcv7k81zdrrkxaewf55b","request_id":"77613eed-aeff-49b5-9711-e22ff4de454d"} 
[2026-08-21 17:53:43] testing.INFO: course.thumbnail_updated {"audit_id":"01m0j3jczkayvw650zxtdaf3f4","actor_id":"01m0j3jcz1yy5dstcd93jap2em","target":"Course:01m0j3jcz3wgv4qxk44a3scvyd","request_id":"ace859e0-98e4-437c-a3e1-d2552ba1f8cb"} 
[2026-08-21 17:53:45] testing.INFO: payment.approved {"audit_id":"01m0j3jezwfcwzcyz3v735vnnd","actor_id":"01m0j3jdc2r9r1kmb6r233ef8m","target":"Payment:01m0j3jdc8h2hzjnjtb93jcwf9","request_id":"ce9f3b05-e8a2-44ff-af2c-b05b3ea0e1fd"} 
[2026-08-21 17:53:46] testing.INFO: auth.logged_in {"audit_id":"01m0j3jf7g7gagc7h4bzgvwdkh","actor_id":"01m0j3jf77cahztam0kzffbfhb","target":"User:01m0j3jf77cahztam0kzffbfhb","request_id":"16aaa048-0a35-4742-99a8-849861c81246"} 
[2026-08-21 17:53:46] testing.INFO: auth.logged_out {"audit_id":"01m0j3jf7qdvt13w3f94r1nf0h","actor_id":"01m0j3jf77cahztam0kzffbfhb","target":"User:01m0j3jf77cahztam0kzffbfhb","request_id":"0804adc2-3d52-49a9-b2ba-088a8c6d77c6"} 
[2026-08-21 17:53:46] testing.INFO: auth.logged_in {"audit_id":"01m0j3jf7xvhrnsnx01rv9ezxb","actor_id":"01m0j3jf77cahztam0kzffbfhb","target":"User:01m0j3jf77cahztam0kzffbfhb","request_id":"717712da-f6d1-4a01-8019-756345a055b9"} 
[2026-08-21 17:53:46] testing.INFO: auth.logged_in {"audit_id":"01m0j3jfbe0y40scgff7k35a8x","actor_id":"01m0j3jfb6m40jn8vrwbpg9qr6","target":"User:01m0j3jfb6m40jn8vrwbpg9qr6","request_id":"56c68d24-3204-4b7b-915d-1f2b0df2dafb"} 
[2026-08-21 17:53:46] testing.INFO: user.devices_reset {"audit_id":"01m0j3jff65q321mj85y6rdxny","actor_id":"01m0j3jfeqejs628fr2vfcn27b","target":"User:01m0j3jfesch7w8x09st1qvdp3","request_id":"1fb48b5f-c4aa-44c6-84a2-a3c25990b683"} 
[2026-08-21 17:53:46] testing.INFO: settings.updated {"audit_id":"01m0j3jfwrxkry0xyz3bgcvyev","actor_id":"01m0j3jfweyktbxa4c3z5hsvy4","target":":","request_id":"cba9c23d-8e49-4e44-a400-1a2bdc399363"} 
[2026-08-21 17:53:46] testing.INFO: settings.updated {"audit_id":"01m0j3jg08sav2z28rm45vsrkt","actor_id":"01m0j3jfzy6ta1ps7bkhxkj8ab","target":":","request_id":"ba2a8080-e3d5-4e79-860e-f16d2393afb1"} 
[2026-08-21 17:53:46] testing.INFO: settings.updated {"audit_id":"01m0j3jg0hw2rvk06zvaf82azz","actor_id":"01m0j3jfzy6ta1ps7bkhxkj8ab","target":":","request_id":"71629772-18ec-439e-aa77-b577f91fbd00"} 
[2026-08-21 17:53:47] testing.INFO: settings.institution_logo_updated {"audit_id":"01m0j3jg7er0dnw4q36xvafra0","actor_id":"01m0j3jg71nnswswrnfj9eddpv","target":":","request_id":"48a0b8f2-487e-4665-94a5-daba42a6b404"} 
[2026-08-21 17:53:47] testing.INFO: settings.institution_logo_updated {"audit_id":"01m0j3jg7wkb26ak5anpvsmjnw","actor_id":"01m0j3jg71nnswswrnfj9eddpv","target":":","request_id":"6b4df350-0472-479a-98d4-20bb11cb88bc"} 
[2026-08-21 17:53:47] testing.INFO: settings.institution_logo_removed {"audit_id":"01m0j3jg830j7gggx1m1w8h960","actor_id":"01m0j3jg71nnswswrnfj9eddpv","target":":","request_id":"9902936a-3b74-464e-803e-e615156f12f5"} 
[2026-08-21 17:53:47] testing.INFO: settings.institution_favicon_updated {"audit_id":"01m0j3jgbvqxvzdw5h32jv09xc","actor_id":"01m0j3jgb950nm54gmw5ze1dr1","target":":","request_id":"3afaeb3e-e4a4-48b0-a7d0-262772480a3c"} 
[2026-08-21 17:53:47] testing.INFO: settings.updated {"audit_id":"01m0j3jggamt5148h4fghayf5a","actor_id":"01m0j3jgg02n96a21y9anjyqtr","target":":","request_id":"8ce0f326-972c-4d37-9825-2cd516cc460b"} 
[2026-08-21 17:53:48] testing.INFO: payment.approved {"audit_id":"01m0j3jh7zwt7e5ghdhagq674m","actor_id":"01m0j3jh1qj7x933nmc7ykz3rd","target":"Payment:01m0j3jh1sg0m20dr6wwaefemc","request_id":"9336cb70-4dc6-404d-ad95-fe8b0d100ffb"} 
[2026-08-21 17:53:48] testing.INFO: payment.approved {"audit_id":"01m0j3jhjas4w3q61m230df95t","actor_id":"01m0j3jhbs1xdvfatd86hdthfa","target":"Payment:01m0j3jhbw1xz5yn6a5af9s0s6","request_id":"20f1302d-085b-4756-9cdb-7c438bf275e2"} 
[2026-08-21 17:53:49] testing.INFO: payment.approved {"audit_id":"01m0j3jj9759mh0vx2fh0qrpwp","actor_id":"01m0j3jj3cztqnpdb4yzq2hhvz","target":"Payment:01m0j3jj3en39q3y83yt9vw8sh","request_id":"3c56b7ea-4ea0-44fc-b323-d8cdb1c3edd1"} 
[2026-08-21 17:53:49] testing.INFO: payment.rejected {"audit_id":"01m0j3jjgew1f0zby2mnzqscy9","actor_id":"01m0j3jjg02kdyedzjwa1qd7bw","target":"Payment:01m0j3jjg29za60tvz18h8ygqv","request_id":"9c4bf951-136a-4aec-b260-e62dd7bd8e4c"} 
[2026-08-21 17:53:49] testing.INFO: refund.recorded {"audit_id":"01m0j3jjwsrvqhbg5m4hx4b2an","actor_id":"01m0j3jjtn680bngyc1cm0xdej","target":"Refund:01m0j3jjwrxmsnaemzbncntnry","request_id":"837a285e-c7ec-4a99-973d-c647db691874"} 
[2026-08-21 17:53:49] testing.INFO: refund.processed {"audit_id":"01m0j3jjxbeazrg41crfpt4ktr","actor_id":"01m0j3jjtpre8chyqy3x7ah3e0","target":"Refund:01m0j3jjwrxmsnaemzbncntnry","request_id":"70d6492c-ff73-45e2-bb1f-59c9624fea6c"} 
[2026-08-21 17:53:51] testing.INFO: user.suspend {"audit_id":"01m0j3jmqkzexjwqz21m9wg1y4","actor_id":"01m0j3jmpgz3z9yy9cps4n7ame","target":"User:01m0j3jmpmmh66e9n3gegwt0fp","request_id":"32f9820b-f2f0-428f-b080-da8234391324"} 
[2026-08-21 17:53:51] testing.INFO: user.archived {"audit_id":"01m0j3jmvssz727y3cznwjjck8","actor_id":"01m0j3jmtta3sk3fc5ke5zk2w4","target":"User:01m0j3jmv0geqw8n8dxyd0j21a","request_id":"a0c8fe85-485d-4894-87c1-bad3fc18da75"} 
[2026-08-21 17:53:51] testing.INFO: user.archived {"audit_id":"01m0j3jmz9x40z2gw5r96tpqgf","actor_id":"01m0j3jmz3g9pabx093t7ms7sq","target":"User:01m0j3jmyretr0thdcad4m7hme","request_id":"367009eb-c02f-4db6-a934-303eb0155672"} 
[2026-08-21 17:53:52] testing.INFO: user.updated {"audit_id":"01m0j3jn2k49ad4djs976p6gcb","actor_id":"01m0j3jn290p8vjqa9rmb4864h","target":"User:01m0j3jn2b55p6eg3fxpve7zg4","request_id":"8badd376-a75f-49e7-8b4e-52d7c3d3910d"} 
[2026-08-21 17:53:52] testing.INFO: test.published {"audit_id":"01m0j3jnmze071m55hsyhfaq8f","actor_id":"01m0j3jnkvdm4se3p4fjz70n5z","target":"Test:01m0j3jnkzvaf9rsd8btsnzjs3","request_id":"41c242cd-7346-40c1-93a7-66f05057e270"} 
[2026-08-21 17:53:52] testing.INFO: course.thumbnail_updated {"audit_id":"01m0j3jny7xp2v4y8phnc2kgz6","actor_id":"01m0j3jnxnhc00nf97kem95zv0","target":"Course:01m0j3jnxpteegshxnzpvvtp1j","request_id":"7ee8144c-959d-4f38-a4b9-440cb068615e"} 
[2026-08-21 17:53:53] testing.INFO: course.updated {"audit_id":"01m0j3jp2fvdpg6shx2xg6s4w3","actor_id":"01m0j3jp20xp309p9n1x7c2bat","target":"Course:01m0j3jp223e71p646erey3smq","request_id":"8f0a1823-8c83-4150-922e-61b01afa6317"} 
[2026-08-21 17:53:53] testing.INFO: settings.payment_method_qr_updated {"audit_id":"01m0j3jp6bfrrmzeyn52kaafkq","actor_id":"01m0j3jp5sbwm4fe79d02h8dvc","target":"PaymentMethod:01m0j3jp5n8jhdvdc0k2286jxm","request_id":"a55c5869-8920-471c-b8f4-a92b11debf0a"} 
[2026-08-21 17:53:53] testing.INFO: settings.institution_logo_updated {"audit_id":"01m0j3jp9sfb167ppgwc6jf2cg","actor_id":"01m0j3jp99dn81ze6pf5q03tpb","target":":","request_id":"48237cd6-9464-42d4-8bab-a14bf83b7259"} 
[2026-08-21 17:53:54] testing.INFO: payment.submitted {"audit_id":"01m0j3jq813t41ydm3a5mxysym","actor_id":"01m0j3jq78xg9554115mahfp78","target":"Payment:01m0j3jq7zefyt1qvff48gdjxs","request_id":"cff6a27d-6e07-4e81-aa84-60d9d27ea4dd"} 
[2026-08-21 17:53:54] testing.INFO: payment.approved_at_capture {"audit_id":"01m0j3jqetjjjfegdae4a2hcy3","actor_id":"01m0j3jq78xg9554115mahfp78","target":"Payment:01m0j3jq7zefyt1qvff48gdjxs","request_id":"cff6a27d-6e07-4e81-aa84-60d9d27ea4dd"} 
[2026-08-21 17:53:54] testing.INFO: payment.submitted {"audit_id":"01m0j3jqk3rr73t9gsnv3j4sd7","actor_id":"01m0j3jqjam4e744zs9hwj96v1","target":"Payment:01m0j3jqk2802z54y3fh4yp08s","request_id":"94dbaa4f-29b5-4c96-b93a-2186e0d86c8d"} 
[2026-08-21 17:53:54] testing.INFO: payment.approved {"audit_id":"01m0j3jqs926htqf358nq76jqn","actor_id":"01m0j3jqjcmw9t8dh41s31j87g","target":"Payment:01m0j3jqk2802z54y3fh4yp08s","request_id":"ce0077da-fbe8-459e-aa88-6c589d913723"} 
[2026-08-21 17:53:54] testing.INFO: payment.submitted {"audit_id":"01m0j3jqxsbeznv9qcrx160abn","actor_id":"01m0j3jqwxemy76ecmp6gj4kdq","target":"Payment:01m0j3jqxrn10mns8rv1cvd1zp","request_id":"4d688bc5-a41d-4d75-a290-cfdde2d97459"} 
[2026-08-21 17:53:55] testing.INFO: payment.approved_at_capture {"audit_id":"01m0j3jr43sp67q7h6b6mczhps","actor_id":"01m0j3jqwxemy76ecmp6gj4kdq","target":"Payment:01m0j3jqxrn10mns8rv1cvd1zp","request_id":"4d688bc5-a41d-4d75-a290-cfdde2d97459"} 
[2026-08-21 17:53:55] testing.INFO: payment.submitted {"audit_id":"01m0j3jr4tnrbxm0w2a7yyc4cn","actor_id":"01m0j3jqwxemy76ecmp6gj4kdq","target":"Payment:01m0j3jr4r8g7b43h5xh2b8dfn","request_id":"25e47498-4adc-47a6-9304-c4ca2abab199"} 
[2026-08-21 17:53:55] testing.INFO: payment.approved {"audit_id":"01m0j3jrb74rwetmstpza826xb","actor_id":"01m0j3jqx0nrj2kkndte862qp3","target":"Payment:01m0j3jr4r8g7b43h5xh2b8dfn","request_id":"b1f81714-3f2a-4cec-a09b-e047993e8d21"} 
[2026-08-21 17:53:55] testing.INFO: course.created {"audit_id":"01m0j3jrf97ky1sygvq1nats1e","actor_id":"01m0j3jreqw7bnf0qhpjbwzc33","target":"Course:01m0j3jrf8n06njgznqy3qxanz","request_id":"102566ed-b78b-4a34-bfd4-190216a13978"} 
[2026-08-21 17:53:55] testing.INFO: category.created {"audit_id":"01m0j3jrkmyws6kjyefjertses","actor_id":"01m0j3jrjbvxq6nx7s1a1fymp1","target":"Category:01m0j3jrkkxa5cdm66bava4pa1","request_id":"a537672a-c2d0-4033-aaad-805a7f8c7c40"} 
[2026-08-21 17:53:55] testing.INFO: syllabus.updated {"audit_id":"01m0j3jrr3sk8n90vsh6bq3za2","actor_id":"01m0j3jrpky8fdpn63abktjdaz","target":"Course:01m0j3jrpmghf271vk99m48y5j","request_id":"13aab44d-c499-409a-bf43-f7ac3be3d18e"} 
[2026-08-21 17:53:55] testing.INFO: export.generated {"audit_id":"01m0j3jrwsanx2gxbwjckrx486","actor_id":"01m0j3jrvcdmhyzngm8ex1jbqw","target":":","request_id":"a5a72c91-67de-43cf-8c3b-f93a6861c6fb"} 
[2026-08-21 17:53:57] testing.INFO: payment.approved {"audit_id":"01m0j3jt03v0cqv6nfpfqcvkgd","actor_id":"01m0j3jst3psjbpk3m6akp26e7","target":"Payment:01m0j3jst58x79w8eb8z4a9wbm","request_id":"eb5b6888-fd49-4b11-b078-495948279839"} 
[2026-08-21 17:53:57] testing.INFO: recording.deleted {"audit_id":"01m0j3jts511cshb98yyey01bc","actor_id":"01m0j3jtqwgz76t5vzrpyc79t8","target":"Recording:01m0j3jtqyv950qzf0z06pyzgq","request_id":"1811e529-82fb-4b18-9970-009a232534c4"} 
[2026-08-21 17:55:53] testing.INFO: settings.updated {"audit_id":"01m0j3pbyy2j6xv2cpq4w40cdx","actor_id":"01m0j3pbxra2k2vsgc2jv2b8pw","target":":","request_id":"3e1801a8-9979-483f-a93b-4fa8e18e8925"} 
[2026-08-21 17:55:54] testing.INFO: settings.updated {"audit_id":"01m0j3pc74q6czp91htxfkn122","actor_id":"01m0j3pc6nqbd5bz1nmps149h4","target":":","request_id":"59401509-93d2-4967-84b1-ab6024214949"} 
[2026-08-21 17:55:54] testing.INFO: role.updated {"audit_id":"01m0j3pcdr0y03xgch713d431q","actor_id":"01m0j3pcdcy7cbe9hhs8b37t75","target":"Role:01m0j3pcbzbb255rq30yebk0yb","request_id":"98229e99-d4e7-43f1-8930-85924cda996d"} 
[2026-08-21 17:55:54] testing.INFO: settings.payment_method_qr_updated {"audit_id":"01m0j3pchgnyacxvhw8b9qbzmy","actor_id":"01m0j3pcgttga0z8azgg0r5pxg","target":"PaymentMethod:01m0j3pcgn5zft25jsgyt8z4rb","request_id":"9871c550-8e23-41dd-a102-e20d7168ceb5"} 
[2026-08-21 17:55:54] testing.INFO: settings.payment_method_qr_removed {"audit_id":"01m0j3pchr3ffmrqy4km18b750","actor_id":"01m0j3pcgttga0z8azgg0r5pxg","target":"PaymentMethod:01m0j3pcgn5zft25jsgyt8z4rb","request_id":"753b0207-22a7-4ef3-92d1-6bbf3822371c"} 
[2026-08-21 17:55:54] testing.INFO: settings.updated {"audit_id":"01m0j3pcsc44mdev3vczh4nwzk","actor_id":"01m0j3pcs1qj04jwfbtdmd64hd","target":":","request_id":"0f15522c-c72b-4933-a1e4-12f765c559ed"} 
[2026-08-21 17:55:54] testing.INFO: faq.created {"audit_id":"01m0j3pcxh4rrg1nw17mdqgg40","actor_id":"01m0j3pcwxesjywnv0d4gw1gmg","target":"Faq:01m0j3pcxga1rgyr51483739yk","request_id":"a902e1e9-eff7-44c4-bf1d-e4be0538997d"} 
[2026-08-21 17:55:54] testing.INFO: faq.updated {"audit_id":"01m0j3pcxsdtgxwtpn1d1et0tq","actor_id":"01m0j3pcwxesjywnv0d4gw1gmg","target":"Faq:01m0j3pcxga1rgyr51483739yk","request_id":"62b4698f-22f8-468f-a745-dc7cd0078957"} 
[2026-08-21 17:55:54] testing.INFO: faq.deleted {"audit_id":"01m0j3pcy37dkvgq5mpzaqaxzp","actor_id":"01m0j3pcwxesjywnv0d4gw1gmg","target":"Faq:01m0j3pcxga1rgyr51483739yk","request_id":"01ca8c03-e9d4-4010-a1b2-01716a92ef8f"} 
[2026-08-21 17:55:55] testing.INFO: attempt.started {"audit_id":"01m0j3pd8fn8e1xxhe98ydhxh1","actor_id":"01m0j3pd7zze8xxeensn7fzjsv","target":"TestAttempt:01m0j3pd8eaqzh3g7khn6ccvs6","request_id":"ce9c4869-b07d-40ee-b951-cdd286a85a08"} 
[2026-08-21 17:55:55] testing.INFO: attempt.started {"audit_id":"01m0j3pdfk8yyjt4cg22g29d7s","actor_id":"01m0j3pdf6tqkbwwmb9rs1gqn2","target":"TestAttempt:01m0j3pdfjaf5e5xxbmxzs3g4t","request_id":"0783eeda-cde0-4959-993d-15c896e46087"} 
[2026-08-21 17:55:55] testing.INFO: attempt.started {"audit_id":"01m0j3pdfxyt0ymsybcwkhty27","actor_id":"01m0j3pdf6tqkbwwmb9rs1gqn2","target":"TestAttempt:01m0j3pdfjaf5e5xxbmxzs3g4t","request_id":"d569f2ba-ca23-4c54-bed0-d9bb82fee013"} 
[2026-08-21 17:55:55] testing.INFO: attempt.started {"audit_id":"01m0j3pdkpftg9s21ab1ymrxc2","actor_id":"01m0j3pdk9rdq2fwsfzdwhzbds","target":"TestAttempt:01m0j3pdkmng5qk882t08w1q5f","request_id":"95ac1919-25bf-459b-9e78-f72b7ea8a1b4"} 
[2026-08-21 17:55:55] testing.INFO: attempt.started {"audit_id":"01m0j3pdqjvmj485xx1aa1etgv","actor_id":"01m0j3pdq52rwd78ezhp963w4b","target":"TestAttempt:01m0j3pdqhbvatw5b7wqgveyys","request_id":"9852816b-1da3-4b63-b706-d685bb0a4ad4"} 
[2026-08-21 17:55:55] testing.INFO: attempt.submitted {"audit_id":"01m0j3pdr27ne87apzvemnzwnw","actor_id":"01m0j3pdq52rwd78ezhp963w4b","target":"TestAttempt:01m0j3pdqhbvatw5b7wqgveyys","request_id":"27fe5975-66f4-4998-a798-b86bf1e9c46e"} 
[2026-08-21 17:55:55] testing.INFO: auth.logged_in {"audit_id":"01m0j3pdz734erggwzhb6zaxxf","actor_id":"01m0j3pdyr9hwxhrh2gb0g5v15","target":"User:01m0j3pdyr9hwxhrh2gb0g5v15","request_id":"d86d8bad-8aa6-4e21-b08c-1504803d29c6"} 
[2026-08-21 17:55:55] testing.INFO: auth.logged_out {"audit_id":"01m0j3pdzkt4z4081nz90s0tam","actor_id":"01m0j3pdyr9hwxhrh2gb0g5v15","target":"User:01m0j3pdyr9hwxhrh2gb0g5v15","request_id":"3c4d25f1-d310-42d4-ae0e-bcb19da93a7e"} 
[2026-08-21 17:55:55] testing.INFO: auth.logged_in {"audit_id":"01m0j3pdzrvhsht1tjedsktckk","actor_id":"01m0j3pdyr9hwxhrh2gb0g5v15","target":"User:01m0j3pdyr9hwxhrh2gb0g5v15","request_id":"1d5935b3-61a8-45a5-98ba-1701684a39ed"} 
[2026-08-21 17:55:56] testing.INFO: auth.account_locked {"audit_id":"01m0j3pe6r8zzkz9tctatk9jqw","actor_id":"01m0j3pe61m4kfvg2tznjmrvj8","target":"User:01m0j3pe61m4kfvg2tznjmrvj8","request_id":"a87bea65-8b24-4851-aa51-a17c86aef605"} 
[2026-08-21 17:55:56] testing.INFO: auth.password_changed {"audit_id":"01m0j3peak8grkt954badffm59","actor_id":"01m0j3pea3gmvtm83hvcv4y7er","target":"User:01m0j3pea3gmvtm83hvcv4y7er","request_id":"a8d8bbeb-d114-4c90-b6e1-49f2207452b9"} 
[2026-08-21 17:55:56] testing.INFO: account.profile_updated {"audit_id":"01m0j3pedy5xf2vqra3hjsv2nt","actor_id":"01m0j3pedpyebapw3zbk2xk60y","target":"User:01m0j3pedpyebapw3zbk2xk60y","request_id":"e7fbd997-bdfc-4f60-8eb5-76778895c5e4"} 
[2026-08-21 17:55:56] testing.INFO: course.updated {"audit_id":"01m0j3pemtzg2wa60vhedgn4wt","actor_id":"01m0j3pem9q84yykyxvs7q37c0","target":"Course:01m0j3pemb977rgsa2amrvafz8","request_id":"94711a91-ac59-4ccf-ac2c-b70fbf439051"} 
[2026-08-21 17:55:56] testing.INFO: course.updated {"audit_id":"01m0j3perf9qbmtmafx3911a1k","actor_id":"01m0j3per3n3v06mskvkbzasnq","target":"Course:01m0j3per4ak04gwtbm8sjbmc3","request_id":"885da4a8-7a00-4563-a7c5-c2e09f919ca9"} 
[2026-08-21 17:55:56] testing.INFO: course.thumbnail_updated {"audit_id":"01m0j3pew74ay2cnn3dxkdrbtr","actor_id":"01m0j3pevnvxbkj3s3a7qe0rn5","target":"Course:01m0j3pevpewm3069sqp485vdz","request_id":"2371db25-4bc6-4667-9428-1dafc76aaf26"} 
[2026-08-21 17:55:56] testing.INFO: course.thumbnail_updated {"audit_id":"01m0j3pewrbsnv68a2ejff47am","actor_id":"01m0j3pevnvxbkj3s3a7qe0rn5","target":"Course:01m0j3pevpewm3069sqp485vdz","request_id":"d8f0d228-16ac-4e80-b711-67d4d9738ed7"} 
[2026-08-21 17:55:56] testing.INFO: course.thumbnail_updated {"audit_id":"01m0j3pf12esmndbv2v5r3ms61","actor_id":"01m0j3pf0erd282b4fny4cttq8","target":"Course:01m0j3pf0f23g1d127ppmyxqns","request_id":"fe1ba764-b8af-45ba-9add-6f8e6be1fa83"} 
[2026-08-21 17:55:56] testing.INFO: course.thumbnail_removed {"audit_id":"01m0j3pf1dbvevrh03d4ch92rk","actor_id":"01m0j3pf0erd282b4fny4cttq8","target":"Course:01m0j3pf0f23g1d127ppmyxqns","request_id":"90d8e055-92e8-401d-9814-700e49487bd7"} 
[2026-08-21 17:55:57] testing.INFO: course.thumbnail_updated {"audit_id":"01m0j3pf58ttje8g8hg1z3v4gw","actor_id":"01m0j3pf4nkcm0f9d2y09tzmvh","target":"Course:01m0j3pf4qybxq0ss3dvd3eq73","request_id":"fb8b05d1-502c-493c-93a5-6c261a00f16b"} 
[2026-08-21 17:55:57] testing.INFO: payment.approved {"audit_id":"01m0j3pfqyqcqkjw2z3webqj6z","actor_id":"01m0j3pffjhrakz3ek2t57mst2","target":"Payment:01m0j3pffqngv5d05b0rhh68hj","request_id":"8da6efd6-2314-4589-b6e6-afd03d72bc42"} 
[2026-08-21 17:55:57] testing.INFO: auth.logged_in {"audit_id":"01m0j3pfzrb1w8bwwbzq444qrp","actor_id":"01m0j3pfzenzdw0m0emn4vvajp","target":"User:01m0j3pfzenzdw0m0emn4vvajp","request_id":"3121c7a9-6200-45ef-b975-a1d33fe980a5"} 
[2026-08-21 17:55:57] testing.INFO: auth.logged_out {"audit_id":"01m0j3pfzywrtmbfmwn3v9bd1h","actor_id":"01m0j3pfzenzdw0m0emn4vvajp","target":"User:01m0j3pfzenzdw0m0emn4vvajp","request_id":"ae5f7d61-1058-4b7c-9a75-d69f1085475b"} 
[2026-08-21 17:55:57] testing.INFO: auth.logged_in {"audit_id":"01m0j3pg05b6t6m4ra03drpt1y","actor_id":"01m0j3pfzenzdw0m0emn4vvajp","target":"User:01m0j3pfzenzdw0m0emn4vvajp","request_id":"18dbd230-eb91-480f-8dbb-3eabe895c5ed"} 
[2026-08-21 17:55:58] testing.INFO: auth.logged_in {"audit_id":"01m0j3pg3h531mspxpejfkvj8d","actor_id":"01m0j3pg39tp1v7empp6s0ef7t","target":"User:01m0j3pg39tp1v7empp6s0ef7t","request_id":"8035cc2d-28be-4c8f-8a4a-27d986d94395"} 
[2026-08-21 17:55:58] testing.INFO: user.devices_reset {"audit_id":"01m0j3pg749r4m7w9y8y5azx99","actor_id":"01m0j3pg6pxbxhvykfp41hg659","target":"User:01m0j3pg6redas50za4230j1d1","request_id":"f596a3ea-b48b-4b54-bef8-18eb6fc20cc2"} 
[2026-08-21 17:55:58] testing.INFO: settings.updated {"audit_id":"01m0j3pgkymds5hym2sj601xxb","actor_id":"01m0j3pgkm6evpjvdk2rg295ae","target":":","request_id":"2ee8c42f-0f95-4d83-b143-b9bb0154376f"} 
[2026-08-21 17:55:58] testing.INFO: settings.updated {"audit_id":"01m0j3pgqye2mf1ga4xtv5n7bk","actor_id":"01m0j3pgqn6292fq66hnx4m1w8","target":":","request_id":"8b82655b-315f-44f4-9897-dd8feae9717c"} 
[2026-08-21 17:55:58] testing.INFO: settings.updated {"audit_id":"01m0j3pgr7myqvfxzksyzm3n2j","actor_id":"01m0j3pgqn6292fq66hnx4m1w8","target":":","request_id":"6772ec59-945f-4026-8052-eead0b6cad47"} 
[2026-08-21 17:55:58] testing.INFO: settings.institution_logo_updated {"audit_id":"01m0j3pgyy0kdrsee5kas7h88j","actor_id":"01m0j3pgyfamfbp8qhv45jth2t","target":":","request_id":"245215ad-bcd3-48f8-bc85-f1a921481df1"} 
[2026-08-21 17:55:58] testing.INFO: settings.institution_logo_updated {"audit_id":"01m0j3pgzdeq4qg8pa4ke4z2qj","actor_id":"01m0j3pgyfamfbp8qhv45jth2t","target":":","request_id":"2b0c16d3-8e55-4915-a7fc-9e2921d7e78e"} 
[2026-08-21 17:55:58] testing.INFO: settings.institution_logo_removed {"audit_id":"01m0j3pgzm196rdypfj8x6ednc","actor_id":"01m0j3pgyfamfbp8qhv45jth2t","target":":","request_id":"65313beb-a317-4d5d-aaf1-3f4112f7e5db"} 
[2026-08-21 17:55:59] testing.INFO: settings.institution_favicon_updated {"audit_id":"01m0j3ph3hcmtchcv8s2fns6rf","actor_id":"01m0j3ph2xagt2r00w17mkkyh3","target":":","request_id":"c4d163a0-218f-469f-814c-ef721845426a"} 
[2026-08-21 17:55:59] testing.INFO: settings.updated {"audit_id":"01m0j3ph7ayqe2skn1v0dwr2ef","actor_id":"01m0j3ph6yjhg99kaphhahp4g6","target":":","request_id":"303cb0ab-10ba-48c7-91e7-dab5f87cb78b"} 
[2026-08-21 17:55:59] testing.INFO: payment.approved {"audit_id":"01m0j3phy4npb0js668g07tj2g","actor_id":"01m0j3phr41en5e55rjx8vn9se","target":"Payment:01m0j3phr648zhjvngva7gkh80","request_id":"47dec121-a234-4c1f-b779-51e8015b248c"} 
[2026-08-21 17:56:00] testing.INFO: payment.approved {"audit_id":"01m0j3pj7j4170fbcjfhfwa3eg","actor_id":"01m0j3pj1h1fry850kzaamveqt","target":"Payment:01m0j3pj1kvwx3bnqy9kadx7k1","request_id":"638d49e1-e4e5-4a85-8e2d-8cc8c36bdea7"} 
[2026-08-21 17:56:00] testing.INFO: payment.approved {"audit_id":"01m0j3pjmfe1bw6ykk3n0b71jr","actor_id":"01m0j3pjeqtz91gb0sbpcscy5c","target":"Payment:01m0j3pjer2c28fwxve1sb2b3x","request_id":"39d0d2ba-0b76-4f66-a6b7-e4e9271db843"} 
[2026-08-21 17:56:00] testing.INFO: payment.rejected {"audit_id":"01m0j3pjr6macnt4kvys0httxj","actor_id":"01m0j3pjqrpfxv7s5ggry981ks","target":"Payment:01m0j3pjqtnym43ex342z38ck1","request_id":"3c91f403-733a-43b6-a3ea-4aa1fcf84f09"} 
[2026-08-21 17:56:01] testing.INFO: refund.recorded {"audit_id":"01m0j3pk2y6k825bvkfk39bw9q","actor_id":"01m0j3pk2dsnttskd3h2x6asx6","target":"Refund:01m0j3pk2xqp623g5hhky3ntpq","request_id":"0cdb5dfe-ff12-4eef-9887-1692642b9b24"} 
[2026-08-21 17:56:01] testing.INFO: refund.processed {"audit_id":"01m0j3pk3gw02dyp0x0361vkpy","actor_id":"01m0j3pk2f32yhekcg0tda6a31","target":"Refund:01m0j3pk2xqp623g5hhky3ntpq","request_id":"9885e50a-29f9-4c1e-b68a-a342ca8d1d2e"} 
[2026-08-21 17:56:02] testing.INFO: user.suspend {"audit_id":"01m0j3pmv6mppcfwb2g0m4spck","actor_id":"01m0j3pmt3atstvf9tvvwav7nx","target":"User:01m0j3pmt82knga84gcrr41gcs","request_id":"f9325a74-94a3-4407-9afc-2ec4a55a95a3"} 
[2026-08-21 17:56:03] testing.INFO: user.archived {"audit_id":"01m0j3pmzcqq2vg5q78tmcrj60","actor_id":"01m0j3pmydyjveck5nkpqktz00","target":"User:01m0j3pmykc57ajbdnrybfbg6b","request_id":"14d9e4d7-14ee-4f90-8982-9cf9051f013b"} 
[2026-08-21 17:56:03] testing.INFO: user.archived {"audit_id":"01m0j3pn2wdmqkpxasnv33925k","actor_id":"01m0j3pn2p2g0g7278yg70rbcw","target":"User:01m0j3pn2c1b01sgk0rnrbj5ex","request_id":"3045a8f9-8732-4bbf-9b2d-0f4b95371ba1"} 
[2026-08-21 17:56:03] testing.INFO: user.updated {"audit_id":"01m0j3pn664b2c2f8hq3b6df4w","actor_id":"01m0j3pn5vtbr8ynxxyg1jxexq","target":"User:01m0j3pn5x70r0yqycf9y7y8gz","request_id":"9058c434-cd78-41f2-b8c0-ce5720d46fdb"} 
[2026-08-21 17:56:03] testing.INFO: test.published {"audit_id":"01m0j3pnn6zbnhfzg01a50njm3","actor_id":"01m0j3pnm0ax8fsfxayeq2s9wz","target":"Test:01m0j3pnm4qzzmy2xdrmhq6rjg","request_id":"b1870ba9-d43f-4ca8-a514-90e445b2fd3d"} 
[2026-08-21 17:56:03] testing.INFO: course.thumbnail_updated {"audit_id":"01m0j3pnw95xsh0x7dehyegk5s","actor_id":"01m0j3pnvqjnz2w6y06pc5phgx","target":"Course:01m0j3pnvs5s7qmwvdnpm3jxeg","request_id":"54d6e209-297c-427b-9f48-18085a603d8e"} 
[2026-08-21 17:56:04] testing.INFO: course.updated {"audit_id":"01m0j3pnztmgdd5kt4h2d17kdk","actor_id":"01m0j3pnzar1jyg8854appcs1b","target":"Course:01m0j3pnzc2nxf43fk7ep12279","request_id":"3db84f6f-93e0-4ecc-83a4-46549a103e7a"} 
[2026-08-21 17:56:04] testing.INFO: settings.payment_method_qr_updated {"audit_id":"01m0j3pp3cj26xf6jp5n1hm4p0","actor_id":"01m0j3pp2zn2qg26y1hgvmpdk1","target":"PaymentMethod:01m0j3pp2v198h3aenqhx1kada","request_id":"ba9bac89-c8b4-4912-be44-8da331d3e467"} 
[2026-08-21 17:56:04] testing.INFO: settings.institution_logo_updated {"audit_id":"01m0j3pp6z10w3skbdssgnjj06","actor_id":"01m0j3pp6cpg3f4abw4ahm7ggt","target":":","request_id":"314fed58-e76b-4f55-80c5-328e3ff8b869"} 
[2026-08-21 17:56:05] testing.INFO: payment.submitted {"audit_id":"01m0j3pq5fy681knpmarej6q6m","actor_id":"01m0j3pq4m9fnw5br3z4dwx3hj","target":"Payment:01m0j3pq5dx41m09p85h0hnq6r","request_id":"0b8e4a84-616f-496d-a73e-aad99874e4dc"} 
[2026-08-21 17:56:05] testing.INFO: payment.approved_at_capture {"audit_id":"01m0j3pqb6er62yvn2yzahr1hf","actor_id":"01m0j3pq4m9fnw5br3z4dwx3hj","target":"Payment:01m0j3pq5dx41m09p85h0hnq6r","request_id":"0b8e4a84-616f-496d-a73e-aad99874e4dc"} 
[2026-08-21 17:56:05] testing.INFO: payment.submitted {"audit_id":"01m0j3pqfbj2hdhkmzg4md7dsy","actor_id":"01m0j3pqehbezayt5h33ypbh2g","target":"Payment:01m0j3pqf9qxwet9mkdgqxdtfn","request_id":"e8359208-2ed8-478e-9513-5dd1f525bec3"} 
[2026-08-21 17:56:05] testing.INFO: payment.approved {"audit_id":"01m0j3pqnar6g1g76ez3z8sqn7","actor_id":"01m0j3pqek16vysp4dm78e4y99","target":"Payment:01m0j3pqf9qxwet9mkdgqxdtfn","request_id":"38fbae10-19ca-47e6-9df3-ec0faba466f3"} 
[2026-08-21 17:56:05] testing.INFO: payment.submitted {"audit_id":"01m0j3pqsqsq47cke6kpx04a8e","actor_id":"01m0j3pqrwepb0hfymxpm8mqva","target":"Payment:01m0j3pqsnn68c2dpsw7dfqjqh","request_id":"21083873-287b-4067-9542-875145e3f38f"} 
[2026-08-21 17:56:06] testing.INFO: payment.approved_at_capture {"audit_id":"01m0j3pqzvxcv5xnykybnab0m4","actor_id":"01m0j3pqrwepb0hfymxpm8mqva","target":"Payment:01m0j3pqsnn68c2dpsw7dfqjqh","request_id":"21083873-287b-4067-9542-875145e3f38f"} 
[2026-08-21 17:56:06] testing.INFO: payment.submitted {"audit_id":"01m0j3pr0fp3ayjmj7ebxns4n2","actor_id":"01m0j3pqrwepb0hfymxpm8mqva","target":"Payment:01m0j3pr0e16t9secxk0179475","request_id":"cc7cba98-bd25-4df5-a71b-7eb7c1cc2cfc"} 
[2026-08-21 17:56:06] testing.INFO: payment.approved {"audit_id":"01m0j3pr70t59nk4y9jsnx5ght","actor_id":"01m0j3pqryfzft2hna17s60xrq","target":"Payment:01m0j3pr0e16t9secxk0179475","request_id":"90d710b5-13d9-418d-9d4b-785115f4a3be"} 
[2026-08-21 17:56:06] testing.INFO: course.created {"audit_id":"01m0j3praxb4hysh37ddrr4940","actor_id":"01m0j3practhdb27p895shaajx","target":"Course:01m0j3prawb0xh1hj6200x5xnk","request_id":"4b9babd1-f2ca-41d9-86c4-32d29069e24e"} 
[2026-08-21 17:56:06] testing.INFO: category.created {"audit_id":"01m0j3prfe39zh5kwtxq1c0dvx","actor_id":"01m0j3prf1tm6aj3mefc8a4738","target":"Category:01m0j3prfcmex90rwecynrzrhw","request_id":"f54ace82-8975-409b-ba41-c233ff2f233f"} 
[2026-08-21 17:56:06] testing.INFO: syllabus.updated {"audit_id":"01m0j3prjvfnp85j44ywsxkt6v","actor_id":"01m0j3prjewjvr06e2xn5704ya","target":"Course:01m0j3prjg3kd0w9c56kyzhh0v","request_id":"69b9641f-c4c3-48a6-b88d-6465edd1375e"} 
[2026-08-21 17:56:06] testing.INFO: export.generated {"audit_id":"01m0j3prp8cn4cdzh66qyk55v1","actor_id":"01m0j3prntarsvng664jmy909j","target":":","request_id":"37fe149f-3559-42f1-a226-bca9d9c37672"} 
[2026-08-21 17:56:07] testing.INFO: payment.approved {"audit_id":"01m0j3psn01gmqhznckx153y6h","actor_id":"01m0j3psf2q3nfa2c7mtd6beez","target":"Payment:01m0j3psf42tr6a18rbverxsat","request_id":"bdadc520-6e13-4f08-bf08-f092e3ce98f2"} 
[2026-08-21 17:56:08] testing.INFO: recording.deleted {"audit_id":"01m0j3pt7kth2snynh8p4dnnp5","actor_id":"01m0j3pt74r5yspqd32c3pj133","target":"Recording:01m0j3pt76z29a99aefysvpazp","request_id":"cbe7513f-bff8-4348-aa6e-7c633ee1a3e6"} 
[2026-08-21 18:01:24] testing.INFO: auth.logged_in {"audit_id":"01m0j40enm6jwv1s0zbm6jm40n","actor_id":"01m0j40eh05bn4w3ta8n0z3xx1","target":"User:01m0j40eh05bn4w3ta8n0z3xx1","request_id":"fb5db61e-0233-4d5d-9e46-289cc86de7c4"} 
[2026-08-21 18:01:24] testing.INFO: auth.login_blocked_suspended {"audit_id":"01m0j40ez4nzmmb896g91x9wx6","actor_id":"01m0j40eyxr23ejzbf9a45nz66","target":"User:01m0j40eyxr23ejzbf9a45nz66","request_id":"e7c6d360-aa64-4f11-ad40-bbc2912c677d"} 
[2026-08-21 18:01:24] testing.INFO: auth.logged_out {"audit_id":"01m0j40f5skd97brbhw6ed04gx","actor_id":"01m0j40f5hs9fsmsrsgq2vcprk","target":"User:01m0j40f5hs9fsmsrsgq2vcprk","request_id":"1293fe6a-e1dc-472b-b1bf-50c222c48c91"} 
[2026-08-21 18:02:37] testing.INFO: auth.logged_in {"audit_id":"01m0j42p84j8qgxj5gpf1a7n1h","actor_id":"01m0j42p6agjdmb39gtxca9vda","target":"User:01m0j42p6agjdmb39gtxca9vda","request_id":"0d3fff46-3a21-4d26-9344-770a2a1c25ff"} 
[2026-08-21 18:02:37] testing.INFO: auth.login_blocked_suspended {"audit_id":"01m0j42pg8frvxc8tbh8qc3yrw","actor_id":"01m0j42pg1x87jbb7hex3wz7kb","target":"User:01m0j42pg1x87jbb7hex3wz7kb","request_id":"b41b281b-61d6-44e4-be83-fc6bb83ff878"} 
[2026-08-21 18:02:38] testing.INFO: auth.logged_out {"audit_id":"01m0j42ppt8ncf43xjjd9bmr14","actor_id":"01m0j42ppjvggbr4nhpbgq2b6b","target":"User:01m0j42ppjvggbr4nhpbgq2b6b","request_id":"d3359d0e-8523-43b4-af94-5e3b28742ac3"} 
[2026-08-21 18:02:38] testing.INFO: auth.logged_in {"audit_id":"01m0j42pth1ev4ghvccvzqs54k","actor_id":"01m0j42pt6b0est5epg947vbvc","target":"User:01m0j42pt6b0est5epg947vbvc","request_id":"b17c9a9f-3f45-416b-ac15-93864a23b1f7"} 
[2026-08-21 18:03:27] testing.INFO: auth.logged_out {"audit_id":"01m0j4476ftsr48dx065z4g4pg","actor_id":"01m0j44752aafnsfc4xqazyszq","target":"User:01m0j44752aafnsfc4xqazyszq","request_id":"9fc7f4ba-0cfd-4bc2-b48c-e9c8aedd84f2"} 
[2026-08-21 18:03:42] testing.INFO: auth.logged_out {"audit_id":"01m0j44p15p53ytwbfmd7ahrm9","actor_id":"01m0j44nzn12k35k72dk3kxtws","target":"User:01m0j44nzn12k35k72dk3kxtws","request_id":"10f2175d-dfa1-4f40-a533-bcd612c28109"} 
[2026-08-21 18:04:06] testing.INFO: auth.logged_out {"audit_id":"01m0j45cskm7facw3gjbwcm6m4","actor_id":"01m0j45cr93aksjmrstay3sz43","target":"User:01m0j45cr93aksjmrstay3sz43","request_id":"1a6b74ac-4790-4112-a43b-b7c5709f42d3"} 
[2026-08-21 18:04:58] testing.INFO: auth.logged_in {"audit_id":"01m0j4709xtz0dhverjvkc9mg2","actor_id":"01m0j4708c0bx8v8epfez9gva7","target":"User:01m0j4708c0bx8v8epfez9gva7","request_id":"a832ff62-e7c5-47a0-9cfa-ba44817ae5c6"} 
[2026-08-21 18:04:59] testing.INFO: auth.login_blocked_suspended {"audit_id":"01m0j470jkg9sgz115djafn1ng","actor_id":"01m0j470jd7xjha3yf9dj3n6jc","target":"User:01m0j470jd7xjha3yf9dj3n6jc","request_id":"3530fdc1-aead-46c1-8c36-a0e48fb8b5a9"} 
[2026-08-21 18:04:59] testing.INFO: auth.logged_out {"audit_id":"01m0j470rsevvza866vjzvkxkh","actor_id":"01m0j470rjaepvv4zh341cnt71","target":"User:01m0j470rjaepvv4zh341cnt71","request_id":"c0343e8b-1deb-439c-8920-6ecbb5cdaf2f"} 
[2026-08-21 18:04:59] testing.INFO: auth.logged_in {"audit_id":"01m0j470w0kwsxzjdswwcem4x9","actor_id":"01m0j470vp450ceznjxg22qe6r","target":"User:01m0j470vp450ceznjxg22qe6r","request_id":"4464044e-f86f-4164-86a2-63002b996718"} 
[2026-08-21 18:05:13] testing.INFO: settings.updated {"audit_id":"01m0j47eq73j7a8y75v2y80cj2","actor_id":"01m0j47ep2c8aj0xak972we2d1","target":":","request_id":"3504ccdd-862c-4f7b-a77a-d2872bd18bec"} 
[2026-08-21 18:05:13] testing.INFO: settings.updated {"audit_id":"01m0j47ez69ad7qjh55ar4tpwe","actor_id":"01m0j47eyxhd244pxjh1rnpamh","target":":","request_id":"708c9849-e06d-4b12-b071-7523646bff3c"} 
[2026-08-21 18:05:14] testing.INFO: role.updated {"audit_id":"01m0j47f6m6hyxy11x2jer1n1r","actor_id":"01m0j47f695bsf1dj4de3204n8","target":"Role:01m0j47f4x1n5sbtx0vsa2dnz7","request_id":"aa3255bb-afdb-4cd9-b082-2280ed5197de"} 
[2026-08-21 18:05:14] testing.INFO: settings.payment_method_qr_updated {"audit_id":"01m0j47fachxpednhgmfhawr4p","actor_id":"01m0j47f9pdt18bka53w38z698","target":"PaymentMethod:01m0j47f9grh0chjk1s52fzgy1","request_id":"b0350e0b-8f37-4f3f-b561-bec84c6e92a6"} 
[2026-08-21 18:05:14] testing.INFO: settings.payment_method_qr_removed {"audit_id":"01m0j47fakpy8hybyrket2fmk2","actor_id":"01m0j47f9pdt18bka53w38z698","target":"PaymentMethod:01m0j47f9grh0chjk1s52fzgy1","request_id":"eff66b4c-d7b1-4625-98d6-a928d4f8c785"} 
[2026-08-21 18:05:14] testing.INFO: settings.updated {"audit_id":"01m0j47fh9tq2sz3m2nvekm4kg","actor_id":"01m0j47fgz5k8j41g89rd4mcm8","target":":","request_id":"95866578-9e99-4133-b4bf-39f86e80597e"} 
[2026-08-21 18:05:14] testing.INFO: faq.created {"audit_id":"01m0j47fnbv7t24qq8517z73x6","actor_id":"01m0j47fmz0zp4vvxrgspa3gv5","target":"Faq:01m0j47fnaq4kgr8smz2aggc0z","request_id":"66e33c7e-bc54-49ab-8645-2418a3faeec2"} 
[2026-08-21 18:05:14] testing.INFO: faq.updated {"audit_id":"01m0j47fnkgd3fvtqyy9a76443","actor_id":"01m0j47fmz0zp4vvxrgspa3gv5","target":"Faq:01m0j47fnaq4kgr8smz2aggc0z","request_id":"10cafd86-293b-4aab-83e1-dc316e86af5f"} 
[2026-08-21 18:05:14] testing.INFO: faq.deleted {"audit_id":"01m0j47fnyjxvy5stt05b0sd8p","actor_id":"01m0j47fmz0zp4vvxrgspa3gv5","target":"Faq:01m0j47fnaq4kgr8smz2aggc0z","request_id":"4545fc9c-7bda-445f-b95b-c4b34db23da9"} 
[2026-08-21 18:05:14] testing.INFO: attempt.started {"audit_id":"01m0j47g0j3g3epv5pvqnfctaa","actor_id":"01m0j47g038zfc0k7kr3h8vxgq","target":"TestAttempt:01m0j47g0h7a2t4zcrw0h1wn98","request_id":"49619aa5-4a7f-4d71-98ef-08eaa8ae042d"} 
[2026-08-21 18:05:15] testing.INFO: attempt.started {"audit_id":"01m0j47g7cdw5w6avnh7wwe2hs","actor_id":"01m0j47g6zkpm9k4v0gag83ygq","target":"TestAttempt:01m0j47g7bkfsv208ky52cs7jd","request_id":"1f658b7a-9042-4446-97d0-62a84f471c06"} 
[2026-08-21 18:05:15] testing.INFO: attempt.started {"audit_id":"01m0j47g7m7xk46htwzjtasxcv","actor_id":"01m0j47g6zkpm9k4v0gag83ygq","target":"TestAttempt:01m0j47g7bkfsv208ky52cs7jd","request_id":"a2f55826-0bba-4501-b4a9-e763b4a1df6f"} 
[2026-08-21 18:05:15] testing.INFO: attempt.started {"audit_id":"01m0j47gb5k284ef5rfg70vspq","actor_id":"01m0j47gaq8d59ky323pfhj2n3","target":"TestAttempt:01m0j47gb4mph8nwebs14g4z8r","request_id":"e78ab561-2862-4856-9554-e1bd425f5d35"} 
[2026-08-21 18:05:15] testing.INFO: attempt.started {"audit_id":"01m0j47gevbaph3z3w3fg1h1zt","actor_id":"01m0j47geem22gekz4kj80qw4d","target":"TestAttempt:01m0j47getx9y61ngh1ph6yxwx","request_id":"56109cca-423b-4cd7-bc08-888afdfe6be7"} 
[2026-08-21 18:05:15] testing.INFO: attempt.submitted {"audit_id":"01m0j47gfax9q704f92ft9269h","actor_id":"01m0j47geem22gekz4kj80qw4d","target":"TestAttempt:01m0j47getx9y61ngh1ph6yxwx","request_id":"414b7c8a-9588-4b7e-a9c7-d893c9617741"} 
[2026-08-21 18:05:15] testing.INFO: auth.logged_in {"audit_id":"01m0j47gp4757pfrtjb8bpetf3","actor_id":"01m0j47gnpe85vw19jrwvxkhxq","target":"User:01m0j47gnpe85vw19jrwvxkhxq","request_id":"0806a117-aead-4fb7-8d06-8891d86fe16b"} 
[2026-08-21 18:05:15] testing.INFO: auth.logged_out {"audit_id":"01m0j47gpfwwe0pb6qbw2hvy5c","actor_id":"01m0j47gnpe85vw19jrwvxkhxq","target":"User:01m0j47gnpe85vw19jrwvxkhxq","request_id":"b5b37507-163b-4c0e-880f-00abb9838673"} 
[2026-08-21 18:05:15] testing.INFO: auth.logged_in {"audit_id":"01m0j47gpmagtwtvw33qnb129d","actor_id":"01m0j47gnpe85vw19jrwvxkhxq","target":"User:01m0j47gnpe85vw19jrwvxkhxq","request_id":"283c46a6-0a40-4b8d-90d4-eb4d8e723438"} 
[2026-08-21 18:05:15] testing.INFO: auth.account_locked {"audit_id":"01m0j47gxn6ky1a0yjg1cp1rvz","actor_id":"01m0j47gwwqqkjjh8k453z0fjw","target":"User:01m0j47gwwqqkjjh8k453z0fjw","request_id":"576f0ae0-ea12-49a6-9d97-56d4305112b0"} 
[2026-08-21 18:05:16] testing.INFO: auth.password_changed {"audit_id":"01m0j47h1qe947rb0r2jke5577","actor_id":"01m0j47h16cjqghe4b1shjzk24","target":"User:01m0j47h16cjqghe4b1shjzk24","request_id":"bccf4c65-4d78-4c90-90aa-f3ce792f36e1"} 
[2026-08-21 18:05:16] testing.INFO: account.profile_updated {"audit_id":"01m0j47h4zyyaqcjh612hhh2w7","actor_id":"01m0j47h4pjva4b9t8w2m6pzcs","target":"User:01m0j47h4pjva4b9t8w2m6pzcs","request_id":"53e31a1f-6041-44c9-8711-7b83850f58a1"} 
[2026-08-21 18:05:16] testing.INFO: course.updated {"audit_id":"01m0j47hbqh028bg2hxm4zkzf1","actor_id":"01m0j47hb60137yme3emdr1ea5","target":"Course:01m0j47hb8cfmeb0qxnew4rv6c","request_id":"86cda2ce-aa99-44b8-93f3-56f83678b994"} 
[2026-08-21 18:05:16] testing.INFO: course.updated {"audit_id":"01m0j47hfet9pbvt4222knhq4t","actor_id":"01m0j47hf17z72jkawa0mbe1wd","target":"Course:01m0j47hf2d5f6nme8e5x5jzp0","request_id":"a5d5d086-4621-4765-a4d5-a89823429165"} 
[2026-08-21 18:05:16] testing.INFO: course.thumbnail_updated {"audit_id":"01m0j47hkaw0k0eegdy5t1sjga","actor_id":"01m0j47hjqeqg3xgsv8r3w7xsv","target":"Course:01m0j47hjrs0c9twckaef59cax","request_id":"f998b9de-fd83-487d-be02-95ead12ffdc5"} 
[2026-08-21 18:05:16] testing.INFO: course.thumbnail_updated {"audit_id":"01m0j47hktb5tp8hkxcj8jdkn9","actor_id":"01m0j47hjqeqg3xgsv8r3w7xsv","target":"Course:01m0j47hjrs0c9twckaef59cax","request_id":"dc48fd7a-8d9b-4c5f-9b8e-5422be1e7bba"} 
[2026-08-21 18:05:16] testing.INFO: course.thumbnail_updated {"audit_id":"01m0j47hqzhtw929h29zdxednc","actor_id":"01m0j47hqb45jjsgwbfq63fm83","target":"Course:01m0j47hqd0nq3wz8p37bkrb7j","request_id":"899e0177-0043-4389-8085-e7c9d8b7a944"} 
[2026-08-21 18:05:16] testing.INFO: course.thumbnail_removed {"audit_id":"01m0j47hra3a8nm00spg0er0pb","actor_id":"01m0j47hqb45jjsgwbfq63fm83","target":"Course:01m0j47hqd0nq3wz8p37bkrb7j","request_id":"1f334f65-0d9d-4c34-86c4-e0f6e45d8c04"} 
[2026-08-21 18:05:16] testing.INFO: course.thumbnail_updated {"audit_id":"01m0j47hwm7tv5a3p6dj6bm6gk","actor_id":"01m0j47hw0zb49t292qphw1mnd","target":"Course:01m0j47hw2k2qke68dfyyqygwd","request_id":"51de54bd-aa96-473d-aef7-fdf332334322"} 
[2026-08-21 18:05:17] testing.INFO: payment.approved {"audit_id":"01m0j47jfnxbmj03y1v1ah2ac3","actor_id":"01m0j47j72hc80nfjrwgy85bde","target":"Payment:01m0j47j77cwkav2kbnj8cs3yh","request_id":"a8194f1b-992d-4d3d-aa21-b4aef154bf65"} 
[2026-08-21 18:05:17] testing.INFO: auth.logged_in {"audit_id":"01m0j47jq5ywdpgzwxr5gd2ysz","actor_id":"01m0j47jpw3040f0h53cdx87gz","target":"User:01m0j47jpw3040f0h53cdx87gz","request_id":"1b4404b2-55ed-4947-9c40-854b74f2e67e"} 
[2026-08-21 18:05:17] testing.INFO: auth.logged_out {"audit_id":"01m0j47jqbdew3zqxjy4y8nvcm","actor_id":"01m0j47jpw3040f0h53cdx87gz","target":"User:01m0j47jpw3040f0h53cdx87gz","request_id":"663626f5-8869-4e67-b9e2-41e2e8cf4c1a"} 
[2026-08-21 18:05:17] testing.INFO: auth.logged_in {"audit_id":"01m0j47jqjye2zn5k6sx5tfve8","actor_id":"01m0j47jpw3040f0h53cdx87gz","target":"User:01m0j47jpw3040f0h53cdx87gz","request_id":"3da9ee75-9ab6-4c4e-b85e-29591db7bf13"} 
[2026-08-21 18:05:17] testing.INFO: auth.logged_in {"audit_id":"01m0j47jtt78bwqftz8xcpfqhg","actor_id":"01m0j47jtjnynrtyg7vvc9tg2a","target":"User:01m0j47jtjnynrtyg7vvc9tg2a","request_id":"f2cebe0a-0db6-4114-95d4-f9612b7daf61"} 
[2026-08-21 18:05:18] testing.INFO: user.devices_reset {"audit_id":"01m0j47jyn1tbd73d8k8b9yzze","actor_id":"01m0j47jy66p4c12szby4ahabt","target":"User:01m0j47jy8hw109p9ppf16cgwt","request_id":"b9b08f7b-84f3-4430-99f1-9636739733d6"} 
[2026-08-21 18:05:18] testing.INFO: settings.updated {"audit_id":"01m0j47kbce7k4115akaw0y29d","actor_id":"01m0j47kb2zkngjf1zdk1sjb40","target":":","request_id":"c5ea08d0-d1fd-40dc-b0b6-f11c8321dac7"} 
[2026-08-21 18:05:18] testing.INFO: settings.updated {"audit_id":"01m0j47ketcgb62r4rj4tf9wvs","actor_id":"01m0j47keh6794v7crpk8zn1gh","target":":","request_id":"91dbb497-5257-437f-89db-eaa2bd874ce5"} 
[2026-08-21 18:05:18] testing.INFO: settings.updated {"audit_id":"01m0j47kf37b1dfcn0z98wkqpq","actor_id":"01m0j47keh6794v7crpk8zn1gh","target":":","request_id":"81d3e310-3a6a-4dfe-b9ef-7350d4b737a1"} 
[2026-08-21 18:05:18] testing.INFO: settings.institution_logo_updated {"audit_id":"01m0j47knx244hnzcrbw76m9zw","actor_id":"01m0j47kng2ctftbab390py5zs","target":":","request_id":"71c323ff-4882-4c24-acea-45b391807eb4"} 
[2026-08-21 18:05:18] testing.INFO: settings.institution_logo_updated {"audit_id":"01m0j47kpcrwwncwzenqh4b8vs","actor_id":"01m0j47kng2ctftbab390py5zs","target":":","request_id":"fffab327-8beb-4182-81ec-d3cc0c8ee185"} 
[2026-08-21 18:05:18] testing.INFO: settings.institution_logo_removed {"audit_id":"01m0j47kpk135wr0tarjsr8mxa","actor_id":"01m0j47kng2ctftbab390py5zs","target":":","request_id":"c6938e8c-582f-422e-bf79-87762828eef3"} 
[2026-08-21 18:05:18] testing.INFO: settings.institution_favicon_updated {"audit_id":"01m0j47ktkzfcex9jvhxh2z5fw","actor_id":"01m0j47kt6022qx97nx1cy5tmq","target":":","request_id":"880681f7-f595-41ff-8b7b-c09e7bab6bb7"} 
[2026-08-21 18:05:19] testing.INFO: settings.updated {"audit_id":"01m0j47ky7nxppap9k9xtdedpm","actor_id":"01m0j47kxybfq70c6eemb46gd2","target":":","request_id":"7cbfae1d-9ecf-48d0-a56c-c810d25a7e90"} 
[2026-08-21 18:05:19] testing.INFO: auth.logged_in {"audit_id":"01m0j47mf43wskfrjdzgktzw8r","actor_id":"01m0j47mesn7znd090g5p8dy33","target":"User:01m0j47mesn7znd090g5p8dy33","request_id":"b70c3287-947a-4386-a9bb-fcf92bac4cbc"} 
[2026-08-21 18:05:19] testing.INFO: auth.login_blocked_suspended {"audit_id":"01m0j47mntbsp41kcxa9tdrpbq","actor_id":"01m0j47mnmt51j98n6st11m93v","target":"User:01m0j47mnmt51j98n6st11m93v","request_id":"cacfa04b-afb0-43c2-b953-48cb51fe47dd"} 
[2026-08-21 18:05:19] testing.INFO: auth.logged_out {"audit_id":"01m0j47mw05dgaemwjm4a418j6","actor_id":"01m0j47mvrxjnp1jfqm7et054y","target":"User:01m0j47mvrxjnp1jfqm7et054y","request_id":"89f528f8-c0b1-46f1-a576-e8b119100f95"} 
[2026-08-21 18:05:20] testing.INFO: auth.logged_in {"audit_id":"01m0j47mz6tyrhp2d40emmf690","actor_id":"01m0j47myzq1mxzp83hnxfhdxq","target":"User:01m0j47myzq1mxzp83hnxfhdxq","request_id":"060c001e-6721-43d4-bb76-285009eb67e9"} 
[2026-08-21 18:05:20] testing.INFO: payment.approved {"audit_id":"01m0j47n8x1wzf5edprh0x4eqk","actor_id":"01m0j47n2wcda97gyaa8k9db1m","target":"Payment:01m0j47n2yh483jyg4zywfk72r","request_id":"6fb957ce-d57c-4754-9f54-9f739bd32d89"} 
[2026-08-21 18:05:20] testing.INFO: payment.approved {"audit_id":"01m0j47nj6c1h46m902pt943n4","actor_id":"01m0j47nc36k1rey4ate0szyvr","target":"Payment:01m0j47nc5fcef89cy2fapc4pp","request_id":"e6a61205-28f5-477c-9058-4d1cf0b29473"} 
[2026-08-21 18:05:21] testing.INFO: payment.approved {"audit_id":"01m0j47nyppz12tm1pjnp4hsv0","actor_id":"01m0j47ns020axkcwagq2e1sm8","target":"Payment:01m0j47ns1dwrafa5krqebycmb","request_id":"b801cf79-484e-4f5a-9704-6beba4179baa"} 
[2026-08-21 18:05:21] testing.INFO: payment.rejected {"audit_id":"01m0j47p2bp8fdea8zvxwmdaty","actor_id":"01m0j47p1xcs60pva8h2w1vq73","target":"Payment:01m0j47p1y318hqfc4sdfajs29","request_id":"e560010c-70cb-4f68-b255-a021f89f42c8"} 
[2026-08-21 18:05:21] testing.INFO: refund.recorded {"audit_id":"01m0j47pd5qwn1vm9c6svs4x4d","actor_id":"01m0j47pcmjcnsx3xmrytrw8tj","target":"Refund:01m0j47pd4mbmwyd5y2jp9aqah","request_id":"25efdece-19fb-4be0-a340-73486175cbae"} 
[2026-08-21 18:05:21] testing.INFO: refund.processed {"audit_id":"01m0j47pdqk9erw3jwvsbd0v99","actor_id":"01m0j47pcph6s1nwn9a7p8yyqp","target":"Refund:01m0j47pd4mbmwyd5y2jp9aqah","request_id":"b0eb6f6e-360c-44ea-ab19-3c6a88072374"} 
[2026-08-21 18:05:23] testing.INFO: user.suspend {"audit_id":"01m0j47r51gwvcg10hyj931xj7","actor_id":"01m0j47r3y2hfk87dmjc56mc0m","target":"User:01m0j47r42qcgc9t76yyy3cptx","request_id":"beac5166-34f7-4caa-bee8-cab2f801158a"} 
[2026-08-21 18:05:23] testing.INFO: user.archived {"audit_id":"01m0j47r9458q18dea827g53ay","actor_id":"01m0j47r85f3ne077vm4533nxh","target":"User:01m0j47r8cxkcyfrhwtzw4aqb0","request_id":"50e428d3-4a1a-4354-9c5b-01a8afbbfb93"} 
[2026-08-21 18:05:23] testing.INFO: user.archived {"audit_id":"01m0j47rcmh75wxd6fv815cbv6","actor_id":"01m0j47rceqpega90bsdfb60qw","target":"User:01m0j47rc4adtsaqaw10j13s9r","request_id":"0cd53b75-d611-4dfc-b9b0-e376b98d4f15"} 
[2026-08-21 18:05:23] testing.INFO: user.updated {"audit_id":"01m0j47rg2nv27fmhq0yee3247","actor_id":"01m0j47rfrm7zma3y064png40t","target":"User:01m0j47rftdvyrbebxrtjpqxrx","request_id":"48de5a86-f82b-4fa8-91f0-ad80a0d5405d"} 
[2026-08-21 18:05:24] testing.INFO: test.published {"audit_id":"01m0j47rz2x6bb4jp6s0zrf9h5","actor_id":"01m0j47ry7jtqs7x9n4yh9kbne","target":"Test:01m0j47rybb5y2qwegrres51dr","request_id":"6097f6ba-ca3f-429a-b0f0-f444c6784ca9"} 
[2026-08-21 18:05:24] testing.INFO: course.thumbnail_updated {"audit_id":"01m0j47s63mj7mwgtmeyxqe78n","actor_id":"01m0j47s5g6p3v5ss355x7r0eh","target":"Course:01m0j47s5hz1fkx4k9vn9fxy35","request_id":"75b4dc79-70eb-47bd-a152-a0dcf093079d"} 
[2026-08-21 18:05:24] testing.INFO: course.updated {"audit_id":"01m0j47s9jmzpcn7k3dst6t5rb","actor_id":"01m0j47s93p57mxkjvh6rgnq4y","target":"Course:01m0j47s95rg163yx6wmthbkpm","request_id":"e74a6abb-a0f0-4491-b51a-d05709b68bd4"} 
[2026-08-21 18:05:24] testing.INFO: settings.payment_method_qr_updated {"audit_id":"01m0j47sd4cq9txq69ehcb0y1j","actor_id":"01m0j47scqgyjykkehphv2j2e3","target":"PaymentMethod:01m0j47sckvcgxhs8nc11bnge1","request_id":"757125ea-8a49-42f1-a80c-168eca5b456a"} 
[2026-08-21 18:05:24] testing.INFO: settings.institution_logo_updated {"audit_id":"01m0j47sgjeqffhnzx23ddbkmm","actor_id":"01m0j47sg4ehj0j4xk4j5mm74x","target":":","request_id":"3e3e6eed-723b-4d6b-921d-0e98d92854bc"} 
[2026-08-21 18:05:25] testing.INFO: payment.submitted {"audit_id":"01m0j47tdxy4sb8rh68frjb0c3","actor_id":"01m0j47td3z9v56dsxtr3rxdp7","target":"Payment:01m0j47tdv710aze1dzxhvcn06","request_id":"5edf52b1-7fd5-467b-bab0-c5c9daa8cac2"} 
[2026-08-21 18:05:25] testing.INFO: payment.approved_at_capture {"audit_id":"01m0j47tkmxjpprt5tt8gn5f9b","actor_id":"01m0j47td3z9v56dsxtr3rxdp7","target":"Payment:01m0j47tdv710aze1dzxhvcn06","request_id":"5edf52b1-7fd5-467b-bab0-c5c9daa8cac2"} 
[2026-08-21 18:05:25] testing.INFO: payment.submitted {"audit_id":"01m0j47tqvp9vzc85swazx4z97","actor_id":"01m0j47tq0zt66dhqrkd6x2za0","target":"Payment:01m0j47tqt3ag4dpmw893ny44t","request_id":"102d0b93-208e-4012-afab-299f3d4cf2a5"} 
[2026-08-21 18:05:26] testing.INFO: payment.approved {"audit_id":"01m0j47txyrzqj2yjem3d7a7tf","actor_id":"01m0j47tq3p0b8d3yr00w2zh6g","target":"Payment:01m0j47tqt3ag4dpmw893ny44t","request_id":"6b04255e-aced-455c-a0f8-9e0b57ec6895"} 
[2026-08-21 18:05:26] testing.INFO: payment.submitted {"audit_id":"01m0j47v2scw12f3bw60crah8r","actor_id":"01m0j47v1ye26e7fgzn3kqmhw5","target":"Payment:01m0j47v2qce5wt0q79jgcs264","request_id":"7ddccc8b-0edb-45e7-a588-776346b6290e"} 
[2026-08-21 18:05:26] testing.INFO: payment.approved_at_capture {"audit_id":"01m0j47v8hdfead748z3fdnycj","actor_id":"01m0j47v1ye26e7fgzn3kqmhw5","target":"Payment:01m0j47v2qce5wt0q79jgcs264","request_id":"7ddccc8b-0edb-45e7-a588-776346b6290e"} 
[2026-08-21 18:05:26] testing.INFO: payment.submitted {"audit_id":"01m0j47v97b6cynehbhqhbb153","actor_id":"01m0j47v1ye26e7fgzn3kqmhw5","target":"Payment:01m0j47v96fc1aep2rrn4tb8tp","request_id":"69ec58eb-7293-4b22-8024-aa8e1b2c5f91"} 
[2026-08-21 18:05:26] testing.INFO: payment.approved {"audit_id":"01m0j47vfbsgq0bewsnmbk55sx","actor_id":"01m0j47v20x94e499k2ve1brpg","target":"Payment:01m0j47v96fc1aep2rrn4tb8tp","request_id":"137ec90b-4a2f-42a9-89c7-e21fa80b9bc5"} 
[2026-08-21 18:05:26] testing.INFO: course.created {"audit_id":"01m0j47vkcct7w1xj19eract8j","actor_id":"01m0j47vjv83gcq9b3ww2dqpgb","target":"Course:01m0j47vkbdrgcmc16brz9wzej","request_id":"258d8108-ab4d-468c-969a-8084316a1c38"} 
[2026-08-21 18:05:26] testing.INFO: category.created {"audit_id":"01m0j47vps4831xnwf8bszbz8q","actor_id":"01m0j47vpdwkarc42rnhb7094b","target":"Category:01m0j47vprq807900zpj6bt6av","request_id":"914f0218-800d-4047-b366-f04de724bc1f"} 
[2026-08-21 18:05:27] testing.INFO: syllabus.updated {"audit_id":"01m0j47vv10yyg5jh0j7xv6ewf","actor_id":"01m0j47vtm7t3v9gbvrkgkenj4","target":"Course:01m0j47vtpwfmymk6ggdwb4n1w","request_id":"c5fc08f2-acf0-4f11-a555-6d3df6da276d"} 
[2026-08-21 18:05:27] testing.INFO: export.generated {"audit_id":"01m0j47vym1bw99cc9rz9w3sjb","actor_id":"01m0j47vy5ba890c4efa23advt","target":":","request_id":"b17feee6-f184-4b86-80de-46c25901923f"} 
[2026-08-21 18:05:28] testing.INFO: payment.approved {"audit_id":"01m0j47wxgjs77dp8wy9bmqx8r","actor_id":"01m0j47wqm0dk8bcz6zmrxy92m","target":"Payment:01m0j47wqp5p60qdxwekx09stx","request_id":"866b8479-e3e6-4a46-92dc-ba2d72c5e4d9"} 
[2026-08-21 18:05:28] testing.INFO: recording.deleted {"audit_id":"01m0j47xh0xdwjwcnnwrypqysn","actor_id":"01m0j47xgh4cgkgbycyag4vy8v","target":"Recording:01m0j47xgkv8xbadrf9e163hn2","request_id":"3febb73f-2731-400e-ab22-6939a698c066"} 
[2026-08-21 18:05:53] testing.INFO: auth.logged_in {"audit_id":"01m0j48nsqtgjvf3tf9506yvpc","actor_id":"01m0j48nr9a255nmn3td473f39","target":"User:01m0j48nr9a255nmn3td473f39","request_id":"1bc136cd-fe8b-480f-ba52-730c9acca62a"} 
[2026-08-21 18:05:53] testing.INFO: auth.logged_in {"audit_id":"01m0j48p1emtqapsjsfr02edt4","actor_id":"01m0j48p168htjd8ccn6fkf6bz","target":"User:01m0j48p168htjd8ccn6fkf6bz","request_id":"90a974f9-aca8-47fc-8a9c-4eac611ab303"} 
[2026-08-21 18:05:54] testing.INFO: auth.logged_out {"audit_id":"01m0j48p7x9c46f8jgmbcwahm9","actor_id":"01m0j48p7n0t7wvn6vfg117thh","target":"User:01m0j48p7n0t7wvn6vfg117thh","request_id":"4f0073d0-5c08-44b5-a26a-3532d91af3c9"} 
[2026-08-21 18:05:54] testing.INFO: auth.logged_in {"audit_id":"01m0j48pb1r3arv71b4ppmeyeh","actor_id":"01m0j48paq7fyxa4mq444knw2d","target":"User:01m0j48paq7fyxa4mq444knw2d","request_id":"1afb85b4-07fd-45c6-9b88-b1073abb713f"} 
[2026-08-21 18:06:19] testing.INFO: settings.updated {"audit_id":"01m0j49f4edg2hd9c3tyxfxy50","actor_id":"01m0j49f3b292g785rt2c6368f","target":":","request_id":"47360201-1ab9-4ad9-8a7b-f93049f3fcb6"} 
[2026-08-21 18:06:19] testing.INFO: settings.updated {"audit_id":"01m0j49fc7yp675kg4jdqv6q1p","actor_id":"01m0j49fbyy9wfwacx6q0hdyjp","target":":","request_id":"fe59d90d-4808-4dbc-a537-97ecc701828e"} 
[2026-08-21 18:06:20] testing.INFO: role.updated {"audit_id":"01m0j49fjvp83bdva3n6g0zwht","actor_id":"01m0j49fjfpjnavd4kx1fksa4s","target":"Role:01m0j49fh25ngm5snp7c09b8vv","request_id":"31c0c465-19ff-4494-ac56-14a02fd3970e"} 
[2026-08-21 18:06:20] testing.INFO: settings.payment_method_qr_updated {"audit_id":"01m0j49fpkkxnndgembqg0638d","actor_id":"01m0j49fnx4xx96vdf8zdcgd3j","target":"PaymentMethod:01m0j49fnqtvkg8q6px8qqwq93","request_id":"d1cafcd4-2671-456e-8497-16a2be617c52"} 
[2026-08-21 18:06:20] testing.INFO: settings.payment_method_qr_removed {"audit_id":"01m0j49fps29pvv5r1gzzrx4cn","actor_id":"01m0j49fnx4xx96vdf8zdcgd3j","target":"PaymentMethod:01m0j49fnqtvkg8q6px8qqwq93","request_id":"dfed0877-e835-45fd-b899-a1659f5993dd"} 
[2026-08-21 18:06:20] testing.INFO: settings.updated {"audit_id":"01m0j49fxbpyvyw9n41k6vbc17","actor_id":"01m0j49fx1pvw24aegj7qt49c6","target":":","request_id":"0ba29ad7-182d-4fe4-b274-1cdc8b716e42"} 
[2026-08-21 18:06:20] testing.INFO: faq.created {"audit_id":"01m0j49g1dyqfjba6nz6j506t6","actor_id":"01m0j49g120fja3ds3nmz65rkt","target":"Faq:01m0j49g1c2txg25ccaqx6xwx9","request_id":"b2ee70c2-09cd-41fa-93e4-695f5d3238e3"} 
[2026-08-21 18:06:20] testing.INFO: faq.updated {"audit_id":"01m0j49g1nchw7jajre8051g8p","actor_id":"01m0j49g120fja3ds3nmz65rkt","target":"Faq:01m0j49g1c2txg25ccaqx6xwx9","request_id":"fc5570db-4e6d-4010-a59e-b1e513db31e3"} 
[2026-08-21 18:06:20] testing.INFO: faq.deleted {"audit_id":"01m0j49g1yp9geetw329hx83cw","actor_id":"01m0j49g120fja3ds3nmz65rkt","target":"Faq:01m0j49g1c2txg25ccaqx6xwx9","request_id":"1a0b9d40-7eb7-41e4-a534-4ff8d659db62"} 
[2026-08-21 18:06:20] testing.INFO: attempt.started {"audit_id":"01m0j49gbvewfx5bt7twamdkv2","actor_id":"01m0j49gb9p11sn0cyg0ca73vm","target":"TestAttempt:01m0j49gbt4cpdygegnyb3bx19","request_id":"9ae3e1a4-6c66-4998-b4ef-479465cc9d24"} 
[2026-08-21 18:06:21] testing.INFO: attempt.started {"audit_id":"01m0j49gk18ten4vps339fd67n","actor_id":"01m0j49gjn20qmwaw2xzs1ywg5","target":"TestAttempt:01m0j49gk0p4gt4bekcv6y40pv","request_id":"1bad229a-ff45-42f6-9492-f0fd3211ac41"} 
[2026-08-21 18:06:21] testing.INFO: attempt.started {"audit_id":"01m0j49gka5g3jsybtf8ntxh8s","actor_id":"01m0j49gjn20qmwaw2xzs1ywg5","target":"TestAttempt:01m0j49gk0p4gt4bekcv6y40pv","request_id":"4362913c-46c2-4dbb-9bcc-66bf97f32871"} 
[2026-08-21 18:06:21] testing.INFO: attempt.started {"audit_id":"01m0j49gq21gz8rzzfwt61ky1j","actor_id":"01m0j49gppzn211qgrr1n0rsjm","target":"TestAttempt:01m0j49gq18wx0cymm7jqsgthq","request_id":"77dd2a2b-0766-4bb4-b74b-230a5b74fa02"} 
[2026-08-21 18:06:21] testing.INFO: attempt.started {"audit_id":"01m0j49gtxe6w4ygx4jvar6wat","actor_id":"01m0j49gth45wmqhystbbdtkgr","target":"TestAttempt:01m0j49gtwd38pvsg2pm4t61bv","request_id":"9b5ca1df-c864-46d4-b0fb-b2486b9a5bd4"} 
[2026-08-21 18:06:21] testing.INFO: attempt.submitted {"audit_id":"01m0j49gvdzjhmwqnwd904s8az","actor_id":"01m0j49gth45wmqhystbbdtkgr","target":"TestAttempt:01m0j49gtwd38pvsg2pm4t61bv","request_id":"4c2ad516-893d-4777-a4db-2ec7dc76a5ca"} 
[2026-08-21 18:06:21] testing.INFO: auth.logged_in {"audit_id":"01m0j49h2bee9rhry05xxpbrdq","actor_id":"01m0j49h1wr04q3fysemrs6crj","target":"User:01m0j49h1wr04q3fysemrs6crj","request_id":"35a46753-ad20-4d3a-b8bf-99509111144f"} 
[2026-08-21 18:06:21] testing.INFO: auth.logged_out {"audit_id":"01m0j49h2qmwserzbj6gjmar5a","actor_id":"01m0j49h1wr04q3fysemrs6crj","target":"User:01m0j49h1wr04q3fysemrs6crj","request_id":"e6e281cc-6718-4162-aada-738495ea5b5a"} 
[2026-08-21 18:06:21] testing.INFO: auth.logged_in {"audit_id":"01m0j49h2vkj446n2jbpx77w0d","actor_id":"01m0j49h1wr04q3fysemrs6crj","target":"User:01m0j49h1wr04q3fysemrs6crj","request_id":"2807fa90-4df9-4b4d-b82f-d9baf8ce7a61"} 
[2026-08-21 18:06:21] testing.INFO: auth.account_locked {"audit_id":"01m0j49h9nz9bm0av8rr3a80xv","actor_id":"01m0j49h8yb325n0z24w5b5rpt","target":"User:01m0j49h8yb325n0z24w5b5rpt","request_id":"eb6685c1-18d7-430f-a271-64a6bec2ba0e"} 
[2026-08-21 18:06:21] testing.INFO: auth.password_changed {"audit_id":"01m0j49hddy6q508rpg59y5p6d","actor_id":"01m0j49hcxf8y56s9x6a2hje6j","target":"User:01m0j49hcxf8y56s9x6a2hje6j","request_id":"1cfebe3f-7247-46dc-9085-ca482e52dc2e"} 
[2026-08-21 18:06:22] testing.INFO: account.profile_updated {"audit_id":"01m0j49hgqr2zswq8nyxqnbn4k","actor_id":"01m0j49hgfrjgwfxz7sxch6j6q","target":"User:01m0j49hgfrjgwfxz7sxch6j6q","request_id":"50e65fd8-1c80-47cc-847f-75bb224b6f8d"} 
[2026-08-21 18:06:22] testing.INFO: course.updated {"audit_id":"01m0j49hqac3yyt247eb2ejvs8","actor_id":"01m0j49hpsrf2vvh9r7bydrerx","target":"Course:01m0j49hpv7hgz86f6ny32zaem","request_id":"553e40e4-5a2a-42cb-a1ed-a91f9a4bdeda"} 
[2026-08-21 18:06:22] testing.INFO: course.updated {"audit_id":"01m0j49htwrma94mp9pvgass70","actor_id":"01m0j49htgeyd93sk35tvty40j","target":"Course:01m0j49htjdrr0sshad89qtz3r","request_id":"341b0148-7c5b-4c5a-8d66-cf37c3aca01d"} 
[2026-08-21 18:06:22] testing.INFO: course.thumbnail_updated {"audit_id":"01m0j49hyjt7b1cka6pmq6mzyy","actor_id":"01m0j49hxx1xqcne9p8vk2skcb","target":"Course:01m0j49hxygcar5yfhx9scc6ff","request_id":"5b36d082-e96a-4cbd-8e58-522b7a36489d"} 
[2026-08-21 18:06:22] testing.INFO: course.thumbnail_updated {"audit_id":"01m0j49hz1aak4mk6bht6png61","actor_id":"01m0j49hxx1xqcne9p8vk2skcb","target":"Course:01m0j49hxygcar5yfhx9scc6ff","request_id":"086ba757-988e-47b6-a075-b10e01ebbc86"} 
[2026-08-21 18:06:22] testing.INFO: course.thumbnail_updated {"audit_id":"01m0j49j2w5cvgevfftnyv2dhs","actor_id":"01m0j49j2bk5gedpcpsr907chn","target":"Course:01m0j49j2dr9t5sf2n6780xd21","request_id":"07884d87-0bb9-45fc-a44c-4489e64c572a"} 
[2026-08-21 18:06:22] testing.INFO: course.thumbnail_removed {"audit_id":"01m0j49j3547kkh2h2nmwp24cs","actor_id":"01m0j49j2bk5gedpcpsr907chn","target":"Course:01m0j49j2dr9t5sf2n6780xd21","request_id":"7963b008-ae47-487a-942e-e93fef310183"} 
[2026-08-21 18:06:22] testing.INFO: course.thumbnail_updated {"audit_id":"01m0j49j6tv9j7x4a1pa8baf4a","actor_id":"01m0j49j695brxgqk9p70dk0pg","target":"Course:01m0j49j6a0yegwc3ketegj89k","request_id":"08c8c1f9-be3a-48cb-8824-3963c7bac9f3"} 
[2026-08-21 18:06:23] testing.INFO: payment.approved {"audit_id":"01m0j49js4v0wy5t36kbbz4p0j","actor_id":"01m0j49jgy012ae3f8kcessvr3","target":"Payment:01m0j49jh3fj0s2dw3aay9nbwv","request_id":"f2d13393-99c9-492c-bf8c-2c12af2af37c"} 
[2026-08-21 18:06:23] testing.INFO: auth.logged_in {"audit_id":"01m0j49k0m9tvj8n7s2ab4rpyv","actor_id":"01m0j49k0bypwarvw1m0b1v2vd","target":"User:01m0j49k0bypwarvw1m0b1v2vd","request_id":"d5e3d9f0-987b-43e6-990c-7e62bc3ff023"} 
[2026-08-21 18:06:23] testing.INFO: auth.logged_out {"audit_id":"01m0j49k0t16vhp3zhahe1xt99","actor_id":"01m0j49k0bypwarvw1m0b1v2vd","target":"User:01m0j49k0bypwarvw1m0b1v2vd","request_id":"57c8312f-9c26-40b1-87cd-ae96aff85341"} 
[2026-08-21 18:06:23] testing.INFO: auth.logged_in {"audit_id":"01m0j49k10prv774aeky7m9pyp","actor_id":"01m0j49k0bypwarvw1m0b1v2vd","target":"User:01m0j49k0bypwarvw1m0b1v2vd","request_id":"cb1faa45-f607-4d58-a8d8-860bbf8c719f"} 
[2026-08-21 18:06:23] testing.INFO: auth.logged_in {"audit_id":"01m0j49k476tmmdqf815tgd5yg","actor_id":"01m0j49k3z3rmged553vhg9me3","target":"User:01m0j49k3z3rmged553vhg9me3","request_id":"fdf72f28-e5ca-4dca-9fcc-0d4f95f17346"} 
[2026-08-21 18:06:23] testing.INFO: user.devices_reset {"audit_id":"01m0j49k7r1n89er9k36sp1bpc","actor_id":"01m0j49k784cbejr6be9t6kceq","target":"User:01m0j49k7b4s3cz2hcbjn6me5a","request_id":"757bfff9-2f5a-4fc6-83a4-aac31d69ed8e"} 
[2026-08-21 18:06:24] testing.INFO: settings.updated {"audit_id":"01m0j49km70bctt0fgc0e2xgnj","actor_id":"01m0j49kky81wqaqsnzecdgd8n","target":":","request_id":"865240d9-c0e8-438f-bff8-e351fe567f2b"} 
[2026-08-21 18:06:24] testing.INFO: settings.updated {"audit_id":"01m0j49kqjqs23vwp7d0d66b62","actor_id":"01m0j49kq96cmmwhgb3cweke6z","target":":","request_id":"f954ff06-7c1e-4f86-8a60-17c421aa7f8b"} 
[2026-08-21 18:06:24] testing.INFO: settings.updated {"audit_id":"01m0j49kqv8cxcz3ptht5sp85t","actor_id":"01m0j49kq96cmmwhgb3cweke6z","target":":","request_id":"981adf32-7cff-42ed-99f0-dc4e3b04ce4f"} 
[2026-08-21 18:06:24] testing.INFO: settings.institution_logo_updated {"audit_id":"01m0j49kymbkcs9wzpv1derjps","actor_id":"01m0j49ky6enqz7zvrhq1asxa7","target":":","request_id":"a4121a7f-1d35-4f58-a788-fe957b34390f"} 
[2026-08-21 18:06:24] testing.INFO: settings.institution_logo_updated {"audit_id":"01m0j49kz3959za2efgca7tfk4","actor_id":"01m0j49ky6enqz7zvrhq1asxa7","target":":","request_id":"9253f4ab-9a32-4264-bddc-591cb0206ae2"} 
[2026-08-21 18:06:24] testing.INFO: settings.institution_logo_removed {"audit_id":"01m0j49kzaxwm2qt42rqjvttnq","actor_id":"01m0j49ky6enqz7zvrhq1asxa7","target":":","request_id":"ebd93c76-abc1-4711-84aa-5a320da4fb00"} 
[2026-08-21 18:06:24] testing.INFO: settings.institution_favicon_updated {"audit_id":"01m0j49m30arxjtpxvmvgdvk8y","actor_id":"01m0j49m2na3pschd196zfgw48","target":":","request_id":"9484125e-1ee1-4b83-995c-8570f2f46e85"} 
[2026-08-21 18:06:24] testing.INFO: settings.updated {"audit_id":"01m0j49m6nrfyr3zqex26q7339","actor_id":"01m0j49m6b7rsnae6h5cckgpf9","target":":","request_id":"1756640e-a9a0-4e3b-abf7-858367f746a9"} 
[2026-08-21 18:06:25] testing.INFO: auth.logged_in {"audit_id":"01m0j49mq413r6r6aw6jegbtzx","actor_id":"01m0j49mpsr5fenrxb3dzzpre8","target":"User:01m0j49mpsr5fenrxb3dzzpre8","request_id":"a93a23f2-c156-4a64-9f10-77371700fc27"} 
[2026-08-21 18:06:25] testing.INFO: auth.login_blocked_suspended {"audit_id":"01m0j49mxe2c4xf1s0nqkqm19p","actor_id":"01m0j49mx74g4c00vgm5cnw48n","target":"User:01m0j49mx74g4c00vgm5cnw48n","request_id":"3e18c5e3-61b3-4562-8563-ce6e53356db7"} 
[2026-08-21 18:06:25] testing.INFO: auth.logged_out {"audit_id":"01m0j49n4hw3wnegh75phb8c4x","actor_id":"01m0j49n490rbzwdvfppvngdky","target":"User:01m0j49n490rbzwdvfppvngdky","request_id":"3ae5d1f5-9b02-45c9-a100-5a4ac033cf88"} 
[2026-08-21 18:06:25] testing.INFO: auth.logged_in {"audit_id":"01m0j49n7sc9np3er8wh7gkzks","actor_id":"01m0j49n7h132y6vq6wyvehr9p","target":"User:01m0j49n7h132y6vq6wyvehr9p","request_id":"d6863680-ac50-471b-8543-5df5cce28de8"} 
[2026-08-21 18:06:26] testing.INFO: payment.approved {"audit_id":"01m0j49nhmr4gy82rds44s31fw","actor_id":"01m0j49nbhd1xh251grs3bp1m2","target":"Payment:01m0j49nbk8an32a5f9ze4gg7h","request_id":"3a0966a9-adbb-4529-9937-2fced466baf5"} 
[2026-08-21 18:06:26] testing.INFO: payment.approved {"audit_id":"01m0j49ntyaegvk6km031tgbyf","actor_id":"01m0j49nmw1myxkg8j2yg9976w","target":"Payment:01m0j49nmy88gq9cfby90dhf8h","request_id":"d80d63a2-1815-4155-99e6-28d7b0abdb67"} 
[2026-08-21 18:06:26] testing.INFO: payment.approved {"audit_id":"01m0j49p9jrj06sjvmkmkete9r","actor_id":"01m0j49p3jnqmm2t68m1w1bzwp","target":"Payment:01m0j49p3n1mjgzpyg36j9ke76","request_id":"f49ef130-c045-4975-9b59-679494e0ed79"} 
[2026-08-21 18:06:27] testing.INFO: payment.rejected {"audit_id":"01m0j49pda8gpv2tc426kmtxhs","actor_id":"01m0j49pcx81edbmme90wh0xxf","target":"Payment:01m0j49pczvm7rxf3yy91w4f7d","request_id":"e8e27bc8-827c-4d99-af0f-08ef43c2a9d0"} 
[2026-08-21 18:06:27] testing.INFO: refund.recorded {"audit_id":"01m0j49pqph6a8cjcsq9jf4xqj","actor_id":"01m0j49pq51v4hjkdrzvw5e9da","target":"Refund:01m0j49pqnecy4re2sjvgk07b7","request_id":"0f41250b-1d85-4a45-819b-da399df9a403"} 
[2026-08-21 18:06:27] testing.INFO: refund.processed {"audit_id":"01m0j49pr6sxtxx1x5hvac672x","actor_id":"01m0j49pq77yn1wxth4h1hgxrr","target":"Refund:01m0j49pqnecy4re2sjvgk07b7","request_id":"69f8c05d-24a1-447e-a2f2-cdae6bf0da5a"} 
[2026-08-21 18:06:29] testing.INFO: user.suspend {"audit_id":"01m0j49re45xpmqtswyb1rfrg7","actor_id":"01m0j49rcy8e98pk3m14wcysh0","target":"User:01m0j49rd4kv34a65vbevcg2mp","request_id":"02581788-bd42-4d99-803e-658630c1d2ee"} 
[2026-08-21 18:06:29] testing.INFO: user.archived {"audit_id":"01m0j49rj51jgcw3y7yzrx7bmj","actor_id":"01m0j49rh86c0whbk1mtk11qbn","target":"User:01m0j49rhex3h6td4z6mb4s6tf","request_id":"e927dc03-e6cd-4f5e-b0ab-b05a146dcfe5"} 
[2026-08-21 18:06:29] testing.INFO: user.archived {"audit_id":"01m0j49rnhhs8xwmzjqbn89y0m","actor_id":"01m0j49rnbndg3yfmz6vw3422n","target":"User:01m0j49rn1xy22wxrvzhnwfnjt","request_id":"e6248a23-b06f-45fd-b3a6-f2f7b650cbaf"} 
[2026-08-21 18:06:29] testing.INFO: user.updated {"audit_id":"01m0j49rrqp7wgwd8pe5m8d4cm","actor_id":"01m0j49rrd9be719awdz6hyyve","target":"User:01m0j49rrf3hm9m3mfa785q0j6","request_id":"eeed4899-0bbb-4ccf-8d0e-0fe638b668d4"} 
[2026-08-21 18:06:29] testing.INFO: test.published {"audit_id":"01m0j49s7ggnh2tmps0grg3kj3","actor_id":"01m0j49s6nw118pr56zvdkpekh","target":"Test:01m0j49s6sa0r83gtyahrryvhq","request_id":"0222f003-fcf6-4070-a5c8-7e62cfa2b3ee"} 
[2026-08-21 18:06:30] testing.INFO: course.thumbnail_updated {"audit_id":"01m0j49sepewgkcp83eqc41rqd","actor_id":"01m0j49se1w50f1hgytmyx7hgr","target":"Course:01m0j49se2exsw557cnt2hwtk1","request_id":"6e629072-f35d-4a15-b8d7-c3835d70117b"} 
[2026-08-21 18:06:30] testing.INFO: course.updated {"audit_id":"01m0j49sj2f5hbs78hy6keszvm","actor_id":"01m0j49shn8s7hz4pxm7yrt7p8","target":"Course:01m0j49shpxshzchs2vpkwhv1j","request_id":"318386c2-fe54-489f-91a4-4e4036d0c669"} 
[2026-08-21 18:06:30] testing.INFO: settings.payment_method_qr_updated {"audit_id":"01m0j49sng13a5ex9yecex283t","actor_id":"01m0j49sn3d39detx2bzvrvmmz","target":"PaymentMethod:01m0j49sn03st7xfm3d900g9bg","request_id":"abbfa541-825f-4fc8-87ca-0f14576dc510"} 
[2026-08-21 18:06:30] testing.INFO: settings.institution_logo_updated {"audit_id":"01m0j49srwc15w9h0ap2z5xve7","actor_id":"01m0j49srfbtb64313q1f0e7gg","target":":","request_id":"38ce1a91-0c9d-4b99-b66f-0dff7b7ab2ac"} 
[2026-08-21 18:06:31] testing.INFO: payment.submitted {"audit_id":"01m0j49tqcwcbh0p55hkr1m63v","actor_id":"01m0j49tpkn2wsbdbejhfvdw61","target":"Payment:01m0j49tqbsxnb9v0f09me5pm1","request_id":"402bb24c-ab0c-43d6-b885-f4b805c8b0cc"} 
[2026-08-21 18:06:31] testing.INFO: payment.approved_at_capture {"audit_id":"01m0j49txb1t7mfzw50xt592eg","actor_id":"01m0j49tpkn2wsbdbejhfvdw61","target":"Payment:01m0j49tqbsxnb9v0f09me5pm1","request_id":"402bb24c-ab0c-43d6-b885-f4b805c8b0cc"} 
[2026-08-21 18:06:31] testing.INFO: payment.submitted {"audit_id":"01m0j49v1h8rdyda0p99da32mb","actor_id":"01m0j49v0p5vf95h5v8sjy4mg6","target":"Payment:01m0j49v1fyk448v1ay4enrhh7","request_id":"6d774abe-bbe2-4329-a0b1-d0a82db382aa"} 
[2026-08-21 18:06:32] testing.INFO: payment.approved {"audit_id":"01m0j49v7kmjwq62xabg9s4rbq","actor_id":"01m0j49v0sj43d5z5cgjpatrfd","target":"Payment:01m0j49v1fyk448v1ay4enrhh7","request_id":"dbb06768-1756-4d00-8b68-e6965b5771b1"} 
[2026-08-21 18:06:32] testing.INFO: payment.submitted {"audit_id":"01m0j49vcf8490c29ng83nq4r3","actor_id":"01m0j49vbm5gdztacyrjg30prm","target":"Payment:01m0j49vce7ng0nde4qctzvxdt","request_id":"eb8e978f-9b5e-420e-803b-5cd5f1e4348b"} 
[2026-08-21 18:06:32] testing.INFO: payment.approved_at_capture {"audit_id":"01m0j49vj8y09aa614wj4xbx6g","actor_id":"01m0j49vbm5gdztacyrjg30prm","target":"Payment:01m0j49vce7ng0nde4qctzvxdt","request_id":"eb8e978f-9b5e-420e-803b-5cd5f1e4348b"} 
[2026-08-21 18:06:32] testing.INFO: payment.submitted {"audit_id":"01m0j49vjyq5b0890fjj0z15sc","actor_id":"01m0j49vbm5gdztacyrjg30prm","target":"Payment:01m0j49vjxhz0j2q38qwar9seq","request_id":"08028bb1-890c-47ed-9ac2-06a24cd4d814"} 
[2026-08-21 18:06:32] testing.INFO: payment.approved {"audit_id":"01m0j49vs7rfdkp7f5sw1mw9he","actor_id":"01m0j49vbpy4n87wbcqtme7gqe","target":"Payment:01m0j49vjxhz0j2q38qwar9seq","request_id":"d656e52a-37d8-4cd6-ac8f-b572f5ab5ff9"} 
[2026-08-21 18:06:32] testing.INFO: course.created {"audit_id":"01m0j49vx3xjc670f1xcy28js0","actor_id":"01m0j49vwkrfq309gsnfwntn1z","target":"Course:01m0j49vx28jx44qwvtwbjx307","request_id":"b5e77b64-b389-448b-b760-8c1b5286a180"} 
[2026-08-21 18:06:32] testing.INFO: category.created {"audit_id":"01m0j49w0j2w0qf5w99r2kxxvk","actor_id":"01m0j49w062vdm6c1me58wc9s7","target":"Category:01m0j49w0hs762jntjsw5j0v4x","request_id":"5f16c709-81e2-49e0-a612-a65476b0eb64"} 
[2026-08-21 18:06:32] testing.INFO: syllabus.updated {"audit_id":"01m0j49w3yc1hd3wfc8mwskxd4","actor_id":"01m0j49w3hrmabgbqf6j4t45q4","target":"Course:01m0j49w3jyp0rnz8jgma1qpkw","request_id":"65ef4c2b-9064-4373-8745-bbb89ffa8792"} 
[2026-08-21 18:06:33] testing.INFO: export.generated {"audit_id":"01m0j49w7gstcxy856wajx03nf","actor_id":"01m0j49w6zf7m441pdxk1vd4xg","target":":","request_id":"016e2cf2-6387-40b4-a22c-04cb75f82266"} 
[2026-08-21 18:06:34] testing.INFO: payment.approved {"audit_id":"01m0j49x5vgxmz3vrvngb2x327","actor_id":"01m0j49x01wddwhd1m0rnnpb03","target":"Payment:01m0j49x02rxmnxqax40ytvhet","request_id":"f0f992c3-746b-43b3-9ff9-bda54bc5382a"} 
[2026-08-21 18:06:34] testing.INFO: recording.deleted {"audit_id":"01m0j49xr9szdvns8ebjz72gz8","actor_id":"01m0j49xqv48z6fe9gqg5758e1","target":"Recording:01m0j49xqx3mng7r3yeyz9rfsm","request_id":"0b651f46-ad7f-42ce-b134-113e6c7eff60"} 
[2026-08-21 18:19:08] local.INFO: auth.logged_in {"audit_id":"01m0j50xtdzx7dgr6ttpqy8m5c","actor_id":"01m0j4q171b5d2hy5q6zwkn8vy","target":"User:01m0j4q171b5d2hy5q6zwkn8vy","request_id":"db528f81-6a3f-48f3-ba94-d470aa753ddb"} 
[2026-08-21 18:19:17] local.INFO: auth.logged_out {"audit_id":"01m0j516vqx1ty8v1ee98zm9dg","actor_id":"01m0j4q171b5d2hy5q6zwkn8vy","target":"User:01m0j4q171b5d2hy5q6zwkn8vy","request_id":"9ad704b0-ea8d-413f-9e75-a1d65ce28192"} 
[2026-08-21 18:19:25] testing.INFO: settings.updated {"audit_id":"01m0j51esvf60qycbdtnebxd82","actor_id":"01m0j51erprtrdbaszhrcpns66","target":":","request_id":"1f7d40d5-5fb7-4e9c-834a-337d39f52caa"} 
[2026-08-21 18:19:26] testing.INFO: settings.updated {"audit_id":"01m0j51f44yhg7833dm413rjh6","actor_id":"01m0j51f3ttg628z5254sz2jej","target":":","request_id":"06d405b8-49f9-4f2e-bb12-0d2657fe4091"} 
[2026-08-21 18:19:26] testing.INFO: role.updated {"audit_id":"01m0j51fayksx9x5vsnt5xkak5","actor_id":"01m0j51fajv0b7ar0jj96htjxr","target":"Role:01m0j51f92gsbjrv3vm7sfgy62","request_id":"9774a91e-0e6b-47e3-8436-ad1f17ef799f"} 
[2026-08-21 18:19:26] testing.INFO: settings.payment_method_qr_updated {"audit_id":"01m0j51fet7s1737dw08bgas4g","actor_id":"01m0j51fe2fvsn33p5sjwevsyf","target":"PaymentMethod:01m0j51fdxjfgx90abh2381f9v","request_id":"b90b7e88-3757-499b-a9f9-92a2be78844e"} 
[2026-08-21 18:19:26] testing.INFO: settings.payment_method_qr_removed {"audit_id":"01m0j51ff235a33wqe99gpef0f","actor_id":"01m0j51fe2fvsn33p5sjwevsyf","target":"PaymentMethod:01m0j51fdxjfgx90abh2381f9v","request_id":"2468c1f8-0679-42d9-ad01-0da896f000e0"} 
[2026-08-21 18:19:26] testing.INFO: settings.updated {"audit_id":"01m0j51fnzp19v0wepeeyxna8h","actor_id":"01m0j51fnmaf8kb4nbq6h4v1jn","target":":","request_id":"c0be7df1-68ae-498f-a653-073613e2c8a6"} 
[2026-08-21 18:19:26] testing.INFO: faq.created {"audit_id":"01m0j51fta9wgwwz21k0bpgbf8","actor_id":"01m0j51fsyd7c62fs5fz09w3kp","target":"Faq:01m0j51ft9cxmw2bpsced34mah","request_id":"e69ba763-8179-4eef-8454-ea418f3e2652"} 
[2026-08-21 18:19:26] testing.INFO: faq.updated {"audit_id":"01m0j51ftmmybphp87gtshazwy","actor_id":"01m0j51fsyd7c62fs5fz09w3kp","target":"Faq:01m0j51ft9cxmw2bpsced34mah","request_id":"6a182228-ff01-46aa-9586-979b5b69c174"} 
[2026-08-21 18:19:26] testing.INFO: faq.deleted {"audit_id":"01m0j51ftzdkqq6te7bntrqhgr","actor_id":"01m0j51fsyd7c62fs5fz09w3kp","target":"Faq:01m0j51ft9cxmw2bpsced34mah","request_id":"5a69f84b-3b31-4f7f-bbb4-148584e5b78b"} 
[2026-08-21 18:19:27] testing.INFO: attempt.started {"audit_id":"01m0j51g6c3rhqzsk8th0wqcwk","actor_id":"01m0j51g5s13j6vpf3rhqd0559","target":"TestAttempt:01m0j51g69y73784enekg59sch","request_id":"96e0f5c3-2350-4e42-9994-521ceb1967ae"} 
[2026-08-21 18:19:27] testing.INFO: attempt.started {"audit_id":"01m0j51ge2hct4cb0v42fczp1z","actor_id":"01m0j51gdmk0wbxp3xycfhz1v3","target":"TestAttempt:01m0j51ge118zx9y44wcn7zkeb","request_id":"b055146a-4179-4f23-9e47-9a2b11927d1e"} 
[2026-08-21 18:19:27] testing.INFO: attempt.started {"audit_id":"01m0j51gecv2mx99zavh0gr47e","actor_id":"01m0j51gdmk0wbxp3xycfhz1v3","target":"TestAttempt:01m0j51ge118zx9y44wcn7zkeb","request_id":"ab7f6274-201f-414c-80d8-ecb16b53008c"} 
[2026-08-21 18:19:27] testing.INFO: attempt.started {"audit_id":"01m0j51gjk18pp3tx1sesnpmzs","actor_id":"01m0j51gj1xyw5ymrnz4e0vpc2","target":"TestAttempt:01m0j51gjhhkhtmrcd57ba99a7","request_id":"e0bdc2e0-3e65-4d72-9a03-4df82efd82ed"} 
[2026-08-21 18:19:27] testing.INFO: attempt.started {"audit_id":"01m0j51gqaxkpsqw93b3yt4pgv","actor_id":"01m0j51gpwsykhvzwqnprvrnd3","target":"TestAttempt:01m0j51gq9j5xt3c19rrhha41m","request_id":"76ef8e2c-8728-47fe-83ca-2fb6deb12f5f"} 
[2026-08-21 18:19:27] testing.INFO: attempt.submitted {"audit_id":"01m0j51gqwh2znp04ygc7ytkn1","actor_id":"01m0j51gpwsykhvzwqnprvrnd3","target":"TestAttempt:01m0j51gq9j5xt3c19rrhha41m","request_id":"e3d941c9-fa59-4677-9424-6cdc6cdf9703"} 
[2026-08-21 18:19:27] testing.INFO: auth.logged_in {"audit_id":"01m0j51h01zm1c87d7wezct4d5","actor_id":"01m0j51gzhd93ayb2akhz732r5","target":"User:01m0j51gzhd93ayb2akhz732r5","request_id":"0ca17692-1b95-4903-b318-e6b4621a38f9"} 
[2026-08-21 18:19:27] testing.INFO: auth.logged_out {"audit_id":"01m0j51h0fb9kvcg2vrk8ybhdm","actor_id":"01m0j51gzhd93ayb2akhz732r5","target":"User:01m0j51gzhd93ayb2akhz732r5","request_id":"42845d00-652a-4b00-a88c-aa2164074cac"} 
[2026-08-21 18:19:27] testing.INFO: auth.logged_in {"audit_id":"01m0j51h0k1ap3znqh3ays3cst","actor_id":"01m0j51gzhd93ayb2akhz732r5","target":"User:01m0j51gzhd93ayb2akhz732r5","request_id":"32a0c35c-8e47-4dd8-9166-cd511d3ed260"} 
[2026-08-21 18:19:28] testing.INFO: auth.account_locked {"audit_id":"01m0j51h88kh3d57q9hepm61kg","actor_id":"01m0j51h7f9n5t6cfn0b1hr8qh","target":"User:01m0j51h7f9n5t6cfn0b1hr8qh","request_id":"75b0c790-efaf-4dad-b31c-d46949953c6e"} 
[2026-08-21 18:19:28] testing.INFO: auth.password_changed {"audit_id":"01m0j51hcvyr4hhrn413vpdmw1","actor_id":"01m0j51hc8qmgtqznpfh1jbvb2","target":"User:01m0j51hc8qmgtqznpfh1jbvb2","request_id":"40ae81e9-a8b9-4585-b9f1-fe39aa239b39"} 
[2026-08-21 18:19:28] testing.INFO: account.profile_updated {"audit_id":"01m0j51hgy0fa57658vvxjswgj","actor_id":"01m0j51hgn97bq4v765yzqw6tv","target":"User:01m0j51hgn97bq4v765yzqw6tv","request_id":"3387e6f1-b370-4195-971c-eaae74581a4b"} 
[2026-08-21 18:19:28] testing.INFO: course.updated {"audit_id":"01m0j51hs41v6xf4zwn6eaqhp2","actor_id":"01m0j51hrhgp4hxcs26dz9vgqw","target":"Course:01m0j51hrkch7867z67tqmn04p","request_id":"9d01e558-614a-4057-b21d-eb6015fe4e55"} 
[2026-08-21 18:19:28] testing.INFO: course.updated {"audit_id":"01m0j51hx8tr9z8x5aj467d8va","actor_id":"01m0j51hwvx8d14j4asrkd6gxf","target":"Course:01m0j51hwwbjge7d2jz840sqfy","request_id":"9dea383f-366a-40e8-beb4-3200f39a3f2c"} 
[2026-08-21 18:19:29] testing.INFO: course.thumbnail_updated {"audit_id":"01m0j51j22sftr9037nrrcgw7g","actor_id":"01m0j51j1b5ft8kgsvngg8j1q8","target":"Course:01m0j51j1dbawn298sn2t2ymrc","request_id":"be6081bd-1ef3-432e-947c-6f723b76a9ed"} 
[2026-08-21 18:19:29] testing.INFO: course.thumbnail_updated {"audit_id":"01m0j51j2k3xad99rme8c5xbjh","actor_id":"01m0j51j1b5ft8kgsvngg8j1q8","target":"Course:01m0j51j1dbawn298sn2t2ymrc","request_id":"1dffe322-d1ea-4806-8e5e-120ccf903a19"} 
[2026-08-21 18:19:29] testing.INFO: course.thumbnail_updated {"audit_id":"01m0j51j7jsksmjadj5y2tcfhq","actor_id":"01m0j51j6spn10ca1p54797hey","target":"Course:01m0j51j6vvs3ce0kp9emc3da8","request_id":"87b46fc6-7311-4f11-a7fd-2a94b1ecf5de"} 
[2026-08-21 18:19:29] testing.INFO: course.thumbnail_removed {"audit_id":"01m0j51j7v01yh53jfded6hfwq","actor_id":"01m0j51j6spn10ca1p54797hey","target":"Course:01m0j51j6vvs3ce0kp9emc3da8","request_id":"a501b2a2-face-4b18-b572-73fbc7eeb75a"} 
[2026-08-21 18:19:29] testing.INFO: course.thumbnail_updated {"audit_id":"01m0j51jcdxsfs7g24t4b1yeg5","actor_id":"01m0j51jbq5dvz44z2rcq4z78d","target":"Course:01m0j51jbstvq1gp5b0es4e2s7","request_id":"37ddc9fb-8b94-446e-bcb2-810be39380b0"} 
[2026-08-21 18:19:30] testing.INFO: payment.approved {"audit_id":"01m0j51k2yrx9rtbn9y9c15cyt","actor_id":"01m0j51jrwy44kgmwa47z2k8hp","target":"Payment:01m0j51js3a1cf4x0wfvz9ndcc","request_id":"0ce27312-d534-4666-baec-b5e57891b20a"} 
[2026-08-21 18:19:30] testing.INFO: auth.logged_in {"audit_id":"01m0j51kd1qebmrr8m0c8qz0zy","actor_id":"01m0j51kcp73r5nsfq7y312k8x","target":"User:01m0j51kcp73r5nsfq7y312k8x","request_id":"fba82329-cdba-47f5-ba4a-ac9409641890"} 
[2026-08-21 18:19:30] testing.INFO: auth.logged_out {"audit_id":"01m0j51kd8v1e6e9ya13s214zb","actor_id":"01m0j51kcp73r5nsfq7y312k8x","target":"User:01m0j51kcp73r5nsfq7y312k8x","request_id":"be997e7c-d489-4e02-9c70-db85eb0169ac"} 
[2026-08-21 18:19:30] testing.INFO: auth.logged_in {"audit_id":"01m0j51kdf88my9x0mknzdvetg","actor_id":"01m0j51kcp73r5nsfq7y312k8x","target":"User:01m0j51kcp73r5nsfq7y312k8x","request_id":"dabe4de8-7a1f-430c-b97c-d549fd90e69f"} 
[2026-08-21 18:19:30] testing.INFO: auth.logged_in {"audit_id":"01m0j51khtqpm9nhsf5bbg6b1z","actor_id":"01m0j51khh9wk9a5z5117ywyky","target":"User:01m0j51khh9wk9a5z5117ywyky","request_id":"399fe429-21dd-4bfb-802a-a0edff92665f"} 
[2026-08-21 18:19:30] testing.INFO: user.devices_reset {"audit_id":"01m0j51kpcp69h6vp49b0abs0t","actor_id":"01m0j51knw4ty2a6b0mzb2gdm7","target":"User:01m0j51knym17ss419d9yc3br3","request_id":"8975069a-0206-4457-a618-c077a0bc52bc"} 
[2026-08-21 18:19:31] testing.INFO: settings.updated {"audit_id":"01m0j51m5h7vvq3mmk2whpyang","actor_id":"01m0j51m56r8p3k3gbh5ww2tbm","target":":","request_id":"ba72aba8-f17d-4963-8f6b-57cf93e7b10e"} 
[2026-08-21 18:19:31] testing.INFO: settings.updated {"audit_id":"01m0j51m9jwt7r5wdhgcwv8s6z","actor_id":"01m0j51m966gk7mt15m1mek9e9","target":":","request_id":"c81cdbf4-f6e0-49c1-870f-3aa5319c8d51"} 
[2026-08-21 18:19:31] testing.INFO: settings.updated {"audit_id":"01m0j51m9xwnx32nk2de3rbca0","actor_id":"01m0j51m966gk7mt15m1mek9e9","target":":","request_id":"8ca5aa63-22dc-4741-96b6-e064127e8906"} 
[2026-08-21 18:19:31] testing.INFO: settings.institution_logo_updated {"audit_id":"01m0j51mjq0kcfr5bcz7y0f6sq","actor_id":"01m0j51mj7qsjxbz9ycbk5knsk","target":":","request_id":"cdf1fba2-c68a-40a6-99ac-7b09d088dcef"} 
[2026-08-21 18:19:31] testing.INFO: settings.institution_logo_updated {"audit_id":"01m0j51mk821eanjm9dbww7sfw","actor_id":"01m0j51mj7qsjxbz9ycbk5knsk","target":":","request_id":"abd5865c-1351-4517-8f4b-e6f780564ec7"} 
[2026-08-21 18:19:31] testing.INFO: settings.institution_logo_removed {"audit_id":"01m0j51mkk1a593hted83cck1k","actor_id":"01m0j51mj7qsjxbz9ycbk5knsk","target":":","request_id":"95b7827e-f7b2-49b2-bd87-bd9d036e539a"} 
[2026-08-21 18:19:31] testing.INFO: settings.institution_favicon_updated {"audit_id":"01m0j51mqzs9gkssc3gascetcn","actor_id":"01m0j51mqj95jtps8gbw89x7ey","target":":","request_id":"9d485dbd-b5f4-4cee-bf55-485609d84aea"} 
[2026-08-21 18:19:31] testing.INFO: settings.updated {"audit_id":"01m0j51mw5bnzzycd4376n0dx1","actor_id":"01m0j51mvtkpk7m29averm7s2b","target":":","request_id":"0227958b-7273-4cd7-9494-61b143f21b12"} 
[2026-08-21 18:19:32] testing.INFO: auth.logged_in {"audit_id":"01m0j51nfz98m0xqw815kxqc95","actor_id":"01m0j51nfk92whsrc27nw0y720","target":"User:01m0j51nfk92whsrc27nw0y720","request_id":"ba2a133f-413d-48a3-85e1-77008c4e22cc"} 
[2026-08-21 18:19:32] testing.INFO: auth.login_blocked_suspended {"audit_id":"01m0j51nrn2ehyd4xz3fbjvank","actor_id":"01m0j51nrd6wpc3k7p53r6sjk8","target":"User:01m0j51nrd6wpc3k7p53r6sjk8","request_id":"2e51506d-61d0-46ce-a73a-3a506ecb13b7"} 
[2026-08-21 18:19:33] testing.INFO: auth.logged_out {"audit_id":"01m0j51p0fsyc0bpy8h1xh7ycd","actor_id":"01m0j51p068y9pev5251warrr4","target":"User:01m0j51p068y9pev5251warrr4","request_id":"1ec3881b-f1b9-4555-9e79-cb17b685cef8"} 
[2026-08-21 18:19:33] testing.INFO: auth.logged_in {"audit_id":"01m0j51p4agybfszscezyjd3xn","actor_id":"01m0j51p421qpx8xd159ty82t8","target":"User:01m0j51p421qpx8xd159ty82t8","request_id":"481a91e4-33d7-42bd-96aa-c7c1273cc9d8"} 
[2026-08-21 18:19:33] testing.INFO: payment.approved {"audit_id":"01m0j51pfjzd7z8wf1veg08hpg","actor_id":"01m0j51p922btqzh1ec6xwydqq","target":"Payment:01m0j51p937vrv2s5q4bt9xk2m","request_id":"165153fe-790f-4529-a581-943eb1b53f95"} 
[2026-08-21 18:19:33] testing.INFO: payment.approved {"audit_id":"01m0j51ptjzttvcvphxpg6n1qy","actor_id":"01m0j51pkze0cbwxtqbpm37pmd","target":"Payment:01m0j51pm1d9yv65wx5gm5t2g4","request_id":"6aca86dd-48dd-4230-a892-7afb266bad0a"} 
[2026-08-21 18:19:34] testing.INFO: payment.approved {"audit_id":"01m0j51qam5r2nf9ah204yd81e","actor_id":"01m0j51q4egfyj84xg0x5rkej7","target":"Payment:01m0j51q4fq02g2kxhaqmy0e22","request_id":"1eca0da8-bfb0-4b58-8fef-7c5b8d11b5ae"} 
[2026-08-21 18:19:34] testing.INFO: payment.rejected {"audit_id":"01m0j51qf1pn0yppmf2mrkrqnb","actor_id":"01m0j51qej375pnwb82zg28422","target":"Payment:01m0j51qemm5k44bh38tgfbbk5","request_id":"31609b33-998a-41b3-b3f0-583dcce3b63c"} 
[2026-08-21 18:19:35] testing.INFO: refund.recorded {"audit_id":"01m0j51qwm8bds6j4fn7d7wqcj","actor_id":"01m0j51qw0qtec632rpwftd74v","target":"Refund:01m0j51qwjs08zrhj2qpbp5pk1","request_id":"99cdce2c-71e2-424f-aa04-1aa9946fa2ce"} 
[2026-08-21 18:19:35] testing.INFO: refund.processed {"audit_id":"01m0j51qx89emf4tpcvf08cxs4","actor_id":"01m0j51qw291k2mzem22v633f9","target":"Refund:01m0j51qwjs08zrhj2qpbp5pk1","request_id":"2879f1ff-89e4-4a95-8895-8d8e373a6100"} 
[2026-08-21 18:19:37] testing.INFO: user.suspend {"audit_id":"01m0j51sxgbx46w5k7f2kn4h2w","actor_id":"01m0j51sw3ps7vsgz5gpb408k4","target":"User:01m0j51sw9q856qeep6ye4z31q","request_id":"81a30893-abd4-4bbd-a64d-d818d9b6beee"} 
[2026-08-21 18:19:37] testing.INFO: user.archived {"audit_id":"01m0j51t2wrhz2jprxnhemjbdg","actor_id":"01m0j51t1bn8hd1tgadvshrx3j","target":"User:01m0j51t1mhb1n18sqk6vtfyfy","request_id":"7ba6aea8-04ba-42bf-b898-a8d9ed94cf37"} 
[2026-08-21 18:19:37] testing.INFO: user.archived {"audit_id":"01m0j51t6vntdk823yq8tj3rq7","actor_id":"01m0j51t6m9mexzz7c15s414wt","target":"User:01m0j51t69nq8v94a010kpym2y","request_id":"2daf1a1c-c0e3-4f4a-86e5-da18b1faca37"} 
[2026-08-21 18:19:37] testing.INFO: user.updated {"audit_id":"01m0j51tark1ph5k6r6d5dhycs","actor_id":"01m0j51tabatb8v46c2sxezzvs","target":"User:01m0j51taeqcqc9b943c023rgb","request_id":"a7e0cb8a-7213-4f77-bf07-1a38b64c1bc7"} 
[2026-08-21 18:19:38] testing.INFO: test.published {"audit_id":"01m0j51tyev8kx4neqa6z50bnf","actor_id":"01m0j51txg6vcbhfbfq2q5dsyc","target":"Test:01m0j51txnehhetdv564ggc92v","request_id":"bb8540a7-c8c2-4fa1-b8ba-41d077874095"} 
[2026-08-21 18:19:38] testing.INFO: course.thumbnail_updated {"audit_id":"01m0j51v76bdax0p9s2mdj9r4f","actor_id":"01m0j51v6g76dp0f0a6m9ttqfj","target":"Course:01m0j51v6jc48451bkjc3491n9","request_id":"2378fa61-ff85-4f7e-a3a4-48149687f8fd"} 
[2026-08-21 18:19:38] testing.INFO: course.updated {"audit_id":"01m0j51vbcjyms7ympk6gs9a8k","actor_id":"01m0j51vawqhpm5g5mrxpvy5zc","target":"Course:01m0j51vax6cs6pw68z2rzjbzc","request_id":"e198820d-b037-4722-80ec-a6eabe8f479e"} 
[2026-08-21 18:19:38] testing.INFO: settings.payment_method_qr_updated {"audit_id":"01m0j51vfpcbrscw5jms9ay6pt","actor_id":"01m0j51vf7ev329egkr24mj1c5","target":"PaymentMethod:01m0j51vf4fnkaf6zjpcyw6jt9","request_id":"14cf384b-766d-4d8d-a780-e7e8c6eb3da8"} 
[2026-08-21 18:19:38] testing.INFO: settings.institution_logo_updated {"audit_id":"01m0j51vm2k88ppbzygz9kse3b","actor_id":"01m0j51vkggymtefpf6n08w3m1","target":":","request_id":"24db1d9d-1077-4e69-920b-1ef560dd5d51"} 
[2026-08-21 18:19:40] testing.INFO: payment.submitted {"audit_id":"01m0j51wtd377wj3rz2wr527ct","actor_id":"01m0j51ws9phfgkg1qfqs69pdf","target":"Payment:01m0j51wtbgf9e2nn6swa7kjxn","request_id":"003106d8-c576-4ebf-974f-d75ce2021e7f"} 
[2026-08-21 18:19:40] testing.INFO: payment.approved_at_capture {"audit_id":"01m0j51x0t25vq315wcdp5e5ya","actor_id":"01m0j51ws9phfgkg1qfqs69pdf","target":"Payment:01m0j51wtbgf9e2nn6swa7kjxn","request_id":"003106d8-c576-4ebf-974f-d75ce2021e7f"} 
[2026-08-21 18:19:40] testing.INFO: payment.submitted {"audit_id":"01m0j51x5ja87wgze6fj8q8aqp","actor_id":"01m0j51x4nqve9ss06z6tn66gm","target":"Payment:01m0j51x5gw5tmrytfgyfytrsv","request_id":"8eeefe46-84b0-47c5-92a4-d13b0b654d86"} 
[2026-08-21 18:19:40] testing.INFO: payment.approved {"audit_id":"01m0j51xca0m8x2g4aq0j1x0sq","actor_id":"01m0j51x4qxfdbfmtjta91tyg7","target":"Payment:01m0j51x5gw5tmrytfgyfytrsv","request_id":"70232296-696a-48a0-80ef-4e1d2898ad04"} 
[2026-08-21 18:19:40] testing.INFO: payment.submitted {"audit_id":"01m0j51xjjfntk9fjnva1x1c4b","actor_id":"01m0j51xhe8w878ds54swtg389","target":"Payment:01m0j51xjgwn2p0qysf2qxc6t7","request_id":"24597163-bdce-4cb1-af89-8e3bc046352b"} 
[2026-08-21 18:19:41] testing.INFO: payment.approved_at_capture {"audit_id":"01m0j51xscqjs7fzwde7q1ez33","actor_id":"01m0j51xhe8w878ds54swtg389","target":"Payment:01m0j51xjgwn2p0qysf2qxc6t7","request_id":"24597163-bdce-4cb1-af89-8e3bc046352b"} 
[2026-08-21 18:19:41] testing.INFO: payment.submitted {"audit_id":"01m0j51xt91s5n72v18r72ccg4","actor_id":"01m0j51xhe8w878ds54swtg389","target":"Payment:01m0j51xt6jwdmxp4s8at7mkzh","request_id":"05a3588c-55ef-46fc-af6b-a8f07bca0118"} 
[2026-08-21 18:19:41] testing.INFO: payment.approved {"audit_id":"01m0j51y27e9273nq79g7gvkee","actor_id":"01m0j51xhhm4hwe6awxfmr770b","target":"Payment:01m0j51xt6jwdmxp4s8at7mkzh","request_id":"ba3fff47-e0dc-4c9e-9865-9cf78461fd80"} 
[2026-08-21 18:19:41] testing.INFO: course.created {"audit_id":"01m0j51y6vb6pa7dt80r7evav4","actor_id":"01m0j51y68x3aqjch8m9tdjgx1","target":"Course:01m0j51y6rtk0xs2txmrccqefv","request_id":"59b52123-5eaa-40d6-b6dd-3001a05a43e8"} 
[2026-08-21 18:19:41] testing.INFO: category.created {"audit_id":"01m0j51yb7eg8xemc3rak41879","actor_id":"01m0j51yaqwmqbx7a8yz2rq8n9","target":"Category:01m0j51yb65e2a3gdgt811yda1","request_id":"11a92984-986d-47c1-b646-937bd2d6c801"} 
[2026-08-21 18:19:41] testing.INFO: syllabus.updated {"audit_id":"01m0j51yfg8swchw6a62dp07wy","actor_id":"01m0j51yezzgx1enea1s8stf8v","target":"Course:01m0j51yf245nfcyrpbw8nqvt9","request_id":"ce772c25-4c9f-4803-b9b6-7745cfd71d45"} 
[2026-08-21 18:19:41] testing.INFO: export.generated {"audit_id":"01m0j51ym579n2nme8hns38adz","actor_id":"01m0j51ykm7evecw2ev7cgyhvr","target":":","request_id":"cf20b472-1bf5-4841-b3c7-ae9bf56c8e6e"} 
[2026-08-21 18:19:43] testing.INFO: payment.approved {"audit_id":"01m0j51zr1shrc2jf1x9sny5qk","actor_id":"01m0j51zhh0m8y2vm56d9xqrs6","target":"Payment:01m0j51zhkd50v9w1zchw1pjns","request_id":"732f4ef7-afbe-436a-8e94-b8e7abb1eae0"} 
[2026-08-21 18:19:43] testing.INFO: recording.deleted {"audit_id":"01m0j520fdy6xngvedf9ex443w","actor_id":"01m0j520epph18yter03w051n5","target":"Recording:01m0j520esekqds32zhzjcwk5g","request_id":"c8b88335-9592-44f7-81dc-52082c83a9e4"} 
[2026-08-21 20:11:14] local.INFO: auth.logged_in {"audit_id":"01m0jbe61mk6zve4510152066w","actor_id":"01m09q7tnv5crbr4xt5e70pdcy","target":"User:01m09q7tnv5crbr4xt5e70pdcy","request_id":"044a9a0b-b7c1-4a1b-a3a0-3fb064c12b62"} 
[2026-08-21 20:11:49] local.INFO: auth.logged_in {"audit_id":"01m0jbf8dgyejgqmrv6m8x3bg4","actor_id":"01m09q7v3xq02bgadbj9an0w3q","target":"User:01m09q7v3xq02bgadbj9an0w3q","request_id":"f77a8d35-67a9-4cd8-85e7-38f39f9ddb13"} 
[2026-08-21 20:40:17] testing.INFO: account.password_changed {"audit_id":"01m0jd3c7vm0w23m3zvr1qcbch","actor_id":"01m0jd3c5te6jtprhypafcnm2d","target":"User:01m0jd3c5te6jtprhypafcnm2d","request_id":"c21c209f-a548-48ee-aefd-6d88c7b67c13"} 
[2026-08-21 20:40:17] testing.INFO: account.password_changed {"audit_id":"01m0jd3cn9kyza38w5w8gd999f","actor_id":"01m0jd3cfjycjkaqbcg3h70c9p","target":"User:01m0jd3cfjycjkaqbcg3h70c9p","request_id":"0551cba6-df32-47dc-8c06-ca6cf317c6df"} 
[2026-08-21 20:40:17] testing.INFO: account.two_factor_enabled {"audit_id":"01m0jd3cx9hx9taywey7z1zdc6","actor_id":"01m0jd3ct8f6c38yv48tmt082q","target":"User:01m0jd3ct8f6c38yv48tmt082q","request_id":"dd92b19d-1c2a-40cf-b29e-efbe4572c358"} 
[2026-08-21 20:40:18] testing.INFO: account.sessions_revoked {"audit_id":"01m0jd3d12ak3zbwe5hd5gb2mg","actor_id":"01m0jd3d0s9sg72kahc97mxy3a","target":"User:01m0jd3d0s9sg72kahc97mxy3a","request_id":"77262530-50b8-4da9-97bb-d8265a1a67f7"} 
[2026-08-21 20:40:28] testing.INFO: account.password_changed {"audit_id":"01m0jd3qhcg5eebyw2a3xmkrj6","actor_id":"01m0jd3qga0zsgt579jcgq0655","target":"User:01m0jd3qga0zsgt579jcgq0655","request_id":"c3630a81-b86d-4fab-b9be-5ae5c48d0af2"} 
[2026-08-21 20:40:28] testing.INFO: account.password_changed {"audit_id":"01m0jd3qnegn6qf4s48xp5e6n1","actor_id":"01m0jd3qmz01w32r82fqj3r568","target":"User:01m0jd3qmz01w32r82fqj3r568","request_id":"44a68e4e-1ed8-4690-87e7-9c96ff341a56"} 
[2026-08-21 20:40:29] testing.INFO: account.two_factor_enabled {"audit_id":"01m0jd3qrv4bhsgnza4ggdr4v6","actor_id":"01m0jd3qr9yqp3pmtgw8zey7jt","target":"User:01m0jd3qr9yqp3pmtgw8zey7jt","request_id":"a557ad3d-3ca5-4380-bb17-409cc8f5d4c6"} 
[2026-08-21 20:40:29] testing.INFO: account.sessions_revoked {"audit_id":"01m0jd3qvw6chx5jse284c2dw8","actor_id":"01m0jd3qvkhr0hznbs71sz8xxf","target":"User:01m0jd3qvkhr0hznbs71sz8xxf","request_id":"f3e941bb-c5de-43cd-9175-671f946df837"} 
[2026-08-21 20:40:29] testing.INFO: settings.updated {"audit_id":"01m0jd3r6wh7zrbacn2rdjzj80","actor_id":"01m0jd3qytnkq70yrpbbbv9esx","target":":","request_id":"6468d8ae-1211-4a9d-9774-b8898f4d7ec5"} 
[2026-08-21 20:40:29] testing.INFO: settings.updated {"audit_id":"01m0jd3re2xqa3pxayy4kapn4f","actor_id":"01m0jd3rdr4ek7s30chbrbem1e","target":":","request_id":"91a01e56-b4e2-4bdc-931c-3816b47836ca"} 
[2026-08-21 20:40:29] testing.INFO: role.updated {"audit_id":"01m0jd3rna2vypa7471gpsj8ef","actor_id":"01m0jd3rn0zhgnaefymsfnb8z7","target":"Role:01m0jd3rkpybtvc15jwmm5hg36","request_id":"bb7be72a-7cb6-48ad-9f59-71d715208843"} 
[2026-08-21 20:40:30] testing.INFO: settings.payment_method_qr_updated {"audit_id":"01m0jd3s38afm37zcd7gj27x5s","actor_id":"01m0jd3rree67r82ay7g9raa1f","target":"PaymentMethod:01m0jd3rr9tj2yxvjdbqp7e7v2","request_id":"27f1969a-5b53-4d61-a5ab-5b9ee519c9b0"} 
[2026-08-21 20:40:30] testing.INFO: settings.payment_method_qr_removed {"audit_id":"01m0jd3s3ee3xpcydk065fpm8w","actor_id":"01m0jd3rree67r82ay7g9raa1f","target":"PaymentMethod:01m0jd3rr9tj2yxvjdbqp7e7v2","request_id":"285904d3-161d-4eee-86d1-35b3e966027c"} 
[2026-08-21 20:40:30] testing.INFO: settings.updated {"audit_id":"01m0jd3s9sa7zw9dxeg8keg54q","actor_id":"01m0jd3s9dttpyvxf9jggezgb3","target":":","request_id":"cb9d3c9e-605a-4e94-8fbe-120649854684"} 
[2026-08-21 20:40:30] testing.INFO: faq.created {"audit_id":"01m0jd3sdpkp20bg8p40cvyj53","actor_id":"01m0jd3sd9qtjv4ww38pra8jvt","target":"Faq:01m0jd3sdnet90p76asg1w93k4","request_id":"05994262-182f-46ac-8506-a0cc574525f1"} 
[2026-08-21 20:40:30] testing.INFO: faq.updated {"audit_id":"01m0jd3sdxhf6heppnf4e4619t","actor_id":"01m0jd3sd9qtjv4ww38pra8jvt","target":"Faq:01m0jd3sdnet90p76asg1w93k4","request_id":"409f6b05-9727-4128-bff5-db51d482c9b1"} 
[2026-08-21 20:40:30] testing.INFO: faq.deleted {"audit_id":"01m0jd3sfsneqhz1wccs76rq9p","actor_id":"01m0jd3sd9qtjv4ww38pra8jvt","target":"Faq:01m0jd3sdnet90p76asg1w93k4","request_id":"3be94f27-362e-4b50-9fdb-678e6d19aac8"} 
[2026-08-21 20:40:31] testing.INFO: attempt.started {"audit_id":"01m0jd3svphamm8c8w77bf3299","actor_id":"01m0jd3ssp72xwpk9qr3ecgqvn","target":"TestAttempt:01m0jd3svmj7k0ckqsd56bvyh5","request_id":"21302eaf-b3cb-4428-ae81-597c67216fdb"} 
[2026-08-21 20:40:31] testing.INFO: attempt.started {"audit_id":"01m0jd3t527jwetxra1d2aj7vq","actor_id":"01m0jd3t4nmkv9cpgs698vq8z9","target":"TestAttempt:01m0jd3t518qzxcbr8dbvf0bzc","request_id":"fee657a4-350d-41b3-b33c-686395ee5b74"} 
[2026-08-21 20:40:31] testing.INFO: attempt.started {"audit_id":"01m0jd3t5adzhyphm2khmxkp47","actor_id":"01m0jd3t4nmkv9cpgs698vq8z9","target":"TestAttempt:01m0jd3t518qzxcbr8dbvf0bzc","request_id":"3d747f71-ec98-4527-b227-03f0dfc65a1c"} 
[2026-08-21 20:40:31] testing.INFO: attempt.started {"audit_id":"01m0jd3t8mxb7tepqc7g2nzryg","actor_id":"01m0jd3t88xqx17cbk0j01wm2s","target":"TestAttempt:01m0jd3t8k6bwwpqshrf76gw5a","request_id":"84557b2a-0bc4-4ded-bd06-e335849d907f"} 
[2026-08-21 20:40:31] testing.INFO: attempt.started {"audit_id":"01m0jd3tcy7vrzmptjxwqeyfg1","actor_id":"01m0jd3tcj2vn4xmjg1nqdr094","target":"TestAttempt:01m0jd3tcxgwkw6m46cas6yrra","request_id":"380ee23e-803a-40d8-a623-0df9ef2aadf7"} 
[2026-08-21 20:40:31] testing.INFO: attempt.submitted {"audit_id":"01m0jd3tdghsq3xgm99ct72mx2","actor_id":"01m0jd3tcj2vn4xmjg1nqdr094","target":"TestAttempt:01m0jd3tcxgwkw6m46cas6yrra","request_id":"e018a44f-779e-4b29-a50b-86d070762946"} 
[2026-08-21 20:40:32] testing.INFO: auth.logged_in {"audit_id":"01m0jd3tnbyrdjcahh6p4myj2x","actor_id":"01m0jd3tm1k1zqx0mazppezppb","target":"User:01m0jd3tm1k1zqx0mazppezppb","request_id":"d36be0b0-093c-41f7-a420-51e4de22f242"} 
[2026-08-21 20:40:32] testing.INFO: auth.logged_out {"audit_id":"01m0jd3tpw15ak5vyq8302p4a1","actor_id":"01m0jd3tm1k1zqx0mazppezppb","target":"User:01m0jd3tm1k1zqx0mazppezppb","request_id":"27a26692-1499-482f-a6f1-4bfaf9bccd4a"} 
[2026-08-21 20:40:32] testing.INFO: auth.logged_in {"audit_id":"01m0jd3tq1v4xkv0g3txcrstbx","actor_id":"01m0jd3tm1k1zqx0mazppezppb","target":"User:01m0jd3tm1k1zqx0mazppezppb","request_id":"98c60e61-c753-45a7-b542-4d7217e85553"} 
[2026-08-21 20:40:32] testing.INFO: auth.account_locked {"audit_id":"01m0jd3txp4xfaen2x0v7dvxd6","actor_id":"01m0jd3twzamfyr1ee79b718na","target":"User:01m0jd3twzamfyr1ee79b718na","request_id":"76fb37ca-44b3-42c0-aa79-d53e2c2cbdc1"} 
[2026-08-21 20:40:32] testing.INFO: auth.password_changed {"audit_id":"01m0jd3v146yqk1y0fe0hb9wmy","actor_id":"01m0jd3v0pxsw2zyp05473b01k","target":"User:01m0jd3v0pxsw2zyp05473b01k","request_id":"7be95d30-84dd-4cf8-a214-72f587796f38"} 
[2026-08-21 20:40:32] testing.INFO: account.profile_updated {"audit_id":"01m0jd3v581syzhx3k9vcxmz62","actor_id":"01m0jd3v50gft9ww38kbknv625","target":"User:01m0jd3v50gft9ww38kbknv625","request_id":"a5d5a47d-16f2-4cfc-86b8-fe04f812c464"} 
[2026-08-21 20:40:32] testing.INFO: course.updated {"audit_id":"01m0jd3vdymv97p62njnb3e97c","actor_id":"01m0jd3vdd0w7ysyfw2r8h2vaf","target":"Course:01m0jd3vdfvy2jjanr5jxfqwd1","request_id":"dca01892-0ba8-4bf9-bb60-aa35ec6bc65d"} 
[2026-08-21 20:40:32] testing.INFO: course.updated {"audit_id":"01m0jd3vhh445yrqse6cbahqah","actor_id":"01m0jd3vh4151vk9dw002qm7qy","target":"Course:01m0jd3vh5bk7tywsw7w4zw2gj","request_id":"039afc9d-bb69-494f-bcbe-137f77dfc38f"} 
[2026-08-21 20:40:33] testing.INFO: course.thumbnail_updated {"audit_id":"01m0jd3vn6n35ce885pcrpreg0","actor_id":"01m0jd3vmjav61yby52h92ays4","target":"Course:01m0jd3vmmrq8hegp1h9rtxhh5","request_id":"0f914717-5f79-48ff-affe-99470d71da0e"} 
[2026-08-21 20:40:33] testing.INFO: course.thumbnail_updated {"audit_id":"01m0jd3vnnhaac9v8pn5djzdxk","actor_id":"01m0jd3vmjav61yby52h92ays4","target":"Course:01m0jd3vmmrq8hegp1h9rtxhh5","request_id":"3b4a38d5-5c61-4442-b552-30648bbf4123"} 
[2026-08-21 20:40:33] testing.INFO: course.thumbnail_updated {"audit_id":"01m0jd3vs5wte2jevk4m8j9see","actor_id":"01m0jd3vrm0pxqdrwpm2gyd2hv","target":"Course:01m0jd3vrnvbmskqa0sdm135zt","request_id":"a85caadf-8327-4b59-8cf1-9963ff92acae"} 
[2026-08-21 20:40:33] testing.INFO: course.thumbnail_removed {"audit_id":"01m0jd3vsd9hj75r2d9px9mxvj","actor_id":"01m0jd3vrm0pxqdrwpm2gyd2hv","target":"Course:01m0jd3vrnvbmskqa0sdm135zt","request_id":"0b810680-8f81-47d1-a6cc-ca2ef5e19589"} 
[2026-08-21 20:40:33] testing.INFO: course.thumbnail_updated {"audit_id":"01m0jd3vx3123mbctyqngeh78j","actor_id":"01m0jd3vwa90g8hrmavssvqm02","target":"Course:01m0jd3vwbb2xd18y1eam4315v","request_id":"bce3a3d1-1691-49ed-8e47-930ce727c5d1"} 
[2026-08-21 20:40:36] testing.INFO: payment.approved {"audit_id":"01m0jd3z6n321ecr2rm9c5vqje","actor_id":"01m0jd3w7k5zf1bapbzwkhkejr","target":"Payment:01m0jd3w7s49ahkqwr1be4nrhy","request_id":"11d54cd3-38ce-4bbc-8ac8-dd9905690ce2"} 
[2026-08-21 20:40:36] testing.INFO: auth.logged_in {"audit_id":"01m0jd3zdyfhr4j2986fbzpe3z","actor_id":"01m0jd3zdm3c6tkwqqmpz26jh0","target":"User:01m0jd3zdm3c6tkwqqmpz26jh0","request_id":"0fb64e89-6a24-4858-8b14-86cbabe11004"} 
[2026-08-21 20:40:36] testing.INFO: auth.logged_out {"audit_id":"01m0jd3ze420gz5qsed4ydadws","actor_id":"01m0jd3zdm3c6tkwqqmpz26jh0","target":"User:01m0jd3zdm3c6tkwqqmpz26jh0","request_id":"447b1dbb-b36b-4cd9-860f-9ff8c9ac5ca7"} 
[2026-08-21 20:40:36] testing.INFO: auth.logged_in {"audit_id":"01m0jd3zea1nzrgdm2sgz6270a","actor_id":"01m0jd3zdm3c6tkwqqmpz26jh0","target":"User:01m0jd3zdm3c6tkwqqmpz26jh0","request_id":"f6afbf74-c18b-4421-b101-d3969fa179ee"} 
[2026-08-21 20:40:37] testing.INFO: auth.logged_in {"audit_id":"01m0jd3zhc3b2je54d2mtwcmdv","actor_id":"01m0jd3zh43d3zjjs1w11qfp37","target":"User:01m0jd3zh43d3zjjs1w11qfp37","request_id":"ac6fd1f4-52e0-4364-be83-bfd76a207560"} 
[2026-08-21 20:40:37] testing.INFO: user.devices_reset {"audit_id":"01m0jd3zmrbtdck8yn9whyxerj","actor_id":"01m0jd3zm8wp0r11y77xwecp27","target":"User:01m0jd3zmbkzbmqdkg80kcsxm9","request_id":"33727bba-c236-48aa-9406-c7c76580ba73"} 
[2026-08-21 20:40:37] testing.INFO: settings.updated {"audit_id":"01m0jd400cctngazh810293eps","actor_id":"01m0jd40039jeyq1g0sk0f7q2n","target":":","request_id":"3a15f0aa-1925-49de-a651-49eeb0ef9649"} 
[2026-08-21 20:40:37] testing.INFO: settings.updated {"audit_id":"01m0jd403g6wb8hvv2pt58tjr9","actor_id":"01m0jd4038r8729f1zy4gazcmp","target":":","request_id":"4ef2c890-9f2d-4df5-be3b-1f86997adb5d"} 
[2026-08-21 20:40:37] testing.INFO: settings.updated {"audit_id":"01m0jd403sdtaga9m5sphzakhw","actor_id":"01m0jd4038r8729f1zy4gazcmp","target":":","request_id":"71ab38c4-dccd-4142-9be6-13db0122c8ca"} 
[2026-08-21 20:40:37] testing.INFO: settings.institution_logo_updated {"audit_id":"01m0jd40a76hcede9rv46k3804","actor_id":"01m0jd409tcf0045b8wgg8ycwe","target":":","request_id":"f42c40e2-1b6d-44f0-b845-135c292a7a0d"} 
[2026-08-21 20:40:37] testing.INFO: settings.institution_logo_updated {"audit_id":"01m0jd40am1kk71sk08wy6rzwa","actor_id":"01m0jd409tcf0045b8wgg8ycwe","target":":","request_id":"b314d299-2b3f-4f6f-956c-531fb5e1247c"} 
[2026-08-21 20:40:37] testing.INFO: settings.institution_logo_removed {"audit_id":"01m0jd40atrxjp028jycay87my","actor_id":"01m0jd409tcf0045b8wgg8ycwe","target":":","request_id":"e8a2ada4-fbda-4906-8fc7-1a412cdfd2b3"} 
[2026-08-21 20:40:37] testing.INFO: settings.institution_favicon_updated {"audit_id":"01m0jd40e3691fa1bq3tf1s2t4","actor_id":"01m0jd40drv3m19zmcg5s9vxs8","target":":","request_id":"d4c86157-c5fd-4da4-84c4-085b75ce84ec"} 
[2026-08-21 20:40:38] testing.INFO: settings.updated {"audit_id":"01m0jd40hnhvdx6gmvk5rs5nrp","actor_id":"01m0jd40hbp14n13v97791jx6x","target":":","request_id":"9e3f73f4-125f-4bd5-b76a-e29d9c48359c"} 
[2026-08-21 20:40:38] testing.INFO: auth.logged_in {"audit_id":"01m0jd411j7ymgejra8274pz17","actor_id":"01m0jd411832vh3gatsts5nret","target":"User:01m0jd411832vh3gatsts5nret","request_id":"66f6ef60-12f4-479c-937a-46e68101eb07"} 
[2026-08-21 20:40:38] testing.INFO: auth.login_blocked_suspended {"audit_id":"01m0jd417xmr88r0kgdhsgyjbz","actor_id":"01m0jd417pg1bbes0jv9hdm8jr","target":"User:01m0jd417pg1bbes0jv9hdm8jr","request_id":"5e9171bb-d5a8-4b32-9e5c-c30456298176"} 
[2026-08-21 20:40:38] testing.INFO: auth.logged_out {"audit_id":"01m0jd41e0xj6rjp8ed01k5hq4","actor_id":"01m0jd41drqmc08g0cwyw515z1","target":"User:01m0jd41drqmc08g0cwyw515z1","request_id":"8eb2fc64-017d-41dc-8b4c-ab30d8c89ee3"} 
[2026-08-21 20:40:39] testing.INFO: auth.logged_in {"audit_id":"01m0jd41hn3jnk19zywbdwas8n","actor_id":"01m0jd41heah2zh5jhz4ktbyaa","target":"User:01m0jd41heah2zh5jhz4ktbyaa","request_id":"0dce8872-3d1c-42f2-9e13-b9dea0354abe"} 
[2026-08-21 20:40:39] testing.INFO: payment.approved {"audit_id":"01m0jd41vmpckt66yg0n7syg0c","actor_id":"01m0jd41nnm91amyadwc8ksqjn","target":"Payment:01m0jd41nq2kej9m6sz21bmcm2","request_id":"e6e8f019-f10b-4353-829e-736a6e8f2db7"} 
[2026-08-21 20:40:39] testing.INFO: payment.approved {"audit_id":"01m0jd424tawprtheg9mv8rr6c","actor_id":"01m0jd41yw8prgmjwbv95p43mv","target":"Payment:01m0jd41yxjj3kwwvs9k6mejky","request_id":"6deb1429-156f-4d0e-9d91-5f4bca186ae2"} 
[2026-08-21 20:40:40] testing.INFO: payment.approved {"audit_id":"01m0jd42qadpq4dhg92c6970my","actor_id":"01m0jd42hgq7rrg52rznpnqq69","target":"Payment:01m0jd42hjyyrwxnnbe36petwh","request_id":"a7569e0b-6aa9-4ed2-b000-a9a15142893d"} 
[2026-08-21 20:40:40] testing.INFO: payment.rejected {"audit_id":"01m0jd42wq15asa1dzcsfx0dzb","actor_id":"01m0jd42w93297rcbbpz32ya85","target":"Payment:01m0jd42wb1djdt2ehetdbz5ye","request_id":"569ad9ad-b0ca-4507-838b-b47885a62895"} 
[2026-08-21 20:40:40] testing.INFO: refund.recorded {"audit_id":"01m0jd43720fss0whyg6bf8jbz","actor_id":"01m0jd436dwzmf8j0658f7jk5a","target":"Refund:01m0jd4371z1j22d67t63qt8a8","request_id":"34083c03-b605-45e0-ace0-8b33c693b2b1"} 
[2026-08-21 20:40:40] testing.INFO: refund.processed {"audit_id":"01m0jd437ryaycddwzh5evbnnv","actor_id":"01m0jd436f34kntmb323vaf18a","target":"Refund:01m0jd4371z1j22d67t63qt8a8","request_id":"7e06663b-3266-41e6-b944-d01c001a1d59"} 
[2026-08-21 20:40:42] testing.INFO: user.suspend {"audit_id":"01m0jd44xcf5j2t9jhe07mrcr4","actor_id":"01m0jd44wn97bza770pt6z3ftw","target":"User:01m0jd44ws22bps1w98qnve67x","request_id":"16c0fa89-625c-44b3-89b9-0db1a578eb14"} 
[2026-08-21 20:40:42] testing.INFO: user.archived {"audit_id":"01m0jd451948sfsxz9hv2gvgk1","actor_id":"01m0jd450ceaq9j8by4wd0tjem","target":"User:01m0jd450jgzfk3e4rc9tec2d2","request_id":"39868612-29f7-40d9-acba-c68bf67d6a98"} 
[2026-08-21 20:40:42] testing.INFO: user.archived {"audit_id":"01m0jd454sdqhy4pbxss8rxaym","actor_id":"01m0jd454kt211d35p71ph108r","target":"User:01m0jd454addq19210yvrb5tdf","request_id":"f15ca31d-d6dc-4829-9815-b9ad2908ad73"} 
[2026-08-21 20:40:42] testing.INFO: user.updated {"audit_id":"01m0jd457x0psvc69bqmk6mpf9","actor_id":"01m0jd457kfhm0e6a0f37eszcs","target":"User:01m0jd457nk86ymrgjs3cenrr8","request_id":"7eec98e4-e80f-462a-9ab0-b4df7408de70"} 
[2026-08-21 20:40:43] testing.INFO: test.published {"audit_id":"01m0jd45p8p2x5xbhacbg7hzet","actor_id":"01m0jd45ndz6kb8fh9nxg11k9f","target":"Test:01m0jd45nhn6qcf08pe9m6mfsv","request_id":"f5900393-a0c5-416d-9450-e56f97445327"} 
[2026-08-21 20:40:43] testing.INFO: course.thumbnail_updated {"audit_id":"01m0jd45yn7tmp9d7by5hfg1jn","actor_id":"01m0jd45y23xaf0z1ts4k6gkhf","target":"Course:01m0jd45y47t64dydw5mpnxwnh","request_id":"45dbe588-e340-4b4b-823a-eb0bab41593e"} 
[2026-08-21 20:40:43] testing.INFO: course.updated {"audit_id":"01m0jd461zvy87bnjaejqfeeb6","actor_id":"01m0jd461jcfb93kvstwfntk35","target":"Course:01m0jd461kce1b7ej8rs9tf70y","request_id":"9d555f64-3496-4467-aea6-b4c5963521bc"} 
[2026-08-21 20:40:43] testing.INFO: settings.payment_method_qr_updated {"audit_id":"01m0jd4658bmxbpmmw27952kcj","actor_id":"01m0jd464v5ecj0m4tvm7h6mhz","target":"PaymentMethod:01m0jd464qedwe9cxc2htc4fnb","request_id":"19ad8dd1-eed3-44df-9663-6e314a25a6b5"} 
[2026-08-21 20:40:43] testing.INFO: settings.institution_logo_updated {"audit_id":"01m0jd468km0jmwcags7sdtx5v","actor_id":"01m0jd4683sdty9b1mxw3pf09y","target":":","request_id":"d0f134e9-c17f-488a-97dd-a7a0d99b272f"} 
[2026-08-21 20:40:44] testing.INFO: payment.submitted {"audit_id":"01m0jd475b5zsjz3808s5sm6br","actor_id":"01m0jd474jxwnns37hp8vpc99j","target":"Payment:01m0jd475aveq7n7r37h8p9hx3","request_id":"34d1c1e4-d0b3-435c-b384-19ba3ee03912"} 
[2026-08-21 20:40:44] testing.INFO: payment.approved_at_capture {"audit_id":"01m0jd47b1qsfmmq3d67ve0nrg","actor_id":"01m0jd474jxwnns37hp8vpc99j","target":"Payment:01m0jd475aveq7n7r37h8p9hx3","request_id":"34d1c1e4-d0b3-435c-b384-19ba3ee03912"} 
[2026-08-21 20:40:45] testing.INFO: payment.submitted {"audit_id":"01m0jd47f3cbdgmtbabn0rm3dd","actor_id":"01m0jd47eamw9jt8cnhezhq492","target":"Payment:01m0jd47f1hjxtv49a5y622r29","request_id":"970fe397-f2e7-4b85-8c89-2fd14e621024"} 
[2026-08-21 20:40:45] testing.INFO: payment.approved {"audit_id":"01m0jd47nnvfab2de4hcvbg64k","actor_id":"01m0jd47ec9mh6jttxbkwtzdnp","target":"Payment:01m0jd47f1hjxtv49a5y622r29","request_id":"8eae5cf6-7c3e-4ace-ae0f-cfb0d1d1d78d"} 
[2026-08-21 20:40:45] testing.INFO: payment.submitted {"audit_id":"01m0jd47ssr8r7e5efkdqj90q0","actor_id":"01m0jd47s04xydhfe2936eeqzg","target":"Payment:01m0jd47srfwhpn55k2dsh6fye","request_id":"794c94b8-31a6-4dea-a43e-3dfbab922293"} 
[2026-08-21 20:40:45] testing.INFO: payment.approved_at_capture {"audit_id":"01m0jd47zgbgmxg980f2c9q0x7","actor_id":"01m0jd47s04xydhfe2936eeqzg","target":"Payment:01m0jd47srfwhpn55k2dsh6fye","request_id":"794c94b8-31a6-4dea-a43e-3dfbab922293"} 
[2026-08-21 20:40:45] testing.INFO: payment.submitted {"audit_id":"01m0jd4803rcn8jgcrq6nhyv65","actor_id":"01m0jd47s04xydhfe2936eeqzg","target":"Payment:01m0jd4802zzst489zg4htbkhq","request_id":"04928e41-c8c3-4e89-b808-9a8716d9f479"} 
[2026-08-21 20:40:45] testing.INFO: payment.approved {"audit_id":"01m0jd4864wcv633y7s5hvm9jy","actor_id":"01m0jd47s2gvwyf6jj9cg46v27","target":"Payment:01m0jd4802zzst489zg4htbkhq","request_id":"fc0685c7-377f-4e99-97f1-8e313280c403"} 
[2026-08-21 20:40:46] testing.INFO: course.created {"audit_id":"01m0jd48agja05cpf33m9zgw1x","actor_id":"01m0jd48a0616hyg8ygb8dnm4y","target":"Course:01m0jd48afbanwjpw539w8rkm9","request_id":"41dd8cfd-3b29-4822-b4e8-4c4cac2ea856"} 
[2026-08-21 20:40:46] testing.INFO: category.created {"audit_id":"01m0jd48dv90ksej80aymaawgm","actor_id":"01m0jd48demq045yxsmttn2rec","target":"Category:01m0jd48dtmt1fc734jphy87az","request_id":"e4af99f3-c7db-4d77-888f-6757a4dd697c"} 
[2026-08-21 20:40:46] testing.INFO: syllabus.updated {"audit_id":"01m0jd48h3p3h29fwxe50cszb6","actor_id":"01m0jd48gnf6s5meaeq6mjnqfm","target":"Course:01m0jd48gq460qs9a1dxbv1c8q","request_id":"b27eea19-0757-476d-9d7d-7c02c115930b"} 
[2026-08-21 20:40:46] testing.INFO: export.generated {"audit_id":"01m0jd48mjw41mgz633dcm28rn","actor_id":"01m0jd48m3n2j74w70x9dtjv7y","target":":","request_id":"2a005528-b01e-4b25-b778-337791778153"} 
[2026-08-21 20:40:47] testing.INFO: payment.approved {"audit_id":"01m0jd49jk90rtejq9fe4zr1rx","actor_id":"01m0jd49cw8yvyr2qehy5ekdqf","target":"Payment:01m0jd49cxwzar06spev991w3n","request_id":"f0ea80bb-0b5d-4a61-83b6-cbdb6994ddf2"} 
[2026-08-21 20:40:47] testing.INFO: recording.deleted {"audit_id":"01m0jd4a4v9at9cys7bmvebfx0","actor_id":"01m0jd4a489aty1d88mzxdxbba","target":"Recording:01m0jd4a4a5hz6aspr4zm3ng78","request_id":"c453f643-9b82-4272-9344-cc7a90a05028"} 
[2026-08-21 21:12:00] testing.INFO: account.password_changed {"audit_id":"01m0jexesezpmftsrwc4v3xpnv","actor_id":"01m0jexeqe54szegzpd78k9yb1","target":"User:01m0jexeqe54szegzpd78k9yb1","request_id":"ecac5ecd-1b9c-45fe-b426-3b61cd5536fe"} 
[2026-08-21 21:12:00] testing.INFO: account.password_changed {"audit_id":"01m0jexez4pwzt2bf30f9byy9t","actor_id":"01m0jexeyjn5sp07g8h41t2b6m","target":"User:01m0jexeyjn5sp07g8h41t2b6m","request_id":"b1ca2d14-9d61-4358-b30e-30dc4afcde1c"} 
[2026-08-21 21:12:00] testing.INFO: account.two_factor_enabled {"audit_id":"01m0jexf43kx0sswsen19pvxvs","actor_id":"01m0jexf359h5p2bhgy27hpdgf","target":"User:01m0jexf359h5p2bhgy27hpdgf","request_id":"219093b2-8dd4-4609-a373-147adc74e359"} 
[2026-08-21 21:12:00] testing.INFO: account.sessions_revoked {"audit_id":"01m0jexf89fq5zykp9gyfcz55j","actor_id":"01m0jexf7vxhphhbtx04qp9th2","target":"User:01m0jexf7vxhphhbtx04qp9th2","request_id":"4884ec0f-0ff9-43b4-be90-ba08819099e3"} 
[2026-08-21 21:12:01] testing.INFO: settings.updated {"audit_id":"01m0jexfd9c0fgct10h9zvw9b9","actor_id":"01m0jexfc8x5468me8dab0qbrn","target":":","request_id":"3855c6c9-e1a9-499b-a059-31bf045236e2"} 
[2026-08-21 21:12:01] testing.INFO: settings.updated {"audit_id":"01m0jexfnr3xmafm7hwzt5ghqk","actor_id":"01m0jexfne95q00ngp9dvv501n","target":":","request_id":"fadcfad2-5059-4b95-9107-f5b67d3ec246"} 
[2026-08-21 21:12:01] testing.INFO: role.updated {"audit_id":"01m0jexfykvcn9ynphvmjwvrrw","actor_id":"01m0jexfy7fh4grjtnhgsr4xph","target":"Role:01m0jexfw98pqtr0gk8shnb5w6","request_id":"532238f1-f24e-4309-8dae-55b82e90336d"} 
[2026-08-21 21:12:01] testing.INFO: settings.payment_method_qr_updated {"audit_id":"01m0jexg3j1zta6k4h6agmkdx0","actor_id":"01m0jexg2e717h6hgekdjsq4n7","target":"PaymentMethod:01m0jexg28rgnpfsgcw8h771q8","request_id":"78643b4f-ea59-48e7-9c1d-008af60cdcb1"} 
[2026-08-21 21:12:01] testing.INFO: settings.payment_method_qr_removed {"audit_id":"01m0jexg3s4s0arjdxbzkfx5ek","actor_id":"01m0jexg2e717h6hgekdjsq4n7","target":"PaymentMethod:01m0jexg28rgnpfsgcw8h771q8","request_id":"917be95a-68cf-49ac-abbe-6a3bf04e58d6"} 
[2026-08-21 21:12:02] testing.INFO: settings.updated {"audit_id":"01m0jexgbk3s4fj4nwbk0prk6f","actor_id":"01m0jexgb5g4s0t32newsfs2h8","target":":","request_id":"9b516cc4-33e1-4a6c-890d-af65b963dc40"} 
[2026-08-21 21:12:02] testing.INFO: faq.created {"audit_id":"01m0jexgft57g3drwb9tmajzf1","actor_id":"01m0jexgfadyevyvneptvg2304","target":"Faq:01m0jexgfrh4kgpf8kyy30nz0p","request_id":"1f900b02-5c19-4114-8bea-269b65038b1a"} 
[2026-08-21 21:12:02] testing.INFO: faq.updated {"audit_id":"01m0jexgg3dd9s9g7b4eb84kgw","actor_id":"01m0jexgfadyevyvneptvg2304","target":"Faq:01m0jexgfrh4kgpf8kyy30nz0p","request_id":"e7c6e864-fbf8-4402-b55f-06648b105f95"} 
[2026-08-21 21:12:02] testing.INFO: faq.deleted {"audit_id":"01m0jexggg52dg7y3s2acmb157","actor_id":"01m0jexgfadyevyvneptvg2304","target":"Faq:01m0jexgfrh4kgpf8kyy30nz0p","request_id":"a25601ad-4459-4716-92e0-e33b0d9f6011"} 
[2026-08-21 21:12:02] testing.INFO: attempt.started {"audit_id":"01m0jexgwa82sgphh1k3pt8048","actor_id":"01m0jexgvkbn4g1rbgmdc9rfj2","target":"TestAttempt:01m0jexgw9aa9p0s2av15gafdr","request_id":"4187bb91-5806-4488-a25a-c75f2049770b"} 
[2026-08-21 21:12:02] testing.INFO: attempt.started {"audit_id":"01m0jexh3twt0gyxf9nt037h4a","actor_id":"01m0jexh3d4ezxm6ehkypen9g2","target":"TestAttempt:01m0jexh3se8dw6m9fh5rnag9w","request_id":"5cc37220-8df2-4bcb-ae80-f6f4424288e7"} 
[2026-08-21 21:12:02] testing.INFO: attempt.started {"audit_id":"01m0jexh4474ng57zsfnha3myx","actor_id":"01m0jexh3d4ezxm6ehkypen9g2","target":"TestAttempt:01m0jexh3se8dw6m9fh5rnag9w","request_id":"570f4614-b837-48fa-b6d4-5ec9156ae67a"} 
[2026-08-21 21:12:02] testing.INFO: attempt.started {"audit_id":"01m0jexh7xqvfq859cvsr23zkw","actor_id":"01m0jexh7f6s5nnh5tyeb0b4cv","target":"TestAttempt:01m0jexh7vfv6hxz9k0y0nrdtf","request_id":"b1665dfd-f91a-4099-a099-07d743ca80e2"} 
[2026-08-21 21:12:03] testing.INFO: attempt.started {"audit_id":"01m0jexhc919m4a504mpb58ge7","actor_id":"01m0jexhbw5sgnf22yzne19kvq","target":"TestAttempt:01m0jexhc8z38ajbbdcnazqw9p","request_id":"b70bf229-1ed4-462d-a552-1f4a963f8e90"} 
[2026-08-21 21:12:03] testing.INFO: attempt.submitted {"audit_id":"01m0jexhcy5tmgzndq02te7eyy","actor_id":"01m0jexhbw5sgnf22yzne19kvq","target":"TestAttempt:01m0jexhc8z38ajbbdcnazqw9p","request_id":"864d0797-69fb-42b8-bc3f-d98a615564f8"} 
[2026-08-21 21:12:03] testing.INFO: auth.logged_in {"audit_id":"01m0jexhmt5hmg7adaqf4ypp0n","actor_id":"01m0jexhmd35nf59k4rf5y61a8","target":"User:01m0jexhmd35nf59k4rf5y61a8","request_id":"54c0ef2e-de5c-4ac7-915c-ca646b9ba46c"} 
[2026-08-21 21:12:03] testing.INFO: auth.logged_out {"audit_id":"01m0jexhn5na49yqejy557r9xd","actor_id":"01m0jexhmd35nf59k4rf5y61a8","target":"User:01m0jexhmd35nf59k4rf5y61a8","request_id":"23bed8ff-f67a-4d2a-9702-af387799bab0"} 
[2026-08-21 21:12:03] testing.INFO: auth.logged_in {"audit_id":"01m0jexhnbyqe19y168wjq5y11","actor_id":"01m0jexhmd35nf59k4rf5y61a8","target":"User:01m0jexhmd35nf59k4rf5y61a8","request_id":"b04d74fb-a296-4732-961b-4289f7bee1a2"} 
[2026-08-21 21:12:03] testing.INFO: auth.account_locked {"audit_id":"01m0jexhwpa5edd4enp8c6a3x5","actor_id":"01m0jexhvy9gw67c1p9y82b7be","target":"User:01m0jexhvy9gw67c1p9y82b7be","request_id":"6ab35252-fcca-4e3d-8442-9ff7fc57b9e7"} 
[2026-08-21 21:12:03] testing.INFO: auth.password_changed {"audit_id":"01m0jexj0qsjhb77a1kfvxqsdk","actor_id":"01m0jexj07d6h2vynkd4cr5dzy","target":"User:01m0jexj07d6h2vynkd4cr5dzy","request_id":"5b34a73d-c598-49d0-b6d3-4bf7576d4844"} 
[2026-08-21 21:12:03] testing.INFO: account.profile_updated {"audit_id":"01m0jexj4k3ghdqcracebt8b19","actor_id":"01m0jexj456zfxjmq16qspgakb","target":"User:01m0jexj456zfxjmq16qspgakb","request_id":"d854e47b-0d9c-4749-81ce-26c9cbc6e754"} 
[2026-08-21 21:12:04] testing.INFO: course.updated {"audit_id":"01m0jexjd1j3cqw6d2z1phkmc7","actor_id":"01m0jexjceaged20n889ydxhpd","target":"Course:01m0jexjcf3hrqd924151avkk7","request_id":"9e34613b-84d5-4254-8b2e-79efaa266aae"} 
[2026-08-21 21:12:04] testing.INFO: course.updated {"audit_id":"01m0jexjhhyxhtnhbef7ak0v74","actor_id":"01m0jexjh24bb82gm563etp7g7","target":"Course:01m0jexjh4xdkxtk6qc04x3jk6","request_id":"5bc731a0-c68d-4539-9373-c8cbcef077fb"} 
[2026-08-21 21:12:04] testing.INFO: course.thumbnail_updated {"audit_id":"01m0jexjnnb06w04p45jbkjzzy","actor_id":"01m0jexjmv43r3pwte8pz2kbc6","target":"Course:01m0jexjmxvvpj51h06vtcg3qf","request_id":"564013c3-febe-40e1-97b7-0562a7c83b80"} 
[2026-08-21 21:12:04] testing.INFO: course.thumbnail_updated {"audit_id":"01m0jexjp67ffwkvha5p3782v5","actor_id":"01m0jexjmv43r3pwte8pz2kbc6","target":"Course:01m0jexjmxvvpj51h06vtcg3qf","request_id":"4477f54f-f99d-4bd8-9bcd-66e8f873e5a9"} 
[2026-08-21 21:12:04] testing.INFO: course.thumbnail_updated {"audit_id":"01m0jexjthpv6f8ymhxw7d5m8c","actor_id":"01m0jexjswa439jnzs3khfv4w3","target":"Course:01m0jexjsy70ks4mttmj062abq","request_id":"c916d15f-595f-4390-a26f-dea768bffa1b"} 
[2026-08-21 21:12:04] testing.INFO: course.thumbnail_removed {"audit_id":"01m0jexjtw9sv619ye9cj83e82","actor_id":"01m0jexjswa439jnzs3khfv4w3","target":"Course:01m0jexjsy70ks4mttmj062abq","request_id":"6cd90b3c-f941-4bd2-82fd-7a05ed32c622"} 
[2026-08-21 21:12:04] testing.INFO: course.thumbnail_updated {"audit_id":"01m0jexjz2r336y71508wtt4vq","actor_id":"01m0jexjy68qvam5s7fb1pykpe","target":"Course:01m0jexjy84kna4f6jn3e5gb70","request_id":"a6877d41-a2bc-48a4-a059-f12d87796861"} 
[2026-08-21 21:12:05] testing.INFO: payment.approved {"audit_id":"01m0jexkpj1wzm5v7t5mn3ppsh","actor_id":"01m0jexkahbbwn9e9pfr9gxhv2","target":"Payment:01m0jexkaq93apxhwddmvqx34h","request_id":"f2f48ce4-8941-4c28-88a8-b6eafd04635a"} 
[2026-08-21 21:12:05] testing.INFO: auth.logged_in {"audit_id":"01m0jexkzh8g1tmt95cwk2p3n2","actor_id":"01m0jexkz8n96hh5ma6g623y8w","target":"User:01m0jexkz8n96hh5ma6g623y8w","request_id":"d027144b-8c4c-4bfe-8996-c6404f8a8bb0"} 
[2026-08-21 21:12:05] testing.INFO: auth.logged_out {"audit_id":"01m0jexkzrneh5njqvvt80xx6y","actor_id":"01m0jexkz8n96hh5ma6g623y8w","target":"User:01m0jexkz8n96hh5ma6g623y8w","request_id":"98c95038-7d79-4e37-808e-22564a0a9f7a"} 
[2026-08-21 21:12:05] testing.INFO: auth.logged_in {"audit_id":"01m0jexkzy0xh8tdkm5amtv2jz","actor_id":"01m0jexkz8n96hh5ma6g623y8w","target":"User:01m0jexkz8n96hh5ma6g623y8w","request_id":"ce47ecbf-d0c6-4cd3-834f-99bf596e18f9"} 
[2026-08-21 21:12:05] testing.INFO: auth.logged_in {"audit_id":"01m0jexm3qbjpf75rr3kaep27f","actor_id":"01m0jexm3e0xqenx97x0gpkg11","target":"User:01m0jexm3e0xqenx97x0gpkg11","request_id":"8318c79d-4e4a-4040-9425-90cd102a4d01"} 
[2026-08-21 21:12:05] testing.INFO: user.devices_reset {"audit_id":"01m0jexm7ys8fpsbm9bpj6n12x","actor_id":"01m0jexm7atxw7x12n9qs5dmcy","target":"User:01m0jexm7d22tsj9mrtg12fb7m","request_id":"ac47e020-d341-427d-868e-12dedd972b48"} 
[2026-08-21 21:12:06] testing.INFO: settings.updated {"audit_id":"01m0jexmq1hxjg86j8gv6pa2nj","actor_id":"01m0jexmppcjsqy5ag5pqw6be9","target":":","request_id":"f72cdb0f-a4cf-4863-b85d-0f9cf95d55d4"} 
[2026-08-21 21:12:06] testing.INFO: settings.updated {"audit_id":"01m0jexmtyr96kderp34ep5e1y","actor_id":"01m0jexmtjs2789k0c9jb6wz80","target":":","request_id":"c4e0b99c-50a3-43a0-a255-14fe89455cf3"} 
[2026-08-21 21:12:06] testing.INFO: settings.updated {"audit_id":"01m0jexmv8gasy2j2qxpg0h392","actor_id":"01m0jexmtjs2789k0c9jb6wz80","target":":","request_id":"b0a8df3d-ff8b-4036-bb48-6c30a1b67931"} 
[2026-08-21 21:12:06] testing.INFO: settings.institution_logo_updated {"audit_id":"01m0jexn2kqa4t3vv1c4vmbzre","actor_id":"01m0jexn25bfjw0rbrqbhxyke2","target":":","request_id":"592a0633-8d03-4817-9d28-165a55bc05a9"} 
[2026-08-21 21:12:06] testing.INFO: settings.institution_logo_updated {"audit_id":"01m0jexn32ad0demtjeh4x223k","actor_id":"01m0jexn25bfjw0rbrqbhxyke2","target":":","request_id":"1ca1d500-f4a1-4356-8838-0e8f3bbe46cc"} 
[2026-08-21 21:12:06] testing.INFO: settings.institution_logo_removed {"audit_id":"01m0jexn3910bnrmb5mf3rja8j","actor_id":"01m0jexn25bfjw0rbrqbhxyke2","target":":","request_id":"6e480d33-d02d-4757-8676-a60881ad73fc"} 
[2026-08-21 21:12:06] testing.INFO: settings.institution_favicon_updated {"audit_id":"01m0jexn7368f8p2k7jp4g37p6","actor_id":"01m0jexn6pn5prpbhjqxme14wf","target":":","request_id":"81a12fbb-1eb3-4cdf-9af4-99d93020b498"} 
[2026-08-21 21:12:07] testing.INFO: settings.updated {"audit_id":"01m0jexnbkbh2hp99v1m2ncmg4","actor_id":"01m0jexnb318833fc5fw1kxwv0","target":":","request_id":"dee05be3-4080-4098-ab54-1a0ada6cc2bc"} 
[2026-08-21 21:12:07] testing.INFO: auth.logged_in {"audit_id":"01m0jexnzs5rvv4w9a24qjtx6w","actor_id":"01m0jexnzekp31bec4n6jzh7qp","target":"User:01m0jexnzekp31bec4n6jzh7qp","request_id":"2940d521-2f83-4aff-b9e0-e13d1ec17f8e"} 
[2026-08-21 21:12:08] testing.INFO: auth.login_blocked_suspended {"audit_id":"01m0jexp7g8j7f5vdg2jn4ax39","actor_id":"01m0jexp77gkrpr3bs33mx0k9m","target":"User:01m0jexp77gkrpr3bs33mx0k9m","request_id":"c25cd9c0-2053-4304-93ab-8a856928b1c1"} 
[2026-08-21 21:12:08] testing.INFO: auth.logged_out {"audit_id":"01m0jexpekgafnqw1cwgecasjk","actor_id":"01m0jexpectrpdd98p389ynnbr","target":"User:01m0jexpectrpdd98p389ynnbr","request_id":"f6e1cd4d-1491-400b-8bd3-7625ecef4f7e"} 
[2026-08-21 21:12:08] testing.INFO: auth.logged_in {"audit_id":"01m0jexpj6esywsezma70kp1vs","actor_id":"01m0jexphyx8hd0k2atsagdwhm","target":"User:01m0jexphyx8hd0k2atsagdwhm","request_id":"5c6d73d6-6178-4d16-8392-9fd5d54df244"} 
[2026-08-21 21:12:08] testing.INFO: payment.approved {"audit_id":"01m0jexpwkrgc4bp0cczdd8nhv","actor_id":"01m0jexpnvy0ygja01vbs3v0st","target":"Payment:01m0jexpnxjm5waj7te5nef5wf","request_id":"cf008963-b8d8-46be-bd4f-a5fe3e5a1907"} 
[2026-08-21 21:12:09] testing.INFO: payment.approved {"audit_id":"01m0jexq7fcn0p7ng955qwntdb","actor_id":"01m0jexq0njvgk7nxmdg9js2f3","target":"Payment:01m0jexq0qxzvftm848fjfm65f","request_id":"54ea094d-2680-428f-b59a-4b8f61c18855"} 
[2026-08-21 21:12:09] testing.INFO: payment.approved {"audit_id":"01m0jexqqb0ddrmf59f7qhmtx8","actor_id":"01m0jexqgvq2xbfnzs7z4wk0r2","target":"Payment:01m0jexqgxttqvmn7hpxefv4js","request_id":"a2ba44d7-0c0c-4bab-a868-7a6f69e7241f"} 
[2026-08-21 21:12:09] testing.INFO: payment.rejected {"audit_id":"01m0jexqv9xjpa6n9a4npg2376","actor_id":"01m0jexqtt1q59mehyt5t94aqx","target":"Payment:01m0jexqtw0zxyfknps26tk32f","request_id":"aabc2315-93cc-46df-a04f-88d038157d89"} 
[2026-08-21 21:12:10] testing.INFO: refund.recorded {"audit_id":"01m0jexr6tttcnmtycfn3arkev","actor_id":"01m0jexr65q5vhg95twzhy2kp4","target":"Refund:01m0jexr6s7kyxnfq7key7nqyy","request_id":"928f9631-e8f0-4f5c-9d2e-7d9374443fe5"} 
[2026-08-21 21:12:10] testing.INFO: refund.processed {"audit_id":"01m0jexr7dhyb3sw0x4tyqv6y0","actor_id":"01m0jexr672j4ywtc4j57qxf0k","target":"Refund:01m0jexr6s7kyxnfq7key7nqyy","request_id":"ddbb92f0-1f7b-43f6-b206-d99f7ba99245"} 
[2026-08-21 21:12:12] testing.INFO: user.suspend {"audit_id":"01m0jext4v2gn6n5ym6r86hedm","actor_id":"01m0jext41tpdc8nz8fdwwsa0h","target":"User:01m0jext45svvatrg3a6x8m7kt","request_id":"86bdbc40-bad9-4979-b094-f6c788d32df6"} 
[2026-08-21 21:12:12] testing.INFO: user.archived {"audit_id":"01m0jext9crmn7vfrp071qjm4n","actor_id":"01m0jext8bq77da1d7jeygt24j","target":"User:01m0jext8hvfva5cnz18ccwnca","request_id":"90935e55-0da6-4ca0-b688-02cfcbea9b64"} 
[2026-08-21 21:12:12] testing.INFO: user.archived {"audit_id":"01m0jextde891x50dw3sxv5wq8","actor_id":"01m0jextd75964errjxh94dggb","target":"User:01m0jextcxv0k2zdq7akbm6z7w","request_id":"4e3b75d4-1245-4a0b-b5ed-19c6c58ac204"} 
[2026-08-21 21:12:12] testing.INFO: user.updated {"audit_id":"01m0jexth2fyebj2k2y7xfjcws","actor_id":"01m0jextgqqbksmct652p4q3jt","target":"User:01m0jextgsn0adyf132x847jvs","request_id":"2edeb5e0-0a70-4f0c-9a38-0379087c7a4d"} 
[2026-08-21 21:12:13] testing.INFO: test.published {"audit_id":"01m0jexv40dt88ma60g87j9vmz","actor_id":"01m0jexv30ym0gtgm46pewq9ca","target":"Test:01m0jexv35akefg0r8bvxadvg6","request_id":"a36afbc1-6af5-4b2a-a042-a17d30e2929f"} 
[2026-08-21 21:12:13] testing.INFO: course.thumbnail_updated {"audit_id":"01m0jexvbzx14cxmvezsd6s1z6","actor_id":"01m0jexvbbmkpdh343vp0aqwmm","target":"Course:01m0jexvbcbrvt9nsp9zss3rfy","request_id":"46be4fef-12c4-4d66-b12c-d27e08fd4df5"} 
[2026-08-21 21:12:13] testing.INFO: course.updated {"audit_id":"01m0jexvfxtqd0nc3v9hbqch34","actor_id":"01m0jexvfc5v54eankjc3jct6k","target":"Course:01m0jexvfe5bchdrzjry9cc8sj","request_id":"3c60d3b7-332b-4223-966d-881aaf6e3da7"} 
[2026-08-21 21:12:13] testing.INFO: settings.payment_method_qr_updated {"audit_id":"01m0jexvkr0zxta4zjzw5q2vvy","actor_id":"01m0jexvk91br92wrvv5njktqm","target":"PaymentMethod:01m0jexvk544j2670wpps55rg4","request_id":"a6585033-7f62-48af-8e85-f373e0758ecf"} 
[2026-08-21 21:12:13] testing.INFO: settings.institution_logo_updated {"audit_id":"01m0jexvqg5p6mkam00dy03bk9","actor_id":"01m0jexvq1t1qxbgzz2bmgctwf","target":":","request_id":"77139310-7549-4365-be5c-6a79a110cf39"} 
[2026-08-21 21:12:14] testing.INFO: payment.submitted {"audit_id":"01m0jexwt0zgrv1ttj9mx91j4k","actor_id":"01m0jexwrynay9nqe20cg01w54","target":"Payment:01m0jexwszcme5b6s2zj7f2yxk","request_id":"0d20a2b4-4557-46ef-b114-5a4e29d1bc24"} 
[2026-08-21 21:12:14] testing.INFO: payment.approved_at_capture {"audit_id":"01m0jexx09sz2vjgfa5h8eax2j","actor_id":"01m0jexwrynay9nqe20cg01w54","target":"Payment:01m0jexwszcme5b6s2zj7f2yxk","request_id":"0d20a2b4-4557-46ef-b114-5a4e29d1bc24"} 
[2026-08-21 21:12:15] testing.INFO: payment.submitted {"audit_id":"01m0jexx56cnpmfvegd5v7tjvy","actor_id":"01m0jexx466p1jjtw1e5dw5tg3","target":"Payment:01m0jexx544x2zf21eng6ss2tb","request_id":"cfe2dc75-5f8b-4b2f-a071-679f96f6e268"} 
[2026-08-21 21:12:15] testing.INFO: payment.approved {"audit_id":"01m0jexxc6831szzfsbqyrmr78","actor_id":"01m0jexx498twff5n17kmkt69e","target":"Payment:01m0jexx544x2zf21eng6ss2tb","request_id":"173c0050-4651-40a4-80ed-7ea1d60d8d4e"} 
[2026-08-21 21:12:15] testing.INFO: payment.submitted {"audit_id":"01m0jexxhfpx2nh1femjq6pv38","actor_id":"01m0jexxgatca3n43fhws52pbn","target":"Payment:01m0jexxhd34svzdw8nrqht94j","request_id":"8d8fb5a2-938d-4c41-bfd2-d56b293aed38"} 
[2026-08-21 21:12:15] testing.INFO: payment.approved_at_capture {"audit_id":"01m0jexxr14rekthpz6a423qjd","actor_id":"01m0jexxgatca3n43fhws52pbn","target":"Payment:01m0jexxhd34svzdw8nrqht94j","request_id":"8d8fb5a2-938d-4c41-bfd2-d56b293aed38"} 
[2026-08-21 21:12:15] testing.INFO: payment.submitted {"audit_id":"01m0jexxrrbpnda3b195by20p4","actor_id":"01m0jexxgatca3n43fhws52pbn","target":"Payment:01m0jexxrqgjpvpzw2fyq5vcb9","request_id":"be97a12d-568f-4c6b-8328-e2f519f65359"} 
[2026-08-21 21:12:15] testing.INFO: payment.approved {"audit_id":"01m0jexxzgx5kxtwjsgxhznqan","actor_id":"01m0jexxge6q7pkvdfkbnedwen","target":"Payment:01m0jexxrqgjpvpzw2fyq5vcb9","request_id":"e17c9a34-4fc9-4db0-914f-a0175abb8a69"} 
[2026-08-21 21:12:16] testing.INFO: course.created {"audit_id":"01m0jexy49svyaqnh4fk9905j2","actor_id":"01m0jexy3rpzbt0eanzew3xedn","target":"Course:01m0jexy48fravcb59xh0deerh","request_id":"821934b2-72a5-4d97-9e78-10574ac1c2cc"} 
[2026-08-21 21:12:16] testing.INFO: category.created {"audit_id":"01m0jexy80q9xgn93b5ctt5aef","actor_id":"01m0jexy7jqg5wadp51f0wd6ww","target":"Category:01m0jexy7y4w7akq22rgs8r279","request_id":"c0775db2-6561-46fc-b24b-da02fbf3b2a1"} 
[2026-08-21 21:12:16] testing.INFO: syllabus.updated {"audit_id":"01m0jexybq8a44yra986944kv1","actor_id":"01m0jexyb6kqpwtxjbss599q78","target":"Course:01m0jexyb8j1t0hh185yrhmfmq","request_id":"c688896d-f829-450d-9b03-5f10114ef683"} 
[2026-08-21 21:12:16] testing.INFO: export.generated {"audit_id":"01m0jexyfr99c0tneg5ztzp8jb","actor_id":"01m0jexyf674s9ds9ffpb9sp21","target":":","request_id":"9d67cb5e-58fe-4575-987b-1bd977081925"} 
[2026-08-21 21:12:17] testing.INFO: payment.approved {"audit_id":"01m0jexzm7chdk7arewphh8k2p","actor_id":"01m0jexzdj59e63vty1fjefh1h","target":"Payment:01m0jexzdkentxt1043j0jeehz","request_id":"619ccd55-0014-479a-b7d7-b13983a0ac73"} 
[2026-08-21 21:12:18] testing.INFO: recording.deleted {"audit_id":"01m0jey0c4yeecpabpdak41jgn","actor_id":"01m0jey0bhh3b5gmmd9yermcwr","target":"Recording:01m0jey0bk69yn7pme2e8q6jdg","request_id":"6cdb40b3-00e4-46b8-a1de-c19658033405"} 
[2026-08-21 21:52:39] testing.INFO: account.password_changed {"audit_id":"01m0jh7w5jerd66hpd7n5n07ff","actor_id":"01m0jh7sqphgfq55fhvyhjwrpw","target":"User:01m0jh7sqphgfq55fhvyhjwrpw","request_id":"279a3815-8e93-4901-bc96-d3d2a8e7b763"} 
[2026-08-21 21:52:40] testing.INFO: account.password_changed {"audit_id":"01m0jh7y60msn4vn44ctrzkfxe","actor_id":"01m0jh7xz5qqamnphrnjr37kr2","target":"User:01m0jh7xz5qqamnphrnjr37kr2","request_id":"b509f75e-5980-41c2-bf18-24207c0a2a5e"} 
[2026-08-21 21:52:41] testing.INFO: account.two_factor_enabled {"audit_id":"01m0jh7yh0srdak6nxt248sttj","actor_id":"01m0jh7yb9yd4rbe9s3w8t1ktk","target":"User:01m0jh7yb9yd4rbe9s3w8t1ktk","request_id":"bae117f0-7624-4ac4-b1d6-1e15e0171c00"} 
[2026-08-21 21:52:41] testing.INFO: account.sessions_revoked {"audit_id":"01m0jh7yp0pctpb5zne6tc07mw","actor_id":"01m0jh7ymvs8bq3ee8j08f1pns","target":"User:01m0jh7ymvs8bq3ee8j08f1pns","request_id":"dd5acab2-9e03-4d74-9a98-20ecebb583c1"} 
[2026-08-21 21:52:42] testing.INFO: settings.updated {"audit_id":"01m0jh7z6pdppq6r5v9jfk1pt4","actor_id":"01m0jh7ysvw20pmfqvkhy7bdtz","target":":","request_id":"18d503e6-885b-494c-9263-a4e4f311df93"} 
[2026-08-21 21:52:42] testing.INFO: settings.updated {"audit_id":"01m0jh800s0q3kpnmfcb8t081j","actor_id":"01m0jh800e5mn8a9qjr27ft8kx","target":":","request_id":"cebf5ec8-7be2-49e9-bd5a-f2d7ca59db3c"} 
[2026-08-21 21:52:43] testing.INFO: role.updated {"audit_id":"01m0jh80adks572fwsgnpz6ak3","actor_id":"01m0jh80a1wjcqdqsk6f5pzzb4","target":"Role:01m0jh808hhw1ek75br3r2mw8d","request_id":"6648213a-e449-462a-a89a-b6e16137ba35"} 
[2026-08-21 21:52:43] testing.INFO: settings.payment_method_qr_updated {"audit_id":"01m0jh80twbkzafwn6vjm8hznx","actor_id":"01m0jh80ec2077hxt85rqda359","target":"PaymentMethod:01m0jh80e5s0eft4ect0xjjd2f","request_id":"903bbaec-5886-4fbb-9067-702c5e458469"} 
[2026-08-21 21:52:43] testing.INFO: settings.payment_method_qr_removed {"audit_id":"01m0jh80v8jq4rbhwxzp5j0fey","actor_id":"01m0jh80ec2077hxt85rqda359","target":"PaymentMethod:01m0jh80e5s0eft4ect0xjjd2f","request_id":"b1bad9e9-eaf4-4436-abd7-2ee9e4c293a3"} 
[2026-08-21 21:52:43] testing.INFO: settings.updated {"audit_id":"01m0jh813nn1eyk0ebh6sk89mf","actor_id":"01m0jh812k9250ynmwevm2mnn0","target":":","request_id":"2e3a2831-f5c4-4c4e-bd5a-2589befc3d3f"} 
[2026-08-21 21:52:44] testing.INFO: faq.created {"audit_id":"01m0jh819w49a70rbdrmvvyjsn","actor_id":"01m0jh817ts5y3289xkgfa5k8s","target":"Faq:01m0jh819vxxhk6w4at6mb61cv","request_id":"09aa17ea-70c6-4970-ae1d-e350b7a1a1cc"} 
[2026-08-21 21:52:44] testing.INFO: faq.updated {"audit_id":"01m0jh81a5gbn0zkyd69x5bzbx","actor_id":"01m0jh817ts5y3289xkgfa5k8s","target":"Faq:01m0jh819vxxhk6w4at6mb61cv","request_id":"83d673ba-df0a-44b5-9594-03b0bac96584"} 
[2026-08-21 21:52:44] testing.INFO: faq.deleted {"audit_id":"01m0jh81efxe28e91jtfas37yr","actor_id":"01m0jh817ts5y3289xkgfa5k8s","target":"Faq:01m0jh819vxxhk6w4at6mb61cv","request_id":"69e6839a-c185-470c-9119-c7b9d201a588"} 
[2026-08-21 21:52:44] testing.INFO: attempt.started {"audit_id":"01m0jh81zmr001b8a2daxk4y3k","actor_id":"01m0jh81sb2e04ppn8fhgvdb6n","target":"TestAttempt:01m0jh81zksdknmc07f3856mjx","request_id":"c78b6976-7f02-4171-91d1-1a45e00fac62"} 
[2026-08-21 21:52:45] testing.INFO: attempt.started {"audit_id":"01m0jh829ydthwnr502b6k0eq4","actor_id":"01m0jh829fx2espkk62sd98a3f","target":"TestAttempt:01m0jh829wjbeaf74ff11440z2","request_id":"9ce67a0b-a0c2-4751-a61f-02e661d2ac04"} 
[2026-08-21 21:52:45] testing.INFO: attempt.started {"audit_id":"01m0jh82a8d488v45cfbv3t24a","actor_id":"01m0jh829fx2espkk62sd98a3f","target":"TestAttempt:01m0jh829wjbeaf74ff11440z2","request_id":"4983316b-4bcc-4bf7-a400-8a213504f9b4"} 
[2026-08-21 21:52:45] testing.INFO: attempt.started {"audit_id":"01m0jh82dzb2ecwfjm600eyw25","actor_id":"01m0jh82dh9q1znssnb7pp84mj","target":"TestAttempt:01m0jh82dy45emxfdv3achfmvd","request_id":"1ce2d811-9e52-4031-b609-f7575a4c9230"} 
[2026-08-21 21:52:45] testing.INFO: attempt.started {"audit_id":"01m0jh82k2atrvv6yr2tjj4jec","actor_id":"01m0jh82jkjs4xp7eq49ep22ha","target":"TestAttempt:01m0jh82k1kng4d7f08amhah12","request_id":"9a10f9b7-c492-4507-b9c7-9aac091315e7"} 
[2026-08-21 21:52:45] testing.INFO: attempt.submitted {"audit_id":"01m0jh82p2y3vq09r632zgws1s","actor_id":"01m0jh82jkjs4xp7eq49ep22ha","target":"TestAttempt:01m0jh82k1kng4d7f08amhah12","request_id":"b3f2f883-ff6a-4758-9b32-4fd4a3c11344"} 
[2026-08-21 21:52:45] testing.INFO: auth.logged_in {"audit_id":"01m0jh831shnrsa0dtb92rz6q8","actor_id":"01m0jh82y9nb85prp7j63v9zwm","target":"User:01m0jh82y9nb85prp7j63v9zwm","request_id":"4ea3c666-11f5-43e9-8b5c-50cfcb99632b"} 
[2026-08-21 21:52:46] testing.INFO: auth.logged_out {"audit_id":"01m0jh834b2fksdhk7rkd9667r","actor_id":"01m0jh82y9nb85prp7j63v9zwm","target":"User:01m0jh82y9nb85prp7j63v9zwm","request_id":"d813b79c-1507-4f47-90d2-f26047f5131c"} 
[2026-08-21 21:52:46] testing.INFO: auth.logged_in {"audit_id":"01m0jh834ktxcv95qzmth3keb9","actor_id":"01m0jh82y9nb85prp7j63v9zwm","target":"User:01m0jh82y9nb85prp7j63v9zwm","request_id":"fdc57900-fd14-40de-a200-8aaf18898613"} 
[2026-08-21 21:52:46] testing.INFO: auth.account_locked {"audit_id":"01m0jh83dpx6zfwmd6nm9sdr30","actor_id":"01m0jh83cvgt7f58b1rvc4v38v","target":"User:01m0jh83cvgt7f58b1rvc4v38v","request_id":"7c249fb8-4fc3-4c8c-9b86-dcf02d2c77a1"} 
[2026-08-21 21:52:46] testing.INFO: auth.password_changed {"audit_id":"01m0jh83jn9srhn0ppgpcsfw4b","actor_id":"01m0jh83j6erhvrkrdgv8r9hpe","target":"User:01m0jh83j6erhvrkrdgv8r9hpe","request_id":"ae3340f2-d08e-4504-8e03-6acc7e760898"} 
[2026-08-21 21:52:46] testing.INFO: account.profile_updated {"audit_id":"01m0jh83q86ns5rwjzj5t372t3","actor_id":"01m0jh83nywkhb9qkbfxbr3218","target":"User:01m0jh83nywkhb9qkbfxbr3218","request_id":"497e9441-0875-4d1a-bd34-1f556c8adf5f"} 
[2026-08-21 21:52:47] testing.INFO: course.updated {"audit_id":"01m0jh843rad7mm6mhpevcyekv","actor_id":"01m0jh8417ypetz2zem044qdkn","target":"Course:01m0jh8419qm2ey30qgcct1ak0","request_id":"738f7d78-c770-41b9-a8bb-66672b42e43a"} 
[2026-08-21 21:52:47] testing.INFO: course.updated {"audit_id":"01m0jh84bz5wxtpf9asbxw0zx2","actor_id":"01m0jh84aebadzznqbcvwz5365","target":"Course:01m0jh84agat9m3psnyfktvda1","request_id":"9b22f985-90c6-42e8-b495-6833feaa700b"} 
[2026-08-21 21:52:47] testing.INFO: course.thumbnail_updated {"audit_id":"01m0jh84ga2gmddgq9ytjpz4y5","actor_id":"01m0jh84fcvg68b9m1mbmvpaxs","target":"Course:01m0jh84feebw5mme7mvq16e2x","request_id":"c0e197db-ac65-449d-b76f-84eb655737df"} 
[2026-08-21 21:52:47] testing.INFO: course.thumbnail_updated {"audit_id":"01m0jh84gw160d27dmtms0y1d6","actor_id":"01m0jh84fcvg68b9m1mbmvpaxs","target":"Course:01m0jh84feebw5mme7mvq16e2x","request_id":"6b0384b9-9fa1-4835-bda1-652e9e98fe75"} 
[2026-08-21 21:52:47] testing.INFO: course.thumbnail_updated {"audit_id":"01m0jh84mzmwg993mjvajsdt75","actor_id":"01m0jh84mbfereae4mzy4586w5","target":"Course:01m0jh84md7pd13v0vh7j3dp6p","request_id":"a4e791c1-43a8-403d-9f34-5a3a072b0478"} 
[2026-08-21 21:52:47] testing.INFO: course.thumbnail_removed {"audit_id":"01m0jh84n8rq4v9daajzm6d91d","actor_id":"01m0jh84mbfereae4mzy4586w5","target":"Course:01m0jh84md7pd13v0vh7j3dp6p","request_id":"8517788e-a4cb-4487-b627-521288354d89"} 
[2026-08-21 21:52:47] testing.INFO: course.thumbnail_updated {"audit_id":"01m0jh84v8z31ftjnqrgge2gyw","actor_id":"01m0jh84tc84czv1h9e4qjqj7r","target":"Course:01m0jh84te86hj8ycg2dzpbkwx","request_id":"547ac08b-64a2-417e-84d1-7f323e77f7af"} 
[2026-08-21 21:52:52] testing.INFO: payment.approved {"audit_id":"01m0jh89cmdsg4edwma4zwffcx","actor_id":"01m0jh85bgdz46h53cs084kgkz","target":"Payment:01m0jh85bpxf6s1qm30an34faw","request_id":"861fdc58-ecf5-436d-bd9a-d4a713889311"} 
[2026-08-21 21:52:52] testing.INFO: auth.logged_in {"audit_id":"01m0jh89nn6t97rnh0zgm42wgy","actor_id":"01m0jh89nbahdccqtdp5000ars","target":"User:01m0jh89nbahdccqtdp5000ars","request_id":"7ff9bc5d-3d0e-4e9e-b46b-416f9a4724c6"} 
[2026-08-21 21:52:52] testing.INFO: auth.logged_out {"audit_id":"01m0jh89nxvv7z7x1qcjzb6dvv","actor_id":"01m0jh89nbahdccqtdp5000ars","target":"User:01m0jh89nbahdccqtdp5000ars","request_id":"c7889bde-0218-47d0-a9a3-cb1d89ee5bca"} 
[2026-08-21 21:52:52] testing.INFO: auth.logged_in {"audit_id":"01m0jh89p3bmzsjb087bscpm2b","actor_id":"01m0jh89nbahdccqtdp5000ars","target":"User:01m0jh89nbahdccqtdp5000ars","request_id":"f3ddf83e-b6a3-45b7-b956-eea023460c6d"} 
[2026-08-21 21:52:52] testing.INFO: auth.logged_in {"audit_id":"01m0jh89t6g131hs081jzgb56m","actor_id":"01m0jh89sxc7m2hzes5rcrp8wk","target":"User:01m0jh89sxc7m2hzes5rcrp8wk","request_id":"35c3b7b0-bfcf-4d02-b0d2-0222cd8ced4b"} 
[2026-08-21 21:52:53] testing.INFO: user.devices_reset {"audit_id":"01m0jh8a25apjek6a8ke11fa0n","actor_id":"01m0jh89xzya35sa6xsgnymsay","target":"User:01m0jh89y2xf4gbgt92m1c9faf","request_id":"fc136e96-d702-4b87-aa01-332357b663ce"} 
[2026-08-21 21:52:53] testing.INFO: settings.updated {"audit_id":"01m0jh8ah864tcyqpjpvh7rhx2","actor_id":"01m0jh8agv1kh3g52f281m3z2m","target":":","request_id":"31c5cfa0-b1c7-4aac-9e0c-812b4a0d3481"} 
[2026-08-21 21:52:53] testing.INFO: settings.updated {"audit_id":"01m0jh8an9arfva10pnxxhgzrf","actor_id":"01m0jh8amy9cwt2jzy4nghx61p","target":":","request_id":"f44071d4-993d-4bd0-81e2-677a607b57dc"} 
[2026-08-21 21:52:53] testing.INFO: settings.updated {"audit_id":"01m0jh8ankr2q5bxhrt9adywwc","actor_id":"01m0jh8amy9cwt2jzy4nghx61p","target":":","request_id":"c7031d69-d3c4-47b7-a098-0265e341f5d7"} 
[2026-08-21 21:52:54] testing.INFO: settings.institution_logo_updated {"audit_id":"01m0jh8axbcvkb1smzbbsm432h","actor_id":"01m0jh8awxzmwq32ckyw3gcj0w","target":":","request_id":"0ba46ee4-c4ff-4197-befd-6dd895e6cba9"} 
[2026-08-21 21:52:54] testing.INFO: settings.institution_logo_updated {"audit_id":"01m0jh8axtmh3ea9pfag0amf92","actor_id":"01m0jh8awxzmwq32ckyw3gcj0w","target":":","request_id":"ba2fb687-1fd1-478e-818d-46f9be288afb"} 
[2026-08-21 21:52:54] testing.INFO: settings.institution_logo_removed {"audit_id":"01m0jh8ay2deq4q4q9w07mmf3x","actor_id":"01m0jh8awxzmwq32ckyw3gcj0w","target":":","request_id":"b7ced8b1-ab98-4cf7-b518-7ace1c44cdd5"} 
[2026-08-21 21:52:54] testing.INFO: settings.institution_favicon_updated {"audit_id":"01m0jh8b1yqq5jcajvgeqkrkn2","actor_id":"01m0jh8b1gq9qfy0tgx17zm2e4","target":":","request_id":"9b6d2c3e-73b6-4965-8dc0-352bd4696ee6"} 
[2026-08-21 21:52:54] testing.INFO: settings.updated {"audit_id":"01m0jh8b77ec5k3zxmd8exyqnw","actor_id":"01m0jh8b6wqteb863kxf66xgtj","target":":","request_id":"053d4845-5d75-4607-9ed3-d2754ea7f97b"} 
[2026-08-21 21:52:55] testing.INFO: auth.logged_in {"audit_id":"01m0jh8bw8y6fhxwmmvm1js53t","actor_id":"01m0jh8btqx538bmareqk00bpb","target":"User:01m0jh8btqx538bmareqk00bpb","request_id":"dfc75ce7-858b-43c1-820a-feac1a3f9c60"} 
[2026-08-21 21:52:55] testing.INFO: auth.login_blocked_suspended {"audit_id":"01m0jh8c44x674yrv479mtz0dz","actor_id":"01m0jh8c3w64rkvvmbqjdn6ff3","target":"User:01m0jh8c3w64rkvvmbqjdn6ff3","request_id":"4cb861ca-03e2-4c48-a6fb-0c04504c2a43"} 
[2026-08-21 21:52:55] testing.INFO: auth.logged_out {"audit_id":"01m0jh8cb6jtdk7qkvkcgm4e0x","actor_id":"01m0jh8cayq0vy3zmbbhzh18ds","target":"User:01m0jh8cayq0vy3zmbbhzh18ds","request_id":"bf5f4342-7533-4248-bc67-206d82f14d7e"} 
[2026-08-21 21:52:55] testing.INFO: auth.logged_in {"audit_id":"01m0jh8cfha5je6ep9pj7mvr5j","actor_id":"01m0jh8cf89vw4jtzm1a5weq9y","target":"User:01m0jh8cf89vw4jtzm1a5weq9y","request_id":"b17d35a6-6855-4b80-bc4f-de1422fc85f8"} 
[2026-08-21 21:52:55] testing.INFO: payment.approved {"audit_id":"01m0jh8ctxtq6rexrwsvwmhrnj","actor_id":"01m0jh8cm8bh1tysg20x46tm5y","target":"Payment:01m0jh8cm9jb5tkk5fs9q6ydrn","request_id":"c77cef02-2f96-4e0b-9054-249676abc011"} 
[2026-08-21 21:52:56] testing.INFO: payment.approved {"audit_id":"01m0jh8d5pyjz07eeee3bvrgtw","actor_id":"01m0jh8cyy25zzvzvmj732wnxx","target":"Payment:01m0jh8cz0w4n1bkmn83aw947f","request_id":"58a66169-1c88-4b6d-8ca7-08637b1a708e"} 
[2026-08-21 21:52:57] testing.INFO: payment.approved {"audit_id":"01m0jh8dyqy0r3j5mx9682vsyk","actor_id":"01m0jh8dr2j4smkakp1mhafbse","target":"Payment:01m0jh8dr4aznr24m4n8wjpmtp","request_id":"0bd805e6-3c17-44b1-803f-6b3e97d8f7d2"} 
[2026-08-21 21:52:57] testing.INFO: payment.rejected {"audit_id":"01m0jh8e6ker5s3j3xmw4zj07j","actor_id":"01m0jh8e63pd0jvmn0829qe5x2","target":"Payment:01m0jh8e655h2htqp8cfbppz87","request_id":"3da02cc6-e825-4221-b468-4b3730899818"} 
[2026-08-21 21:52:57] testing.INFO: refund.recorded {"audit_id":"01m0jh8emqp68nk8c3hae6qeng","actor_id":"01m0jh8ej6wavps5zbensdwsty","target":"Refund:01m0jh8emnmxx4tchdnb0b4trg","request_id":"30b1f0db-87ed-4f42-be61-bd8823bade6d"} 
[2026-08-21 21:52:57] testing.INFO: refund.processed {"audit_id":"01m0jh8en9kk0rayvehkgysx5g","actor_id":"01m0jh8ej83atdspn6q49ddrf3","target":"Refund:01m0jh8emnmxx4tchdnb0b4trg","request_id":"d076ede7-e96d-4725-b1da-ae2d9d1d621d"} 
[2026-08-21 21:53:00] testing.INFO: user.suspend {"audit_id":"01m0jh8gtn4b8fkwj8prhdxx8h","actor_id":"01m0jh8gssrynmvjz2d2wcj687","target":"User:01m0jh8gsx6tj8t0nmtpx9xe3s","request_id":"38e5491b-a85b-4ed1-be9f-e77a6af8759a"} 
[2026-08-21 21:53:00] testing.INFO: user.archived {"audit_id":"01m0jh8gzectg7k2yv5fzr70jp","actor_id":"01m0jh8gydfteavtr480mtka72","target":"User:01m0jh8gykg5p3z0j41qfds1v7","request_id":"bb5608c2-fedc-43d9-b5d0-3d73bfc3b1a3"} 
[2026-08-21 21:53:00] testing.INFO: user.archived {"audit_id":"01m0jh8h3sm9hz8wfjwcs1tepa","actor_id":"01m0jh8h3jbhrn8vxafdkjndkh","target":"User:01m0jh8h37ae1s6st3arqjb2rd","request_id":"ba6a9ecd-1012-400c-a215-ae0bdbc3c96d"} 
[2026-08-21 21:53:00] testing.INFO: user.updated {"audit_id":"01m0jh8h7r167y10ygy8t3k1kn","actor_id":"01m0jh8h7cp5g45fe2se8a1jvz","target":"User:01m0jh8h7f4xtbajck2sfrjhmx","request_id":"98f0bdef-bb87-49eb-a74c-69f2f02be6f8"} 
[2026-08-21 21:53:01] testing.INFO: test.published {"audit_id":"01m0jh8hxwyf3y6qb87xttwnyr","actor_id":"01m0jh8hwgj9dnkrjz4skbfnqa","target":"Test:01m0jh8hwnrj9vd796xmnv8qva","request_id":"5fc63304-54a5-4acc-b372-2207b7f37a1f"} 
[2026-08-21 21:53:01] testing.INFO: course.thumbnail_updated {"audit_id":"01m0jh8j8ye1s2j4vchdngs2ng","actor_id":"01m0jh8j8a1f60wxympmxc31pq","target":"Course:01m0jh8j8ccdtvqkvrqbr8qtt1","request_id":"b41eb94e-7fe5-4d57-8a4b-76d90c9ef9fd"} 
[2026-08-21 21:53:01] testing.INFO: course.updated {"audit_id":"01m0jh8jdnqm3kpzp83073g27s","actor_id":"01m0jh8jd5f66t9decc309jexm","target":"Course:01m0jh8jd75s56yhqtf6arprj5","request_id":"6d5c8a93-b164-431c-9ce9-4d961ef39897"} 
[2026-08-21 21:53:01] testing.INFO: settings.payment_method_qr_updated {"audit_id":"01m0jh8jm5hj53rdjyhf35dxhh","actor_id":"01m0jh8jk8mk53x8athkvp9696","target":"PaymentMethod:01m0jh8jk2r0gy3zpnn3113ssf","request_id":"ffb33595-2990-48c4-b7a0-a6dbd19833d5"} 
[2026-08-21 21:53:02] testing.INFO: settings.institution_logo_updated {"audit_id":"01m0jh8jrqc3agv4krqxbdmkrt","actor_id":"01m0jh8jqzcm8xqh09h0c18vnc","target":":","request_id":"41a87a88-7a02-4fb2-b81a-a98b684dd04d"} 
[2026-08-21 21:53:03] testing.INFO: payment.submitted {"audit_id":"01m0jh8kzs89fg2gnvjqt33z3w","actor_id":"01m0jh8kw55h90dqq2p8f2nsyt","target":"Payment:01m0jh8kzq8b21rsaq4sa6ybxt","request_id":"d43668c4-96d6-47a2-abb2-f69e60d0bba1"} 
[2026-08-21 21:53:03] testing.INFO: payment.approved_at_capture {"audit_id":"01m0jh8m6ca2haabws428gssvg","actor_id":"01m0jh8kw55h90dqq2p8f2nsyt","target":"Payment:01m0jh8kzq8b21rsaq4sa6ybxt","request_id":"d43668c4-96d6-47a2-abb2-f69e60d0bba1"} 
[2026-08-21 21:53:03] testing.INFO: payment.submitted {"audit_id":"01m0jh8mba6r84m8h7m0678sb7","actor_id":"01m0jh8macxqry1qejfgtkhfyt","target":"Payment:01m0jh8mb82zgycr88a4w47ac0","request_id":"41ce44f1-85f0-4f59-a632-1843a1cd3b02"} 
[2026-08-21 21:53:03] testing.INFO: payment.approved {"audit_id":"01m0jh8mj41fc2xdswq1mpe2wa","actor_id":"01m0jh8maf27n6njqbygdb2x23","target":"Payment:01m0jh8mb82zgycr88a4w47ac0","request_id":"29271916-1c78-47d7-9e81-01bec76fa7d8"} 
[2026-08-21 21:53:04] testing.INFO: payment.submitted {"audit_id":"01m0jh8mqb763bqmbey8mqcsmb","actor_id":"01m0jh8mpecpt4f6442t0egzx8","target":"Payment:01m0jh8mqaqcs8djsdaane3a81","request_id":"733e9843-fac1-4af9-b74d-61378d3b2485"} 
[2026-08-21 21:53:04] testing.INFO: payment.approved_at_capture {"audit_id":"01m0jh8mxqdrnvk37xrgbey5sf","actor_id":"01m0jh8mpecpt4f6442t0egzx8","target":"Payment:01m0jh8mqaqcs8djsdaane3a81","request_id":"733e9843-fac1-4af9-b74d-61378d3b2485"} 
[2026-08-21 21:53:04] testing.INFO: payment.submitted {"audit_id":"01m0jh8myeq4mk5nc0sch345ff","actor_id":"01m0jh8mpecpt4f6442t0egzx8","target":"Payment:01m0jh8myda9v8qmzm1f34ntsj","request_id":"2fe94034-73ce-46c3-b92e-809b060e3236"} 
[2026-08-21 21:53:04] testing.INFO: payment.approved {"audit_id":"01m0jh8n5821tdnjq9a2ttmwnk","actor_id":"01m0jh8mphk067n4awmbxm2arg","target":"Payment:01m0jh8myda9v8qmzm1f34ntsj","request_id":"d317f783-578a-4764-86ad-ad010c6f3c8d"} 
[2026-08-21 21:53:04] testing.INFO: course.created {"audit_id":"01m0jh8nacfzmb9reep45ssv32","actor_id":"01m0jh8n9tk15q10x0byetreaf","target":"Course:01m0jh8nabq54g3y4eqkxr3rk9","request_id":"afd3cd00-2db9-493b-96df-e7a608622406"} 
[2026-08-21 21:53:04] testing.INFO: category.created {"audit_id":"01m0jh8nf0nbw25rqjfd28skmf","actor_id":"01m0jh8ndhg7rh4bxq2y6kkc1n","target":"Category:01m0jh8nez92kw3ytwt7wjfg9p","request_id":"81f2adc0-9e35-4085-a7ea-0694ab8407e9"} 
[2026-08-21 21:53:04] testing.INFO: syllabus.updated {"audit_id":"01m0jh8nkxc7tspkzw3k7kdeny","actor_id":"01m0jh8njcyr36236jnbas6s7w","target":"Course:01m0jh8njeb0td2vkfte74tpy7","request_id":"8e842361-c15b-4055-a0a2-8b07fc29d732"} 
[2026-08-21 21:53:05] testing.INFO: export.generated {"audit_id":"01m0jh8nrnpqpfaytx5jay57ca","actor_id":"01m0jh8nq5k2sja6vbgn84k79v","target":":","request_id":"32b7b02f-7e7d-478b-baca-7f5254a73d22"} 
[2026-08-21 21:53:06] testing.INFO: payment.approved {"audit_id":"01m0jh8q41jtvv9c2qavk5qj76","actor_id":"01m0jh8pv9nwx8r4pr5yz7g899","target":"Payment:01m0jh8pvb3qrwm20wvsz37nbz","request_id":"942cfe0d-727a-48b6-9c48-f6d707d8cefa"} 
[2026-08-21 21:53:07] testing.INFO: recording.deleted {"audit_id":"01m0jh8r1z5xrf2zk8c26bcv17","actor_id":"01m0jh8qzvx3zm8hjcqyvq4qbk","target":"Recording:01m0jh8qzxm8m4gxdg404jnas7","request_id":"22893dbb-2ef3-4a6e-b63f-4b7d5ec0e734"} 
[2026-08-21 22:09:36] local.INFO: auth.logged_in {"audit_id":"01m0jj6xdjvgwh026n8a4z5g02","actor_id":"01m09q7v3xq02bgadbj9an0w3q","target":"User:01m09q7v3xq02bgadbj9an0w3q","request_id":"341d588d-db6e-462b-b71a-c08590f73be3"} 
[2026-08-21 22:12:14] local.INFO: auth.logged_in {"audit_id":"01m0jjbqwk3sd0qb9svg4gz8k5","actor_id":"01m09q7tew3njjzstq74javh4k","target":"User:01m09q7tew3njjzstq74javh4k","request_id":"e9cd53a0-e731-4694-a33c-c16a09a50fbb"} 
[2026-08-21 22:13:10] local.INFO: auth.logged_in {"audit_id":"01m0jjdf9nmhrvwj43h1mckkd9","actor_id":"01m09q7tnv5crbr4xt5e70pdcy","target":"User:01m09q7tnv5crbr4xt5e70pdcy","request_id":"c96b920a-a855-4baa-bedf-bc972eaa8024"} 
[2026-08-21 22:13:32] local.INFO: payment.proof_viewed {"audit_id":"01m0jje43je4n4caznb5gfz8jc","actor_id":"01m09q7tnv5crbr4xt5e70pdcy","target":"Payment:01m0ej74t10pjg9csy75wj4he6","request_id":"7b58b912-fd75-45d9-a994-89c052fecbab"} 
[2026-08-21 22:13:36] local.INFO: payment.proof_viewed {"audit_id":"01m0jje8q2jbax75mmr3sqc838","actor_id":"01m09q7tnv5crbr4xt5e70pdcy","target":"Payment:01m0ej74t10pjg9csy75wj4he6","request_id":"6d251366-f7ec-4f36-98fa-112de27e2a7b"} 
[2026-08-21 22:14:41] testing.INFO: account.password_changed {"audit_id":"01m0jjg7ex94sf4zrwbgj6z8bz","actor_id":"01m0jjg7c9xeyc4f7vgj3angyk","target":"User:01m0jjg7c9xeyc4f7vgj3angyk","request_id":"7d44a32a-5388-4ff5-a570-f48d1a356397"} 
[2026-08-21 22:14:41] testing.INFO: account.password_changed {"audit_id":"01m0jjg7r4nf6yz7r9a1tjbjk6","actor_id":"01m0jjg7k4r9kebmrfbvpd25ht","target":"User:01m0jjg7k4r9kebmrfbvpd25ht","request_id":"1b8665b2-c444-4931-8e63-95b16ad510f1"} 
[2026-08-21 22:14:41] testing.INFO: account.two_factor_enabled {"audit_id":"01m0jjg7zwntr2kz6bg0v0ezvw","actor_id":"01m0jjg7x6377k0x79rhsdxtvp","target":"User:01m0jjg7x6377k0x79rhsdxtvp","request_id":"84b1488f-83f9-43c5-a7dc-7e891969e725"} 
[2026-08-21 22:14:41] testing.INFO: account.sessions_revoked {"audit_id":"01m0jjg83ax2fgdp6f2x5nftja","actor_id":"01m0jjg82yyeexchmjvd125mzz","target":"User:01m0jjg82yyeexchmjvd125mzz","request_id":"e2929073-643a-4ab2-b5b6-f1a2c564a358"} 
[2026-08-21 22:14:42] testing.INFO: settings.updated {"audit_id":"01m0jjg8ceh0tkbrrc5b1rkdxe","actor_id":"01m0jjg86ts5bybvnes0k1h6wc","target":":","request_id":"684f727d-7324-459a-b318-118abe1e2f09"} 
[2026-08-21 22:14:42] testing.INFO: settings.updated {"audit_id":"01m0jjg8me2nhn1b0dkb7ycdv3","actor_id":"01m0jjg8m45cfhmt1gajdktwds","target":":","request_id":"a1db2c0a-8cd6-4377-95a6-38e95d49ed14"} 
[2026-08-21 22:14:42] testing.INFO: role.updated {"audit_id":"01m0jjg8xrzhtwpyjcp96sjkm2","actor_id":"01m0jjg8x6wepp4czngzsr2d51","target":"Role:01m0jjg8vp8n97b9npmp84ft93","request_id":"8eeb6351-be3b-474e-b08c-cafef9900d73"} 
[2026-08-21 22:14:43] testing.INFO: settings.payment_method_qr_updated {"audit_id":"01m0jjg992htbtkr6q1e7x5355","actor_id":"01m0jjg91710spe9r3gbfvwtv7","target":"PaymentMethod:01m0jjg90yzce236zc5afaafn4","request_id":"36e9eb8b-199d-411a-b32e-6f9a5dc7159e"} 
[2026-08-21 22:14:43] testing.INFO: settings.payment_method_qr_removed {"audit_id":"01m0jjg999vd66rh7wmf04y6f1","actor_id":"01m0jjg91710spe9r3gbfvwtv7","target":"PaymentMethod:01m0jjg90yzce236zc5afaafn4","request_id":"aceed108-eb78-4300-ba1c-dae9577c073b"} 
[2026-08-21 22:14:43] testing.INFO: settings.updated {"audit_id":"01m0jjg9h96ke70pr6yj7j7bv5","actor_id":"01m0jjg9g9krmdtzse1ha9jckr","target":":","request_id":"01b541c0-cd26-441e-bfaa-b98b741a3d33"} 
[2026-08-21 22:14:43] testing.INFO: faq.created {"audit_id":"01m0jjg9nfm0cfenge4krp9h5t","actor_id":"01m0jjg9n088e8h8kjhv4cdw6h","target":"Faq:01m0jjg9necx8gxzaapjj04a8s","request_id":"6088d70d-e5e0-4f58-ab69-ae55d28e83dd"} 
[2026-08-21 22:14:43] testing.INFO: faq.updated {"audit_id":"01m0jjg9nq8rrm1xy3p72y1bc9","actor_id":"01m0jjg9n088e8h8kjhv4cdw6h","target":"Faq:01m0jjg9necx8gxzaapjj04a8s","request_id":"994c2ae8-9bc6-4ad2-9d8f-4e1824da5b1c"} 
[2026-08-21 22:14:43] testing.INFO: faq.deleted {"audit_id":"01m0jjg9px94sa7k9tk66x8t14","actor_id":"01m0jjg9n088e8h8kjhv4cdw6h","target":"Faq:01m0jjg9necx8gxzaapjj04a8s","request_id":"3210c56b-fca4-4baa-bfdf-282a9659eccb"} 
[2026-08-21 22:14:43] testing.INFO: attempt.started {"audit_id":"01m0jjga4p9mxd2ay9emgwxxky","actor_id":"01m0jjga145313x1eh43n0mtde","target":"TestAttempt:01m0jjga4neg8d2gge3zg84bzb","request_id":"83e0a9f5-5e57-42d9-8354-3556a3f07db4"} 
[2026-08-21 22:14:44] testing.INFO: attempt.started {"audit_id":"01m0jjgadrw8w8g142a7mzemn1","actor_id":"01m0jjgadat92xdx7ez7t2nkq5","target":"TestAttempt:01m0jjgadq9hcx5604txttbvc8","request_id":"665e79be-80c6-43e7-999a-b07c633eef66"} 
[2026-08-21 22:14:44] testing.INFO: attempt.started {"audit_id":"01m0jjgae1ak18649arfexsc6w","actor_id":"01m0jjgadat92xdx7ez7t2nkq5","target":"TestAttempt:01m0jjgadq9hcx5604txttbvc8","request_id":"a7b44d4b-b8d9-4aa8-9057-a391c3346790"} 
[2026-08-21 22:14:44] testing.INFO: attempt.started {"audit_id":"01m0jjgahrt7kc1q29t2gx6nzn","actor_id":"01m0jjgahak69jj9ryskw9kp7z","target":"TestAttempt:01m0jjgahpfka3m2kd5w11w7ec","request_id":"65050930-353e-4829-b5d2-6177077d8d47"} 
[2026-08-21 22:14:44] testing.INFO: attempt.started {"audit_id":"01m0jjgapm06582m3k5sfc6vws","actor_id":"01m0jjgap6x70hx14axpvbnrs8","target":"TestAttempt:01m0jjgapknfb1vht4v6zrqjm2","request_id":"65270566-735c-45d3-b147-cd6afde20dd0"} 
[2026-08-21 22:14:44] testing.INFO: attempt.submitted {"audit_id":"01m0jjgar4r43w4qzxev1vg0yy","actor_id":"01m0jjgap6x70hx14axpvbnrs8","target":"TestAttempt:01m0jjgapknfb1vht4v6zrqjm2","request_id":"c06a8b65-f449-4d04-8919-7999c2dbebdf"} 
[2026-08-21 22:14:44] testing.INFO: auth.logged_in {"audit_id":"01m0jjgb1hycgc44f39pkwxb3j","actor_id":"01m0jjgb0h049hvkj4d36afss8","target":"User:01m0jjgb0h049hvkj4d36afss8","request_id":"1a001feb-2dc1-408e-8251-81b1ef01282c"} 
[2026-08-21 22:14:44] testing.INFO: auth.logged_out {"audit_id":"01m0jjgb20wwat5eqw5bnm2n54","actor_id":"01m0jjgb0h049hvkj4d36afss8","target":"User:01m0jjgb0h049hvkj4d36afss8","request_id":"3be526b1-1fe8-4831-81a2-09a44f4fea8e"} 
[2026-08-21 22:14:44] testing.INFO: auth.logged_in {"audit_id":"01m0jjgb262y3nk51mmz0xahpw","actor_id":"01m0jjgb0h049hvkj4d36afss8","target":"User:01m0jjgb0h049hvkj4d36afss8","request_id":"25f6822a-355a-4187-8238-7b85157c2832"} 
[2026-08-21 22:14:45] testing.INFO: auth.account_locked {"audit_id":"01m0jjgb9pg93nn2bbt8c697mv","actor_id":"01m0jjgb8x36cp0mp5mmjd69jc","target":"User:01m0jjgb8x36cp0mp5mmjd69jc","request_id":"78a1dfd4-f1a9-4d78-bf52-ad0369471666"} 
[2026-08-21 22:14:45] testing.INFO: auth.password_changed {"audit_id":"01m0jjgbeagfm18mwvfc9971gj","actor_id":"01m0jjgbdtsc6wq6f064ave4fk","target":"User:01m0jjgbdtsc6wq6f064ave4fk","request_id":"415c4f68-e402-44b8-8116-b21d3b7ded89"} 
[2026-08-21 22:14:45] testing.INFO: account.profile_updated {"audit_id":"01m0jjgbht93hq1tqx38tj0m5d","actor_id":"01m0jjgbhjwej0ekf25dkhq1mq","target":"User:01m0jjgbhjwej0ekf25dkhq1mq","request_id":"8317d7de-f852-47bc-ba0a-a711207035ab"} 
[2026-08-21 22:14:45] testing.INFO: course.updated {"audit_id":"01m0jjgbv44sxhyrk6v048a875","actor_id":"01m0jjgbssgh4zm8hbj20nncs2","target":"Course:01m0jjgbsv81pc4r40zc2t54x7","request_id":"cbdd3b38-3d55-4bc8-ba7b-314506308373"} 
[2026-08-21 22:14:45] testing.INFO: course.updated {"audit_id":"01m0jjgc08k8wcbzbx7pwadfts","actor_id":"01m0jjgbyqcm8z1xywbgwhjcc0","target":"Course:01m0jjgbysexd16kw2mmvgay5m","request_id":"aa11f409-ba94-4e30-b1a6-c349a17baf6c"} 
[2026-08-21 22:14:45] testing.INFO: course.thumbnail_updated {"audit_id":"01m0jjgc48w6j8sfnqcd0tp460","actor_id":"01m0jjgc3jssgt7eadwbs5yc83","target":"Course:01m0jjgc3kx3ah7bp5ecbeczcw","request_id":"c1bf553b-75e2-4345-80e8-e4ecb484aa93"} 
[2026-08-21 22:14:46] testing.INFO: course.thumbnail_updated {"audit_id":"01m0jjgc4s7zqc40zxxnkesssy","actor_id":"01m0jjgc3jssgt7eadwbs5yc83","target":"Course:01m0jjgc3kx3ah7bp5ecbeczcw","request_id":"e14cc60c-a9ab-4fa9-a3ae-3427559902a5"} 
[2026-08-21 22:14:46] testing.INFO: course.thumbnail_updated {"audit_id":"01m0jjgc8nzh0f9cpxv6xzfmn8","actor_id":"01m0jjgc821e5pt4zcxdg139zy","target":"Course:01m0jjgc847dcd32df42jp2sj7","request_id":"95aeecb5-2112-46af-92ed-24105fae02e1"} 
[2026-08-21 22:14:46] testing.INFO: course.thumbnail_removed {"audit_id":"01m0jjgc8z4yemhab4zx0cjx1e","actor_id":"01m0jjgc821e5pt4zcxdg139zy","target":"Course:01m0jjgc847dcd32df42jp2sj7","request_id":"07699023-7038-4ece-aba9-11a2d61a3bac"} 
[2026-08-21 22:14:46] testing.INFO: course.thumbnail_updated {"audit_id":"01m0jjgcdf274gkkr11afgydh1","actor_id":"01m0jjgcch6jgx9kep16wkm7b5","target":"Course:01m0jjgccmmj5rgam0jjav98sf","request_id":"84132042-de38-4f17-a5b7-6d2727e8e1b2"} 
[2026-08-21 22:14:49] testing.INFO: payment.approved {"audit_id":"01m0jjgfmaqzf2vgheedwbpvav","actor_id":"01m0jjgcsg5nph6n937tm5wsbn","target":"Payment:01m0jjgcsp2nz13s972wfe24b2","request_id":"cc44d800-34e7-4f50-b665-f711013b7413"} 
[2026-08-21 22:14:49] testing.INFO: auth.logged_in {"audit_id":"01m0jjgfwxjqhht81h1kahvdvc","actor_id":"01m0jjgfwjf01scg6hdvq9dkzj","target":"User:01m0jjgfwjf01scg6hdvq9dkzj","request_id":"03f5c9a7-c65c-4e69-a51b-2627b78b1794"} 
[2026-08-21 22:14:49] testing.INFO: auth.logged_out {"audit_id":"01m0jjgfx4v33y2c6mkx28s4ay","actor_id":"01m0jjgfwjf01scg6hdvq9dkzj","target":"User:01m0jjgfwjf01scg6hdvq9dkzj","request_id":"2c63fce9-970a-49b7-abca-8b3b940507f3"} 
[2026-08-21 22:14:49] testing.INFO: auth.logged_in {"audit_id":"01m0jjgfxbqmpsp8z9z6vs347b","actor_id":"01m0jjgfwjf01scg6hdvq9dkzj","target":"User:01m0jjgfwjf01scg6hdvq9dkzj","request_id":"15fd5f5b-fe4c-491f-b523-d8b5fc10a575"} 
[2026-08-21 22:14:49] testing.INFO: auth.logged_in {"audit_id":"01m0jjgg0wxjk7m4pya72m03fy","actor_id":"01m0jjgg0m4krnz926ejyen8ww","target":"User:01m0jjgg0m4krnz926ejyen8ww","request_id":"ddedccc3-7908-40aa-bae2-f814d9fa864c"} 
[2026-08-21 22:14:50] testing.INFO: user.devices_reset {"audit_id":"01m0jjgg4q1atbm4v2wmy3pq28","actor_id":"01m0jjgg47xe6r2j02s8wwc2w4","target":"User:01m0jjgg4adfp4gdta44zdnyyw","request_id":"9dcdafe5-d574-4116-9706-6f7f648f7e43"} 
[2026-08-21 22:14:50] testing.INFO: settings.updated {"audit_id":"01m0jjggj571smxanzrwn46y7a","actor_id":"01m0jjgghs3bca3kpanzjvwcwk","target":":","request_id":"058493fa-0dfb-4590-af91-15607cf2a9bf"} 
[2026-08-21 22:14:50] testing.INFO: settings.updated {"audit_id":"01m0jjggp2set6feed51rhc4hd","actor_id":"01m0jjggnq9fneyesr4a2sskvy","target":":","request_id":"130a8876-2fcf-4f4f-8cfb-05804f8a87c1"} 
[2026-08-21 22:14:50] testing.INFO: settings.updated {"audit_id":"01m0jjggpcnep97wma0xnfbw84","actor_id":"01m0jjggnq9fneyesr4a2sskvy","target":":","request_id":"c2db8c6d-f0cf-452f-b815-f46ba5b184b9"} 
[2026-08-21 22:14:50] testing.INFO: settings.institution_logo_updated {"audit_id":"01m0jjggxjse731mz0k74wagwp","actor_id":"01m0jjggx3s15e0m4qp137fpx8","target":":","request_id":"d4f0eb54-3368-46a6-8720-d66c1e69d036"} 
[2026-08-21 22:14:50] testing.INFO: settings.institution_logo_updated {"audit_id":"01m0jjggy1ep764x53wtqr61wm","actor_id":"01m0jjggx3s15e0m4qp137fpx8","target":":","request_id":"feb72601-6d44-420b-8297-4c6d1ca903f2"} 
[2026-08-21 22:14:50] testing.INFO: settings.institution_logo_removed {"audit_id":"01m0jjggy8rr4yxkdyedf85he6","actor_id":"01m0jjggx3s15e0m4qp137fpx8","target":":","request_id":"00eaa90b-f5f8-4715-ba43-0da189e2b1bb"} 
[2026-08-21 22:14:51] testing.INFO: settings.institution_favicon_updated {"audit_id":"01m0jjgh29qg4rh1m08sgdwy0j","actor_id":"01m0jjgh1w80ps24a2yzz9xte0","target":":","request_id":"20e725c6-5702-4d4e-81f7-a04a20f7f9ee"} 
[2026-08-21 22:14:51] testing.INFO: settings.updated {"audit_id":"01m0jjgh76yembwjsbe9y10sfm","actor_id":"01m0jjgh6tcemx2yrjh6rxfbz4","target":":","request_id":"55de4a30-9f1e-46a9-b57f-f7d2c3c932e1"} 
[2026-08-21 22:14:51] testing.INFO: auth.logged_in {"audit_id":"01m0jjghtcfq2gzs054wh00nsm","actor_id":"01m0jjght2m6g71c91xezf24rq","target":"User:01m0jjght2m6g71c91xezf24rq","request_id":"e0e05854-7cca-45b5-b3ee-ff6f22a424cd"} 
[2026-08-21 22:14:52] testing.INFO: auth.login_blocked_suspended {"audit_id":"01m0jjgj1qcg88v3ebfby091tv","actor_id":"01m0jjgj1gd1f6y88aq8577370","target":"User:01m0jjgj1gd1f6y88aq8577370","request_id":"5b60ac88-357b-4d42-af3b-fb126a51e487"} 
[2026-08-21 22:14:52] testing.INFO: auth.logged_out {"audit_id":"01m0jjgj8gmfcermz9hg61v09q","actor_id":"01m0jjgj8863xe190c5n9a4aca","target":"User:01m0jjgj8863xe190c5n9a4aca","request_id":"559a8365-c66e-481e-9c39-b945be4dfa75"} 
[2026-08-21 22:14:52] testing.INFO: auth.logged_in {"audit_id":"01m0jjgjc0nh461xp40g7rfnjc","actor_id":"01m0jjgjbrfv22wacrq19cddxg","target":"User:01m0jjgjbrfv22wacrq19cddxg","request_id":"a00d6f15-eded-4a94-9073-07d6902028cf"} 
[2026-08-21 22:14:52] testing.INFO: payment.approved {"audit_id":"01m0jjgjp793sgnyvb07z7yddq","actor_id":"01m0jjgjfm7ccp0wv2vg8j9b7y","target":"Payment:01m0jjgjfnw946qnczf27entpz","request_id":"5585c367-5ba2-4b55-a2fd-bb1d22792d55"} 
[2026-08-21 22:14:53] testing.INFO: payment.approved {"audit_id":"01m0jjgk1a8a6s3vzx4j5y2c5y","actor_id":"01m0jjgjtbye8y71b747fn137b","target":"Payment:01m0jjgjtdrvw7esnshhz09m8j","request_id":"32d4c015-b12a-4297-9ba2-0fea838fde67"} 
[2026-08-21 22:14:53] testing.INFO: payment.approved {"audit_id":"01m0jjgkmv50wa72qqefx632jg","actor_id":"01m0jjgke9a51atxs9y57fxdd2","target":"Payment:01m0jjgkeb4r4qt2w8hhkh0yds","request_id":"3288d8e2-2006-48f8-bb64-ee7a9ee6f5a5"} 
[2026-08-21 22:14:53] testing.INFO: payment.rejected {"audit_id":"01m0jjgkt2h73yyy4865jmey7r","actor_id":"01m0jjgksm0rme57jtgxzy73d8","target":"Payment:01m0jjgksnn95yatr8ajwgq8tq","request_id":"d8f9bab2-9c64-4ed5-b49e-f3d5f6c08c33"} 
[2026-08-21 22:14:54] testing.INFO: refund.recorded {"audit_id":"01m0jjgm6tvf1cd6dqpzt1kqdg","actor_id":"01m0jjgm53mjmb2wgs2eeh8pdc","target":"Refund:01m0jjgm6r65780zm3mwxev9d5","request_id":"0e9cbf57-8b93-4b54-a756-0feea5b03086"} 
[2026-08-21 22:14:54] testing.INFO: refund.processed {"audit_id":"01m0jjgm7e61rtj8x9sf7hx6sr","actor_id":"01m0jjgm55aac0td0r6tdtvx2c","target":"Refund:01m0jjgm6r65780zm3mwxev9d5","request_id":"c2ba8986-88be-45c7-a4aa-e5e4660082e1"} 
[2026-08-21 22:14:56] testing.INFO: user.suspend {"audit_id":"01m0jjgp61p8pjpzk4jatxv8bp","actor_id":"01m0jjgp531fvn8sd7gc3tmyk4","target":"User:01m0jjgp57v0rka7h3v4z4msz5","request_id":"bfd70fb7-279f-4ca6-addd-ea5231359cbe"} 
[2026-08-21 22:14:56] testing.INFO: user.archived {"audit_id":"01m0jjgpakv4xtcpesw4a2cwpe","actor_id":"01m0jjgp9h7cqnagykx6k9gaan","target":"User:01m0jjgp9ryemdjkqm9c04njs9","request_id":"5a497997-756a-4f18-bb1d-d9d272421aad"} 
[2026-08-21 22:14:56] testing.INFO: user.archived {"audit_id":"01m0jjgpf5cg7zesykxbsw1mrm","actor_id":"01m0jjgpexcn0gdtass58xphc5","target":"User:01m0jjgpehvc7fgtc8ggrs6rgz","request_id":"ca71e175-cfdf-42e3-b8d6-8561398ad6dd"} 
[2026-08-21 22:14:56] testing.INFO: user.updated {"audit_id":"01m0jjgpk6vykjt62d0gsj0g3e","actor_id":"01m0jjgpjtf3qhe53kw44efs6c","target":"User:01m0jjgpjxacbkvrmgmx4ckg3x","request_id":"20802024-7c97-47e6-9667-80c67c7bf56e"} 
[2026-08-21 22:14:57] testing.INFO: test.published {"audit_id":"01m0jjgq9zwjvea0r8g0t2qsfp","actor_id":"01m0jjgq93vh8e433gr2n2cgk4","target":"Test:01m0jjgq97819dme3wmv3t21p1","request_id":"d77ab7a0-1bf6-47cc-980f-344a0d7bfcd8"} 
[2026-08-21 22:14:57] testing.INFO: course.thumbnail_updated {"audit_id":"01m0jjgqk94a2ye4sqkvy6k1xe","actor_id":"01m0jjgqjmft83gny7jgb17p3a","target":"Course:01m0jjgqjpecmb1w8cvd24wzke","request_id":"1dbf4ae3-7208-4a19-9583-55f53391c495"} 
[2026-08-21 22:14:57] testing.INFO: course.updated {"audit_id":"01m0jjgqr0kxdq2tb23vzsg8nx","actor_id":"01m0jjgqqfjafg0cc6nstctpnk","target":"Course:01m0jjgqqjsj1c3t2sac7eevm3","request_id":"f8d6285a-cd44-4e27-bfc9-ac18cecaff3e"} 
[2026-08-21 22:14:58] testing.INFO: settings.payment_method_qr_updated {"audit_id":"01m0jjgqvzxzk6876mfnm9mg4t","actor_id":"01m0jjgqvgms2m6ba28xq2dgqn","target":"PaymentMethod:01m0jjgqvbgsa625yeqk87w23g","request_id":"0462b3b1-62d3-4c42-b922-8c14741b86fc"} 
[2026-08-21 22:14:58] testing.INFO: settings.institution_logo_updated {"audit_id":"01m0jjgqztpdtfas72vmkqwanw","actor_id":"01m0jjgqzaw4bft47ym4b3tj2y","target":":","request_id":"050eab25-e8f0-4c7e-b424-ff7a9a918a37"} 
[2026-08-21 22:15:00] testing.INFO: payment.submitted {"audit_id":"01m0jjgsx4dev0sc5dsehvd09e","actor_id":"01m0jjgsv91f5cx842p05w9rtp","target":"Payment:01m0jjgsx2w1whmxggk3dbvzn6","request_id":"8f470117-b29f-4375-b5d5-689ae0cab1f2"} 
[2026-08-21 22:15:00] testing.INFO: payment.approved_at_capture {"audit_id":"01m0jjgt3vvea96xx5jq19kg85","actor_id":"01m0jjgsv91f5cx842p05w9rtp","target":"Payment:01m0jjgsx2w1whmxggk3dbvzn6","request_id":"8f470117-b29f-4375-b5d5-689ae0cab1f2"} 
[2026-08-21 22:15:00] testing.INFO: payment.submitted {"audit_id":"01m0jjgt8yct86ekkkz1gq0s5c","actor_id":"01m0jjgt7zf1p72686771vynym","target":"Payment:01m0jjgt8v7qeq9t3kssn7478z","request_id":"6fa4dca2-edf3-4f20-b543-136bd3190d16"} 
[2026-08-21 22:15:00] testing.INFO: payment.approved {"audit_id":"01m0jjgtg4jvwq5a015kewy0k2","actor_id":"01m0jjgt81808zct4k35q4f7fg","target":"Payment:01m0jjgt8v7qeq9t3kssn7478z","request_id":"df57c6ab-d031-445e-b82c-b03f75c61596"} 
[2026-08-21 22:15:00] testing.INFO: payment.submitted {"audit_id":"01m0jjgtn52sat1rsajxbfhs44","actor_id":"01m0jjgtm7b0f42jay1gec5823","target":"Payment:01m0jjgtn4rn62xzwgs3g9vkyb","request_id":"98941f69-ccb9-4e4e-a817-5d8351e1d18e"} 
[2026-08-21 22:15:01] testing.INFO: payment.approved_at_capture {"audit_id":"01m0jjgtvk1c8zpnfy1awvvqjb","actor_id":"01m0jjgtm7b0f42jay1gec5823","target":"Payment:01m0jjgtn4rn62xzwgs3g9vkyb","request_id":"98941f69-ccb9-4e4e-a817-5d8351e1d18e"} 
[2026-08-21 22:15:01] testing.INFO: payment.submitted {"audit_id":"01m0jjgtw9j2fm86w59hz6em0n","actor_id":"01m0jjgtm7b0f42jay1gec5823","target":"Payment:01m0jjgtw8r560sfbx42vkdt3t","request_id":"54950782-904f-4f21-bef9-d6af5b8eaa6b"} 
[2026-08-21 22:15:01] testing.INFO: payment.approved {"audit_id":"01m0jjgv352wqvdj34qzp7m40e","actor_id":"01m0jjgtma19xmmvfp8deskbjx","target":"Payment:01m0jjgtw8r560sfbx42vkdt3t","request_id":"728087e3-0338-499b-8e41-2e0938f5f051"} 
[2026-08-21 22:15:01] testing.INFO: course.created {"audit_id":"01m0jjgv7s49qm7btxq4dmr5xm","actor_id":"01m0jjgv73d268whj6qt0v6ja0","target":"Course:01m0jjgv7q1d8vva23zzyskxkr","request_id":"8499313c-0198-457f-8557-99d0b2ae1710"} 
[2026-08-21 22:15:01] testing.INFO: category.created {"audit_id":"01m0jjgvd135tmy6bqa0qs60by","actor_id":"01m0jjgvb116yh92tpz6s8k6y4","target":"Category:01m0jjgvd0kna19x33yhfb3tan","request_id":"9833fc22-7be4-4a3c-aa58-4a1a6133c8bc"} 
[2026-08-21 22:15:01] testing.INFO: syllabus.updated {"audit_id":"01m0jjgvgncm617cc01hre1gaz","actor_id":"01m0jjgvg443h05sqjq89hhcns","target":"Course:01m0jjgvg5jyf7b8dnzhbphe8b","request_id":"eeb616d4-c1b8-4e35-9b56-a838205ee735"} 
[2026-08-21 22:15:01] testing.INFO: export.generated {"audit_id":"01m0jjgvmbprvse016ehcx8za1","actor_id":"01m0jjgvks0x4y05jx0jf6zjyk","target":":","request_id":"4e80362b-550c-4af9-aafc-63511ae2f5a4"} 
[2026-08-21 22:15:03] testing.INFO: payment.approved {"audit_id":"01m0jjgwt9g6ejer0bcje1yd1c","actor_id":"01m0jjgwkprfsxqmnhwvp9t0xa","target":"Payment:01m0jjgwkqnbxdcnr6v6eg5y9t","request_id":"1b182214-74ae-4bb6-8bc0-6bd5f93ff7f1"} 
[2026-08-21 22:15:03] testing.INFO: recording.deleted {"audit_id":"01m0jjgxmd6m364enysbdqfrf9","actor_id":"01m0jjgxj92m0a4mh52qmb91g8","target":"Recording:01m0jjgxjbje7argkx505zcd45","request_id":"6bbb491d-9850-4f70-8506-5c508a4f22f4"} 
[2026-08-21 22:15:08] local.INFO: payment.proof_viewed {"audit_id":"01m0jjh22xdmne53z8mt65p521","actor_id":"01m09q7tnv5crbr4xt5e70pdcy","target":"Payment:01m0ej74t10pjg9csy75wj4he6","request_id":"0f90ece2-5b16-4a76-a557-fc466859d11a"} 
[2026-08-21 22:15:12] local.INFO: payment.proof_viewed {"audit_id":"01m0jjh5xztkbggv2wskcck68b","actor_id":"01m09q7tnv5crbr4xt5e70pdcy","target":"Payment:01m09y24czrt5azxw1t7txdsmh","request_id":"fac297f2-723d-4d36-b20d-5349a364d787"} 
[2026-08-21 22:17:46] local.INFO: auth.logged_in {"audit_id":"01m0jjnwk45xw0ewpgjf54z9p7","actor_id":"01m09q7twwana37bsa40edjnt8","target":"User:01m09q7twwana37bsa40edjnt8","request_id":"de753fca-3dd2-4384-b5b7-455ae383b834"} 
[2026-08-21 22:21:59] testing.INFO: account.password_changed {"audit_id":"01m0jjxk4ne2et8ktsjce4c9bp","actor_id":"01m0jjxk20pwtcczk428htvjay","target":"User:01m0jjxk20pwtcczk428htvjay","request_id":"87d8a6e5-522b-4a4d-b1a7-89098e0bbecd"} 
[2026-08-21 22:21:59] testing.INFO: account.password_changed {"audit_id":"01m0jjxkaeg8q027cxaf7bdmh4","actor_id":"01m0jjxk9wrhawpwvnbhdzrx66","target":"User:01m0jjxk9wrhawpwvnbhdzrx66","request_id":"eba0e844-47a3-4797-9d57-fe1f5e3bf94b"} 
[2026-08-21 22:21:59] testing.INFO: account.two_factor_enabled {"audit_id":"01m0jjxkf8ryqhdqrw4sce6zb7","actor_id":"01m0jjxkema03tm9makrm9j6ws","target":"User:01m0jjxkema03tm9makrm9j6ws","request_id":"5d75493f-59bd-46fa-8634-fce943a6d834"} 
[2026-08-21 22:21:59] testing.INFO: account.sessions_revoked {"audit_id":"01m0jjxkk2hr5f57e5wxdypfyq","actor_id":"01m0jjxkjpn25nn85deqc85mg3","target":"User:01m0jjxkjpn25nn85deqc85mg3","request_id":"7c91c63d-f269-4769-a89b-a9d1090fef2b"} 
[2026-08-21 22:21:59] testing.INFO: settings.updated {"audit_id":"01m0jjxkqppxy3n7t23bkv07ka","actor_id":"01m0jjxkptbk4jkd5j62j8wwt6","target":":","request_id":"5223f91b-9d87-4047-9ab2-0c2c56061a98"} 
[2026-08-21 22:22:00] testing.INFO: settings.updated {"audit_id":"01m0jjxkzsd9g0pym655fcjrr0","actor_id":"01m0jjxkzay8nnt0gzaxajp0p2","target":":","request_id":"1fb028c3-566c-48d4-a3dc-0e8db9f33d8c"} 
[2026-08-21 22:22:00] testing.INFO: role.updated {"audit_id":"01m0jjxm7r7ycb5cxby9cbqehj","actor_id":"01m0jjxm74pxfvva7vprxxbeb4","target":"Role:01m0jjxm5gawpqm4wkr01j3kkp","request_id":"8350af16-408c-4a47-937b-868401dffa64"} 
[2026-08-21 22:22:00] testing.INFO: settings.payment_method_qr_updated {"audit_id":"01m0jjxmck636kkn74319ywt0v","actor_id":"01m0jjxmb9g8qqk0ea9qj4w5se","target":"PaymentMethod:01m0jjxmb3pn9mx5ybtmjt4njq","request_id":"f15dfdbf-7294-48c2-a59b-c43432e9e9b0"} 
[2026-08-21 22:22:00] testing.INFO: settings.payment_method_qr_removed {"audit_id":"01m0jjxmcv48w8ns3904sdtnxn","actor_id":"01m0jjxmb9g8qqk0ea9qj4w5se","target":"PaymentMethod:01m0jjxmb3pn9mx5ybtmjt4njq","request_id":"b1c23bfe-deec-4119-9883-4b790d12ca4f"} 
[2026-08-21 22:22:00] testing.INFO: settings.updated {"audit_id":"01m0jjxmmh5qyrgthmx21hv4vq","actor_id":"01m0jjxmm582aq4swfn4nnmd67","target":":","request_id":"07f6e137-5b0d-4ef1-baae-0e2196eeb301"} 
[2026-08-21 22:22:00] testing.INFO: faq.created {"audit_id":"01m0jjxms6807b87q5nca68yxx","actor_id":"01m0jjxmrnndnw2vpjjpfd4y7b","target":"Faq:01m0jjxms5x9avcw56cg07xtb6","request_id":"934d563f-926a-4de3-a351-2dade5404af8"} 
[2026-08-21 22:22:00] testing.INFO: faq.updated {"audit_id":"01m0jjxmsfq16s5v5wb6kf236j","actor_id":"01m0jjxmrnndnw2vpjjpfd4y7b","target":"Faq:01m0jjxms5x9avcw56cg07xtb6","request_id":"2c3ac447-f1c6-49df-aa56-adc82548fdef"} 
[2026-08-21 22:22:00] testing.INFO: faq.deleted {"audit_id":"01m0jjxmsxvsnqmhknacg90csk","actor_id":"01m0jjxmrnndnw2vpjjpfd4y7b","target":"Faq:01m0jjxms5x9avcw56cg07xtb6","request_id":"71c0d2dc-8076-46f0-84f3-d23694644c0e"} 
[2026-08-21 22:22:01] testing.INFO: attempt.started {"audit_id":"01m0jjxn5k95rms8g9eqvb5cyt","actor_id":"01m0jjxn4yd0ghdpk908zztt9e","target":"TestAttempt:01m0jjxn5j6bgs2kr5xtqnc50n","request_id":"3add5946-a7dd-46f5-b2f9-84356b63148a"} 
[2026-08-21 22:22:01] testing.INFO: attempt.started {"audit_id":"01m0jjxnda2zmaj73qdce6qpvk","actor_id":"01m0jjxncx5jwg5y41x1xxtx90","target":"TestAttempt:01m0jjxnd92qg5xmfyc1axmw6w","request_id":"11f8fcf0-977a-4a04-a191-6600733c82aa"} 
[2026-08-21 22:22:01] testing.INFO: attempt.started {"audit_id":"01m0jjxndkbsj1qa1rxw2fc07v","actor_id":"01m0jjxncx5jwg5y41x1xxtx90","target":"TestAttempt:01m0jjxnd92qg5xmfyc1axmw6w","request_id":"9581fe73-0f38-492c-a799-7aab74a3af5f"} 
[2026-08-21 22:22:01] testing.INFO: attempt.started {"audit_id":"01m0jjxnhac733qmc1xr2j0jn7","actor_id":"01m0jjxngx50pxekrhdwk4yvr2","target":"TestAttempt:01m0jjxnh9h2se2gfpf0n3c2zq","request_id":"0b7eb230-0d3d-4c87-ac64-37acf7e95916"} 
[2026-08-21 22:22:01] testing.INFO: attempt.started {"audit_id":"01m0jjxnnsjayvcna3wfabzht8","actor_id":"01m0jjxnnaaj0sazk62dbvcjjb","target":"TestAttempt:01m0jjxnnra8fvx7c3j496xveq","request_id":"f456c018-943f-428d-924f-77e1bf1ee51b"} 
[2026-08-21 22:22:01] testing.INFO: attempt.submitted {"audit_id":"01m0jjxnpdaxn9bhfx8nb0yegd","actor_id":"01m0jjxnnaaj0sazk62dbvcjjb","target":"TestAttempt:01m0jjxnnra8fvx7c3j496xveq","request_id":"87e134bd-8676-4cfc-8381-53d9f70b9984"} 
[2026-08-21 22:22:02] testing.INFO: auth.logged_in {"audit_id":"01m0jjxnzv48z2tsqatbzpaehw","actor_id":"01m0jjxnzefbh35sj4n36wz8tq","target":"User:01m0jjxnzefbh35sj4n36wz8tq","request_id":"f46019da-3ede-42ba-a2a5-539571b09667"} 
[2026-08-21 22:22:02] testing.INFO: auth.logged_out {"audit_id":"01m0jjxp05e5tgkjnbqr0gs8d1","actor_id":"01m0jjxnzefbh35sj4n36wz8tq","target":"User:01m0jjxnzefbh35sj4n36wz8tq","request_id":"b44a9a8e-e028-4467-9f25-f9b90847e71c"} 
[2026-08-21 22:22:02] testing.INFO: auth.logged_in {"audit_id":"01m0jjxp0ay1bngdvh9g67hywq","actor_id":"01m0jjxnzefbh35sj4n36wz8tq","target":"User:01m0jjxnzefbh35sj4n36wz8tq","request_id":"899bdc98-3d13-41bc-8451-b9b3f38c2962"} 
[2026-08-21 22:22:02] testing.INFO: auth.account_locked {"audit_id":"01m0jjxp88486ys6t1ehgxa6mz","actor_id":"01m0jjxp7f4qcpxpq4yx1q9q3e","target":"User:01m0jjxp7f4qcpxpq4yx1q9q3e","request_id":"96f25539-f010-44e9-8e31-d71d56d6fde3"} 
[2026-08-21 22:22:02] testing.INFO: auth.password_changed {"audit_id":"01m0jjxpcgbk8zngy2newkak1y","actor_id":"01m0jjxpc0r2xkfxd12vtj03gg","target":"User:01m0jjxpc0r2xkfxd12vtj03gg","request_id":"b3818118-4e47-4900-84cf-06482757507a"} 
[2026-08-21 22:22:02] testing.INFO: account.profile_updated {"audit_id":"01m0jjxpfzem1fmd5mzarhef7j","actor_id":"01m0jjxpfpb7rskv2vwb9633r8","target":"User:01m0jjxpfpb7rskv2vwb9633r8","request_id":"dcc9b421-174e-473c-a4a6-5c6a88b6ca07"} 
[2026-08-21 22:22:02] testing.INFO: course.updated {"audit_id":"01m0jjxpr1p840kje9bkrfvjav","actor_id":"01m0jjxpqbce60psqgz51bevrs","target":"Course:01m0jjxpqe5zvb9cjhy6hqcs20","request_id":"b7474339-e76c-492d-8f2d-c3ab860ba4ee"} 
[2026-08-21 22:22:02] testing.INFO: course.updated {"audit_id":"01m0jjxpwkkvkqzn4d2cn758cq","actor_id":"01m0jjxpw3k1ar1n3s2neaf1gm","target":"Course:01m0jjxpw5zftfnt3bhw8777mc","request_id":"d87c5eef-a879-4c5b-96ba-57e58b4ff80b"} 
[2026-08-21 22:22:03] testing.INFO: course.thumbnail_updated {"audit_id":"01m0jjxq0pa8hk0gxtsy1ddwk6","actor_id":"01m0jjxpzxjk1hvezkasg4cjs5","target":"Course:01m0jjxpzz70e7k3b1pz86z8qm","request_id":"618ffdb6-e8df-4343-95e4-d2837a0b7269"} 
[2026-08-21 22:22:03] testing.INFO: course.thumbnail_updated {"audit_id":"01m0jjxq164nymj4pv0407dk3j","actor_id":"01m0jjxpzxjk1hvezkasg4cjs5","target":"Course:01m0jjxpzz70e7k3b1pz86z8qm","request_id":"341a332d-5995-4ec7-a5e3-76b2236245a5"} 
[2026-08-21 22:22:03] testing.INFO: course.thumbnail_updated {"audit_id":"01m0jjxq5894ebxv7rehrqpsy4","actor_id":"01m0jjxq4n5hy9w8tr5fek6ee5","target":"Course:01m0jjxq4q46yntqe8rjt578vf","request_id":"0d8d1f8d-08cb-443c-ba2b-0355cf2ad378"} 
[2026-08-21 22:22:03] testing.INFO: course.thumbnail_removed {"audit_id":"01m0jjxq5jewacmwgcq58wbv82","actor_id":"01m0jjxq4n5hy9w8tr5fek6ee5","target":"Course:01m0jjxq4q46yntqe8rjt578vf","request_id":"69d2f53a-ff28-40f1-a3d2-ad3753c87169"} 
[2026-08-21 22:22:03] testing.INFO: course.thumbnail_updated {"audit_id":"01m0jjxq9vmp77exf613dz4sk5","actor_id":"01m0jjxq8zp0yt64yyedgqdyag","target":"Course:01m0jjxq913dc46219p3mg6cev","request_id":"b8c1ad96-247b-48bb-8f3f-88491a477559"} 
[2026-08-21 22:22:04] testing.INFO: payment.approved {"audit_id":"01m0jjxr1290btssfzq7n9tbd9","actor_id":"01m0jjxqnhbz0re4m8mahcfc8y","target":"Payment:01m0jjxqnq9zqb540aff5z4yvv","request_id":"91c228a7-ec1b-4835-b755-775fa07da758"} 
[2026-08-21 22:22:04] testing.INFO: auth.logged_in {"audit_id":"01m0jjxrasnxqx7kwah55pa1rh","actor_id":"01m0jjxraeaqg8g44v8ar8wkvm","target":"User:01m0jjxraeaqg8g44v8ar8wkvm","request_id":"2dccb35f-0a41-4e11-9237-e2a9a7b5d6a6"} 
[2026-08-21 22:22:04] testing.INFO: auth.logged_out {"audit_id":"01m0jjxrb1hkjtxz2dg1v2jhqa","actor_id":"01m0jjxraeaqg8g44v8ar8wkvm","target":"User:01m0jjxraeaqg8g44v8ar8wkvm","request_id":"2eb0b4f7-dffa-4a9c-a510-10d017bb928b"} 
[2026-08-21 22:22:04] testing.INFO: auth.logged_in {"audit_id":"01m0jjxrb73jb81n2bsag5fz1z","actor_id":"01m0jjxraeaqg8g44v8ar8wkvm","target":"User:01m0jjxraeaqg8g44v8ar8wkvm","request_id":"6a80ddd6-ac4e-42d7-aa78-deb67de124e1"} 
[2026-08-21 22:22:04] testing.INFO: auth.logged_in {"audit_id":"01m0jjxresevyc4km4vys65v0n","actor_id":"01m0jjxregnjsyg6nkcdkm4csq","target":"User:01m0jjxregnjsyg6nkcdkm4csq","request_id":"bf22cac5-a173-4d35-a5f6-bedddf49e591"} 
[2026-08-21 22:22:04] testing.INFO: user.devices_reset {"audit_id":"01m0jjxrjqf5khy8jmv26hqdb0","actor_id":"01m0jjxrj2m6cggjfqqm8gpnfd","target":"User:01m0jjxrj5rams26nsj2az4106","request_id":"f9e3b5fe-f592-445a-8935-5ce64e669a9c"} 
[2026-08-21 22:22:05] testing.INFO: settings.updated {"audit_id":"01m0jjxs27bde20vte8c1sd80r","actor_id":"01m0jjxs1xbz3pegns76s253gd","target":":","request_id":"1951fc3b-6f5a-4ac5-abcb-374ded16a696"} 
[2026-08-21 22:22:05] testing.INFO: settings.updated {"audit_id":"01m0jjxs672phqhfv3d7tzrbqq","actor_id":"01m0jjxs5wa5azsq1s6dx76zcn","target":":","request_id":"c1952394-b0e8-4fba-a83f-92bd1767cb5e"} 
[2026-08-21 22:22:05] testing.INFO: settings.updated {"audit_id":"01m0jjxs6h8y5gz2xw17tf1dnm","actor_id":"01m0jjxs5wa5azsq1s6dx76zcn","target":":","request_id":"843709ea-ba7a-4e0c-b39e-b598074eb43c"} 
[2026-08-21 22:22:05] testing.INFO: settings.institution_logo_updated {"audit_id":"01m0jjxse7y2ecchevvkxd22xn","actor_id":"01m0jjxsdr3q7c49536nxa5az2","target":":","request_id":"e89a4a5f-b605-4f6a-a3d5-50438d6e3e3a"} 
[2026-08-21 22:22:05] testing.INFO: settings.institution_logo_updated {"audit_id":"01m0jjxseptenkb2wv3qa449nj","actor_id":"01m0jjxsdr3q7c49536nxa5az2","target":":","request_id":"05e2634b-8100-4a46-a36c-fb0429253bd5"} 
[2026-08-21 22:22:05] testing.INFO: settings.institution_logo_removed {"audit_id":"01m0jjxsey9mx58vkf75s5d7yt","actor_id":"01m0jjxsdr3q7c49536nxa5az2","target":":","request_id":"bec5ed97-cc24-425a-b096-d30a0773225e"} 
[2026-08-21 22:22:05] testing.INFO: settings.institution_favicon_updated {"audit_id":"01m0jjxsjkeaj1azhmtqba04q8","actor_id":"01m0jjxsj7d4ejf83r0ajcwvqw","target":":","request_id":"0e3af905-e1f1-43b3-b849-8ac43932e45d"} 
[2026-08-21 22:22:05] testing.INFO: settings.updated {"audit_id":"01m0jjxspj9xwahnrnf2xj53rf","actor_id":"01m0jjxsp7p9qj8175qry9baqd","target":":","request_id":"8af22430-c7c9-42ba-bfb1-8fb1845635a4"} 
[2026-08-21 22:22:06] testing.INFO: auth.logged_in {"audit_id":"01m0jjxt9zards4240x7t6z6s6","actor_id":"01m0jjxt9hw357rbkr8vgkqdq2","target":"User:01m0jjxt9hw357rbkr8vgkqdq2","request_id":"2984a354-4bbe-41aa-a5e3-03395f658080"} 
[2026-08-21 22:22:06] testing.INFO: auth.login_blocked_suspended {"audit_id":"01m0jjxtj8pkjm5n4veq2xychz","actor_id":"01m0jjxthzh46dgt3hd71d392b","target":"User:01m0jjxthzh46dgt3hd71d392b","request_id":"cafb8969-ff83-4a54-858f-0fd5ed0fb6f2"} 
[2026-08-21 22:22:06] testing.INFO: auth.logged_out {"audit_id":"01m0jjxts28yb82nhrddmxme24","actor_id":"01m0jjxtrtphdw8m9hj8g95czm","target":"User:01m0jjxtrtphdw8m9hj8g95czm","request_id":"718ad08b-1546-46f8-9264-1d5f6c7cddbc"} 
[2026-08-21 22:22:07] testing.INFO: auth.logged_in {"audit_id":"01m0jjxtwxrb54x59dvfmsmvpq","actor_id":"01m0jjxtwkbyrcbqwrgg5crwkx","target":"User:01m0jjxtwkbyrcbqwrgg5crwkx","request_id":"7f70e75e-bcef-4e5c-9ef0-ce7da67d0bec"} 
[2026-08-21 22:22:07] testing.INFO: payment.approved {"audit_id":"01m0jjxv7s53vyb3cjj8dea61e","actor_id":"01m0jjxv0w8fje2a2ztt1523qm","target":"Payment:01m0jjxv0y41w9hmt737y4nn9r","request_id":"a965ed06-1f91-449c-bf4f-403e3cb068fc"} 
[2026-08-21 22:22:07] testing.INFO: payment.approved {"audit_id":"01m0jjxvjd73bc5qh43435jv4z","actor_id":"01m0jjxvbe64r2zn9t7fw0fygx","target":"Payment:01m0jjxvbfa8zk90yxv1ekvvfh","request_id":"13a71109-b38a-458f-b751-1ec024f40a87"} 
[2026-08-21 22:22:08] testing.INFO: payment.approved {"audit_id":"01m0jjxw1g6cpr9btdvwfg853h","actor_id":"01m0jjxvtt1rfbj3ywzfc6fr8f","target":"Payment:01m0jjxvtwp8qqbf3pp96wcy9z","request_id":"ce09e2eb-a6e6-4c87-a399-1e7477c2eed9"} 
[2026-08-21 22:22:08] testing.INFO: payment.rejected {"audit_id":"01m0jjxw5sj926mb45ak2h3782","actor_id":"01m0jjxw59dag4re9vzh6rcsc4","target":"Payment:01m0jjxw5bw0yxbp6ftjq2mbtt","request_id":"92c9db36-fbef-4e64-b01f-e00c44ed50fc"} 
[2026-08-21 22:22:08] testing.INFO: refund.recorded {"audit_id":"01m0jjxwh3pk8q7ft1dcnga0tc","actor_id":"01m0jjxwgdsf0ktbzbnss2n23z","target":"Refund:01m0jjxwh16zsfmckgpbwxa0fw","request_id":"321c78fd-b037-483b-a2b6-f51e02ea2dea"} 
[2026-08-21 22:22:08] testing.INFO: refund.processed {"audit_id":"01m0jjxwhqj50tkb0yvmm32b8s","actor_id":"01m0jjxwgghcy66016j9ht8evk","target":"Refund:01m0jjxwh16zsfmckgpbwxa0fw","request_id":"6467dfac-9fc2-4685-8c0d-08e124df573a"} 
[2026-08-21 22:22:10] testing.INFO: user.suspend {"audit_id":"01m0jjxyf7zajtbmfh801je258","actor_id":"01m0jjxyedfpkf905ga4xrvrjs","target":"User:01m0jjxyejjf0cn5eretn1tvd0","request_id":"cee16028-47ec-4ab2-b2eb-94038ec1acd3"} 
[2026-08-21 22:22:10] testing.INFO: user.archived {"audit_id":"01m0jjxykpp2awx86j55tva3sq","actor_id":"01m0jjxyjnedvvhg2584pvnwmx","target":"User:01m0jjxyjw5whmn6s1ac18ggsc","request_id":"d9b91557-30e4-4ef8-8155-db59717265f9"} 
[2026-08-21 22:22:11] testing.INFO: user.archived {"audit_id":"01m0jjxyr6h51akgax2710ev3r","actor_id":"01m0jjxyqzmacsaey028znkqgw","target":"User:01m0jjxyqhqhka1arwmyfqsnhd","request_id":"41cf8bc6-3775-454a-bda2-281f025f4c06"} 
[2026-08-21 22:22:11] testing.INFO: user.updated {"audit_id":"01m0jjxyvyqkkm3aq62yx28tj8","actor_id":"01m0jjxyvjgz2be8j1r81ps6kf","target":"User:01m0jjxyvmxddb6zqpma28f28h","request_id":"7b53870c-0693-4ce0-8205-060b6e0cd002"} 
[2026-08-21 22:22:11] testing.INFO: test.published {"audit_id":"01m0jjxzd3zazbrj2cv152jhja","actor_id":"01m0jjxzc7kwtmn2g9dgjajw30","target":"Test:01m0jjxzcbhk3rmraxba94jb79","request_id":"9cc2a1c4-bf3a-4c85-a2f1-e6b698ec3623"} 
[2026-08-21 22:22:11] testing.INFO: course.thumbnail_updated {"audit_id":"01m0jjxznd5y6qxvre7j71nptj","actor_id":"01m0jjxzmsy2f5amk9aasbgnc6","target":"Course:01m0jjxzmv8f7zg0s4m7xef1tk","request_id":"e6099a97-80ba-44a7-b8fe-258cba8f52da"} 
[2026-08-21 22:22:12] testing.INFO: course.updated {"audit_id":"01m0jjxzs8vg4kdh9q69fj336p","actor_id":"01m0jjxzrrjbhx90zc4prwa89j","target":"Course:01m0jjxzrtz2h6a1388ygsyecq","request_id":"bef5c708-a70a-46db-af3c-efc568273fc6"} 
[2026-08-21 22:22:12] testing.INFO: settings.payment_method_qr_updated {"audit_id":"01m0jjxzx87jqbzgtsrcf8bg3y","actor_id":"01m0jjxzwsn7qzt03k465kcpsc","target":"PaymentMethod:01m0jjxzwnj3cdy03d524e0s3d","request_id":"c2640c50-5ab7-4b13-8445-a56dc9810317"} 
[2026-08-21 22:22:12] testing.INFO: settings.institution_logo_updated {"audit_id":"01m0jjy010m3pj6d61ahk91azq","actor_id":"01m0jjy00gkhhd27r2590jawyf","target":":","request_id":"cb48bdce-7e2d-4a22-9d51-976975c3df88"} 
[2026-08-21 22:22:14] testing.INFO: payment.submitted {"audit_id":"01m0jjy1tfesar7da76kdyamyw","actor_id":"01m0jjy1rstc9tc42ahkhsjczy","target":"Payment:01m0jjy1tddkkcs0qvqnc374pb","request_id":"c938d8fc-1075-48cc-ac80-48d6aded5260"} 
[2026-08-21 22:22:14] testing.INFO: payment.approved_at_capture {"audit_id":"01m0jjy21eb1gt21t4y54xmvme","actor_id":"01m0jjy1rstc9tc42ahkhsjczy","target":"Payment:01m0jjy1tddkkcs0qvqnc374pb","request_id":"c938d8fc-1075-48cc-ac80-48d6aded5260"} 
[2026-08-21 22:22:14] testing.INFO: payment.submitted {"audit_id":"01m0jjy26sqhasqwnkmhtpwb28","actor_id":"01m0jjy25r5kx5mk4apbwz08ks","target":"Payment:01m0jjy26q164r2g15gjestkqx","request_id":"07521550-1195-4bda-b768-87f5f263b3fe"} 
[2026-08-21 22:22:14] testing.INFO: payment.approved {"audit_id":"01m0jjy2dkgbcc5p5334vxc22j","actor_id":"01m0jjy25th1nk8ek77n6s9eyq","target":"Payment:01m0jjy26q164r2g15gjestkqx","request_id":"8e746a56-a41c-4fad-acbc-46d3a8884f59"} 
[2026-08-21 22:22:14] testing.INFO: payment.submitted {"audit_id":"01m0jjy2jt97ec8ngcfe8jwg5m","actor_id":"01m0jjy2hxa3nt12tcxyj9bj6h","target":"Payment:01m0jjy2jszxxf1y0p1fectyy8","request_id":"ac6d44c6-b5b8-4f8e-979d-503a06ffc54d"} 
[2026-08-21 22:22:15] testing.INFO: payment.approved_at_capture {"audit_id":"01m0jjy2s65me86tj162k6ep2h","actor_id":"01m0jjy2hxa3nt12tcxyj9bj6h","target":"Payment:01m0jjy2jszxxf1y0p1fectyy8","request_id":"ac6d44c6-b5b8-4f8e-979d-503a06ffc54d"} 
[2026-08-21 22:22:15] testing.INFO: payment.submitted {"audit_id":"01m0jjy2swr1s80y9dv5q7ak23","actor_id":"01m0jjy2hxa3nt12tcxyj9bj6h","target":"Payment:01m0jjy2stvb85k2qn11e2em3y","request_id":"8c8d2f65-f27e-45ce-8a71-937cc3cfd394"} 
[2026-08-21 22:22:15] testing.INFO: payment.approved {"audit_id":"01m0jjy30qwn5paeht72yxtzsx","actor_id":"01m0jjy2hz2x57jk2qpk1sw1eq","target":"Payment:01m0jjy2stvb85k2qn11e2em3y","request_id":"b031a6cd-4011-4772-a3ae-3840c2c10750"} 
[2026-08-21 22:22:15] testing.INFO: course.created {"audit_id":"01m0jjy35a6pf0cfarbjfz9d0k","actor_id":"01m0jjy34q0nefagh67qbkf9cs","target":"Course:01m0jjy358485p2xbybv73hdbv","request_id":"545ead1d-4bc0-4a09-bc84-e38226071e1d"} 
[2026-08-21 22:22:15] testing.INFO: category.created {"audit_id":"01m0jjy39fmrkmchd3bgmmx9tw","actor_id":"01m0jjy38jejgqg026ae90g3ek","target":"Category:01m0jjy39e0j87g8wn9dgmaxpc","request_id":"f59b3e7f-e8e9-4421-bcde-6457e0b18333"} 
[2026-08-21 22:22:15] testing.INFO: syllabus.updated {"audit_id":"01m0jjy3dafcm4bwj1y6rdvhdr","actor_id":"01m0jjy3cs776jtem9b6xqap1x","target":"Course:01m0jjy3ctvwvwd9a9vjkhhczj","request_id":"b72b7308-5469-4f7a-8cec-355f04bec580"} 
[2026-08-21 22:22:15] testing.INFO: export.generated {"audit_id":"01m0jjy3h457y65h0myt4spmrs","actor_id":"01m0jjy3gkyzb8h42rn2wbbttz","target":":","request_id":"d212a1f6-8c37-41e6-a6cb-51e7b4ddad93"} 
[2026-08-21 22:22:17] testing.INFO: payment.approved {"audit_id":"01m0jjy4kv6qbbzxjhzmqg5qy3","actor_id":"01m0jjy4d3jw9w0m4ssfpp9xrc","target":"Payment:01m0jjy4d51vtx7gvqnvkk5xs1","request_id":"46e2503b-64d8-4ae7-8684-e671c38c6de2"} 
[2026-08-21 22:22:17] testing.INFO: recording.deleted {"audit_id":"01m0jjy5c6tmx0s7m1kfh6n2bb","actor_id":"01m0jjy5bh1yn9wxje3n7bjmhr","target":"Recording:01m0jjy5bkkp1ywm0z0bmp0hee","request_id":"cceb1182-86e6-4d28-9436-f307e01f34e5"} 
