[2026-08-25 16:23:49] local.INFO: auth.registered {"audit_id":"01m0w80mqnzfat3m70ea5mkjyc","actor_id":"01m0w80mgvgm0gqjg39524x98x","target":"User:01m0w80mgvgm0gqjg39524x98x","request_id":"f7b4f599-9c30-4a1c-afae-ec902aabe8c3"} 
[2026-08-25 16:24:29] local.INFO: auth.logged_out {"audit_id":"01m0w81w2b531zs5zam1j2cnwp","actor_id":"01m0w80mgvgm0gqjg39524x98x","target":"User:01m0w80mgvgm0gqjg39524x98x","request_id":"8a9b521d-21a2-464d-8b8f-8661c52f9f89"} 
[2026-08-25 16:24:34] local.INFO: auth.logged_in {"audit_id":"01m0w820v4rv2rkdpgd8e09vn0","actor_id":"01m09q7kvqfnm27cyeyww19n7h","target":"User:01m09q7kvqfnm27cyeyww19n7h","request_id":"b593836d-a7e2-412f-8ffe-3e71124dd2a5"} 
[2026-08-25 16:25:00] local.INFO: attendance.finalized {"audit_id":"01m0w82tnpfkt8gt3eqtyemvzd","actor_id":"01m09q7kvqfnm27cyeyww19n7h","target":"ClassSession:01m09xznj5kr5q48spzxmvwwne","request_id":"6b3a7573-134f-4842-bdfd-1d5afd5b3cf0"} 
[2026-08-25 16:25:16] local.INFO: payment.proof_viewed {"audit_id":"01m0w83ah3xe4xgn1bq0xbkgpg","actor_id":"01m09q7kvqfnm27cyeyww19n7h","target":"Payment:01m0ej74t10pjg9csy75wj4he6","request_id":"cc4db6e9-539f-435c-a3bc-fef1426bf0b1"} 
[2026-08-25 16:25:20] local.INFO: payment.proof_viewed {"audit_id":"01m0w83drwmzz75v9z0tw0zn01","actor_id":"01m09q7kvqfnm27cyeyww19n7h","target":"Payment:01m0ej74t10pjg9csy75wj4he6","request_id":"a1470b13-c0ea-4215-b261-3efd37e29e30"} 
[2026-08-25 16:26:52] local.INFO: payment.proof_viewed {"audit_id":"01m0w8688n3ke93nzy4depn7ky","actor_id":"01m09q7kvqfnm27cyeyww19n7h","target":"Payment:01m09y24czrt5azxw1t7txdsmh","request_id":"e8f134c2-6858-429c-839d-396289b2fa0e"} 
[2026-08-25 16:27:15] local.INFO: course.updated {"audit_id":"01m0w86yp1qs3zyafzzcavs55c","actor_id":"01m09q7kvqfnm27cyeyww19n7h","target":"Course:01m0ehxkgmh3b5r7n2jbck5f4f","request_id":"acb3efa6-38a3-4b81-b404-425912037c79"} 
[2026-08-25 16:29:17] local.INFO: recording.created {"audit_id":"01m0w8an62fqhnhbmmw5ygaa8s","actor_id":"01m09q7kvqfnm27cyeyww19n7h","target":"Recording:01m0w8an5ncv151sdahfhk6482","request_id":"393fa76f-ee43-4edd-ab34-43c0a076aa28"} 
[2026-08-25 16:29:50] local.INFO: course.thumbnail_updated {"audit_id":"01m0w8bnz8v56m63n752nbc783","actor_id":"01m09q7kvqfnm27cyeyww19n7h","target":"Course:01m0ehxkgmh3b5r7n2jbck5f4f","request_id":"73114d8e-ff5d-42b3-9afa-99c060a8e5d6"} 
[2026-08-25 16:30:28] local.INFO: course.updated {"audit_id":"01m0w8ctapn01k53xn3th6dg76","actor_id":"01m09q7kvqfnm27cyeyww19n7h","target":"Course:01m0ehxkgmh3b5r7n2jbck5f4f","request_id":"b4775ddf-9316-434f-9f75-26da4e239ad7"} 
[2026-08-25 16:30:35] local.INFO: course.thumbnail_updated {"audit_id":"01m0w8d1x445nhbcpc5hvsx6rn","actor_id":"01m09q7kvqfnm27cyeyww19n7h","target":"Course:01m0ehxkgmh3b5r7n2jbck5f4f","request_id":"4606d343-4e91-4511-a81d-1dfd41983d18"} 
[2026-08-25 16:31:26] local.INFO: payment.proof_viewed {"audit_id":"01m0w8ekwmv9f6fss7pps6h2qg","actor_id":"01m09q7kvqfnm27cyeyww19n7h","target":"Payment:01m0ej74t10pjg9csy75wj4he6","request_id":"72923b5f-f3b1-4c37-b906-743a0adb9808"} 
[2026-08-25 16:31:33] local.INFO: auth.logged_out {"audit_id":"01m0w8eswdd7ey5errre2msz91","actor_id":"01m09q7kvqfnm27cyeyww19n7h","target":"User:01m09q7kvqfnm27cyeyww19n7h","request_id":"fa63f6d1-7f10-49cf-8dd1-43e58ee2b070"} 
[2026-08-25 16:31:48] local.INFO: auth.logged_in {"audit_id":"01m0w8f96xnkamzhnbc0b95emj","actor_id":"01m09q7v3xq02bgadbj9an0w3q","target":"User:01m09q7v3xq02bgadbj9an0w3q","request_id":"2aace3b4-03d8-4ee2-ab12-e8fffb71ecee"} 
[2026-08-25 17:14:22] testing.INFO: auth.registered {"audit_id":"01m0wax7dd6fdam5vn37ddaytd","actor_id":"01m0wax7daa0gbzxryrfe23ax8","target":"User:01m0wax7daa0gbzxryrfe23ax8","request_id":"a8438afc-e861-4bb0-896d-80b24080006f"} 
[2026-08-25 17:14:24] testing.INFO: auth.logged_in {"audit_id":"01m0wax8h2dmt04hb0vw548v04","actor_id":"01m0wax8gqfhaet2dksyqmgvzn","target":"User:01m0wax8gqfhaet2dksyqmgvzn","request_id":"42ab62fe-ae96-4d6f-8d20-be86c31da87d"} 
[2026-08-25 17:14:24] testing.INFO: auth.logged_out {"audit_id":"01m0wax8h9ysby8g3jdvh2qz98","actor_id":"01m0wax8gqfhaet2dksyqmgvzn","target":"User:01m0wax8gqfhaet2dksyqmgvzn","request_id":"b9797ee3-a537-40e2-9521-e419a36894b0"} 
[2026-08-25 17:14:24] testing.INFO: auth.logged_in {"audit_id":"01m0wax8hf5490bfex222hyd4g","actor_id":"01m0wax8gqfhaet2dksyqmgvzn","target":"User:01m0wax8gqfhaet2dksyqmgvzn","request_id":"d15fa69e-e953-4aeb-b7bb-301b7cbead75"} 
[2026-08-25 17:14:24] testing.INFO: auth.account_locked {"audit_id":"01m0wax8rcmdybdvygyqpaq789","actor_id":"01m0wax8qn9xdrbrckt5zzdywd","target":"User:01m0wax8qn9xdrbrckt5zzdywd","request_id":"75b1546f-b790-43ab-949f-205484998032"} 
[2026-08-25 17:14:24] testing.INFO: auth.password_changed {"audit_id":"01m0wax8wm1twnp89f4ywbpm9c","actor_id":"01m0wax8w6jpt78jyhqrv9cxr6","target":"User:01m0wax8w6jpt78jyhqrv9cxr6","request_id":"5dd0827e-8929-47d2-9894-2d54ecd0d082"} 
[2026-08-25 17:14:24] testing.INFO: account.profile_updated {"audit_id":"01m0wax8zxd43ddqh76nqpt5pw","actor_id":"01m0wax8zjqgh0mzkx73hd4hh3","target":"User:01m0wax8zjqgh0mzkx73hd4hh3","request_id":"3f586a90-4ff5-4522-996f-d21fc349158e"} 
[2026-08-25 17:14:33] testing.INFO: account.password_changed {"audit_id":"01m0waxj2hpk1fsg2eca6pymqf","actor_id":"01m0waxhx43vk3tmbfr3287afp","target":"User:01m0waxhx43vk3tmbfr3287afp","request_id":"146222ca-77c9-4294-8f0a-d34a79dd8225"} 
[2026-08-25 17:14:33] testing.INFO: account.password_changed {"audit_id":"01m0waxj6jhe1ea26xpkwyss6p","actor_id":"01m0waxj65hs2kkamm6b6v12yg","target":"User:01m0waxj65hs2kkamm6b6v12yg","request_id":"9b42dfa4-2bde-40ff-9d54-d742e84f78cc"} 
[2026-08-25 17:14:34] testing.INFO: account.two_factor_enabled {"audit_id":"01m0waxjbfm91h6cman4ret114","actor_id":"01m0waxj9mp8n88eqwx7xbzsxv","target":"User:01m0waxj9mp8n88eqwx7xbzsxv","request_id":"1145555a-fa83-4d90-9d31-88b97d731e54"} 
[2026-08-25 17:14:34] testing.INFO: account.sessions_revoked {"audit_id":"01m0waxjjepnmacj7xskr7pdjp","actor_id":"01m0waxjj3g62493zs71e62e5h","target":"User:01m0waxjj3g62493zs71e62e5h","request_id":"475a67e8-62dc-45bb-9c96-e47ba40cf5bb"} 
[2026-08-25 17:14:34] testing.INFO: settings.updated {"audit_id":"01m0waxjp17g6bjgztk2zmqz4p","actor_id":"01m0waxjnf4eh52my41k9vkqng","target":":","request_id":"5e28cb24-b5f7-4c8c-ae3a-d02c67fa18ee"} 
[2026-08-25 17:14:34] testing.INFO: settings.updated {"audit_id":"01m0waxjxzkg8hgwtqht4m145t","actor_id":"01m0waxjxp2jbfbr9pjatp2pre","target":":","request_id":"08eb9388-71a1-4a6a-a6d6-8537a15bfd01"} 
[2026-08-25 17:14:34] testing.INFO: role.updated {"audit_id":"01m0waxk53jrsc3pad10v4yhgn","actor_id":"01m0waxk4sn83jx74whv3qy0ca","target":"Role:01m0waxk3d7z94ywgfmhxd6xb2","request_id":"d59f14d2-6e45-4b7b-b042-467c06a4ea96"} 
[2026-08-25 17:14:35] testing.INFO: settings.payment_method_qr_updated {"audit_id":"01m0waxkbv0c55tjp7yz4hzn1m","actor_id":"01m0waxk81mwed1f2sc6p7krhr","target":"PaymentMethod:01m0waxk7v5x4z28rtfryg643y","request_id":"1f9df01e-9029-4963-b73b-e66b8b7a52bd"} 
[2026-08-25 17:14:35] testing.INFO: settings.payment_method_qr_removed {"audit_id":"01m0waxkc5htp40ptqzxjybb8y","actor_id":"01m0waxk81mwed1f2sc6p7krhr","target":"PaymentMethod:01m0waxk7v5x4z28rtfryg643y","request_id":"50755306-3078-44bd-b75c-25164e06daab"} 
[2026-08-25 17:14:35] testing.INFO: settings.updated {"audit_id":"01m0waxkjscc50x7tzh4ecn9hk","actor_id":"01m0waxkjeyxqh37yspq32h9dz","target":":","request_id":"f1337fbd-a4cd-49dc-b7ea-e8eab050cab2"} 
[2026-08-25 17:14:35] testing.INFO: faq.created {"audit_id":"01m0waxkpkczpjcs24t68zskn0","actor_id":"01m0waxkp7nhvjxd5kghd6jmpa","target":"Faq:01m0waxkpjmrtzbptd5ynf1r8t","request_id":"47f9b9e4-75ed-4b2c-9ef3-0b9f811d1890"} 
[2026-08-25 17:14:35] testing.INFO: faq.updated {"audit_id":"01m0waxkpvyqnvf98sqr07kmae","actor_id":"01m0waxkp7nhvjxd5kghd6jmpa","target":"Faq:01m0waxkpjmrtzbptd5ynf1r8t","request_id":"aaac0ce1-059d-48b7-8400-880d0d2acd19"} 
[2026-08-25 17:14:35] testing.INFO: faq.deleted {"audit_id":"01m0waxkq5x96d1tgt7gh0jbcv","actor_id":"01m0waxkp7nhvjxd5kghd6jmpa","target":"Faq:01m0waxkpjmrtzbptd5ynf1r8t","request_id":"05bbca8d-dbc6-416b-b09f-91d5bcf82eab"} 
[2026-08-25 17:14:35] testing.INFO: attempt.started {"audit_id":"01m0waxm15rssq8enmap8z9g8d","actor_id":"01m0waxm0ff9psfgd8g2se7fw4","target":"TestAttempt:01m0waxm13x02yqmfhfm9kkq66","request_id":"e7f14c4e-375c-4968-8584-a12511181850"} 
[2026-08-25 17:14:36] testing.INFO: attempt.started {"audit_id":"01m0waxm9dxdpncyv00stm8404","actor_id":"01m0waxm9117kr0xaj2dt02y12","target":"TestAttempt:01m0waxm9c7m1zh6gbwq0tj5hn","request_id":"7ebac19f-4c46-45b1-9cf3-786742ceac94"} 
[2026-08-25 17:14:36] testing.INFO: attempt.started {"audit_id":"01m0waxm9nqfp5yyfjjj1nr84z","actor_id":"01m0waxm9117kr0xaj2dt02y12","target":"TestAttempt:01m0waxm9c7m1zh6gbwq0tj5hn","request_id":"98ec301a-2106-4be1-96bf-cfcedc0a1b00"} 
[2026-08-25 17:14:36] testing.INFO: attempt.started {"audit_id":"01m0waxmd048jz8gm73ywetd6c","actor_id":"01m0waxmck7n424k5sh9430t6q","target":"TestAttempt:01m0waxmczbkw2t7fe4set5x81","request_id":"09e3ccfc-a66c-4136-88d5-ace62f647792"} 
[2026-08-25 17:14:36] testing.INFO: attempt.started {"audit_id":"01m0waxmhqpkkhdn405xxx3f67","actor_id":"01m0waxmha5e4dfvypvpz0ymwx","target":"TestAttempt:01m0waxmhp36kwqfm01ce2faag","request_id":"8b906c40-0ee4-42f0-9c6f-acba6f2d48c2"} 
[2026-08-25 17:14:36] testing.INFO: attempt.submitted {"audit_id":"01m0waxmj8p5jcezeda7dyv56x","actor_id":"01m0waxmha5e4dfvypvpz0ymwx","target":"TestAttempt:01m0waxmhp36kwqfm01ce2faag","request_id":"f113c09c-8b4d-474c-89cb-d23afd343d7c"} 
[2026-08-25 17:14:36] testing.INFO: auth.registered {"audit_id":"01m0waxms02s2tahz93bm8wtdb","actor_id":"01m0waxmrzgm9pg8ffecd4ec4a","target":"User:01m0waxmrzgm9pg8ffecd4ec4a","request_id":"8a04e6cc-2d3d-4fed-aa62-32dc7fe00f31"} 
[2026-08-25 17:14:36] testing.INFO: auth.logged_in {"audit_id":"01m0waxmwdd7wvryrppphy6c8c","actor_id":"01m0waxmw557xk929bxzeqsdea","target":"User:01m0waxmw557xk929bxzeqsdea","request_id":"19e74604-1981-49eb-8db7-2dd1706cc49f"} 
[2026-08-25 17:14:36] testing.INFO: auth.logged_out {"audit_id":"01m0waxmwmpc1wn3t3af61w7th","actor_id":"01m0waxmw557xk929bxzeqsdea","target":"User:01m0waxmw557xk929bxzeqsdea","request_id":"8654e4f3-54c8-4cd1-b92a-9b6304591bd6"} 
[2026-08-25 17:14:36] testing.INFO: auth.logged_in {"audit_id":"01m0waxmwsx998d6fgx5rmg237","actor_id":"01m0waxmw557xk929bxzeqsdea","target":"User:01m0waxmw557xk929bxzeqsdea","request_id":"5e8e426c-ff24-4c22-9d80-c7e76fe2a610"} 
[2026-08-25 17:14:36] testing.INFO: auth.account_locked {"audit_id":"01m0waxn3dp30ych3c4zjmet56","actor_id":"01m0waxn2q6r7rq7b3wx08j1wd","target":"User:01m0waxn2q6r7rq7b3wx08j1wd","request_id":"126f847f-0777-4908-bee4-8fc0aae16ff3"} 
[2026-08-25 17:14:36] testing.INFO: auth.password_changed {"audit_id":"01m0waxn71s7jbs09jxp8tbm5q","actor_id":"01m0waxn6kmttsmtyv3xmsdnpm","target":"User:01m0waxn6kmttsmtyv3xmsdnpm","request_id":"eb59c7fc-f5c0-497d-b4ea-e13489997345"} 
[2026-08-25 17:14:37] testing.INFO: account.profile_updated {"audit_id":"01m0waxna75frgazx1dkjm6cvx","actor_id":"01m0waxna0tyjfzsveamcskn26","target":"User:01m0waxna0tyjfzsveamcskn26","request_id":"c793f543-c34f-4a56-8a22-8d803b224783"} 
[2026-08-25 17:14:37] testing.INFO: course.updated {"audit_id":"01m0waxnh1fszkg4tnc0amyks9","actor_id":"01m0waxngdh3sj9y25vse946g0","target":"Course:01m0waxngf5xq163416exh56g2","request_id":"dc52b0ce-4911-4724-a76d-239048e5570d"} 
[2026-08-25 17:14:37] testing.INFO: course.updated {"audit_id":"01m0waxnmk68zvk0wtymqkvc21","actor_id":"01m0waxnm414yc2kxpeneqyvsh","target":"Course:01m0waxnm63zjen1eky45wv1p5","request_id":"83aebcb0-a10d-41db-a18f-26d77837d930"} 
[2026-08-25 17:14:37] testing.INFO: course.thumbnail_updated {"audit_id":"01m0waxnrn416yrj6gs2ynjqd4","actor_id":"01m0waxnqrnayt9fdhw92cz1tf","target":"Course:01m0waxnqtjpmtg3e36kf0ay67","request_id":"b515698f-1120-43b5-b041-8f4c69769717"} 
[2026-08-25 17:14:37] testing.INFO: course.thumbnail_updated {"audit_id":"01m0waxns5t61v2ast0dnpgwq5","actor_id":"01m0waxnqrnayt9fdhw92cz1tf","target":"Course:01m0waxnqtjpmtg3e36kf0ay67","request_id":"84b0568f-164b-403e-b294-8e0edd3a0972"} 
[2026-08-25 17:14:37] testing.INFO: course.thumbnail_updated {"audit_id":"01m0waxnx3xhw9xmjvv2sc0k02","actor_id":"01m0waxnwjsrejrmzmzxpzz9jq","target":"Course:01m0waxnwm500sygfyqzjd064c","request_id":"a9204387-d9c6-4630-9719-b72e35fb4a58"} 
[2026-08-25 17:14:37] testing.INFO: course.thumbnail_removed {"audit_id":"01m0waxnxcmgcqhxjhay22c8sz","actor_id":"01m0waxnwjsrejrmzmzxpzz9jq","target":"Course:01m0waxnwm500sygfyqzjd064c","request_id":"b2836ebd-411d-4acd-a6be-3563dc1649c2"} 
[2026-08-25 17:14:37] testing.INFO: course.thumbnail_updated {"audit_id":"01m0waxp0tkkmmgdpthbwgcx7a","actor_id":"01m0waxp094djh9dzynbc3d4er","target":"Course:01m0waxp0bg4vkhmgq12kqq8ay","request_id":"9510d07b-a621-436e-b08a-0905ccddca9c"} 
[2026-08-25 17:14:41] testing.INFO: payment.approved {"audit_id":"01m0waxsw5s0dhg7f7shegxcq4","actor_id":"01m0waxpbpxsbyrn6mw0m3ckey","target":"Payment:01m0waxpbv83jhd1zdjvk5sh5v","request_id":"808b4411-8dc1-4c6b-8c39-32cf129534e8"} 
[2026-08-25 17:14:41] testing.INFO: auth.logged_in {"audit_id":"01m0waxt3aye0y1ad3kmgf7ce1","actor_id":"01m0waxt31h7pbbfh27arm8gj0","target":"User:01m0waxt31h7pbbfh27arm8gj0","request_id":"bcfae426-fb6a-43ac-b3c0-10243b8f2b95"} 
[2026-08-25 17:14:42] testing.INFO: auth.logged_out {"audit_id":"01m0waxt3htdtm8txr08nkh7gy","actor_id":"01m0waxt31h7pbbfh27arm8gj0","target":"User:01m0waxt31h7pbbfh27arm8gj0","request_id":"6eaa5cc8-5343-4385-b86a-d6704bbec227"} 
[2026-08-25 17:14:42] testing.INFO: auth.logged_in {"audit_id":"01m0waxt3q32kyjejw3ph1w1j0","actor_id":"01m0waxt31h7pbbfh27arm8gj0","target":"User:01m0waxt31h7pbbfh27arm8gj0","request_id":"b3a78c1e-c985-4b7c-a257-cd846ed6e881"} 
[2026-08-25 17:14:42] testing.INFO: auth.logged_in {"audit_id":"01m0waxt6ygkajwbz827dn6d2x","actor_id":"01m0waxt6p8hn0b5wbpa73ksda","target":"User:01m0waxt6p8hn0b5wbpa73ksda","request_id":"58f6b5e5-6620-4648-b7ea-c4b5e856c62c"} 
[2026-08-25 17:14:42] testing.INFO: user.devices_reset {"audit_id":"01m0waxtadmfrape46ckad59zt","actor_id":"01m0waxt9y97ktdaacy0scv5dt","target":"User:01m0waxta0kmnyywm7xdtrxfxe","request_id":"29c1bfcf-1dc5-440d-8f36-ec1953e4ae2e"} 
[2026-08-25 17:14:42] testing.INFO: settings.updated {"audit_id":"01m0waxtq813vwbtqf5d0etpay","actor_id":"01m0waxtpyq94th89frxq5874q","target":":","request_id":"9134b9c4-4ded-4ff1-bc91-4d503facc272"} 
[2026-08-25 17:14:42] testing.INFO: settings.updated {"audit_id":"01m0waxtts0jyr68ap0gnyv6yx","actor_id":"01m0waxttfdyvxydrwxzesk3mm","target":":","request_id":"15b1581c-466c-486e-aa15-ffe36440d3a5"} 
[2026-08-25 17:14:42] testing.INFO: settings.updated {"audit_id":"01m0waxtv3c9kgtpgnbsn5fh18","actor_id":"01m0waxttfdyvxydrwxzesk3mm","target":":","request_id":"554f1e6e-d5a7-4e4c-9b28-c7c166518815"} 
[2026-08-25 17:14:42] testing.INFO: settings.institution_logo_updated {"audit_id":"01m0waxv2dsg8rw7krrd9em4am","actor_id":"01m0waxv1pdvt994chs8cqcv3d","target":":","request_id":"4dbbc4f9-b339-44bb-af49-1c132d3118cf"} 
[2026-08-25 17:14:43] testing.INFO: settings.institution_logo_updated {"audit_id":"01m0waxv2wpf4cnycnae22xxv1","actor_id":"01m0waxv1pdvt994chs8cqcv3d","target":":","request_id":"d3e685e3-505e-48b6-9f3c-e1872500e233"} 
[2026-08-25 17:14:43] testing.INFO: settings.institution_logo_removed {"audit_id":"01m0waxv35q4aqcfryjg7rer7b","actor_id":"01m0waxv1pdvt994chs8cqcv3d","target":":","request_id":"d6e6b34e-de52-49b0-bdde-ca8770a08308"} 
[2026-08-25 17:14:43] testing.INFO: settings.institution_favicon_updated {"audit_id":"01m0waxv6pa1fc1e3njsr82kys","actor_id":"01m0waxv697fwzynfch65mstqa","target":":","request_id":"319c3071-2a93-4fb8-bb93-b1b82d703416"} 
[2026-08-25 17:14:43] testing.INFO: settings.updated {"audit_id":"01m0waxvabm8zvswz8h2w0fyw1","actor_id":"01m0waxva1dvm8qpcvaz4s3fwc","target":":","request_id":"55ad267e-bfed-41f3-8a28-25ea10b65b2f"} 
[2026-08-25 17:14:43] testing.INFO: auth.logged_in {"audit_id":"01m0waxvtzgn322ecs70xd7k34","actor_id":"01m0waxvtp33vq6jfwzeqvhy2d","target":"User:01m0waxvtp33vq6jfwzeqvhy2d","request_id":"c9ae8d40-b1bc-4758-a069-98d733156e46"} 
[2026-08-25 17:14:43] testing.INFO: auth.login_blocked_suspended {"audit_id":"01m0waxw1cbpwz6gmmykp391k5","actor_id":"01m0waxw15s1pkeshmcvhc5rxx","target":"User:01m0waxw15s1pkeshmcvhc5rxx","request_id":"28758c76-d352-4570-abfb-cf481eae6831"} 
[2026-08-25 17:14:44] testing.INFO: auth.logged_out {"audit_id":"01m0waxw7egqx1t9maz0k7eq04","actor_id":"01m0waxw78ge1dzfqe3vhwz70s","target":"User:01m0waxw78ge1dzfqe3vhwz70s","request_id":"1204b509-9be4-413c-871c-8115fe78b186"} 
[2026-08-25 17:14:44] testing.INFO: auth.logged_in {"audit_id":"01m0waxwbhxwny52nm8yt1wk4b","actor_id":"01m0waxwb93rc81900cy9f6bra","target":"User:01m0waxwb93rc81900cy9f6bra","request_id":"392fc39d-2c74-43b8-a484-5cfb33d026bb"} 
[2026-08-25 17:14:44] testing.INFO: payment.approved {"audit_id":"01m0waxwnssw86jkv3vnmkyxd3","actor_id":"01m0waxwfpgp8r0kvencenr6ta","target":"Payment:01m0waxwfr7mnh7s2we3n42cnq","request_id":"3fe77046-c1f9-4c25-9576-05d916ae883b"} 
[2026-08-25 17:14:44] testing.INFO: payment.approved {"audit_id":"01m0waxwz2rzksv79k7zax2taq","actor_id":"01m0waxwrw2h7rf058xxr5ce3j","target":"Payment:01m0waxwry81wwmv284bzbkbnw","request_id":"94639dd4-5d49-41b7-b88e-1607483ee73c"} 
[2026-08-25 17:14:45] testing.INFO: payment.approved {"audit_id":"01m0waxxgbqxjgpatmv7n8q9m7","actor_id":"01m0waxxa7n89ktxf0acqmyffc","target":"Payment:01m0waxxa8mppnwh02qcsh3wt3","request_id":"7cae971f-6e3a-4fcf-9cbd-42d5ddeebe99"} 
[2026-08-25 17:14:45] testing.INFO: payment.rejected {"audit_id":"01m0waxxqdv3mbjabd171kyx96","actor_id":"01m0waxxq0ck9kdsv0kfevj1gj","target":"Payment:01m0waxxq2n4wcrr5qd5nfaqry","request_id":"4587715e-9513-4f51-967e-a3c8d34f0c2e"} 
[2026-08-25 17:14:46] testing.INFO: refund.recorded {"audit_id":"01m0waxy1beqgzh7qmvvkazg28","actor_id":"01m0waxy0s1gsttjdxhj59bt56","target":"Refund:01m0waxy1aphypqxnj8xv012x3","request_id":"f03e7472-5a67-45e7-91b5-fa3cd155cc7f"} 
[2026-08-25 17:14:46] testing.INFO: refund.processed {"audit_id":"01m0waxy1xry2vpch2hdckty5y","actor_id":"01m0waxy0vygqngdxbyz8jg54n","target":"Refund:01m0waxy1aphypqxnj8xv012x3","request_id":"bc8f96b0-045c-4805-a923-00f7742feec8"} 
[2026-08-25 17:14:47] testing.INFO: user.suspend {"audit_id":"01m0waxzrp7d86s4ba5wfjxvbc","actor_id":"01m0waxzqw15wx20nhth51e06q","target":"User:01m0waxzr0716wxfs7w8kwtmct","request_id":"cdb0c4cc-8e19-4120-a64e-364c6ed3441b"} 
[2026-08-25 17:14:47] testing.INFO: user.archived {"audit_id":"01m0waxzx52cymzscrqy2yg3yy","actor_id":"01m0waxzw6tmp540ajswwy5weq","target":"User:01m0waxzwdnzaftcwr339f0q8c","request_id":"65507d2f-0a5b-4721-8143-b3c83c2f6cb8"} 
[2026-08-25 17:14:48] testing.INFO: user.archived {"audit_id":"01m0way017fs36gyq8n24gkej9","actor_id":"01m0way00z372exbmxtvza938s","target":"User:01m0way00m02gktzq032swrg5a","request_id":"db3aedde-ce16-4d27-bcd7-93755de5eb57"} 
[2026-08-25 17:14:48] testing.INFO: user.updated {"audit_id":"01m0way04rx49vcn3j7jwejkcy","actor_id":"01m0way04etcycczmkfjs2cscm","target":"User:01m0way04g8tx4saeswy4h96dd","request_id":"2d9644d4-daa7-4213-a29e-c1fb1c294c16"} 
[2026-08-25 17:14:48] testing.INFO: test.published {"audit_id":"01m0way0m00b1xn20q57nx0z03","actor_id":"01m0way0k4g6ewa620k1mbtf95","target":"Test:01m0way0k8bdagb337n9rad7f9","request_id":"74d1e059-49c9-42e9-987a-6c6019c5223b"} 
[2026-08-25 17:14:48] testing.INFO: course.thumbnail_updated {"audit_id":"01m0way0v330zd0sre7k0tg80r","actor_id":"01m0way0th36sv7d8s2g4rjrz1","target":"Course:01m0way0tke9x3webnvxje8hdr","request_id":"3ed1209f-2df3-4751-96f6-4f6580985dc4"} 
[2026-08-25 17:14:49] testing.INFO: course.updated {"audit_id":"01m0way0z8rghewbtz7nfnr2ws","actor_id":"01m0way0yvy3ztzzbq2ftq31jy","target":"Course:01m0way0yxy4y1yj9a9060vzrn","request_id":"db1b292c-a79e-4da8-95d7-b2bfd107700a"} 
[2026-08-25 17:14:49] testing.INFO: settings.payment_method_qr_updated {"audit_id":"01m0way12ygkyya9vz7003w687","actor_id":"01m0way12f8tz2dtmf29535sax","target":"PaymentMethod:01m0way12cyxwtw93y9w1f1kaq","request_id":"5a83907a-192d-4902-b06c-adb1d84bc033"} 
[2026-08-25 17:14:49] testing.INFO: settings.institution_logo_updated {"audit_id":"01m0way169d2gav08rhtwr9rfk","actor_id":"01m0way15v1kjmnccqv46cx6tz","target":":","request_id":"a494ca28-feb9-472b-bff2-b87688868d55"} 
[2026-08-25 17:14:52] testing.INFO: payment.submitted {"audit_id":"01m0way42s7pwpng92ct0erdg9","actor_id":"01m0way41y188rg5xxt12zdd9k","target":"Payment:01m0way42qmav9ycqmn0v9mae0","request_id":"7c9a565c-349b-49a7-8e01-6fab492d0a6c"} 
[2026-08-25 17:14:52] testing.INFO: payment.approved_at_capture {"audit_id":"01m0way48t7y89187x26edtvhd","actor_id":"01m0way41y188rg5xxt12zdd9k","target":"Payment:01m0way42qmav9ycqmn0v9mae0","request_id":"7c9a565c-349b-49a7-8e01-6fab492d0a6c"} 
[2026-08-25 17:14:52] testing.INFO: payment.submitted {"audit_id":"01m0way4dktzgm07ym2gvxe630","actor_id":"01m0way4cnn9nrd89nx4bnpchk","target":"Payment:01m0way4dhkp7vnwhwfbwpvywf","request_id":"232e9613-59a9-4f9a-b5d7-e69dd705a54c"} 
[2026-08-25 17:14:52] testing.INFO: payment.approved {"audit_id":"01m0way4m61fcj8xz2fs16yvxt","actor_id":"01m0way4cr6nd0b1ts40bcgg5e","target":"Payment:01m0way4dhkp7vnwhwfbwpvywf","request_id":"51426215-9551-4f52-86ea-0e3490b8f1a3"} 
[2026-08-25 17:14:52] testing.INFO: payment.submitted {"audit_id":"01m0way4s7ccga5z4paxss1f3z","actor_id":"01m0way4ra8xmm1n02pvz4sh75","target":"Payment:01m0way4s5x6zwb3smbnve9egh","request_id":"2b5b6fdf-79d1-4c19-be06-aca808760c12"} 
[2026-08-25 17:14:53] testing.INFO: payment.approved_at_capture {"audit_id":"01m0way4z9852ssay3ne8vtgep","actor_id":"01m0way4ra8xmm1n02pvz4sh75","target":"Payment:01m0way4s5x6zwb3smbnve9egh","request_id":"2b5b6fdf-79d1-4c19-be06-aca808760c12"} 
[2026-08-25 17:14:53] testing.INFO: payment.submitted {"audit_id":"01m0way50jqpt8bxt1zxrwhc2t","actor_id":"01m0way4ra8xmm1n02pvz4sh75","target":"Payment:01m0way50hapyx1dwxwwxk9f9p","request_id":"591130ad-cbbb-4736-a775-5561203bab48"} 
[2026-08-25 17:14:53] testing.INFO: payment.approved {"audit_id":"01m0way57jxvcx6avtznrjmfc6","actor_id":"01m0way4rc65kej680ff63pfnm","target":"Payment:01m0way50hapyx1dwxwwxk9f9p","request_id":"2b03ef40-09b0-49bd-98eb-5bb704980a3e"} 
[2026-08-25 17:14:53] testing.INFO: course.created {"audit_id":"01m0way5cq64a0etq8k51a5qm6","actor_id":"01m0way5c2zx9vhmk982bez66n","target":"Course:01m0way5cpzx785p5rkw622c9c","request_id":"02b2c1d2-23f3-4196-8e75-b1dc298d197d"} 
[2026-08-25 17:14:53] testing.INFO: category.created {"audit_id":"01m0way5g5wfph7mq6sc0zecmp","actor_id":"01m0way5fp28f85k2yb0f30z56","target":"Category:01m0way5g4vjcqjdq39n24f84d","request_id":"7eecd01e-a20b-4d20-aa9a-66c2d9382593"} 
[2026-08-25 17:14:53] testing.INFO: syllabus.updated {"audit_id":"01m0way5kf43x7afsdf15q7a18","actor_id":"01m0way5k1g3bzx4dm2d1b6m6b","target":"Course:01m0way5k2ng938h6mxp5tk8qk","request_id":"26c6eb2d-055d-456d-a2e2-50319a4e0b35"} 
[2026-08-25 17:14:53] testing.INFO: export.generated {"audit_id":"01m0way5qb7ar3srb5pekpzeq2","actor_id":"01m0way5pwv8brcvx75nwpgjfs","target":":","request_id":"5b8f2849-81c1-496d-9475-2e04f08c0556"} 
[2026-08-25 17:14:54] testing.INFO: payment.approved {"audit_id":"01m0way6p3e9dwbxngskpnj723","actor_id":"01m0way6fyd9fntmqqg3hnf2fg","target":"Payment:01m0way6fz6x0jf4etswe3g88g","request_id":"71944417-3c8a-4a60-825d-028bbfcf8081"} 
[2026-08-25 17:14:55] testing.INFO: recording.deleted {"audit_id":"01m0way78hc4srv2khve8tz7d3","actor_id":"01m0way782jjy5jkdrwzk8xa2m","target":"Recording:01m0way783b8zbcsmbz0bav803","request_id":"31a8c998-5b86-4874-812b-804a8c19e762"} 
[2026-08-25 17:14:55] testing.INFO: recording.resynced {"audit_id":"01m0way7cwfczm6cev45a8wrfk","actor_id":"01m0way7ch6g0gazrqn449pweg","target":"Recording:01m0way7cjfq22748ffparyz0f","request_id":"7bc5c7e8-c5eb-4c24-aecc-42ba34e45ce2"} 
[2026-08-25 17:15:15] testing.INFO: auth.registered {"audit_id":"01m0waytbnx61t8djyxbzy60xs","actor_id":"01m0waytbjcht1bpe302d9zeyp","target":"User:01m0waytbjcht1bpe302d9zeyp","request_id":"96063aa1-aa91-424c-95e2-4d940703924c"} 
[2026-08-25 17:15:15] testing.INFO: auth.logged_in {"audit_id":"01m0waytm1mxac3fzk33r46yb3","actor_id":"01m0waytkr5byvzyxg73dvmv6w","target":"User:01m0waytkr5byvzyxg73dvmv6w","request_id":"88836c16-ce76-486b-a17d-77dcb320fd2d"} 
[2026-08-25 17:15:15] testing.INFO: auth.logged_out {"audit_id":"01m0waytm8je91d4we9jkwxb4n","actor_id":"01m0waytkr5byvzyxg73dvmv6w","target":"User:01m0waytkr5byvzyxg73dvmv6w","request_id":"48739819-b74c-4d48-b763-30b921271ca9"} 
[2026-08-25 17:15:15] testing.INFO: auth.logged_in {"audit_id":"01m0waytmde79r0ntvf4g7y78n","actor_id":"01m0waytkr5byvzyxg73dvmv6w","target":"User:01m0waytkr5byvzyxg73dvmv6w","request_id":"f839faa8-31ab-412b-a4b0-652ed48bef9e"} 
[2026-08-25 17:15:15] testing.INFO: auth.account_locked {"audit_id":"01m0waytv11ta2cj1xcjbt6z9p","actor_id":"01m0wayttac3ckqectz29dke7c","target":"User:01m0wayttac3ckqectz29dke7c","request_id":"51642515-99ab-41b5-b2e7-2a50aa7e9973"} 
[2026-08-25 17:15:15] testing.INFO: auth.password_changed {"audit_id":"01m0waytygjwfrde6mdqmqdcpq","actor_id":"01m0wayty1kd7gg3ppwkc6nm56","target":"User:01m0wayty1kd7gg3ppwkc6nm56","request_id":"f1c6c238-7b3c-4f1a-9a6a-51d4278143ca"} 
[2026-08-25 17:15:15] testing.INFO: account.profile_updated {"audit_id":"01m0wayv1q5hnrq8jmss1e744h","actor_id":"01m0wayv1ewz8yx1z9fazxjzbs","target":"User:01m0wayv1ewz8yx1z9fazxjzbs","request_id":"2e62ecb5-fa91-406e-a182-b57b1e24e1b1"} 
[2026-08-25 17:16:30] testing.INFO: account.password_changed {"audit_id":"01m0wb14f5q15xj1e2eq4ggesc","actor_id":"01m0wb14bzq5hz5fw6venh7z5s","target":"User:01m0wb14bzq5hz5fw6venh7z5s","request_id":"1031e889-ae73-49b6-99ad-6b057d38235b"} 
[2026-08-25 17:16:31] testing.INFO: account.password_changed {"audit_id":"01m0wb14nwtej7vf8x1k0hp2x6","actor_id":"01m0wb14n10n9jy1304zg9em1j","target":"User:01m0wb14n10n9jy1304zg9em1j","request_id":"70093943-bb49-4a49-a628-7428f38e1879"} 
[2026-08-25 17:16:31] testing.INFO: account.two_factor_enabled {"audit_id":"01m0wb14tkx7mddnsggxt61y1x","actor_id":"01m0wb14t198atywc00d9havte","target":"User:01m0wb14t198atywc00d9havte","request_id":"b3857ad8-9ae7-4c1e-be29-f0c57ee2eeed"} 
[2026-08-25 17:16:31] testing.INFO: account.sessions_revoked {"audit_id":"01m0wb151ra0zj5as7f8dg1pvm","actor_id":"01m0wb151dgjb1z45jc9kr1rm1","target":"User:01m0wb151dgjb1z45jc9kr1rm1","request_id":"64f7794c-a889-4ca2-a76e-8592899daf33"} 
[2026-08-25 17:16:31] testing.INFO: settings.updated {"audit_id":"01m0wb15640eg003czpq92se06","actor_id":"01m0wb155bc5s56bmhdzxhpwpw","target":":","request_id":"1f2b814c-798a-441f-a269-29a6c5f65ca6"} 
[2026-08-25 17:16:31] testing.INFO: settings.updated {"audit_id":"01m0wb15eb5vcn1mw1s9qy1mvy","actor_id":"01m0wb15e1gpj21441pj9wrff9","target":":","request_id":"b871b016-880f-4b78-9c09-8e6861f1dd61"} 
[2026-08-25 17:16:32] testing.INFO: role.updated {"audit_id":"01m0wb15p2gahfn6070rvk9ecp","actor_id":"01m0wb15nnmzwgdfg4zm43ac0t","target":"Role:01m0wb15m4dzf2fxk8wbb82f2h","request_id":"b83630cc-9987-4814-a2f8-356578726684"} 
[2026-08-25 17:16:32] testing.INFO: settings.payment_method_qr_updated {"audit_id":"01m0wb15tmy6abn4bk6wkk3cmh","actor_id":"01m0wb15sk7cmpd2w67zv97xev","target":"PaymentMethod:01m0wb15sdt6x6r81axf8d29h0","request_id":"b44b84fe-7ac9-492d-91f3-c3c84725457b"} 
[2026-08-25 17:16:32] testing.INFO: settings.payment_method_qr_removed {"audit_id":"01m0wb15twj55sx3cz13w6twdh","actor_id":"01m0wb15sk7cmpd2w67zv97xev","target":"PaymentMethod:01m0wb15sdt6x6r81axf8d29h0","request_id":"97d02a32-e81c-465e-ac0a-7c596c2e5df9"} 
[2026-08-25 17:16:32] testing.INFO: settings.updated {"audit_id":"01m0wb1632z4sjs15ppxjnx46p","actor_id":"01m0wb162pe00excqnscmdksv6","target":":","request_id":"e78083f9-0d09-44fa-b762-bcc56bbf7c4c"} 
[2026-08-25 17:16:32] testing.INFO: faq.created {"audit_id":"01m0wb167eh5d3nnjse7r9btxv","actor_id":"01m0wb16702aj30f9txfb7s744","target":"Faq:01m0wb167dx0p21qmgspmdnddz","request_id":"ba690b49-5077-4a20-9668-9e3a943cd7aa"} 
[2026-08-25 17:16:32] testing.INFO: faq.updated {"audit_id":"01m0wb167pcv8ey1zg0drsk2sz","actor_id":"01m0wb16702aj30f9txfb7s744","target":"Faq:01m0wb167dx0p21qmgspmdnddz","request_id":"593d5c2b-de9b-4274-bcec-c41634626f44"} 
[2026-08-25 17:16:32] testing.INFO: faq.deleted {"audit_id":"01m0wb1683bqn59j74xcjfhgct","actor_id":"01m0wb16702aj30f9txfb7s744","target":"Faq:01m0wb167dx0p21qmgspmdnddz","request_id":"1c418f80-f1de-46cf-aef9-b58980d6afb2"} 
[2026-08-25 17:16:33] testing.INFO: attempt.started {"audit_id":"01m0wb16kwdqcbg931hpxq5ntw","actor_id":"01m0wb16k4ry6e7mexmgfyhwff","target":"TestAttempt:01m0wb16kvnew8dnde5cmagssr","request_id":"b7ff43ec-00dc-4e76-a6cf-bd728199da37"} 
[2026-08-25 17:16:33] testing.INFO: attempt.started {"audit_id":"01m0wb16vg338brhj12ce81hjh","actor_id":"01m0wb16v2h2xab7p7vyzb44az","target":"TestAttempt:01m0wb16vfwjd3g2qa31bq5rmb","request_id":"4f1c9890-12c6-4aec-8ddb-a968714aca78"} 
[2026-08-25 17:16:33] testing.INFO: attempt.started {"audit_id":"01m0wb16vvw51kmz66tf8tvz79","actor_id":"01m0wb16v2h2xab7p7vyzb44az","target":"TestAttempt:01m0wb16vfwjd3g2qa31bq5rmb","request_id":"5c837b7e-880a-4aec-a269-577a578dfe2d"} 
[2026-08-25 17:16:33] testing.INFO: attempt.started {"audit_id":"01m0wb16zgnxx7vvpq6p7z6emg","actor_id":"01m0wb16z2rmvdedet72vrz246","target":"TestAttempt:01m0wb16zf5db3s0tj6p8w5v78","request_id":"d2afa983-9d5a-4333-beb9-1a09101d7e32"} 
[2026-08-25 17:16:33] testing.INFO: attempt.started {"audit_id":"01m0wb173rqt2270e0y0njekw8","actor_id":"01m0wb173ahtzbp5mff6ybqqac","target":"TestAttempt:01m0wb173q2t459mdvvyf58jfz","request_id":"e6f3c500-17cc-4f21-8c7f-8bc1a26184ea"} 
[2026-08-25 17:16:33] testing.INFO: attempt.submitted {"audit_id":"01m0wb17496xwmsp1px4ss1hev","actor_id":"01m0wb173ahtzbp5mff6ybqqac","target":"TestAttempt:01m0wb173q2t459mdvvyf58jfz","request_id":"fe0b027e-7581-4726-9f7d-82e4fe3dcb33"} 
[2026-08-25 17:16:33] testing.INFO: auth.registered {"audit_id":"01m0wb17bj4qjqv6b4zasz61kj","actor_id":"01m0wb17bg9a7z3xv6s7meaxvj","target":"User:01m0wb17bg9a7z3xv6s7meaxvj","request_id":"7ff8e245-38e8-47f8-b6e5-c228f5bf5c9f"} 
[2026-08-25 17:16:34] testing.INFO: auth.logged_in {"audit_id":"01m0wb17mc8429ytpcgv38z6xy","actor_id":"01m0wb17m1edc0sshq1b5eam01","target":"User:01m0wb17m1edc0sshq1b5eam01","request_id":"dd18b29e-0212-4488-927d-a174f2074962"} 
[2026-08-25 17:16:34] testing.INFO: auth.logged_out {"audit_id":"01m0wb17mp6x2zy2zbpbkak6st","actor_id":"01m0wb17m1edc0sshq1b5eam01","target":"User:01m0wb17m1edc0sshq1b5eam01","request_id":"ac35abcc-4067-4d0c-b8f1-d02a6983f2ea"} 
[2026-08-25 17:16:34] testing.INFO: auth.logged_in {"audit_id":"01m0wb17mw6as89stzwd3mvm22","actor_id":"01m0wb17m1edc0sshq1b5eam01","target":"User:01m0wb17m1edc0sshq1b5eam01","request_id":"3f300e19-0792-4d89-b081-0d29d7d2ecf8"} 
[2026-08-25 17:16:34] testing.INFO: auth.account_locked {"audit_id":"01m0wb17wns4h4hyvfbbnkh4c6","actor_id":"01m0wb17vw7x3s0e4trk5t6gcf","target":"User:01m0wb17vw7x3s0e4trk5t6gcf","request_id":"9fd811cd-634b-4076-81ef-ccf3b790035e"} 
[2026-08-25 17:16:34] testing.INFO: auth.password_changed {"audit_id":"01m0wb180yqv87rb1m9bx6mjcb","actor_id":"01m0wb180bt0z67kc11xz5mjvj","target":"User:01m0wb180bt0z67kc11xz5mjvj","request_id":"08af585f-745e-478c-8c6c-4d79e0ba1bd7"} 
[2026-08-25 17:16:34] testing.INFO: account.profile_updated {"audit_id":"01m0wb184xfb4s850ekcx3ya14","actor_id":"01m0wb184mv7gqyq07qjp8nzdp","target":"User:01m0wb184mv7gqyq07qjp8nzdp","request_id":"1c73c991-1e44-474f-8060-4db906f5ef57"} 
[2026-08-25 17:16:34] testing.INFO: course.updated {"audit_id":"01m0wb18cp6mqfsd0nngngmn7r","actor_id":"01m0wb18c2sc9gmm9mf7w9bfge","target":"Course:01m0wb18c49wgf0nxtt5zbqv8v","request_id":"c7fb1bbd-1b8a-4806-a3bc-a9160361c02e"} 
[2026-08-25 17:16:35] testing.INFO: course.updated {"audit_id":"01m0wb18gs3e1x74mwrpt5yc3t","actor_id":"01m0wb18gbe7zsy8pw30qygbxf","target":"Course:01m0wb18gck01ktbseb9da6f86","request_id":"7e29fced-17cb-4bbd-a049-aa8f49dcfb6c"} 
[2026-08-25 17:16:35] testing.INFO: course.thumbnail_updated {"audit_id":"01m0wb18nksr2m6s51brp18rb9","actor_id":"01m0wb18mgg98p7yab82hknxgk","target":"Course:01m0wb18mjxc6xw61tvx1kyyvc","request_id":"4e8a73d2-301d-4f3e-a348-c21960c32641"} 
[2026-08-25 17:16:35] testing.INFO: course.thumbnail_updated {"audit_id":"01m0wb18p4pqjb4dyppajatzaa","actor_id":"01m0wb18mgg98p7yab82hknxgk","target":"Course:01m0wb18mjxc6xw61tvx1kyyvc","request_id":"388c3fd2-16ba-463c-a56b-65084c2e746b"} 
[2026-08-25 17:16:35] testing.INFO: course.thumbnail_updated {"audit_id":"01m0wb18sz0j2ba25akx6p6eqy","actor_id":"01m0wb18scs9t98z9dpjtmh061","target":"Course:01m0wb18sepx3pkntxy55aa3ax","request_id":"f7b97316-54fe-4be8-ab1d-7765a18c8bc4"} 
[2026-08-25 17:16:35] testing.INFO: course.thumbnail_removed {"audit_id":"01m0wb18t8ers88dcyfvhxyj69","actor_id":"01m0wb18scs9t98z9dpjtmh061","target":"Course:01m0wb18sepx3pkntxy55aa3ax","request_id":"049e4b1f-a3f5-404f-bcae-f1585efa4f00"} 
[2026-08-25 17:16:35] testing.INFO: course.thumbnail_updated {"audit_id":"01m0wb18y8xy8jkhy3kp3nzh1h","actor_id":"01m0wb18xmq3cfr7z6nxq0b0e5","target":"Course:01m0wb18xp42cwf69m3d363cj9","request_id":"9eeaeef4-e272-447d-8bd1-b6a4cad3e716"} 
[2026-08-25 17:16:36] testing.INFO: payment.approved {"audit_id":"01m0wb19nszr2fwab6t9hcgsv5","actor_id":"01m0wb19a02gk0fb7t1zb9bcp2","target":"Payment:01m0wb19a8khbtjzjthfdex5vc","request_id":"e3147611-16a5-4fff-a007-0334e32668f1"} 
[2026-08-25 17:16:36] testing.INFO: auth.logged_in {"audit_id":"01m0wb19xsp1jw5rqt7gx765yn","actor_id":"01m0wb19xf2j6x4dnjq886yzvs","target":"User:01m0wb19xf2j6x4dnjq886yzvs","request_id":"5b0c0e6f-98b7-4cef-b240-333ada0636ae"} 
[2026-08-25 17:16:36] testing.INFO: auth.logged_out {"audit_id":"01m0wb19y0vsk2xehc23vxyvp8","actor_id":"01m0wb19xf2j6x4dnjq886yzvs","target":"User:01m0wb19xf2j6x4dnjq886yzvs","request_id":"9465a057-8ee4-49a5-9b15-da66975789f0"} 
[2026-08-25 17:16:36] testing.INFO: auth.logged_in {"audit_id":"01m0wb19y69n2pak8e8cg2k0nj","actor_id":"01m0wb19xf2j6x4dnjq886yzvs","target":"User:01m0wb19xf2j6x4dnjq886yzvs","request_id":"8cfc524b-0f21-4c5b-aed9-9b18f3a4134f"} 
[2026-08-25 17:16:36] testing.INFO: auth.logged_in {"audit_id":"01m0wb1a1rsx6v7t28v1dzf03g","actor_id":"01m0wb1a1gpatw6egyjbdd7e1r","target":"User:01m0wb1a1gpatw6egyjbdd7e1r","request_id":"0760a6b4-d268-4268-a955-f75bf62fb0e8"} 
[2026-08-25 17:16:36] testing.INFO: user.devices_reset {"audit_id":"01m0wb1a5m6gvvywjhzwkvjxvm","actor_id":"01m0wb1a53akqg0b5zw72hjtaa","target":"User:01m0wb1a56fb4bbdfzzh66tjah","request_id":"6f6f208d-6ef4-49d3-9379-a1a990998c00"} 
[2026-08-25 17:16:37] testing.INFO: settings.updated {"audit_id":"01m0wb1angc03f9gtva17z2vyg","actor_id":"01m0wb1an5ssc0mprx85mpdvtc","target":":","request_id":"4375958b-fc40-4f23-9b4a-3ed32eec1d23"} 
[2026-08-25 17:16:37] testing.INFO: settings.updated {"audit_id":"01m0wb1asg98stry6nm1cc4jcj","actor_id":"01m0wb1as6c4fds8k8aqpprnb5","target":":","request_id":"6007f50a-e938-40a5-bc81-5a47400e973e"} 
[2026-08-25 17:16:37] testing.INFO: settings.updated {"audit_id":"01m0wb1aswv5b0j972pxzxhqx8","actor_id":"01m0wb1as6c4fds8k8aqpprnb5","target":":","request_id":"5a05279c-787e-4eab-8906-7f63d9ce8d3f"} 
[2026-08-25 17:16:37] testing.INFO: settings.institution_logo_updated {"audit_id":"01m0wb1b2agptxe5swrcd3g00z","actor_id":"01m0wb1b1v1fbvtr79ztggvdp6","target":":","request_id":"3cd4fbb5-6b28-4501-8612-630aa0a19b43"} 
[2026-08-25 17:16:37] testing.INFO: settings.institution_logo_updated {"audit_id":"01m0wb1b2t63nkw79fbgpwd2rg","actor_id":"01m0wb1b1v1fbvtr79ztggvdp6","target":":","request_id":"64a0ffc5-d253-4735-bc52-e10c7fa6e648"} 
[2026-08-25 17:16:37] testing.INFO: settings.institution_logo_removed {"audit_id":"01m0wb1b32zj8grw5r63gwzfqh","actor_id":"01m0wb1b1v1fbvtr79ztggvdp6","target":":","request_id":"24f9de2c-037c-4220-98a3-9a31040fadec"} 
[2026-08-25 17:16:37] testing.INFO: settings.institution_favicon_updated {"audit_id":"01m0wb1b6vpxabhyf0r0h8prc5","actor_id":"01m0wb1b6ftpzbg3329k5hvkbh","target":":","request_id":"06b74c41-5c16-4028-b612-aac0ceaefdf4"} 
[2026-08-25 17:16:37] testing.INFO: settings.updated {"audit_id":"01m0wb1bb63hr86f1en3pvpr5a","actor_id":"01m0wb1bavdgcbhe655phvvgg6","target":":","request_id":"3ccc8acd-e059-4aed-af33-ba620884dee2"} 
[2026-08-25 17:16:38] testing.INFO: auth.logged_in {"audit_id":"01m0wb1bxkms1xfkwbpd57er5q","actor_id":"01m0wb1bx8fan5pkv005nm8gv4","target":"User:01m0wb1bx8fan5pkv005nm8gv4","request_id":"be652c1c-d9f5-4d16-b5eb-03a0ee8d1c11"} 
[2026-08-25 17:16:38] testing.INFO: auth.login_blocked_suspended {"audit_id":"01m0wb1c4grtjh72yvnxa13b2s","actor_id":"01m0wb1c48ks0jf0msktpvhfxv","target":"User:01m0wb1c48ks0jf0msktpvhfxv","request_id":"21cd8b55-0c25-4b06-a3ed-adbcb1eaba4d"} 
[2026-08-25 17:16:38] testing.INFO: auth.logged_out {"audit_id":"01m0wb1cbe3zc01gxj2as2bfmp","actor_id":"01m0wb1cb6x854e20rzdjzme44","target":"User:01m0wb1cb6x854e20rzdjzme44","request_id":"3218cb73-4d42-406c-b29d-6ff1c4a6d296"} 
[2026-08-25 17:16:39] testing.INFO: auth.logged_in {"audit_id":"01m0wb1cf6m4gxzhqkk0nrwm5x","actor_id":"01m0wb1cewp3qyg64cn0ajsbgd","target":"User:01m0wb1cewp3qyg64cn0ajsbgd","request_id":"52cae12b-2ea2-4a29-af85-73629fbbe6b6"} 
[2026-08-25 17:16:39] testing.INFO: payment.approved {"audit_id":"01m0wb1ct205s68fwp3wfb3pdx","actor_id":"01m0wb1ck4j4jfpwd98yer43w6","target":"Payment:01m0wb1ck6wcjh1wefbsm4wh0g","request_id":"91ccefb8-d15f-4633-b11c-828faf614db7"} 
[2026-08-25 17:16:39] testing.INFO: payment.approved {"audit_id":"01m0wb1d4qvapbswfcdes82jsb","actor_id":"01m0wb1cxxysd7e01s2f72ma7s","target":"Payment:01m0wb1cxy9p0c5rz97rtqc3rw","request_id":"72e11042-3ce1-4c6a-8f02-d0ba2c55c70d"} 
[2026-08-25 17:16:40] testing.INFO: payment.approved {"audit_id":"01m0wb1dk7apgnnw2dpqdy36s6","actor_id":"01m0wb1dcdbnh7pvhqhsswpveh","target":"Payment:01m0wb1dcewzgvdbf05np3z1fc","request_id":"96f25d46-63ae-4ea7-92dc-ede206aa9a62"} 
[2026-08-25 17:16:40] testing.INFO: payment.rejected {"audit_id":"01m0wb1dq70ssythjrvt77rak7","actor_id":"01m0wb1dpr4hckn89y6v3a5r7x","target":"Payment:01m0wb1dpvnbfh6wxhh3812rag","request_id":"c59a264d-031b-4d17-99fd-5b4002fdb287"} 
[2026-08-25 17:16:40] testing.INFO: refund.recorded {"audit_id":"01m0wb1e26dkeqjqw5f6m723c4","actor_id":"01m0wb1e1hq2aydd86tw4nrsyv","target":"Refund:01m0wb1e247fywqb6vyyt9hv5q","request_id":"2168f9dc-9421-4905-8f2c-4e08f52b336a"} 
[2026-08-25 17:16:40] testing.INFO: refund.processed {"audit_id":"01m0wb1e2sw864wztyeq2dz8p4","actor_id":"01m0wb1e1ktczz7e0rwesakdzt","target":"Refund:01m0wb1e247fywqb6vyyt9hv5q","request_id":"93fa688d-6698-4436-885d-d353ce5fcd94"} 
[2026-08-25 17:16:42] testing.INFO: user.suspend {"audit_id":"01m0wb1g2gmyekbr54ebfpc80g","actor_id":"01m0wb1g115db91zpdppzpt8b2","target":"User:01m0wb1g183a2d2qakz23y971k","request_id":"3d2402a6-eb20-4121-94ca-bf4559c4e8d5"} 
[2026-08-25 17:16:42] testing.INFO: user.archived {"audit_id":"01m0wb1g8bqwhjnhmhah7yz6am","actor_id":"01m0wb1g770bscz6jajwj1xx4m","target":"User:01m0wb1g7efbvp64z1p36tzwrc","request_id":"c01102e3-748f-4fc9-928b-6026eea4114a"} 
[2026-08-25 17:16:43] testing.INFO: user.archived {"audit_id":"01m0wb1gd15p6yxxwpq9fnxy07","actor_id":"01m0wb1gctev9k9khx9d5qfdvr","target":"User:01m0wb1gcf9nnrkj2tvf56xz2v","request_id":"28e1a5d8-de70-46cc-992d-3bb27f142958"} 
[2026-08-25 17:16:43] testing.INFO: user.updated {"audit_id":"01m0wb1ggerswpq59fkm6j1nad","actor_id":"01m0wb1gg38rndgffzdaqam1p9","target":"User:01m0wb1gg6hf34ym6y9n8y91xd","request_id":"1b934708-99f6-4848-97c7-71692ff21a05"} 
[2026-08-25 17:16:43] testing.INFO: test.published {"audit_id":"01m0wb1h0vwd12p0tn3hbakvh1","actor_id":"01m0wb1gzwcy2ftwzpdb4y45f8","target":"Test:01m0wb1h01y840xp6177t8xtxr","request_id":"f084675b-19d8-4756-878f-a558540be5b4"} 
[2026-08-25 17:16:44] testing.INFO: course.thumbnail_updated {"audit_id":"01m0wb1h8mnbad6852z9c45x4d","actor_id":"01m0wb1h7z4699ek64wmbympet","target":"Course:01m0wb1h81ze8njgacgmx2j46h","request_id":"5f853e84-6d8c-46fd-b4f7-66ca6c6a6f1c"} 
[2026-08-25 17:16:44] testing.INFO: course.updated {"audit_id":"01m0wb1hccbx52f2mq51eepzyx","actor_id":"01m0wb1hbyymtbnn7p1kfrjyj0","target":"Course:01m0wb1hc0qtg39nzdtyz5mx1j","request_id":"cda6d9ba-a507-4087-af6a-782b976cf982"} 
[2026-08-25 17:16:44] testing.INFO: settings.payment_method_qr_updated {"audit_id":"01m0wb1hgdem7wpy3db0aaya5f","actor_id":"01m0wb1hfxramqpn50yjaqt1rq","target":"PaymentMethod:01m0wb1hftn7had9d8q92123jp","request_id":"503cc928-1c2e-4839-8061-a408e6aae847"} 
[2026-08-25 17:16:44] testing.INFO: settings.institution_logo_updated {"audit_id":"01m0wb1hm4y15kjbqnbpfwca7w","actor_id":"01m0wb1hkmtbk0j7ajf34xqjxk","target":":","request_id":"ad351d70-1a39-4b63-bf18-a5ac1cfe0ec1"} 
[2026-08-25 17:16:46] testing.INFO: payment.submitted {"audit_id":"01m0wb1k8pvkf971kg4haev9vf","actor_id":"01m0wb1k7xa790z1smt27vtew1","target":"Payment:01m0wb1k8n2bfg8b5wkxxyds9e","request_id":"fffff305-db77-427a-a610-bff53cfa1885"} 
[2026-08-25 17:16:46] testing.INFO: payment.approved_at_capture {"audit_id":"01m0wb1kexyz6tptcna681z01p","actor_id":"01m0wb1k7xa790z1smt27vtew1","target":"Payment:01m0wb1k8n2bfg8b5wkxxyds9e","request_id":"fffff305-db77-427a-a610-bff53cfa1885"} 
[2026-08-25 17:16:46] testing.INFO: payment.submitted {"audit_id":"01m0wb1kk7bcxcsyh51ab9zrvd","actor_id":"01m0wb1kjc3kfv8x5na1spsbh4","target":"Payment:01m0wb1kk6p6dfh54fj1gf6kws","request_id":"95ad7de9-bd7b-4f09-b267-98faa6716005"} 
[2026-08-25 17:16:46] testing.INFO: payment.approved {"audit_id":"01m0wb1kt13f793taxx7e5bzt5","actor_id":"01m0wb1kje960gk2h93jrrtfcf","target":"Payment:01m0wb1kk6p6dfh54fj1gf6kws","request_id":"77fff5bb-0dd7-4e5e-acd4-30d6d61a67e7"} 
[2026-08-25 17:16:46] testing.INFO: payment.submitted {"audit_id":"01m0wb1kz8vcvy6d69p59x1we3","actor_id":"01m0wb1kycj4e9xyp53zy3yjxf","target":"Payment:01m0wb1kz63kns511agsm5687d","request_id":"8d5a643a-73ad-4db8-8b68-299dea4776bd"} 
[2026-08-25 17:16:47] testing.INFO: payment.approved_at_capture {"audit_id":"01m0wb1m5v04rqd2pfvr1xq5a9","actor_id":"01m0wb1kycj4e9xyp53zy3yjxf","target":"Payment:01m0wb1kz63kns511agsm5687d","request_id":"8d5a643a-73ad-4db8-8b68-299dea4776bd"} 
[2026-08-25 17:16:47] testing.INFO: payment.submitted {"audit_id":"01m0wb1m6j7sz2r9dm92jm3tsz","actor_id":"01m0wb1kycj4e9xyp53zy3yjxf","target":"Payment:01m0wb1m6hak0pgn3cnfv7cjt7","request_id":"ab998c11-a509-4ed5-9e85-ef4aa6baf9ec"} 
[2026-08-25 17:16:47] testing.INFO: payment.approved {"audit_id":"01m0wb1mdk6npz3nk2rsrhdmez","actor_id":"01m0wb1kyebmq9z7tg819hmwrz","target":"Payment:01m0wb1m6hak0pgn3cnfv7cjt7","request_id":"36a42ccb-d1e5-4569-95ee-5a7f5b7d8151"} 
[2026-08-25 17:16:47] testing.INFO: course.created {"audit_id":"01m0wb1mhvb3g18vyjc5j9epm6","actor_id":"01m0wb1mh7ypf8sjp15n0wd9y9","target":"Course:01m0wb1mhsxg1pazwdxabht6k5","request_id":"62200f13-2865-4fbf-b23f-6b377ff65ef8"} 
[2026-08-25 17:16:47] testing.INFO: category.created {"audit_id":"01m0wb1mnkxdmhtdyk2g1rxydc","actor_id":"01m0wb1mn522t1as64ff5wq1qv","target":"Category:01m0wb1mnjv3k64y4vfcvnvskx","request_id":"471c0903-1920-49b1-a2be-5824dd3d8361"} 
[2026-08-25 17:16:47] testing.INFO: syllabus.updated {"audit_id":"01m0wb1msgrpy34d4j3gve8yb6","actor_id":"01m0wb1ms05g7jjz0fq3s7tbv3","target":"Course:01m0wb1ms2md553hjddkzgjpsk","request_id":"ec6f0e1c-0879-4bf5-a14a-b2ecc34c7b32"} 
[2026-08-25 17:16:47] testing.INFO: export.generated {"audit_id":"01m0wb1mxe9jkzndttckypb2ck","actor_id":"01m0wb1mwy3fc8505gvf4w27st","target":":","request_id":"8724429f-4581-4680-99ad-96a3d49d2722"} 
[2026-08-25 17:16:48] testing.INFO: payment.approved {"audit_id":"01m0wb1nxxe7tq8dexve451czx","actor_id":"01m0wb1nq9f809qgmzwpc2m5m6","target":"Payment:01m0wb1nqbhr68xw6awnnnmx5h","request_id":"853c1114-be2c-4a82-b5db-4da50214fd37"} 
[2026-08-25 17:16:49] testing.INFO: recording.deleted {"audit_id":"01m0wb1pje955pxx0nff59n3h1","actor_id":"01m0wb1phwh96yktayehyx2f2b","target":"Recording:01m0wb1phy1qj6xc7vvr216tsc","request_id":"ce9cab1d-0f13-4a0f-bf0d-9d69ebece5db"} 
[2026-08-25 17:16:49] testing.INFO: recording.resynced {"audit_id":"01m0wb1pp44fdpma1zaspy1794","actor_id":"01m0wb1pnrmwpa73xpnjfm89ka","target":"Recording:01m0wb1pntx2z84qpcayasp58q","request_id":"f16ec1be-82f3-40bb-bce4-6373dcdddeda"} 
[2026-08-25 17:35:51] testing.INFO: recording.deleted {"audit_id":"01m0wc4j33bqrkcy5q8wqj8687","actor_id":"01m0wc4j2j4y1556mc0fws5r9s","target":"Recording:01m0wc4j2kyeab4kyb087aqt0p","request_id":"92036fc0-9a7a-4b20-a2c0-75f8a77337d0"} 
[2026-08-25 17:35:51] testing.INFO: recording.resynced {"audit_id":"01m0wc4j6wj6jrabxeh2vkr734","actor_id":"01m0wc4j6fbt6fh2ev31vrg2as","target":"Recording:01m0wc4j6h9cgy8kg4f6zj74xj","request_id":"67903055-9bf1-4170-b5be-c9aac85a9cda"} 
[2026-08-25 17:44:24] testing.INFO: account.password_changed {"audit_id":"01m0wcm6sqgq9hp04fake3w9nn","actor_id":"01m0wcm6rkcx07j9mrz82rb62v","target":"User:01m0wcm6rkcx07j9mrz82rb62v","request_id":"a6f2e2c4-b8a5-4fa9-8125-16820b09956c"} 
[2026-08-25 17:44:24] testing.INFO: account.password_changed {"audit_id":"01m0wcm6xqctq0dz2j8aewm0er","actor_id":"01m0wcm6xccz3kh70bk430wdm8","target":"User:01m0wcm6xccz3kh70bk430wdm8","request_id":"40d53789-fb8a-4de5-a4c7-5aa4df4d4e62"} 
[2026-08-25 17:44:24] testing.INFO: account.two_factor_enabled {"audit_id":"01m0wcm715e0jqafd04g17x3ka","actor_id":"01m0wcm70rdxqxez9ew4ndc4km","target":"User:01m0wcm70rdxqxez9ew4ndc4km","request_id":"73138cf4-337a-43ca-9476-93223e82547c"} 
[2026-08-25 17:44:24] testing.INFO: account.sessions_revoked {"audit_id":"01m0wcm7767efrqef9nkrv2v3w","actor_id":"01m0wcm76x7esjc6be69y261xp","target":"User:01m0wcm76x7esjc6be69y261xp","request_id":"f8652fe0-0677-445c-a428-ac33df324357"} 
[2026-08-25 17:44:25] testing.INFO: settings.updated {"audit_id":"01m0wcm7am2ar080dm63xq3ts1","actor_id":"01m0wcm7a4fw8vds5d1f8b1j9q","target":":","request_id":"5a91ea8d-1150-42ef-ad20-a0fd3ba2bedd"} 
[2026-08-25 17:44:25] testing.INFO: settings.updated {"audit_id":"01m0wcm7hd9qkh2ggw0cqkh33s","actor_id":"01m0wcm7h383y75yrj8gvtg8wx","target":":","request_id":"97d5d76d-92fc-407a-bb79-ead774f594d7"} 
[2026-08-25 17:44:25] testing.INFO: role.updated {"audit_id":"01m0wcm7qscmg5ww0dtsvgzcpg","actor_id":"01m0wcm7qftxmcrs9gc1bqsyan","target":"Role:01m0wcm7p48xc2zcw1j3zc5b0t","request_id":"8d949a17-dac2-45e1-8f35-75f9b6a580f6"} 
[2026-08-25 17:44:25] testing.INFO: settings.payment_method_qr_updated {"audit_id":"01m0wcm7vgwgnb6f5df19sh876","actor_id":"01m0wcm7ts25mxk4r8fft4t5yj","target":"PaymentMethod:01m0wcm7tjj5s57zd78d7xf3w0","request_id":"1c1d5563-c952-495f-8147-1ce009d79d4b"} 
[2026-08-25 17:44:25] testing.INFO: settings.payment_method_qr_removed {"audit_id":"01m0wcm7vp5x973mkfbcbptte9","actor_id":"01m0wcm7ts25mxk4r8fft4t5yj","target":"PaymentMethod:01m0wcm7tjj5s57zd78d7xf3w0","request_id":"38904d1b-1b16-45fb-9a36-7ec71ae342ce"} 
[2026-08-25 17:44:25] testing.INFO: settings.updated {"audit_id":"01m0wcm8268f06zast93y7y0g7","actor_id":"01m0wcm81w842kf3vwx6x20kyb","target":":","request_id":"87b9760b-bb63-47a4-a93a-72d492545dbe"} 
[2026-08-25 17:44:25] testing.INFO: faq.created {"audit_id":"01m0wcm85vegpek2436jehxt8m","actor_id":"01m0wcm85fmfyd7n73x259czq5","target":"Faq:01m0wcm85sxrc0g9eqk2vv52vy","request_id":"269b01cf-cd27-4d20-ab42-5d7e19e179b9"} 
[2026-08-25 17:44:25] testing.INFO: faq.updated {"audit_id":"01m0wcm86231zvja9rwk9cc6k8","actor_id":"01m0wcm85fmfyd7n73x259czq5","target":"Faq:01m0wcm85sxrc0g9eqk2vv52vy","request_id":"83ebd43a-fb74-4e3b-af84-7930e6afcf2f"} 
[2026-08-25 17:44:25] testing.INFO: faq.deleted {"audit_id":"01m0wcm86cymstgxqy318hvzwx","actor_id":"01m0wcm85fmfyd7n73x259czq5","target":"Faq:01m0wcm85sxrc0g9eqk2vv52vy","request_id":"98ed37df-a96c-425d-b7dd-99cad351bfa4"} 
[2026-08-25 17:44:26] testing.INFO: attempt.started {"audit_id":"01m0wcm8g50kt94q6xysre85tz","actor_id":"01m0wcm8fqfa5a4px2c8zzayft","target":"TestAttempt:01m0wcm8g40ak0skrfdv22khhb","request_id":"535b1f2b-8b9f-499d-9cbd-30e0a3fcbfbf"} 
[2026-08-25 17:44:26] testing.INFO: attempt.started {"audit_id":"01m0wcm8q13pbagqm91009yf45","actor_id":"01m0wcm8pnrkxcvrzgxj0jvbsx","target":"TestAttempt:01m0wcm8q0esf21n128rb363z4","request_id":"686d78c4-ab13-46a9-83f4-3ec452fe3c48"} 
[2026-08-25 17:44:26] testing.INFO: attempt.started {"audit_id":"01m0wcm8qahd459mpgvhcqtt34","actor_id":"01m0wcm8pnrkxcvrzgxj0jvbsx","target":"TestAttempt:01m0wcm8q0esf21n128rb363z4","request_id":"a9477e64-d1a7-4cc5-8a7d-e3c12ffe9500"} 
[2026-08-25 17:44:26] testing.INFO: attempt.started {"audit_id":"01m0wcm8tmfm68c078jpj9wqe4","actor_id":"01m0wcm8t88zfxvcge1p3r97zw","target":"TestAttempt:01m0wcm8tk4bebk60ctc5as65t","request_id":"84882d01-8fe5-46d3-a82e-d6c530da4f64"} 
[2026-08-25 17:44:26] testing.INFO: attempt.started {"audit_id":"01m0wcm8ykaeq44d3txht4bf29","actor_id":"01m0wcm8y7kp98vrjscv3qn69j","target":"TestAttempt:01m0wcm8yj515jy44zxzhqsnex","request_id":"b2197176-fbcb-4612-99c5-8be90626533f"} 
[2026-08-25 17:44:26] testing.INFO: attempt.submitted {"audit_id":"01m0wcm8z2mtchz99gn4gqk6kb","actor_id":"01m0wcm8y7kp98vrjscv3qn69j","target":"TestAttempt:01m0wcm8yj515jy44zxzhqsnex","request_id":"8f8c5d76-99b5-4e98-b02d-e11cd2302744"} 
[2026-08-25 17:44:26] testing.INFO: auth.registered {"audit_id":"01m0wcm95gmvbwdfsg9x2a5xxp","actor_id":"01m0wcm95er265837btafh27w4","target":"User:01m0wcm95er265837btafh27w4","request_id":"e23ad23c-83e8-41e5-b9ea-66a67cb2c3b4"} 
[2026-08-25 17:44:27] testing.INFO: auth.logged_in {"audit_id":"01m0wcm9bmpnz3pxhpanxdhmgm","actor_id":"01m0wcm9bc84k5sxpxaqbppa2s","target":"User:01m0wcm9bc84k5sxpxaqbppa2s","request_id":"a556b2a1-d719-4768-83f2-eba1c7814bef"} 
[2026-08-25 17:44:27] testing.INFO: auth.logged_out {"audit_id":"01m0wcm9bv9xkp84hkbdfv0wch","actor_id":"01m0wcm9bc84k5sxpxaqbppa2s","target":"User:01m0wcm9bc84k5sxpxaqbppa2s","request_id":"a2555573-553c-4551-a628-a064a11ade4c"} 
[2026-08-25 17:44:27] testing.INFO: auth.logged_in {"audit_id":"01m0wcm9c0p5f5n2gbfkkfswvs","actor_id":"01m0wcm9bc84k5sxpxaqbppa2s","target":"User:01m0wcm9bc84k5sxpxaqbppa2s","request_id":"59907d70-196d-47f9-9063-d7bd633d2674"} 
[2026-08-25 17:44:27] testing.INFO: auth.account_locked {"audit_id":"01m0wcm9k2hk13r8erxm9hz4zg","actor_id":"01m0wcm9j4bg3nf672ms9h6n5a","target":"User:01m0wcm9j4bg3nf672ms9h6n5a","request_id":"560bfbd2-5a1e-45b3-be93-7a3cd8a452a3"} 
[2026-08-25 17:44:27] testing.INFO: auth.password_changed {"audit_id":"01m0wcm9prapb1ndm8wpkryye6","actor_id":"01m0wcm9p71hwncajsazdejz5x","target":"User:01m0wcm9p71hwncajsazdejz5x","request_id":"de45334d-3e60-40e6-acda-db7014c0d4a4"} 
[2026-08-25 17:44:27] testing.INFO: account.profile_updated {"audit_id":"01m0wcm9swrzet65nat0zyfbee","actor_id":"01m0wcm9smk5h1z4p0bnbs8rmq","target":"User:01m0wcm9smk5h1z4p0bnbs8rmq","request_id":"0c244323-e474-4a3c-8f4f-cba8baea622b"} 
[2026-08-25 17:44:27] testing.INFO: course.updated {"audit_id":"01m0wcma0h33xqzws5fqkb2c6s","actor_id":"01m0wcma01b3ctr7v4djf7h97v","target":"Course:01m0wcma03sexqv8krscdznx36","request_id":"a436c9a8-5e56-42ae-b381-8285b7ffc4ce"} 
[2026-08-25 17:44:27] testing.INFO: course.updated {"audit_id":"01m0wcma48bs2tnzkdr7n7gwy7","actor_id":"01m0wcma3xbgbphqhk5e244p6n","target":"Course:01m0wcma3ywd5w73tjnyngb0sg","request_id":"f0e4b24d-2b0d-43f4-8af0-77b817308cda"} 
[2026-08-25 17:44:28] testing.INFO: course.thumbnail_updated {"audit_id":"01m0wcma8bqmdwmd3vqdj9e7xb","actor_id":"01m0wcma7d33h7hgzq7jgt4se6","target":"Course:01m0wcma7fhtt6dze4z1s6trf1","request_id":"b8b9b257-f74c-4fc8-8510-2923f2f35664"} 
[2026-08-25 17:44:28] testing.INFO: course.thumbnail_updated {"audit_id":"01m0wcma8tafmhyb80hzmbyt8s","actor_id":"01m0wcma7d33h7hgzq7jgt4se6","target":"Course:01m0wcma7fhtt6dze4z1s6trf1","request_id":"2825d1d1-d603-40ff-aa8f-9286120255d1"} 
[2026-08-25 17:44:28] testing.INFO: course.thumbnail_updated {"audit_id":"01m0wcmacb5vjwqms3ybkz50k3","actor_id":"01m0wcmabte56dy7nrg9qzqj01","target":"Course:01m0wcmabvhkcsf12badxtwnvn","request_id":"50835e0d-fa18-405a-9c71-a58447c9f072"} 
[2026-08-25 17:44:28] testing.INFO: course.thumbnail_removed {"audit_id":"01m0wcmacmz4rhj8gmv8nxmkg4","actor_id":"01m0wcmabte56dy7nrg9qzqj01","target":"Course:01m0wcmabvhkcsf12badxtwnvn","request_id":"5f6f2481-e7e8-4002-84dd-ed05e30c0443"} 
[2026-08-25 17:44:28] testing.INFO: course.thumbnail_updated {"audit_id":"01m0wcmag2bhhmx8xvfx856v5n","actor_id":"01m0wcmafgqyx46mvdpbrx6vsq","target":"Course:01m0wcmafj2fmh574m33bwpret","request_id":"899fbc8e-360a-4d2c-8c21-b78b05caace0"} 
[2026-08-25 17:44:28] testing.INFO: payment.approved {"audit_id":"01m0wcmb26q1y5fbk05cfa26g2","actor_id":"01m0wcmat4b17b3vx4t2pzmrgw","target":"Payment:01m0wcmat82jcbfnht6ap9j5sy","request_id":"d64b0a98-8e48-40b7-ab88-44bba1575f91"} 
[2026-08-25 17:44:29] testing.INFO: auth.logged_in {"audit_id":"01m0wcmba2xdnrvmwvsp3vt10b","actor_id":"01m0wcmb9gdkcg348zm2hrjq07","target":"User:01m0wcmb9gdkcg348zm2hrjq07","request_id":"86a92531-67ff-49a5-8bac-812527b912f8"} 
[2026-08-25 17:44:29] testing.INFO: auth.logged_out {"audit_id":"01m0wcmbaca6bynx7bzb4m02am","actor_id":"01m0wcmb9gdkcg348zm2hrjq07","target":"User:01m0wcmb9gdkcg348zm2hrjq07","request_id":"bd72da81-107d-4497-b975-b067efa32894"} 
[2026-08-25 17:44:29] testing.INFO: auth.logged_in {"audit_id":"01m0wcmbam7ha0dfa34bbzf9by","actor_id":"01m0wcmb9gdkcg348zm2hrjq07","target":"User:01m0wcmb9gdkcg348zm2hrjq07","request_id":"c83073f4-010f-425e-8db8-5f35735dbfd4"} 
[2026-08-25 17:44:29] testing.INFO: auth.logged_in {"audit_id":"01m0wcmbdxsa0h2v6k8emy4q9v","actor_id":"01m0wcmbdpne5apx1tr3m43haw","target":"User:01m0wcmbdpne5apx1tr3m43haw","request_id":"93396d5d-c918-45fd-ad14-551aae8a702a"} 
[2026-08-25 17:44:29] testing.INFO: user.devices_reset {"audit_id":"01m0wcmbhkm3sz8n9qcgrp40e5","actor_id":"01m0wcmbh565rgcf7acp3jrpm5","target":"User:01m0wcmbh7ds2k6t7qy8rb73y0","request_id":"5ee3d22f-27b3-493e-b272-9bd041195598"} 
[2026-08-25 17:44:29] testing.INFO: settings.updated {"audit_id":"01m0wcmbxtt384p0x0zs3ttwx8","actor_id":"01m0wcmbxhzkwdys1s2v5f8tv8","target":":","request_id":"efa7105b-42d2-40de-af32-a65e0b60c573"} 
[2026-08-25 17:44:29] testing.INFO: settings.updated {"audit_id":"01m0wcmc15sjt36c1kdafp1w4c","actor_id":"01m0wcmc0v51segsjstk8xrvr9","target":":","request_id":"5593ca08-4551-4334-8af5-ca00e7e25fb2"} 
[2026-08-25 17:44:29] testing.INFO: settings.updated {"audit_id":"01m0wcmc1dyq99sn6k45mpg2yw","actor_id":"01m0wcmc0v51segsjstk8xrvr9","target":":","request_id":"b33fcdef-a848-454b-b6c5-56e3e2b5725b"} 
[2026-08-25 17:44:30] testing.INFO: settings.institution_logo_updated {"audit_id":"01m0wcmc8ba5x6p40vde2sders","actor_id":"01m0wcmc7xsrf6kwyjw29fphcs","target":":","request_id":"ac64670b-050e-4d80-8058-a6ce60dc5773"} 
[2026-08-25 17:44:30] testing.INFO: settings.institution_logo_updated {"audit_id":"01m0wcmc8tbsvs4jgr120psjg2","actor_id":"01m0wcmc7xsrf6kwyjw29fphcs","target":":","request_id":"85117efd-30cb-4945-ba9c-762634c9abab"} 
[2026-08-25 17:44:30] testing.INFO: settings.institution_logo_removed {"audit_id":"01m0wcmc91q5s6ey4khhs9q2n9","actor_id":"01m0wcmc7xsrf6kwyjw29fphcs","target":":","request_id":"d34f31cf-fc6e-4e3c-95bf-9bee285dd336"} 
[2026-08-25 17:44:30] testing.INFO: settings.institution_favicon_updated {"audit_id":"01m0wcmccf5qfy2d7j9sh8c3ck","actor_id":"01m0wcmcc2ddqmbzcasy6y4qak","target":":","request_id":"c7d2d00f-9950-4518-b77e-b8734c23b183"} 
[2026-08-25 17:44:30] testing.INFO: settings.updated {"audit_id":"01m0wcmch3zzhcvgr4bqf1jpzd","actor_id":"01m0wcmcgtpgrygnsv98pfrfpr","target":":","request_id":"1646a6c6-5a09-42b7-a131-ce010652e2d8"} 
[2026-08-25 17:44:30] testing.INFO: auth.logged_in {"audit_id":"01m0wcmd14h01cckq78g042tza","actor_id":"01m0wcmd0wkv0z35wq13xnnmhq","target":"User:01m0wcmd0wkv0z35wq13xnnmhq","request_id":"fd513401-57b3-479e-acd2-92a2c96418f4"} 
[2026-08-25 17:44:31] testing.INFO: auth.login_blocked_suspended {"audit_id":"01m0wcmd7hab412rxwtqacyj69","actor_id":"01m0wcmd7b2cvwd8hcyzygwq6k","target":"User:01m0wcmd7b2cvwd8hcyzygwq6k","request_id":"a3dbb276-fd6d-4229-b964-f54d62592d15"} 
[2026-08-25 17:44:31] testing.INFO: auth.logged_out {"audit_id":"01m0wcmddp7855tnpzck8ykhrf","actor_id":"01m0wcmddf3vhq5h1h3w6fea1v","target":"User:01m0wcmddf3vhq5h1h3w6fea1v","request_id":"0b739e5e-ecea-43cb-b053-52bd317506b0"} 
[2026-08-25 17:44:31] testing.INFO: auth.logged_in {"audit_id":"01m0wcmdgs54avm0av0za3zekg","actor_id":"01m0wcmdgj2fbn2v59evwfdrmw","target":"User:01m0wcmdgj2fbn2v59evwfdrmw","request_id":"5dac017d-27bc-4d6a-b381-48041d9db7ff"} 
[2026-08-25 17:44:31] testing.INFO: payment.approved {"audit_id":"01m0wcmdst6j3xjeqx0prmczkz","actor_id":"01m0wcmdkzx8gwe202t39e2gdy","target":"Payment:01m0wcmdm0y9varcv6zjz438vm","request_id":"4935a634-9a72-4c66-89dd-82ab57f6ea83"} 
[2026-08-25 17:44:31] testing.INFO: payment.approved {"audit_id":"01m0wcme2j0swya6c9bcasm3hq","actor_id":"01m0wcmdws5kjqnnq1c2tz37gx","target":"Payment:01m0wcmdwtmz7hakbje8ex7g5b","request_id":"664328a4-9f67-45c5-9abc-6c9d2aa2abca"} 
[2026-08-25 17:44:32] testing.INFO: payment.approved {"audit_id":"01m0wcmef3vbc9p0ctcgz76bxn","actor_id":"01m0wcme9gzaykrkptqnq6j8jj","target":"Payment:01m0wcme9jvg0xekv1emmdpfz1","request_id":"872191bf-bd67-4996-9c83-ab6e36d4b004"} 
[2026-08-25 17:44:32] testing.INFO: payment.rejected {"audit_id":"01m0wcmejr01ksp022necwwdv9","actor_id":"01m0wcmej9hxrx0ha7sy0grvck","target":"Payment:01m0wcmejc3hc7kr4vnkxc752m","request_id":"1396ffe9-a10f-40e5-a4c9-ab2b2235fb99"} 
[2026-08-25 17:44:32] testing.INFO: refund.recorded {"audit_id":"01m0wcmexfsxkkk3a1xfsqqj2r","actor_id":"01m0wcmewyh1ww16pjq7p247yy","target":"Refund:01m0wcmexergxseg9gczh3ww0t","request_id":"bd38662b-93d4-43d9-8d7a-c4c85eb385ff"} 
[2026-08-25 17:44:32] testing.INFO: refund.processed {"audit_id":"01m0wcmey0svq0f16b1f59q7k0","actor_id":"01m0wcmewzdxbnjfmte7q05s6a","target":"Refund:01m0wcmexergxseg9gczh3ww0t","request_id":"61c9192d-6a63-4c34-8fd2-7b7bf3c3fcbb"} 
[2026-08-25 17:44:34] testing.INFO: user.suspend {"audit_id":"01m0wcmgjjnhyab23f76w5a30x","actor_id":"01m0wcmghrx9cw9650ca5t9w97","target":"User:01m0wcmghxpbvs5a473xcjj7jt","request_id":"f6580299-3072-4cbf-be18-7651dc91561a"} 
[2026-08-25 17:44:34] testing.INFO: user.archived {"audit_id":"01m0wcmgra3pyaknvef08yrg7t","actor_id":"01m0wcmgppcrp0kjj3x6wvqrb7","target":"User:01m0wcmgq13xz1k9ze1k54kk39","request_id":"16990251-96e8-4b3f-8d43-6d446a86b153"} 
[2026-08-25 17:44:34] testing.INFO: user.archived {"audit_id":"01m0wcmgvq7kwga80a30z1ypzr","actor_id":"01m0wcmgvjganz5sbc01hyy8z8","target":"User:01m0wcmgv8c8xk09qq5y6e088v","request_id":"daf75f6b-949c-48d8-abad-a0aa4fba1796"} 
[2026-08-25 17:44:34] testing.INFO: user.updated {"audit_id":"01m0wcmgz4d3awsygzng4af94w","actor_id":"01m0wcmgyrq0nepaw3mm9yh4c7","target":"User:01m0wcmgyv2rh4vv17myprmvqf","request_id":"3baf5e1e-ca0f-46d3-9d57-3d491c95425c"} 
[2026-08-25 17:44:35] testing.INFO: test.published {"audit_id":"01m0wcmhdp3jpwwy8bbrvcx3ht","actor_id":"01m0wcmhcvkq7vk9q2r6zxbcxf","target":"Test:01m0wcmhcz2afhka03f29xyy17","request_id":"f1e98723-8af5-439c-b4ca-0290722e3eab"} 
[2026-08-25 17:44:35] testing.INFO: course.thumbnail_updated {"audit_id":"01m0wcmhmp0dmn25p8p4n9qnv0","actor_id":"01m0wcmhm47np7ydcygdv7vqzn","target":"Course:01m0wcmhm560ewcnn41gwvnp3a","request_id":"a9823dd2-b8b8-466c-9837-a9ad6c357502"} 
[2026-08-25 17:44:35] testing.INFO: course.updated {"audit_id":"01m0wcmhqzt7r3bndmgnzk5rr7","actor_id":"01m0wcmhqj9gh7txevkq0g78z8","target":"Course:01m0wcmhqmctzsvxmkjjnsx8jg","request_id":"688b51d6-f222-44a7-be8b-d9575fcd7e9a"} 
[2026-08-25 17:44:35] testing.INFO: settings.payment_method_qr_updated {"audit_id":"01m0wcmhv9dth0dpdaypyrfkz2","actor_id":"01m0wcmhtwn7knytgsmm1f4enf","target":"PaymentMethod:01m0wcmhts4kr9rdm2vzn81hrb","request_id":"afe21e1d-9d44-41ef-9f23-213967ed82ef"} 
[2026-08-25 17:44:35] testing.INFO: settings.institution_logo_updated {"audit_id":"01m0wcmhyjsme0dg4h2scrsvex","actor_id":"01m0wcmhy56v111c3f75s3a8zr","target":":","request_id":"9550d807-ded9-473a-899f-01e38b95b58f"} 
[2026-08-25 17:44:37] testing.INFO: payment.submitted {"audit_id":"01m0wcmkbm1y54xemzh0jxvh6y","actor_id":"01m0wcmkaw8javaydrr91btmys","target":"Payment:01m0wcmkbkmvzse8x745z5cq1j","request_id":"1afdae94-c6df-432c-88c5-499f2249b6d5"} 
[2026-08-25 17:44:37] testing.INFO: payment.approved_at_capture {"audit_id":"01m0wcmkh93zseweg0ra1yvt47","actor_id":"01m0wcmkaw8javaydrr91btmys","target":"Payment:01m0wcmkbkmvzse8x745z5cq1j","request_id":"1afdae94-c6df-432c-88c5-499f2249b6d5"} 
[2026-08-25 17:44:37] testing.INFO: payment.submitted {"audit_id":"01m0wcmknmaccaa8zsnq0jvnz9","actor_id":"01m0wcmkmxmg3n7a122pppfwxk","target":"Payment:01m0wcmknkh00rsr51c386htr2","request_id":"0662f0c6-493b-4e6f-8bca-09e341a93fef"} 
[2026-08-25 17:44:37] testing.INFO: payment.approved {"audit_id":"01m0wcmkvkmk9m1wjsh73914xy","actor_id":"01m0wcmkmz7znd7xd1m16xvef0","target":"Payment:01m0wcmknkh00rsr51c386htr2","request_id":"859e8cdc-6790-4078-8f38-116e95986568"} 
[2026-08-25 17:44:37] testing.INFO: payment.submitted {"audit_id":"01m0wcmkzpwjtgee6pmn2hy552","actor_id":"01m0wcmkyzwkr1pm5rf8r069nx","target":"Payment:01m0wcmkznmsgmzvjh9wwj846r","request_id":"890ec0b7-14a4-4fd0-bda0-aef22034ae48"} 
[2026-08-25 17:44:38] testing.INFO: payment.approved_at_capture {"audit_id":"01m0wcmm59akg5hs799xpq245h","actor_id":"01m0wcmkyzwkr1pm5rf8r069nx","target":"Payment:01m0wcmkznmsgmzvjh9wwj846r","request_id":"890ec0b7-14a4-4fd0-bda0-aef22034ae48"} 
[2026-08-25 17:44:38] testing.INFO: payment.submitted {"audit_id":"01m0wcmm5xvamxk3ca5y09y931","actor_id":"01m0wcmkyzwkr1pm5rf8r069nx","target":"Payment:01m0wcmm5w335r080n1x7r7b7y","request_id":"b297d726-b289-4f16-8ca3-19b4b1bf8fc9"} 
[2026-08-25 17:44:38] testing.INFO: payment.approved {"audit_id":"01m0wcmmc0gz2avtpjr28dnjm2","actor_id":"01m0wcmkz1vsjxj7wjpywndwa1","target":"Payment:01m0wcmm5w335r080n1x7r7b7y","request_id":"95fac795-3583-4e4b-8c5f-9952dda8fc49"} 
[2026-08-25 17:44:38] testing.INFO: course.created {"audit_id":"01m0wcmmfnqnc01mcbe3npq6db","actor_id":"01m0wcmmf6kaxpbv1h2fp4w5sn","target":"Course:01m0wcmmfmnedx91e6x1zwkkps","request_id":"cb2ae203-89b4-42db-bb99-1854699c2bb1"} 
[2026-08-25 17:44:38] testing.INFO: category.created {"audit_id":"01m0wcmmjtcjy4mfns34bvw96a","actor_id":"01m0wcmmjfg7cg37fy9w5srd3p","target":"Category:01m0wcmmjsgrvztvyz4nsvvdyf","request_id":"0cdca386-428a-45ec-a77a-f5403955d11d"} 
[2026-08-25 17:44:38] testing.INFO: syllabus.updated {"audit_id":"01m0wcmmpez8q1gfxj7b0fq9xr","actor_id":"01m0wcmmp2smqd0h58mn84gfnm","target":"Course:01m0wcmmp35hr1mm76qdjayn0p","request_id":"fe3e0039-3271-4e96-a014-ee2b57207f55"} 
[2026-08-25 17:44:38] testing.INFO: export.generated {"audit_id":"01m0wcmmsq5pf887bf69yd7zfg","actor_id":"01m0wcmms9kfg438zy3rza6nm8","target":":","request_id":"def744e7-2ac0-4746-974d-c218d9a728bf"} 
[2026-08-25 17:44:39] testing.INFO: payment.approved {"audit_id":"01m0wcmnt93n28atq8wwzf1p00","actor_id":"01m0wcmnmg0ac0w8w69xedqzwa","target":"Payment:01m0wcmnmh4e712kdm4xt3d581","request_id":"e716500a-e5e8-462c-b825-ef10e46b2b9c"} 
[2026-08-25 17:44:40] testing.INFO: recording.deleted {"audit_id":"01m0wcmpc919bg8jqw7dbjpss7","actor_id":"01m0wcmpbv99xpbs68w38z8ynh","target":"Recording:01m0wcmpbx4zjevh7zyqmnw0hm","request_id":"835536ef-4c4c-4a7d-8a47-39313a3a90e6"} 
[2026-08-25 17:44:40] testing.INFO: recording.resynced {"audit_id":"01m0wcmpfpt9vbv3smhawfc2w2","actor_id":"01m0wcmpfb7sqm3xzr736ds5t1","target":"Recording:01m0wcmpfd8qb7ptbxgsh5whaq","request_id":"2512a4a8-37e4-43ae-9c40-1ed1aba3fe19"} 
[2026-08-25 17:45:47] testing.INFO: payment.proof_viewed {"audit_id":"01m0wcpqfjgbqnr6hay658k2xj","actor_id":"01m0wcpqewx52900dzbm1qsr7e","target":"Payment:01m0wcpqf9h9dpdeew1rjc0gx5","request_id":"36ec3ba8-69e4-44a4-9693-8e6542e71410"} 
[2026-08-25 17:45:47] testing.INFO: payment.proof_viewed {"audit_id":"01m0wcpqke4s001prbjdyyq8mr","actor_id":"01m0wcpqjy5p3n26xbwa6bg9nk","target":"Payment:01m0wcpqk570g8m12a3gzb5sa1","request_id":"ec3de3d0-73a0-4c24-95db-a0fb691508f6"} 
[2026-08-25 17:47:09] testing.INFO: account.password_changed {"audit_id":"01m0wcs7znjr487aem9zfqjrkm","actor_id":"01m0wcs7yfjpte9svwqr5zjx44","target":"User:01m0wcs7yfjpte9svwqr5zjx44","request_id":"96ed50ae-b0be-4351-a6f1-14ce1aa47645"} 
[2026-08-25 17:47:09] testing.INFO: account.password_changed {"audit_id":"01m0wcs857ydt80k4kjdhj75qc","actor_id":"01m0wcs84wevv57xaa2g8q7rn5","target":"User:01m0wcs84wevv57xaa2g8q7rn5","request_id":"00256dff-f392-4126-a152-0dee429ab9bc"} 
[2026-08-25 17:47:09] testing.INFO: account.two_factor_enabled {"audit_id":"01m0wcs88rk97f1mgxa7vem15b","actor_id":"01m0wcs88be3exf0vxer8rv3wb","target":"User:01m0wcs88be3exf0vxer8rv3wb","request_id":"85c8a1be-f8dd-4f4d-b60c-ff09f5e38af4"} 
[2026-08-25 17:47:10] testing.INFO: account.sessions_revoked {"audit_id":"01m0wcs8eqfes6wr0g9znmk6bn","actor_id":"01m0wcs8edgfm60kmehh6y4r5v","target":"User:01m0wcs8edgfm60kmehh6y4r5v","request_id":"5d6b8037-d9b8-4b0d-9e69-978078de70ba"} 
[2026-08-25 17:47:10] testing.INFO: settings.updated {"audit_id":"01m0wcs8j5vvgvy6tq9nqcjbbm","actor_id":"01m0wcs8hnnqgpfs9z9e6c9qgf","target":":","request_id":"a4dfc67d-349d-44fa-8fd5-138906c7be2b"} 
[2026-08-25 17:47:10] testing.INFO: settings.updated {"audit_id":"01m0wcs8sxsre3pkzrtp5kbkdq","actor_id":"01m0wcs8snqnv0hz7hhv6dk6p3","target":":","request_id":"add9241b-54d0-4650-9568-9d917e92b5f7"} 
[2026-08-25 17:47:10] testing.INFO: role.updated {"audit_id":"01m0wcs9066v9t036bq0h0z0ht","actor_id":"01m0wcs8zwvfkrd3x68h5frf6j","target":"Role:01m0wcs8yj0eq4dtjd57g4h7t9","request_id":"dfa0de13-d7fa-48d1-9f0b-f2f18a264d73"} 
[2026-08-25 17:47:10] testing.INFO: settings.payment_method_qr_updated {"audit_id":"01m0wcs93p886k95t5ys48sez2","actor_id":"01m0wcs930wtadzx2b423jtap3","target":"PaymentMethod:01m0wcs92vwm8p47sghce6937n","request_id":"7d83c93d-073e-494c-ba2f-cb24c8fce420"} 
[2026-08-25 17:47:10] testing.INFO: settings.payment_method_qr_removed {"audit_id":"01m0wcs93wvc6w00j0db34bdwr","actor_id":"01m0wcs930wtadzx2b423jtap3","target":"PaymentMethod:01m0wcs92vwm8p47sghce6937n","request_id":"d83b3a4a-d99e-4cb1-bf7f-c24edcd7c591"} 
[2026-08-25 17:47:10] testing.INFO: settings.updated {"audit_id":"01m0wcs9ahchry8y60de0xwgt3","actor_id":"01m0wcs9a78ax0n42kf3qse0j2","target":":","request_id":"d814691c-242c-4d65-ab80-46a82519de37"} 
[2026-08-25 17:47:11] testing.INFO: faq.created {"audit_id":"01m0wcs9fe1jada7fcw7hftk81","actor_id":"01m0wcs9f2173yrzbmbbp34c3j","target":"Faq:01m0wcs9fdxkedq6rk60vtb5n7","request_id":"9229891f-5063-47da-9ddc-c5461c07803c"} 
[2026-08-25 17:47:11] testing.INFO: faq.updated {"audit_id":"01m0wcs9fqhmcmb2xvmm7scmx8","actor_id":"01m0wcs9f2173yrzbmbbp34c3j","target":"Faq:01m0wcs9fdxkedq6rk60vtb5n7","request_id":"b48fdb74-4a6d-4230-8ffb-0cfc86a9dedf"} 
[2026-08-25 17:47:11] testing.INFO: faq.deleted {"audit_id":"01m0wcs9g2fmz72sn9n7g2mdf9","actor_id":"01m0wcs9f2173yrzbmbbp34c3j","target":"Faq:01m0wcs9fdxkedq6rk60vtb5n7","request_id":"49e2235b-708d-4637-a73f-7caad5e4f49a"} 
[2026-08-25 17:47:11] testing.INFO: attempt.started {"audit_id":"01m0wcs9spc1y0t80tx4zadp04","actor_id":"01m0wcs9s7jjnd4qpekt24abzy","target":"TestAttempt:01m0wcs9sn2266mmqqw1kyvrjd","request_id":"1e5459f2-d546-4e95-9e2e-054442b47a34"} 
[2026-08-25 17:47:11] testing.INFO: attempt.started {"audit_id":"01m0wcsa02g1b6gzq01f2rh58f","actor_id":"01m0wcs9zq55kvbzjv9t7g0ek5","target":"TestAttempt:01m0wcsa01nmw67x5yfvqspnvs","request_id":"736b7480-e472-44aa-b8c2-2838b65d3440"} 
[2026-08-25 17:47:11] testing.INFO: attempt.started {"audit_id":"01m0wcsa0bft0fe8r5yyfmkne7","actor_id":"01m0wcs9zq55kvbzjv9t7g0ek5","target":"TestAttempt:01m0wcsa01nmw67x5yfvqspnvs","request_id":"41286f1d-451b-4eea-b115-f2efcb680cea"} 
[2026-08-25 17:47:11] testing.INFO: attempt.started {"audit_id":"01m0wcsa3j67tsawwvw3rmwpt5","actor_id":"01m0wcsa3619t67eg4p0j27fc3","target":"TestAttempt:01m0wcsa3hj9k9rdpfyx021sbj","request_id":"7dc7e5ae-774a-4327-8fb2-8bffa1d4685f"} 
[2026-08-25 17:47:11] testing.INFO: attempt.started {"audit_id":"01m0wcsa7d33fsme4fdvgbmxbn","actor_id":"01m0wcsa71hzbp2az7pvxpr2g0","target":"TestAttempt:01m0wcsa7cwr65ttpxf9bzjyd9","request_id":"d56a4e83-159c-4ce8-85b1-5b6c5be3d46d"} 
[2026-08-25 17:47:11] testing.INFO: attempt.submitted {"audit_id":"01m0wcsa7va5kzrwf72k6sz2za","actor_id":"01m0wcsa71hzbp2az7pvxpr2g0","target":"TestAttempt:01m0wcsa7cwr65ttpxf9bzjyd9","request_id":"d81060c5-044b-4497-b9bc-b4bb8b94d8cb"} 
[2026-08-25 17:47:12] testing.INFO: auth.registered {"audit_id":"01m0wcsaefv97r2tvcqb118e03","actor_id":"01m0wcsaedc6smfj04drcr776y","target":"User:01m0wcsaedc6smfj04drcr776y","request_id":"1e0566ad-48be-417f-947c-6cad95ab3243"} 
[2026-08-25 17:47:12] testing.INFO: auth.logged_in {"audit_id":"01m0wcsamjw3dmhx0x8fk7w6m8","actor_id":"01m0wcsamasnpjqn3xf7kkf2ff","target":"User:01m0wcsamasnpjqn3xf7kkf2ff","request_id":"a056a181-d4eb-4740-802c-1a80b7672f3b"} 
[2026-08-25 17:47:12] testing.INFO: auth.logged_out {"audit_id":"01m0wcsamtj24twep5me2wc259","actor_id":"01m0wcsamasnpjqn3xf7kkf2ff","target":"User:01m0wcsamasnpjqn3xf7kkf2ff","request_id":"37bc1b89-f02a-4a6d-9b5e-ccb14a045817"} 
[2026-08-25 17:47:12] testing.INFO: auth.logged_in {"audit_id":"01m0wcsamzq1stawvjwa1pq3xb","actor_id":"01m0wcsamasnpjqn3xf7kkf2ff","target":"User:01m0wcsamasnpjqn3xf7kkf2ff","request_id":"82c6b3f6-fbf3-4b34-b5dd-3c4cee485815"} 
[2026-08-25 17:47:12] testing.INFO: auth.account_locked {"audit_id":"01m0wcsavps3dze4c7exy8m0c7","actor_id":"01m0wcsav046233a3j9r4q9zja","target":"User:01m0wcsav046233a3j9r4q9zja","request_id":"03356a40-d310-4f9e-bf07-aeaa27ddec96"} 
[2026-08-25 17:47:12] testing.INFO: auth.password_changed {"audit_id":"01m0wcsaz2zheh9k2qq354g8kk","actor_id":"01m0wcsaymfhr18kpzes7j75ha","target":"User:01m0wcsaymfhr18kpzes7j75ha","request_id":"977ac4f6-f5a9-4154-b46b-5167741efa00"} 
[2026-08-25 17:47:12] testing.INFO: account.profile_updated {"audit_id":"01m0wcsb2321r2pgbcpg4yj5jz","actor_id":"01m0wcsb1wazedr08x5ns5kad6","target":"User:01m0wcsb1wazedr08x5ns5kad6","request_id":"58bdb625-cee7-4902-a4ca-b370f0fa7005"} 
[2026-08-25 17:47:12] testing.INFO: course.updated {"audit_id":"01m0wcsb8ehvy6y8990kh71wyn","actor_id":"01m0wcsb7zd0v6pxbwajtvm152","target":"Course:01m0wcsb80qq82gmp0d5z97b0y","request_id":"84e1b18b-9070-41ad-9f76-814f4c42474a"} 
[2026-08-25 17:47:12] testing.INFO: course.updated {"audit_id":"01m0wcsbc258b45h02ap5ma2p8","actor_id":"01m0wcsbbpxwbjrmkxtp678wve","target":"Course:01m0wcsbbq2vecjrg9ng927y9r","request_id":"d709d1e9-75fb-4671-9245-ed6c86391dda"} 
[2026-08-25 17:47:13] testing.INFO: course.thumbnail_updated {"audit_id":"01m0wcsbfkejzwr14beq92m1xc","actor_id":"01m0wcsbf0e8yfsm90qqp1502r","target":"Course:01m0wcsbf24rxy8c0hsbyg1x6p","request_id":"4fdc5534-b71a-4c97-9755-289140aa7f10"} 
[2026-08-25 17:47:13] testing.INFO: course.thumbnail_updated {"audit_id":"01m0wcsbg1gqpd3gmfjv3xk5wm","actor_id":"01m0wcsbf0e8yfsm90qqp1502r","target":"Course:01m0wcsbf24rxy8c0hsbyg1x6p","request_id":"169c3ac5-4846-4f3e-8ff5-5257a14d64d7"} 
[2026-08-25 17:47:13] testing.INFO: course.thumbnail_updated {"audit_id":"01m0wcsbkkxx72hkjn947emy9e","actor_id":"01m0wcsbk3vxhcwm87q90d1smg","target":"Course:01m0wcsbk4kzwgedamn3xc1gsg","request_id":"c4528231-0c4f-4a09-aa1d-3c09c58621e5"} 
[2026-08-25 17:47:13] testing.INFO: course.thumbnail_removed {"audit_id":"01m0wcsbkwch2krgabpkp2eyyz","actor_id":"01m0wcsbk3vxhcwm87q90d1smg","target":"Course:01m0wcsbk4kzwgedamn3xc1gsg","request_id":"4b688079-a146-48f2-bade-c9587b7092b8"} 
[2026-08-25 17:47:13] testing.INFO: course.thumbnail_updated {"audit_id":"01m0wcsbqemktzc77vd6ep3tnj","actor_id":"01m0wcsbpxctaygt3q7w6brqp8","target":"Course:01m0wcsbpzcp2bw8x7q6jq37ay","request_id":"06112434-2ed8-4f9f-be52-4d72393fdcf4"} 
[2026-08-25 17:47:13] testing.INFO: payment.approved {"audit_id":"01m0wcsc9q86hqjgzz1ds1nakh","actor_id":"01m0wcsc1kckgv6qmmh35t3vn7","target":"Payment:01m0wcsc1r57yk5apc893vt42b","request_id":"d7917257-9523-417a-9df6-81b9f5a4d72c"} 
[2026-08-25 17:47:14] testing.INFO: auth.logged_in {"audit_id":"01m0wcscgmhe6kp60mreycxbhg","actor_id":"01m0wcscgbet7mey711bzr3ye3","target":"User:01m0wcscgbet7mey711bzr3ye3","request_id":"0c329d9e-000d-444e-8815-ce776e6f030b"} 
[2026-08-25 17:47:14] testing.INFO: auth.logged_out {"audit_id":"01m0wcscgsgbhfwhdrw97zes1a","actor_id":"01m0wcscgbet7mey711bzr3ye3","target":"User:01m0wcscgbet7mey711bzr3ye3","request_id":"aa3d7f5c-cd3a-4832-b3e9-78ba67297e25"} 
[2026-08-25 17:47:14] testing.INFO: auth.logged_in {"audit_id":"01m0wcscgz1jgr8yag691kmky3","actor_id":"01m0wcscgbet7mey711bzr3ye3","target":"User:01m0wcscgbet7mey711bzr3ye3","request_id":"9b3e638c-f0bb-48b8-a3de-2fc733dca1db"} 
[2026-08-25 17:47:14] testing.INFO: auth.logged_in {"audit_id":"01m0wcscm0zhaj24p3x1cq7j6c","actor_id":"01m0wcscks673z2creyg4fm8zr","target":"User:01m0wcscks673z2creyg4fm8zr","request_id":"1365cb27-2dda-4ee7-b7c5-faa1ef050da8"} 
[2026-08-25 17:47:14] testing.INFO: user.devices_reset {"audit_id":"01m0wcscqs0jhq4sgk3ykn1rfk","actor_id":"01m0wcscqbfpkgazw17jt424px","target":"User:01m0wcscqdrvdvxhc9mygg7t51","request_id":"9e2243eb-71c3-4adb-99b0-053e583c9da0"} 
[2026-08-25 17:47:14] testing.INFO: settings.updated {"audit_id":"01m0wcsd3djpr28ad5xd9zps31","actor_id":"01m0wcsd34b52b90yfk2fkb029","target":":","request_id":"d27f9d52-932f-435d-82b2-a413fe971a6f"} 
[2026-08-25 17:47:14] testing.INFO: settings.updated {"audit_id":"01m0wcsd6n8p5c46n1pce2gxjw","actor_id":"01m0wcsd6ddkxp34gvz4dfj8m9","target":":","request_id":"9b973f32-0e8b-41e2-b3ee-810868ed33e9"} 
[2026-08-25 17:47:14] testing.INFO: settings.updated {"audit_id":"01m0wcsd6yrvj1hvsgdepk3psr","actor_id":"01m0wcsd6ddkxp34gvz4dfj8m9","target":":","request_id":"a83be4a4-b922-46e7-ac96-4de8d94b8807"} 
[2026-08-25 17:47:15] testing.INFO: settings.institution_logo_updated {"audit_id":"01m0wcsddk4x9bth7ep4xaezjv","actor_id":"01m0wcsdd5dfcq8xqz12248m9b","target":":","request_id":"7868744a-67d8-4006-81de-a31191ee1c5d"} 
[2026-08-25 17:47:15] testing.INFO: settings.institution_logo_updated {"audit_id":"01m0wcsde1hdnca0hmw8b9waza","actor_id":"01m0wcsdd5dfcq8xqz12248m9b","target":":","request_id":"1face723-c2b8-4827-abbc-4e43563ec7df"} 
[2026-08-25 17:47:15] testing.INFO: settings.institution_logo_removed {"audit_id":"01m0wcsde9sy7phrpgdetstxwz","actor_id":"01m0wcsdd5dfcq8xqz12248m9b","target":":","request_id":"a0d01b20-ce90-4b10-a242-7a5471a38123"} 
[2026-08-25 17:47:15] testing.INFO: settings.institution_favicon_updated {"audit_id":"01m0wcsdhwns8y14zk13x480zy","actor_id":"01m0wcsdhg45m9ydqm62ysn3g4","target":":","request_id":"81cf52b4-1e81-47af-b44f-5b9488e2c95a"} 
[2026-08-25 17:47:15] testing.INFO: settings.updated {"audit_id":"01m0wcsdnesr32wzbsn1wjf41f","actor_id":"01m0wcsdn4jsabeerzt7ejtbzq","target":":","request_id":"52573e23-e62b-4d03-95a0-645b65b48e91"} 
[2026-08-25 17:47:15] testing.INFO: auth.logged_in {"audit_id":"01m0wcse5kwdkq11kcptw3ee5z","actor_id":"01m0wcse5agkwcf1e9f5zwx1ga","target":"User:01m0wcse5agkwcf1e9f5zwx1ga","request_id":"1cd05057-4890-4c9f-ad84-86fd35a5039d"} 
[2026-08-25 17:47:16] testing.INFO: auth.login_blocked_suspended {"audit_id":"01m0wcsebqny8x8sv20hv79xc1","actor_id":"01m0wcsebhq4n2yratypfve8d0","target":"User:01m0wcsebhq4n2yratypfve8d0","request_id":"3e646092-5501-4b36-b222-f47824ad3b6e"} 
[2026-08-25 17:47:16] testing.INFO: auth.logged_out {"audit_id":"01m0wcsehxg2y63c1mmgxrf059","actor_id":"01m0wcsehq4rf19vr3r7kr8x7j","target":"User:01m0wcsehq4rf19vr3r7kr8x7j","request_id":"e090fe87-365f-4c46-bb66-9a9b6541ba22"} 
[2026-08-25 17:47:16] testing.INFO: auth.logged_in {"audit_id":"01m0wcsemzv9v0f5xwg39xcmvq","actor_id":"01m0wcsemr4es2be18vbbq5rss","target":"User:01m0wcsemr4es2be18vbbq5rss","request_id":"66636048-7add-4f02-9f5b-091b4dc2be78"} 
[2026-08-25 17:47:16] testing.INFO: payment.approved {"audit_id":"01m0wcsey21y3xs05xaesekjhv","actor_id":"01m0wcser5813m5xe7q0z620p7","target":"Payment:01m0wcser7pph0jrswbn6w94t1","request_id":"62ba9d66-9e4f-4478-a951-c9249f336916"} 
[2026-08-25 17:47:16] testing.INFO: payment.approved {"audit_id":"01m0wcsf79qcscehjs6g26481x","actor_id":"01m0wcsf17jqvpz92ax62awdp0","target":"Payment:01m0wcsf18c6hwpjyj0ef3ak5h","request_id":"e0880cbb-6436-44a2-9dc0-b400afc57d77"} 
[2026-08-25 17:47:17] testing.INFO: payment.approved {"audit_id":"01m0wcsfm4rpsharkre9xvq5f5","actor_id":"01m0wcsfeeezhv3h7vy53yj2v4","target":"Payment:01m0wcsfegv9fjq02jx6tbz858","request_id":"e97dc909-b0d4-4532-86ef-8bb7c22cc73e"} 
[2026-08-25 17:47:17] testing.INFO: payment.rejected {"audit_id":"01m0wcsfqj94hs3gxx14td41dy","actor_id":"01m0wcsfq4mbb5w46cmtr9xp6c","target":"Payment:01m0wcsfq5re7v5snj1tvy7rq5","request_id":"260554fd-fc99-4f48-b78a-321885eb44ed"} 
[2026-08-25 17:47:17] testing.INFO: refund.recorded {"audit_id":"01m0wcsg18gcv72kpr2ea3kh5w","actor_id":"01m0wcsg0qpk7b30f0jf01pwtx","target":"Refund:01m0wcsg17n5wcqntb9znsmjh4","request_id":"dcbc0b21-a49c-43e6-84a4-ab63e14f262c"} 
[2026-08-25 17:47:17] testing.INFO: refund.processed {"audit_id":"01m0wcsg1s1pcm0n5vn53cqgbh","actor_id":"01m0wcsg0sjr5zng7beyz3hnqb","target":"Refund:01m0wcsg17n5wcqntb9znsmjh4","request_id":"4fd477c4-05f5-4109-81af-9582a091fdb3"} 
[2026-08-25 17:47:19] testing.INFO: user.suspend {"audit_id":"01m0wcshqngsbrs5905nx2y44p","actor_id":"01m0wcshpv6481bfsxmswnx8dn","target":"User:01m0wcshpzdqkyq7jqk86sxfhh","request_id":"845cf317-deb9-45d2-a4c9-4357a9047197"} 
[2026-08-25 17:47:19] testing.INFO: user.archived {"audit_id":"01m0wcshxaqhge296dn61qqmth","actor_id":"01m0wcshvvtqacvcetr42fz5z4","target":"User:01m0wcshw5ce7qm6a61hspvazf","request_id":"c5c78c60-d6d3-4c55-8401-81f4fb02a22a"} 
[2026-08-25 17:47:19] testing.INFO: user.archived {"audit_id":"01m0wcsj0sxy6bza2vpdsxeabn","actor_id":"01m0wcsj0m8b64ted36za61j8q","target":"User:01m0wcsj09rmgkk3zcg90kxb8p","request_id":"7ce6b64a-1dff-455c-9ea7-edcb878f06c8"} 
[2026-08-25 17:47:19] testing.INFO: user.updated {"audit_id":"01m0wcsj4agdqy4k433nkx9m1t","actor_id":"01m0wcsj3zstrceahtttwpzqt2","target":"User:01m0wcsj41mfdwyegtch3bww7r","request_id":"bb1842c8-0673-447d-b39e-bbf138e9ea4b"} 
[2026-08-25 17:47:20] testing.INFO: test.published {"audit_id":"01m0wcsjk2zttcdfxh4qy4tax1","actor_id":"01m0wcsjj76hm256sah4jnfy7c","target":"Test:01m0wcsjjcft2tfz9ax5bcj81r","request_id":"572f2c3b-15f9-441a-8c8f-088c542954bb"} 
[2026-08-25 17:47:20] testing.INFO: course.thumbnail_updated {"audit_id":"01m0wcsjtq0d1rtxbp6m6zv49w","actor_id":"01m0wcsjt4dj7n9typwneqmpak","target":"Course:01m0wcsjt5kteajqv0zpq9y7gh","request_id":"d0f7d352-8643-46df-8f51-0eea2a447123"} 
[2026-08-25 17:47:20] testing.INFO: course.updated {"audit_id":"01m0wcsjy0pyxqs2388t8yv9n6","actor_id":"01m0wcsjxmv353vea0xwe9fbjc","target":"Course:01m0wcsjxn9q8kwyw9bw775w6g","request_id":"9c3f671f-d880-476a-9c5d-1c96816ca6fd"} 
[2026-08-25 17:47:20] testing.INFO: settings.payment_method_qr_updated {"audit_id":"01m0wcsk1gaq90qtdhq0gxb1xd","actor_id":"01m0wcsk12wskkdz3d842qxjep","target":"PaymentMethod:01m0wcsk0zx074f3n9fvfmz37e","request_id":"9e2f9eef-8065-4a57-ac28-7432b9caebc6"} 
[2026-08-25 17:47:20] testing.INFO: settings.institution_logo_updated {"audit_id":"01m0wcsk4r93s0xr8w1tgffsaz","actor_id":"01m0wcsk49tcbwee453de35gds","target":":","request_id":"4f812dd0-626f-4660-8f4f-bcb9d6a98f62"} 
[2026-08-25 17:47:22] testing.INFO: payment.submitted {"audit_id":"01m0wcsmjbf6xsgkfqdmf19cwf","actor_id":"01m0wcsmhkgkyhbf0x81eb54my","target":"Payment:01m0wcsmjavx8294djnf2sgvge","request_id":"4bca9b9e-39bc-425c-8d8c-e73b20a055e1"} 
[2026-08-25 17:47:22] testing.INFO: payment.approved_at_capture {"audit_id":"01m0wcsmqzt58nk96agqw1hqvf","actor_id":"01m0wcsmhkgkyhbf0x81eb54my","target":"Payment:01m0wcsmjavx8294djnf2sgvge","request_id":"4bca9b9e-39bc-425c-8d8c-e73b20a055e1"} 
[2026-08-25 17:47:22] testing.INFO: payment.submitted {"audit_id":"01m0wcsmw6mekcn5me79jbnk98","actor_id":"01m0wcsmvgq4k1daas2jwqen5t","target":"Payment:01m0wcsmw574b35ngxcnn0w51r","request_id":"62fa18ad-70d6-406f-bca8-2a41c4a69585"} 
[2026-08-25 17:47:22] testing.INFO: payment.approved {"audit_id":"01m0wcsn1zd7qrjxhg7gqtxagj","actor_id":"01m0wcsmvjnmx2bw3gs0cnrrty","target":"Payment:01m0wcsmw574b35ngxcnn0w51r","request_id":"dfbda03b-6af0-4813-938c-155aa8d2394d"} 
[2026-08-25 17:47:23] testing.INFO: payment.submitted {"audit_id":"01m0wcsn63edrrffh45s9ppy4h","actor_id":"01m0wcsn5c3z5njgdagmfg28d3","target":"Payment:01m0wcsn62katcnc0v4gpsyhpv","request_id":"77590997-0d99-4a1b-8445-4686e3000fb6"} 
[2026-08-25 17:47:23] testing.INFO: payment.approved_at_capture {"audit_id":"01m0wcsnbrzrbey1rxp2mkyt12","actor_id":"01m0wcsn5c3z5njgdagmfg28d3","target":"Payment:01m0wcsn62katcnc0v4gpsyhpv","request_id":"77590997-0d99-4a1b-8445-4686e3000fb6"} 
[2026-08-25 17:47:23] testing.INFO: payment.submitted {"audit_id":"01m0wcsnce7frswt89g8fdhscs","actor_id":"01m0wcsn5c3z5njgdagmfg28d3","target":"Payment:01m0wcsncd526kkmce6wgj8ts2","request_id":"8757f0c4-1014-4be6-9515-6d1581011303"} 
[2026-08-25 17:47:23] testing.INFO: payment.approved {"audit_id":"01m0wcsnjgkt5rnpe5es1qqfhx","actor_id":"01m0wcsn5dezv79mapfy5a0z9b","target":"Payment:01m0wcsncd526kkmce6wgj8ts2","request_id":"77defb92-4556-4d92-a0d8-e94f027eed05"} 
[2026-08-25 17:47:23] testing.INFO: course.created {"audit_id":"01m0wcsnp7yhqcmxkywgx8ehvg","actor_id":"01m0wcsnnrzjxfcbn672ceztke","target":"Course:01m0wcsnp6bwage5y5cqs8c1jj","request_id":"e84fd1d5-902c-4906-83fe-91b60f344619"} 
[2026-08-25 17:47:23] testing.INFO: category.created {"audit_id":"01m0wcsnsc835kprd98rnymfxd","actor_id":"01m0wcsns1rys2q931ffwg97wq","target":"Category:01m0wcsnsbmxy51fh41akpf23p","request_id":"75758ee7-f507-4747-9f6d-dd5ab3966cf6"} 
[2026-08-25 17:47:23] testing.INFO: syllabus.updated {"audit_id":"01m0wcsnx1mkhkg0pjyb74bb31","actor_id":"01m0wcsnwn1v86xxnk5hb26k0p","target":"Course:01m0wcsnwpjhbt8ggkqpxmn95p","request_id":"c38acc12-e65b-4d5c-b971-8440a3ca5635"} 
[2026-08-25 17:47:23] testing.INFO: export.generated {"audit_id":"01m0wcsp0dqym46vng77yxt3dn","actor_id":"01m0wcsnzydsyz0g907429am1f","target":":","request_id":"94523d50-bcaf-4358-b9dd-ff9aa7c4b7c0"} 
[2026-08-25 17:47:24] testing.INFO: payment.proof_viewed {"audit_id":"01m0wcsps8ab1bnc2wsvagdjtt","actor_id":"01m0wcsprtgzc7s1643y7sdrms","target":"Payment:01m0wcsps1k488ge1ax2chp8j1","request_id":"c5b9a27b-0bf6-4700-a1cf-4801416a8f87"} 
[2026-08-25 17:47:25] testing.INFO: payment.approved {"audit_id":"01m0wcsq91debs48vr2jcqtcz8","actor_id":"01m0wcsq38kwycbchz70166pqj","target":"Payment:01m0wcsq3a380pg18rjryh4bmw","request_id":"fbaf5c55-f2cc-432f-bc9a-017a0959cc3c"} 
[2026-08-25 17:47:25] testing.INFO: recording.deleted {"audit_id":"01m0wcsr242944bh10z7br7ngr","actor_id":"01m0wcsr1p1hwkzc5vkxf059r4","target":"Recording:01m0wcsr1q1a37zvwm70zrsjyg","request_id":"8ed6d2c2-0e40-47de-b733-5033bc6dc165"} 
[2026-08-25 17:47:26] testing.INFO: recording.resynced {"audit_id":"01m0wcsr5mnqpmxr5kckfn7cga","actor_id":"01m0wcsr58fmy00x0ry7dxv9f9","target":"Recording:01m0wcsr5a3wxh3rye52jzseey","request_id":"ec2a9e67-3b35-49c2-8072-a45ca0d548d9"} 
[2026-08-25 18:40:50] testing.INFO: attendance.imported {"audit_id":"01m0wfvh592cm7ejatsftr1sgm","actor_id":"01m0wfvfhg0hj2hqy5j7xtpfgy","target":"ClassSession:01m0wfvfhse2zkf3p6fmzhcczn","request_id":"bf0aef44-90b1-481c-858d-6bfbe5b56730"} 
[2026-08-25 18:41:37] testing.INFO: account.password_changed {"audit_id":"01m0wfwzv1msnadprt8are370j","actor_id":"01m0wfwz39kkw14f68ha1s86fc","target":"User:01m0wfwz39kkw14f68ha1s86fc","request_id":"1ee933f0-4716-4b14-90f6-a3f4d637cbc3"} 
[2026-08-25 18:41:38] testing.INFO: account.password_changed {"audit_id":"01m0wfx04ntpyrqkw24b009hjn","actor_id":"01m0wfwzyqpz0n16mdnt1aw49q","target":"User:01m0wfwzyqpz0n16mdnt1aw49q","request_id":"c48c1639-0da0-40b4-ab7e-fe435e0a17f6"} 
[2026-08-25 18:41:38] testing.INFO: account.two_factor_enabled {"audit_id":"01m0wfx0b8sbn49xw7dgdxqe0t","actor_id":"01m0wfx09jcher8pk13jbyacmv","target":"User:01m0wfx09jcher8pk13jbyacmv","request_id":"f8a9c2f3-336f-4e61-8c7d-1f674b7659d4"} 
[2026-08-25 18:41:38] testing.INFO: account.sessions_revoked {"audit_id":"01m0wfx0jmf6fck1378xk03syt","actor_id":"01m0wfx0jbz9cdjb3aw32njmw2","target":"User:01m0wfx0jbz9cdjb3aw32njmw2","request_id":"eb6545d2-6602-4177-bd4e-556d61f61778"} 
[2026-08-25 18:41:39] testing.INFO: settings.updated {"audit_id":"01m0wfx0ywkda4rweyg650yjvb","actor_id":"01m0wfx0nkeygcn2fnwrwp2twk","target":":","request_id":"975c4129-289e-442d-8968-8debfd39e67a"} 
[2026-08-25 18:41:39] testing.INFO: settings.updated {"audit_id":"01m0wfx16ysgwymefk28tkrxca","actor_id":"01m0wfx16p0989p48sh5p4wak7","target":":","request_id":"1b131067-4998-4d55-a1a2-6501db83c0df"} 
[2026-08-25 18:41:39] testing.INFO: role.updated {"audit_id":"01m0wfx1eqnwjtcbmcshn99pxb","actor_id":"01m0wfx1ed73bfssk9evn6qa2e","target":"Role:01m0wfx1d244zepa81gm5810t0","request_id":"26fc6d2e-330e-4388-8d89-442156b8089d"} 
[2026-08-25 18:41:40] testing.INFO: settings.payment_method_qr_updated {"audit_id":"01m0wfx1tk96vp2jx5050c5eqw","actor_id":"01m0wfx1hmzk66n4p8jxyxn3qq","target":"PaymentMethod:01m0wfx1hgyn0whs3rha26b6ce","request_id":"181e4061-c209-4953-946a-747aa71d02a3"} 
[2026-08-25 18:41:40] testing.INFO: settings.payment_method_qr_removed {"audit_id":"01m0wfx1tv9tq2rcmfwdbx1jza","actor_id":"01m0wfx1hmzk66n4p8jxyxn3qq","target":"PaymentMethod:01m0wfx1hgyn0whs3rha26b6ce","request_id":"eb82738f-e8c7-464b-b5ce-b94d0d477834"} 
[2026-08-25 18:41:40] testing.INFO: settings.updated {"audit_id":"01m0wfx21bmtqsdh74444qjdxk","actor_id":"01m0wfx210jhdkwcqceq6475wm","target":":","request_id":"7485d5a3-fa85-424f-bfb7-425a2e7ea135"} 
[2026-08-25 18:41:40] testing.INFO: faq.created {"audit_id":"01m0wfx252m7jesd5f5veww908","actor_id":"01m0wfx24qcjzjk651f27k4dnt","target":"Faq:01m0wfx251bcj4fzffpvehwhvd","request_id":"636bd67c-5b4c-457c-8850-a8f533a50126"} 
[2026-08-25 18:41:40] testing.INFO: faq.updated {"audit_id":"01m0wfx25a43ak8q5v2f6ph8hn","actor_id":"01m0wfx24qcjzjk651f27k4dnt","target":"Faq:01m0wfx251bcj4fzffpvehwhvd","request_id":"c238096a-4cc2-40b9-bcac-6a05d9e66c30"} 
[2026-08-25 18:41:40] testing.INFO: faq.deleted {"audit_id":"01m0wfx27zjwe1y4q1437hm5p5","actor_id":"01m0wfx24qcjzjk651f27k4dnt","target":"Faq:01m0wfx251bcj4fzffpvehwhvd","request_id":"592f2ff6-1614-4c44-ad25-567b0cd5b943"} 
[2026-08-25 18:41:40] testing.INFO: attempt.started {"audit_id":"01m0wfx2hrfqn4xyvya3ye3k7c","actor_id":"01m0wfx2h990zv2tzm0yant6pj","target":"TestAttempt:01m0wfx2hqdcvjk9zs4qbb41z4","request_id":"2c6b7ba8-e269-478c-833b-5ca5b0e0d02f"} 
[2026-08-25 18:41:41] testing.INFO: attempt.started {"audit_id":"01m0wfx2th2sjh4080vtnd8zfb","actor_id":"01m0wfx2t4shgbb7ew8yhxt205","target":"TestAttempt:01m0wfx2tf0cxsq26p79kg21nn","request_id":"3d9307c3-9260-46b0-8f62-ad9831b5b47a"} 
[2026-08-25 18:41:41] testing.INFO: attempt.started {"audit_id":"01m0wfx2tsrpz4t8m4kt22mqjx","actor_id":"01m0wfx2t4shgbb7ew8yhxt205","target":"TestAttempt:01m0wfx2tf0cxsq26p79kg21nn","request_id":"620b846e-0195-414d-a47a-0aaadd7f1769"} 
[2026-08-25 18:41:41] testing.INFO: attempt.started {"audit_id":"01m0wfx2y59x7brn15hgddyevp","actor_id":"01m0wfx2xrfs59ktf7472bjrca","target":"TestAttempt:01m0wfx2y46fdty8ac6qtf0yf1","request_id":"c1eddb5d-c602-424e-b649-87c77ae03195"} 
[2026-08-25 18:41:41] testing.INFO: attempt.started {"audit_id":"01m0wfx332j57b4nv4vr7rh7dp","actor_id":"01m0wfx32pzhaj5n0p1090dz2k","target":"TestAttempt:01m0wfx331acgy3ntfxn2361em","request_id":"8e22b8a7-7eaf-4c30-a70d-801227ca5fa1"} 
[2026-08-25 18:41:41] testing.INFO: attempt.submitted {"audit_id":"01m0wfx33j90xk7r8hzeapfx9k","actor_id":"01m0wfx32pzhaj5n0p1090dz2k","target":"TestAttempt:01m0wfx331acgy3ntfxn2361em","request_id":"c4b9cd23-edd6-43e3-96da-556e28beb65d"} 
[2026-08-25 18:41:41] testing.INFO: attendance.imported {"audit_id":"01m0wfx3ar33py3tsxfh51x06a","actor_id":"01m0wfx39vj120bgyez1sk869f","target":"ClassSession:01m0wfx3a21j7cekd6gb4f2207","request_id":"941d1cd6-f29d-4762-a767-b71787458f80"} 
[2026-08-25 18:41:41] testing.INFO: auth.registered {"audit_id":"01m0wfx3g2ezyqm3e46hkgwzjy","actor_id":"01m0wfx3g0pwn3rxfqmt8sgsfh","target":"User:01m0wfx3g0pwn3rxfqmt8sgsfh","request_id":"be743bac-8574-4c39-b740-7554d0257225"} 
[2026-08-25 18:41:42] testing.INFO: auth.logged_in {"audit_id":"01m0wfx3tf7ff9s0yg53a60z2a","actor_id":"01m0wfx3t709ddktj2yj3x887m","target":"User:01m0wfx3t709ddktj2yj3x887m","request_id":"1e17266b-214b-43b0-b030-a806cb806535"} 
[2026-08-25 18:41:42] testing.INFO: auth.logged_out {"audit_id":"01m0wfx3v8bmzgzcnc1kvngn69","actor_id":"01m0wfx3t709ddktj2yj3x887m","target":"User:01m0wfx3t709ddktj2yj3x887m","request_id":"1b3168ee-4ff4-46d1-8fd4-9d6d04ceca21"} 
[2026-08-25 18:41:42] testing.INFO: auth.logged_in {"audit_id":"01m0wfx3vdfw8pv71tz9tg2290","actor_id":"01m0wfx3t709ddktj2yj3x887m","target":"User:01m0wfx3t709ddktj2yj3x887m","request_id":"a012a524-1f86-4b73-86fc-f02c2dd69dfa"} 
[2026-08-25 18:41:42] testing.INFO: auth.account_locked {"audit_id":"01m0wfx420np0nrn313g66y4g1","actor_id":"01m0wfx41982j8ehvmphd1qxbj","target":"User:01m0wfx41982j8ehvmphd1qxbj","request_id":"d3fd12cc-3f26-4bd3-86af-05a085f61217"} 
[2026-08-25 18:41:42] testing.INFO: auth.password_changed {"audit_id":"01m0wfx45h50xdycsbb7c6ds7v","actor_id":"01m0wfx453qjtqab0z9k9yccsv","target":"User:01m0wfx453qjtqab0z9k9yccsv","request_id":"659dcc94-b06c-4ae9-93cb-d1d871bf22d5"} 
[2026-08-25 18:41:42] testing.INFO: account.profile_updated {"audit_id":"01m0wfx48r36je7t22p0yetg40","actor_id":"01m0wfx48hpvmwbr0965ttaf1e","target":"User:01m0wfx48hpvmwbr0965ttaf1e","request_id":"3ae72785-4783-4ebe-86f2-55e49b77630b"} 
[2026-08-25 18:41:42] testing.INFO: course.updated {"audit_id":"01m0wfx4fpa7zvp1k954jxzeht","actor_id":"01m0wfx4f7qp3hnhf928yazppg","target":"Course:01m0wfx4f8trx3y1rc60f9e6ek","request_id":"f122ba76-600e-4948-be6a-af2e2f3d3086"} 
[2026-08-25 18:41:42] testing.INFO: course.updated {"audit_id":"01m0wfx4p55fyxssag2dh12rpm","actor_id":"01m0wfx4nrd6axq3ztgcjzemqh","target":"Course:01m0wfx4ntesbc8r24pg5h1rba","request_id":"a99497e6-9138-41d3-bc11-539364a8f725"} 
[2026-08-25 18:41:43] testing.INFO: course.thumbnail_updated {"audit_id":"01m0wfx4szg3cp1vdqctjpvx06","actor_id":"01m0wfx4s8n3g94x152qpewp4k","target":"Course:01m0wfx4s9dxcydf1mj6ppv85p","request_id":"a173ef5b-4030-4401-95e7-b1e73fb6e811"} 
[2026-08-25 18:41:43] testing.INFO: course.thumbnail_updated {"audit_id":"01m0wfx4tekha3trmpwwhmbqmb","actor_id":"01m0wfx4s8n3g94x152qpewp4k","target":"Course:01m0wfx4s9dxcydf1mj6ppv85p","request_id":"67455e8e-2da1-40f1-93ef-6b40bae568c3"} 
[2026-08-25 18:41:43] testing.INFO: course.thumbnail_updated {"audit_id":"01m0wfx4y0vqnq7ashc7wnd7my","actor_id":"01m0wfx4xf1h13scjfzsstw9cz","target":"Course:01m0wfx4xh70vpbs1ws1s3fgah","request_id":"771e5a37-bb94-4eb7-9982-36aa420844df"} 
[2026-08-25 18:41:43] testing.INFO: course.thumbnail_removed {"audit_id":"01m0wfx4y9x58bqzh7s4fegbdp","actor_id":"01m0wfx4xf1h13scjfzsstw9cz","target":"Course:01m0wfx4xh70vpbs1ws1s3fgah","request_id":"3ce8c946-66ce-4e8b-9eff-ff393ce84f19"} 
[2026-08-25 18:41:43] testing.INFO: course.thumbnail_updated {"audit_id":"01m0wfx51rknvaxq4m6s6ts18g","actor_id":"01m0wfx517gc1qkx1f5eksz108","target":"Course:01m0wfx519ycv4fx60a35nn6ba","request_id":"631e86ca-e834-4536-ae90-d4885cb16648"} 
[2026-08-25 18:41:46] testing.INFO: payment.approved {"audit_id":"01m0wfx8feedx78dmaa2c4tkjp","actor_id":"01m0wfx5ck720kwywzynj1e50v","target":"Payment:01m0wfx5cr56gq7egksp64wv1t","request_id":"11965c30-7656-4735-a417-675a9eaae4f5"} 
[2026-08-25 18:41:47] testing.INFO: auth.logged_in {"audit_id":"01m0wfx8przj867by1v54k7tqy","actor_id":"01m0wfx8pfm3e16vepgesa6v4k","target":"User:01m0wfx8pfm3e16vepgesa6v4k","request_id":"b9a6bbbb-3a22-4ee4-a06e-a66dfe8b1948"} 
[2026-08-25 18:41:47] testing.INFO: auth.logged_out {"audit_id":"01m0wfx8pyng5h3b62q742n2p3","actor_id":"01m0wfx8pfm3e16vepgesa6v4k","target":"User:01m0wfx8pfm3e16vepgesa6v4k","request_id":"0a45b9be-6f63-42d4-8c75-0289d5a8c4f1"} 
[2026-08-25 18:41:47] testing.INFO: auth.logged_in {"audit_id":"01m0wfx8q46k4p52yacp4dtf2a","actor_id":"01m0wfx8pfm3e16vepgesa6v4k","target":"User:01m0wfx8pfm3e16vepgesa6v4k","request_id":"33985c39-ad2f-4a8c-9b39-b06ca6822b36"} 
[2026-08-25 18:41:47] testing.INFO: auth.logged_in {"audit_id":"01m0wfx8tf7hze0dzabnjvfjsd","actor_id":"01m0wfx8t7ejfdsdbjft7brpxf","target":"User:01m0wfx8t7ejfdsdbjft7brpxf","request_id":"a019b54e-1a7f-49a5-9d03-11aa5b9b06f1"} 
[2026-08-25 18:41:47] testing.INFO: user.devices_reset {"audit_id":"01m0wfx8xyja2034f4r8zfn5hg","actor_id":"01m0wfx8xfse4gafc8py4d7vjx","target":"User:01m0wfx8xh0azychsk5xvbkpgk","request_id":"c9d9bf22-8736-4538-af36-0b9d4e17bc29"} 
[2026-08-25 18:41:47] testing.INFO: settings.updated {"audit_id":"01m0wfx99zkq7vjhy9qrdj1kc4","actor_id":"01m0wfx99p3cs9nyy0r7tydjnq","target":":","request_id":"67d1cd2a-05ab-48cc-b392-f681e59eddfc"} 
[2026-08-25 18:41:47] testing.INFO: settings.updated {"audit_id":"01m0wfx9dgtmyy0nc5c484jcnk","actor_id":"01m0wfx9d6tymvzyem4yjxsp6g","target":":","request_id":"49a38349-4386-4224-b196-16293f3ceb62"} 
[2026-08-25 18:41:47] testing.INFO: settings.updated {"audit_id":"01m0wfx9dr4za5yetq47qrrkwz","actor_id":"01m0wfx9d6tymvzyem4yjxsp6g","target":":","request_id":"4b9ab8d2-cedb-4cf9-bdc7-4b0a5c1686bc"} 
[2026-08-25 18:41:48] testing.INFO: settings.institution_logo_updated {"audit_id":"01m0wfx9memxe6kzrqkntppvg2","actor_id":"01m0wfx9m0m3g74p0f10vrk2q4","target":":","request_id":"39112cfa-f068-4d75-8788-a9f7bd7d9a9e"} 
[2026-08-25 18:41:48] testing.INFO: settings.institution_logo_updated {"audit_id":"01m0wfx9mw9dhre45d211wb80p","actor_id":"01m0wfx9m0m3g74p0f10vrk2q4","target":":","request_id":"59b1514e-f365-48b9-a145-0a66c96851b1"} 
[2026-08-25 18:41:48] testing.INFO: settings.institution_logo_removed {"audit_id":"01m0wfx9n31a4hcda3kxmh9jkk","actor_id":"01m0wfx9m0m3g74p0f10vrk2q4","target":":","request_id":"47e5f33b-44fe-40a4-aaa0-dae86b80ae22"} 
[2026-08-25 18:41:48] testing.INFO: settings.institution_favicon_updated {"audit_id":"01m0wfx9re3jmcx07f51djc9me","actor_id":"01m0wfx9r3y6vd1meqf5t0x7nt","target":":","request_id":"6c181d2d-bce8-497c-941f-34138dc2485a"} 
[2026-08-25 18:41:48] testing.INFO: settings.updated {"audit_id":"01m0wfx9w5g279e0en96qye4s7","actor_id":"01m0wfx9vtzcm1hnjh678zbr3x","target":":","request_id":"655b04b2-64b7-4464-843d-32e2728efc86"} 
[2026-08-25 18:41:48] testing.INFO: auth.logged_in {"audit_id":"01m0wfxacbmhxsy8gs1h6v3w28","actor_id":"01m0wfxac1nj2jarjw3vvz1nhs","target":"User:01m0wfxac1nj2jarjw3vvz1nhs","request_id":"652b650d-f965-43e9-87c4-d8b8534d9b7c"} 
[2026-08-25 18:41:48] testing.INFO: auth.login_blocked_suspended {"audit_id":"01m0wfxajpmgsw1er21ngec6m8","actor_id":"01m0wfxajfaysf92b0prcm3aat","target":"User:01m0wfxajfaysf92b0prcm3aat","request_id":"ea232703-a2ff-4c5a-bed8-d7c61e5951c1"} 
[2026-08-25 18:41:49] testing.INFO: auth.logged_out {"audit_id":"01m0wfxas1jtw7yrv0k8z8f818","actor_id":"01m0wfxartpxz35hz7zk346wkh","target":"User:01m0wfxartpxz35hz7zk346wkh","request_id":"c6ea8c78-bf62-4599-b17e-f4b5cbc6e20c"} 
[2026-08-25 18:41:49] testing.INFO: auth.logged_in {"audit_id":"01m0wfxawt1tmb1mfzrbc4gdn8","actor_id":"01m0wfxawk0nhfsdag9t9z6bpg","target":"User:01m0wfxawk0nhfsdag9t9z6bpg","request_id":"b78e446f-590d-4ce8-8cb5-826835c34ce9"} 
[2026-08-25 18:41:49] testing.INFO: payment.approved {"audit_id":"01m0wfxb6xp9p9rbzke0c7jchf","actor_id":"01m0wfxb11aj8j4trfpzx8b31p","target":"Payment:01m0wfxb13zxq4b3m3ycknz0hk","request_id":"00c6d4a6-a534-4973-81dc-2162e50b12af"} 
[2026-08-25 18:41:49] testing.INFO: payment.approved {"audit_id":"01m0wfxbgb40gefesy2wnpy6z1","actor_id":"01m0wfxba1w2s4dzphwkcwbbw8","target":"Payment:01m0wfxba2r8bnvncm7h10jpga","request_id":"1a730211-9621-46d3-a987-eb38b41b696e"} 
[2026-08-25 18:41:50] testing.INFO: payment.approved {"audit_id":"01m0wfxc35edxxa4tjyvxq7gg8","actor_id":"01m0wfxbxfeh5gyz82vn943fck","target":"Payment:01m0wfxbxgkghfx7s7dzqp96vw","request_id":"243dc24f-fdfb-4c60-a80c-645a98081da5"} 
[2026-08-25 18:41:50] testing.INFO: payment.rejected {"audit_id":"01m0wfxc8sdjta0k3e9xhxzfbn","actor_id":"01m0wfxc8bpkzd0xwr37bwjwtx","target":"Payment:01m0wfxc8dmn8kx32f32hy2rgy","request_id":"2d084b26-4027-43e1-bbef-3e50b4cd6304"} 
[2026-08-25 18:41:51] testing.INFO: refund.recorded {"audit_id":"01m0wfxcjzj8cst8vm2cb3recy","actor_id":"01m0wfxcjev52gy3j80d43qqv3","target":"Refund:01m0wfxcjy2tgr9vbnket7jzmp","request_id":"8e4de0d8-d881-423e-b6f4-e0bcbc6a64f2"} 
[2026-08-25 18:41:51] testing.INFO: refund.processed {"audit_id":"01m0wfxckfdg4acd9g5ftjff9a","actor_id":"01m0wfxcjg9f897gwnw160rveh","target":"Refund:01m0wfxcjy2tgr9vbnket7jzmp","request_id":"a9eec586-2536-4751-ba0a-a84c094033d3"} 
[2026-08-25 18:41:52] testing.INFO: user.suspend {"audit_id":"01m0wfxe9jrrheeexv14x39t40","actor_id":"01m0wfxe8ra1s7t9trnr6w6nsh","target":"User:01m0wfxe8wagpx86s287cn68am","request_id":"99d76cc7-54d0-4042-bf21-8f8b7e7a337d"} 
[2026-08-25 18:41:52] testing.INFO: user.archived {"audit_id":"01m0wfxefh0mcr4dkj82rna6ad","actor_id":"01m0wfxeee6vfdzf4wfr8kp06m","target":"User:01m0wfxeenj6c4jb40wwe3pwjx","request_id":"c23ad326-794c-4577-88e3-88069523e55e"} 
[2026-08-25 18:41:53] testing.INFO: user.archived {"audit_id":"01m0wfxek6jp4rky8q7fwc1b0v","actor_id":"01m0wfxejz507xs2ranv5w6z17","target":"User:01m0wfxejmwg3vzkpa4m6a5rhw","request_id":"53e1743f-64a9-40a7-9ebc-977047d88dd8"} 
[2026-08-25 18:41:53] testing.INFO: user.updated {"audit_id":"01m0wfxepxxwdc9rmp8xh5dkcv","actor_id":"01m0wfxepk4zr39mw0kf6rv7dy","target":"User:01m0wfxepn1r0fmqq8w4w3x3qn","request_id":"a44875ae-f230-4156-ad27-ba42c4906de1"} 
[2026-08-25 18:41:53] testing.INFO: test.published {"audit_id":"01m0wfxf5hfmx8w04pprp5yrcz","actor_id":"01m0wfxf4qcqhsdk72pr9mta83","target":"Test:01m0wfxf4v8q03vpd7cafb8xdn","request_id":"65d7da1d-9bc6-47c5-ab5f-9a8d8b55019d"} 
[2026-08-25 18:41:53] testing.INFO: course.thumbnail_updated {"audit_id":"01m0wfxfe4dwnw7j0fzesz0b10","actor_id":"01m0wfxfdhxjcckq9dr242ykts","target":"Course:01m0wfxfdj1crja2c8gveqcr25","request_id":"eaa1e328-6eda-4485-b142-114e1203341b"} 
[2026-08-25 18:41:54] testing.INFO: course.updated {"audit_id":"01m0wfxfjcywcvs8ed6dsm5qr1","actor_id":"01m0wfxfhzcn6q4chymezh7qsq","target":"Course:01m0wfxfj1qzq61nx9mr35tsm9","request_id":"987a8114-d99b-40fc-84d5-8a35f47559f6"} 
[2026-08-25 18:41:54] testing.INFO: settings.payment_method_qr_updated {"audit_id":"01m0wfxfnsqgqww4jx54h55hdd","actor_id":"01m0wfxfnbknw6zj5mfx76z20n","target":"PaymentMethod:01m0wfxfn8775k124q7szsep0p","request_id":"7e93d0ce-adca-4b20-810b-a21058c219c1"} 
[2026-08-25 18:41:54] testing.INFO: settings.institution_logo_updated {"audit_id":"01m0wfxfs58hhvn8psze6a3pep","actor_id":"01m0wfxfrqgkc0pt97fxv84pvq","target":":","request_id":"a0efc656-6437-4cc3-a438-fd8159378abd"} 
[2026-08-25 18:41:57] testing.INFO: payment.submitted {"audit_id":"01m0wfxjdvwb3nme5qk8ep4h33","actor_id":"01m0wfxjd3xgw73p202ksbhw1c","target":"Payment:01m0wfxjdsrsq3ng186q8d7343","request_id":"30fa348e-d396-4b48-8c0d-46a1e0de5503"} 
[2026-08-25 18:41:57] testing.INFO: payment.approved_at_capture {"audit_id":"01m0wfxjks14zt1p4qsqsjfh0b","actor_id":"01m0wfxjd3xgw73p202ksbhw1c","target":"Payment:01m0wfxjdsrsq3ng186q8d7343","request_id":"30fa348e-d396-4b48-8c0d-46a1e0de5503"} 
[2026-08-25 18:41:57] testing.INFO: payment.submitted {"audit_id":"01m0wfxjqtcehha12d8f72t4cp","actor_id":"01m0wfxjq237kpfyn2x62x4nr4","target":"Payment:01m0wfxjqs0trdeqrfrjxcmfnk","request_id":"7f74e8dd-bd2e-4568-a8c4-c0a4da7fce78"} 
[2026-08-25 18:41:57] testing.INFO: payment.approved {"audit_id":"01m0wfxjxy8d9r9kvkphdr938c","actor_id":"01m0wfxjq4cgs357vjadd1yhnv","target":"Payment:01m0wfxjqs0trdeqrfrjxcmfnk","request_id":"055bbb37-5a2a-439f-9716-7b7a71dd9345"} 
[2026-08-25 18:41:57] testing.INFO: payment.submitted {"audit_id":"01m0wfxk352mq4spntkma2cfcn","actor_id":"01m0wfxk29crkr680t6a2zsnc0","target":"Payment:01m0wfxk33adyhp9r3sw1223m7","request_id":"d59ddcc4-37ea-440a-aa40-66061008d0ed"} 
[2026-08-25 18:41:57] testing.INFO: payment.approved_at_capture {"audit_id":"01m0wfxk96cntpknzy1kmwcd8k","actor_id":"01m0wfxk29crkr680t6a2zsnc0","target":"Payment:01m0wfxk33adyhp9r3sw1223m7","request_id":"d59ddcc4-37ea-440a-aa40-66061008d0ed"} 
[2026-08-25 18:41:57] testing.INFO: payment.submitted {"audit_id":"01m0wfxk9w05zej1y1kbjp7aa8","actor_id":"01m0wfxk29crkr680t6a2zsnc0","target":"Payment:01m0wfxk9tdrem1xmz5kp3wefr","request_id":"1b92dbfe-2779-4445-9530-e47e55003d65"} 
[2026-08-25 18:41:58] testing.INFO: payment.approved {"audit_id":"01m0wfxkga51nxnb2sgt3vgdbw","actor_id":"01m0wfxk2baz67v9edy1k608ye","target":"Payment:01m0wfxk9tdrem1xmz5kp3wefr","request_id":"f01379b3-f93b-4162-bed5-9aa947afc043"} 
[2026-08-25 18:41:58] testing.INFO: course.created {"audit_id":"01m0wfxkm8dmyr9fr7jxrkxx15","actor_id":"01m0wfxkkrpzt20e7qw78nac0b","target":"Course:01m0wfxkm742jk3p2j67ngc2df","request_id":"bc04c68f-d84c-4fff-a285-21e623df2055"} 
[2026-08-25 18:41:58] testing.INFO: category.created {"audit_id":"01m0wfxkr99agajkvxj3kekya5","actor_id":"01m0wfxkqw3ggkz08fr1c08dx2","target":"Category:01m0wfxkr801em44qr6ekhh6zw","request_id":"249d39ae-bd18-4325-99af-6950b851f0db"} 
[2026-08-25 18:41:58] testing.INFO: syllabus.updated {"audit_id":"01m0wfxkvp2n7recan29sjxc1j","actor_id":"01m0wfxkv85g5175s9w5ek8gj8","target":"Course:01m0wfxkva3mwvasprh0ngpngr","request_id":"8757b17e-8d75-4571-9f07-67b22ec91328"} 
[2026-08-25 18:41:58] testing.INFO: export.generated {"audit_id":"01m0wfxkz32wbnh69sza6aq2bm","actor_id":"01m0wfxkynwnmwezr6xkfy2nve","target":":","request_id":"351eb411-9c76-4c8e-8c7e-fb2185a25132"} 
[2026-08-25 18:41:59] testing.INFO: payment.proof_viewed {"audit_id":"01m0wfxmrzgnzs379aymeydspy","actor_id":"01m0wfxmrhy3arr4awpavskf7h","target":"Payment:01m0wfxmrrt68qyzvk6kxdzjyc","request_id":"0e68c10e-0cad-4f30-bfb2-3e71134626b7"} 
[2026-08-25 18:41:59] testing.INFO: payment.approved {"audit_id":"01m0wfxna8wddnam2wx1wwxh6m","actor_id":"01m0wfxn46cv7rkq7064cxmj3p","target":"Payment:01m0wfxn48tdpd2za8sa58bd9t","request_id":"564bd75a-bdff-4eac-b217-ca0a82584d7f"} 
[2026-08-25 18:42:01] testing.INFO: recording.deleted {"audit_id":"01m0wfxpb70x3sdnz0v2faqqbh","actor_id":"01m0wfxpaqkc0k3zrr883ap64g","target":"Recording:01m0wfxpas7wjgeq6yc0a5hemr","request_id":"8f36f66b-dd08-4b61-9f7b-550c97c60bd2"} 
[2026-08-25 18:42:01] testing.INFO: recording.resynced {"audit_id":"01m0wfxpg13t7sasv784zkyj61","actor_id":"01m0wfxpfp81s6z898fnyrnzrd","target":"Recording:01m0wfxpfrh73sg1kkjw2psndv","request_id":"e710a587-6765-4a0e-8ead-5bf90d95786c"} 
[2026-08-25 18:56:44] testing.INFO: account.password_changed {"audit_id":"01m0wgrnh8yp7sha7t1rybskhd","actor_id":"01m0wgrnemxzcdyemsy4arwbqd","target":"User:01m0wgrnemxzcdyemsy4arwbqd","request_id":"7f6828fe-0cbe-43b7-aa9e-b14f69924f83"} 
[2026-08-25 18:56:45] testing.INFO: account.password_changed {"audit_id":"01m0wgrnqv68ndtcthjmxkcq91","actor_id":"01m0wgrnqar8w2cbd4yb1gn0er","target":"User:01m0wgrnqar8w2cbd4yb1gn0er","request_id":"2e68d421-6b6f-47c1-8092-78da6aad4f12"} 
[2026-08-25 18:56:45] testing.INFO: account.two_factor_enabled {"audit_id":"01m0wgrnw7xn0ts8gzzy7bqtcc","actor_id":"01m0wgrnvnyqwk8np5rxh6n8h5","target":"User:01m0wgrnvnyqwk8np5rxh6n8h5","request_id":"5dcecd91-9a44-4823-893c-164778d3161e"} 
[2026-08-25 18:56:45] testing.INFO: account.sessions_revoked {"audit_id":"01m0wgrp4a65cc70gzg0q73bmk","actor_id":"01m0wgrp3z6h9ebf5fzj89abf6","target":"User:01m0wgrp3z6h9ebf5fzj89abf6","request_id":"5ef19d5d-7ee7-4618-8023-175897aaeadf"} 
[2026-08-25 18:56:45] testing.INFO: settings.updated {"audit_id":"01m0wgrpa0431qawp5tw75t2nj","actor_id":"01m0wgrp8xk9103hcsresg465k","target":":","request_id":"791d494d-f63d-4b15-a2e9-33597ce3e286"} 
[2026-08-25 18:56:46] testing.INFO: settings.updated {"audit_id":"01m0wgrprjspj27ky2h8rpr6yk","actor_id":"01m0wgrpr4prq001kn2r4x1ep8","target":":","request_id":"9f9d4063-8e26-401f-a01a-1206788aeb80"} 
[2026-08-25 18:56:46] testing.INFO: role.updated {"audit_id":"01m0wgrq47hhajrrf0rynztmfj","actor_id":"01m0wgrq3n2cqkggcheh9ta5fr","target":"Role:01m0wgrq19tp9d0q2f24smn809","request_id":"067dcaf0-0629-4df1-8043-e42e8bb487b1"} 
[2026-08-25 18:56:46] testing.INFO: settings.payment_method_qr_updated {"audit_id":"01m0wgrqa90rgxtd4zgd35462s","actor_id":"01m0wgrq916tevk2b555wdsypx","target":"PaymentMethod:01m0wgrq8r00vyqm94wy6m1qn5","request_id":"4bc984c5-c856-4530-a592-48314d57265e"} 
[2026-08-25 18:56:46] testing.INFO: settings.payment_method_qr_removed {"audit_id":"01m0wgrqamwb82tkfxgt159mkp","actor_id":"01m0wgrq916tevk2b555wdsypx","target":"PaymentMethod:01m0wgrq8r00vyqm94wy6m1qn5","request_id":"cdc4a490-7b43-4665-acad-433850aceb51"} 
[2026-08-25 18:56:46] testing.INFO: settings.payment_method_qr_updated {"audit_id":"01m0wgrqfk6vbbjpgrch5mdx91","actor_id":"01m0wgrqf0tgez65mnjzpnq4xn","target":"PaymentMethod:01m0wgrqevewk31mxeww08tz1r","request_id":"de1fc718-81c4-4822-8f38-8159a17ec476"} 
[2026-08-25 18:56:47] testing.INFO: settings.updated {"audit_id":"01m0wgrqn3m5vrwcvsr4jxewqs","actor_id":"01m0wgrqmky840d7fpsbr99fvw","target":":","request_id":"f2057908-e3e5-41f0-8608-8a21a83f25b7"} 
[2026-08-25 18:56:47] testing.INFO: faq.created {"audit_id":"01m0wgrqtt4hrmbmnbq9p4k221","actor_id":"01m0wgrqt6fq1qpsh41exz65jz","target":"Faq:01m0wgrqtr2asdk5pcaqa9qet5","request_id":"b3dba269-ec19-4ae3-8c90-72a9f7aa05ed"} 
[2026-08-25 18:56:47] testing.INFO: faq.updated {"audit_id":"01m0wgrqv68ccge9bmaakttgqm","actor_id":"01m0wgrqt6fq1qpsh41exz65jz","target":"Faq:01m0wgrqtr2asdk5pcaqa9qet5","request_id":"4b287755-7a74-4b55-bb4d-fe5f77a854d4"} 
[2026-08-25 18:56:47] testing.INFO: faq.deleted {"audit_id":"01m0wgrqvprrjmwbd7wd41gd64","actor_id":"01m0wgrqt6fq1qpsh41exz65jz","target":"Faq:01m0wgrqtr2asdk5pcaqa9qet5","request_id":"f71c24ac-6c55-45de-b40f-c45506b3b3f3"} 
[2026-08-25 18:56:47] testing.INFO: attempt.started {"audit_id":"01m0wgrr8x3rn8k22gnh2r27sc","actor_id":"01m0wgrr811fc22q2wryd6t7vv","target":"TestAttempt:01m0wgrr8wgaqqxy0cn6p3eagw","request_id":"1a9c3c39-2d18-4809-a651-89f53d3adc72"} 
[2026-08-25 18:56:48] testing.INFO: attempt.started {"audit_id":"01m0wgrrjac8tayq59wj10hnth","actor_id":"01m0wgrrhwp2fkeb8vxk9p43av","target":"TestAttempt:01m0wgrrj9wt6zz2krj66z8tgs","request_id":"34bd0113-cab5-4721-8a0f-f05a66140114"} 
[2026-08-25 18:56:48] testing.INFO: attempt.started {"audit_id":"01m0wgrrjm1qte5xw8p6zsjysy","actor_id":"01m0wgrrhwp2fkeb8vxk9p43av","target":"TestAttempt:01m0wgrrj9wt6zz2krj66z8tgs","request_id":"ee66b466-a49d-44e1-a4cb-0781464ef17b"} 
[2026-08-25 18:56:48] testing.INFO: attempt.started {"audit_id":"01m0wgrrps3b0gd9hv1zzfcr9a","actor_id":"01m0wgrrpamsvd75nd1y0a7bg8","target":"TestAttempt:01m0wgrrpr71085t630768ssjq","request_id":"6b42f927-1eda-44be-8d50-9d346577f3de"} 
[2026-08-25 18:56:48] testing.INFO: attempt.started {"audit_id":"01m0wgrrwk5dsfnnhw85hhpddc","actor_id":"01m0wgrrvnrw1vp2pvfnj9r579","target":"TestAttempt:01m0wgrrwhqffghv3d1r64w86q","request_id":"0b4701c3-0e7a-4e91-a4df-62f649c1c3ec"} 
[2026-08-25 18:56:48] testing.INFO: attempt.submitted {"audit_id":"01m0wgrrxatkz8p47v663a4x45","actor_id":"01m0wgrrvnrw1vp2pvfnj9r579","target":"TestAttempt:01m0wgrrwhqffghv3d1r64w86q","request_id":"e853b314-a79a-401c-93c5-70ba8fb9157e"} 
[2026-08-25 18:56:48] testing.INFO: attendance.imported {"audit_id":"01m0wgrs976xp6qg5f766691ns","actor_id":"01m0wgrs7qq8zjy3cnyk1kcdw7","target":"ClassSession:01m0wgrs81zhk8wphjxh137j9z","request_id":"b4cf4c32-59c3-4c09-bfac-6c9fc9c5adc6"} 
[2026-08-25 18:56:48] testing.INFO: auth.registered {"audit_id":"01m0wgrsde6q4vjyc09t3rh4rd","actor_id":"01m0wgrsdbabc6v3fzev0kztmz","target":"User:01m0wgrsdbabc6v3fzev0kztmz","request_id":"f9997729-927d-4809-ba62-ec7310b2bb72"} 
[2026-08-25 18:56:49] testing.INFO: auth.logged_in {"audit_id":"01m0wgrsn41mw98chz1fmkg64x","actor_id":"01m0wgrsms0ys63eb0hzyj1s19","target":"User:01m0wgrsms0ys63eb0hzyj1s19","request_id":"51fcba02-e2be-4abf-ad76-855d9aead8f9"} 
[2026-08-25 18:56:49] testing.INFO: auth.logged_out {"audit_id":"01m0wgrsne2c6785xp28qhgchm","actor_id":"01m0wgrsms0ys63eb0hzyj1s19","target":"User:01m0wgrsms0ys63eb0hzyj1s19","request_id":"66bd44c0-f923-42c3-bead-8d81f4952ba8"} 
[2026-08-25 18:56:49] testing.INFO: auth.logged_in {"audit_id":"01m0wgrsnktk5add229dn7rkmg","actor_id":"01m0wgrsms0ys63eb0hzyj1s19","target":"User:01m0wgrsms0ys63eb0hzyj1s19","request_id":"13e9788c-b7f8-4cd3-954d-1b82bc5f8677"} 
[2026-08-25 18:56:49] testing.INFO: auth.account_locked {"audit_id":"01m0wgrsxqtfxjqwqy1aqw6yda","actor_id":"01m0wgrswx0magez8san2na4fz","target":"User:01m0wgrswx0magez8san2na4fz","request_id":"8672eae8-ec5e-4ed1-9921-427a59b4a5cd"} 
[2026-08-25 18:56:49] testing.INFO: auth.password_changed {"audit_id":"01m0wgrt1vv915hfd1w6t7j57y","actor_id":"01m0wgrt1a5ccm17kczy7bx2wr","target":"User:01m0wgrt1a5ccm17kczy7bx2wr","request_id":"1d1e125e-3733-4e9f-9b99-5d79ed7d0fb5"} 
[2026-08-25 18:56:49] testing.INFO: account.profile_updated {"audit_id":"01m0wgrt5eqv9f17x808j3zy9h","actor_id":"01m0wgrt57mh492hwrkrcq1w0h","target":"User:01m0wgrt57mh492hwrkrcq1w0h","request_id":"b9947e57-8b69-4ff8-931d-2d329695802c"} 
[2026-08-25 18:56:49] testing.INFO: course.updated {"audit_id":"01m0wgrtdf6ytcrp0675mqst64","actor_id":"01m0wgrtcvyn553yr0ymc1jv9f","target":"Course:01m0wgrtcxp2dsbmw11fqe9z2b","request_id":"aed38ee4-746c-4bb7-ab70-bdd971612073"} 
[2026-08-25 18:56:50] testing.INFO: course.updated {"audit_id":"01m0wgrthh1v9vrbwpzyzg5zeq","actor_id":"01m0wgrth3g7vpjmqe8das8qww","target":"Course:01m0wgrth48jxht35wxghcnxmp","request_id":"813d0949-484e-4816-8532-a7078c1f6cce"} 
[2026-08-25 18:56:50] testing.INFO: course.thumbnail_updated {"audit_id":"01m0wgrtp1w0gcgbxaefzr4az3","actor_id":"01m0wgrtn001m7zvjn5z4a8nn5","target":"Course:01m0wgrtn26amndjd5fhatd66r","request_id":"fe963809-4ef7-42c0-944e-1b4bf48d1660"} 
[2026-08-25 18:56:50] testing.INFO: course.thumbnail_updated {"audit_id":"01m0wgrtpqdbyw889fdntr54tn","actor_id":"01m0wgrtn001m7zvjn5z4a8nn5","target":"Course:01m0wgrtn26amndjd5fhatd66r","request_id":"6898d8e1-4caf-466a-8921-e038d7d8bb70"} 
[2026-08-25 18:56:50] testing.INFO: course.thumbnail_updated {"audit_id":"01m0wgrttvmeje3bzrbjdrnqwa","actor_id":"01m0wgrtt7v6xm19zmgg9wwjxa","target":"Course:01m0wgrtt97eqf06rxqysyt0hr","request_id":"f4031a0d-5dfa-4e97-a801-123274643454"} 
[2026-08-25 18:56:50] testing.INFO: course.thumbnail_removed {"audit_id":"01m0wgrtv6n2c3ed2hs7tvgpr8","actor_id":"01m0wgrtt7v6xm19zmgg9wwjxa","target":"Course:01m0wgrtt97eqf06rxqysyt0hr","request_id":"6568126c-a9e8-4c2d-a35d-3d349d7915a9"} 
[2026-08-25 18:56:50] testing.INFO: course.thumbnail_updated {"audit_id":"01m0wgrtzev0vjzk5jrac7wetr","actor_id":"01m0wgrtytdjmfmkbrmmcbyssw","target":"Course:01m0wgrtyw9c1y8r8masvzgsjx","request_id":"fe0a43ca-b45a-43fe-84fd-85663b0591da"} 
[2026-08-25 18:56:51] testing.INFO: payment.approved {"audit_id":"01m0wgrvqw2a1qc7fk20zeqayx","actor_id":"01m0wgrvasw909v3byh4v3ng7a","target":"Payment:01m0wgrvayq5jrab0rqg8zy4vn","request_id":"3db0380f-8fa7-4ed6-bf1a-212328e3d81e"} 
[2026-08-25 18:56:51] testing.INFO: auth.logged_in {"audit_id":"01m0wgrw15vp1y0y2xdh7b14vt","actor_id":"01m0wgrw0sft78akvr5vvsc509","target":"User:01m0wgrw0sft78akvr5vvsc509","request_id":"b2556ee0-933b-42b6-94a4-de192ecdd8f2"} 
[2026-08-25 18:56:51] testing.INFO: auth.logged_out {"audit_id":"01m0wgrw1cseh7brqxtw0hhqh6","actor_id":"01m0wgrw0sft78akvr5vvsc509","target":"User:01m0wgrw0sft78akvr5vvsc509","request_id":"70c3e461-2088-44ac-9456-2b381f7d2bdc"} 
[2026-08-25 18:56:51] testing.INFO: auth.logged_in {"audit_id":"01m0wgrw1ka4wmz6fpqzfex2xh","actor_id":"01m0wgrw0sft78akvr5vvsc509","target":"User:01m0wgrw0sft78akvr5vvsc509","request_id":"45adafce-7721-4478-ae0d-42d8c8d12db2"} 
[2026-08-25 18:56:51] testing.INFO: auth.logged_in {"audit_id":"01m0wgrw5zjky35p5m279rs3ww","actor_id":"01m0wgrw5p2r8w5pd6nafx54es","target":"User:01m0wgrw5p2r8w5pd6nafx54es","request_id":"b8a54d7f-5c58-4f0b-8f59-0aabee9e937f"} 
[2026-08-25 18:56:51] testing.INFO: user.devices_reset {"audit_id":"01m0wgrwagfg3016q47b50yc4e","actor_id":"01m0wgrw9v1wcybtdx6b0576pr","target":"User:01m0wgrw9yqtxg1afw38z88m00","request_id":"fe10b5c4-7927-4bd0-a40d-9db215689e02"} 
[2026-08-25 18:56:52] testing.INFO: settings.updated {"audit_id":"01m0wgrwskn0jn50ew7mng9m01","actor_id":"01m0wgrws616f5dhy2gydhvymc","target":":","request_id":"4f4c687f-0f7a-4435-963d-f26faca8a61a"} 
[2026-08-25 18:56:52] testing.INFO: settings.updated {"audit_id":"01m0wgrwxz7qjpvt48e5d1306x","actor_id":"01m0wgrwxnxmzebdef1xkx3196","target":":","request_id":"4030bdf7-34f1-49b5-af9e-d917dcd708d3"} 
[2026-08-25 18:56:52] testing.INFO: settings.updated {"audit_id":"01m0wgrwy9k3dp4fnshbchjjyh","actor_id":"01m0wgrwxnxmzebdef1xkx3196","target":":","request_id":"137c7a62-4107-4446-8cfb-838b35f0046a"} 
[2026-08-25 18:56:52] testing.INFO: settings.institution_logo_updated {"audit_id":"01m0wgrx5nc6p666yztgwm8agv","actor_id":"01m0wgrx5514gffykgwbxq619y","target":":","request_id":"63a9fe1b-9418-456a-9922-b1da6d383f4f"} 
[2026-08-25 18:56:52] testing.INFO: settings.institution_logo_updated {"audit_id":"01m0wgrx64xs6t8cy1nqq7zw3q","actor_id":"01m0wgrx5514gffykgwbxq619y","target":":","request_id":"1ee0ac89-4019-4870-9a3b-37e9f872989e"} 
[2026-08-25 18:56:52] testing.INFO: settings.institution_logo_removed {"audit_id":"01m0wgrx6byrd3d8hxpnfkns84","actor_id":"01m0wgrx5514gffykgwbxq619y","target":":","request_id":"c9fab295-1e89-4db7-b6e5-86ade7ca8a6b"} 
[2026-08-25 18:56:52] testing.INFO: settings.institution_favicon_updated {"audit_id":"01m0wgrxa2c7851c40dr3bpwyx","actor_id":"01m0wgrx9nx00wqqrnjkzw7z3j","target":":","request_id":"b9341996-a21d-4aa9-8426-d30def76bc25"} 
[2026-08-25 18:56:53] testing.INFO: settings.updated {"audit_id":"01m0wgrxe36frasz58y9jjp3n7","actor_id":"01m0wgrxdr6xs6hrm5kxjet8t3","target":":","request_id":"218d6c29-b46f-434b-92d2-882333f3c376"} 
[2026-08-25 18:56:53] testing.INFO: settings.institution_logo_updated {"audit_id":"01m0wgrxj68wsfe2ahybrrsmh0","actor_id":"01m0wgrxhnh4bznzcgy5xh0er4","target":":","request_id":"218ab372-6d8c-4e58-9881-5d6bfa665172"} 
[2026-08-25 18:56:53] testing.INFO: auth.logged_in {"audit_id":"01m0wgry1aazszvqcjmsbnbb7c","actor_id":"01m0wgry102khs2ebs0267qfdf","target":"User:01m0wgry102khs2ebs0267qfdf","request_id":"62d5a1d9-336c-4fc3-9967-7b77f456a844"} 
[2026-08-25 18:56:53] testing.INFO: auth.login_blocked_suspended {"audit_id":"01m0wgry8wgkq4m6zfvrnvfcnk","actor_id":"01m0wgry8mb29dvtf3stky6jby","target":"User:01m0wgry8mb29dvtf3stky6jby","request_id":"b64e2cee-ca0c-4df7-a9f3-1737544362b8"} 
[2026-08-25 18:56:54] testing.INFO: auth.logged_out {"audit_id":"01m0wgryg30013gdth7h29tkgd","actor_id":"01m0wgryftfpxxnxj8c4c5a80m","target":"User:01m0wgryftfpxxnxj8c4c5a80m","request_id":"02bf9369-5b50-41da-bb43-af6b4b9ffd05"} 
[2026-08-25 18:56:54] testing.INFO: auth.logged_in {"audit_id":"01m0wgryktezdf9vh38mrmnnzf","actor_id":"01m0wgrykh2gm4pc4xpwg58gdr","target":"User:01m0wgrykh2gm4pc4xpwg58gdr","request_id":"057f2923-8ba2-49ee-bb5c-363410f88bd6"} 
[2026-08-25 18:56:54] testing.INFO: payment.approved {"audit_id":"01m0wgryyb1kk2e9cbym75snad","actor_id":"01m0wgryqh2zkrtxw7z24scre9","target":"Payment:01m0wgryqj02bv0392079ze8jp","request_id":"f8732bf0-4847-4c53-909d-f401c36e0ac8"} 
[2026-08-25 18:56:54] testing.INFO: payment.approved {"audit_id":"01m0wgrz8v59n3qbm2vnr3y956","actor_id":"01m0wgrz1w4vw80h48zj04zz1t","target":"Payment:01m0wgrz1yexqwv38vef1hyhxc","request_id":"259fac12-a736-4440-806e-c695a5a2b76f"} 
[2026-08-25 18:56:55] testing.INFO: payment.approved {"audit_id":"01m0wgrzq5pq6nwt6kwm9nmvr2","actor_id":"01m0wgrzgnb6yyh8ce3r5shnwf","target":"Payment:01m0wgrzgqksnfeedcwrhttzjn","request_id":"fe419e23-17e6-42af-85b7-cb04583d5be2"} 
[2026-08-25 18:56:55] testing.INFO: payment.rejected {"audit_id":"01m0wgrzvabjzz0nakmv3xwepp","actor_id":"01m0wgrzts338dwyqmdb074fzb","target":"Payment:01m0wgrztwgeewbvy95f8qqp3p","request_id":"2ba20eed-f38a-43e4-ab47-9a520bd4af62"} 
[2026-08-25 18:56:55] testing.INFO: refund.recorded {"audit_id":"01m0wgs06repe2011e19bx35aj","actor_id":"01m0wgs063xz8qx0en97d06x0m","target":"Refund:01m0wgs06p0f8mj53farhhza04","request_id":"57bf1ce8-5f43-454f-a2be-0bbaf65161e1"} 
[2026-08-25 18:56:55] testing.INFO: refund.processed {"audit_id":"01m0wgs07a9bd3qp4ce5t1gjgr","actor_id":"01m0wgs065mz2yxwzhycjm68p2","target":"Refund:01m0wgs06p0f8mj53farhhza04","request_id":"e24824b4-ef23-4ee6-b65a-bc847f533928"} 
[2026-08-25 18:56:57] testing.INFO: user.suspend {"audit_id":"01m0wgs29cwy1nr407tcc6k658","actor_id":"01m0wgs27vw2wj2esm7vh4s3f3","target":"User:01m0wgs283zhqwcztqk6sery3y","request_id":"9763f5f7-557a-4a61-bf67-0f1de4cbd1ab"} 
[2026-08-25 18:56:58] testing.INFO: user.archived {"audit_id":"01m0wgs2ertwk47b2tffdadqks","actor_id":"01m0wgs2dqa6kd0nfh6dgwmjhh","target":"User:01m0wgs2dy18cqnqkh82kvw1wd","request_id":"4c473bd6-8801-479c-ab5d-92f9de96cbef"} 
[2026-08-25 18:56:58] testing.INFO: user.archived {"audit_id":"01m0wgs2k6162p2wxsb5m0ebjx","actor_id":"01m0wgs2jyp7vbc7ygq3d24ppa","target":"User:01m0wgs2jj1z0619x3nv835k7m","request_id":"a49dfcb9-1b5d-4231-aab9-f831f73303e0"} 
[2026-08-25 18:56:58] testing.INFO: user.updated {"audit_id":"01m0wgs2q6em1677ms0735dym3","actor_id":"01m0wgs2pv34aw5z8rtnt1jb96","target":"User:01m0wgs2pxqmwnsgt7rxv7b69v","request_id":"6dcbcbdf-2e11-41df-82cd-db2e83f65e94"} 
[2026-08-25 18:56:58] testing.INFO: test.published {"audit_id":"01m0wgs37cqer1r35ykwzcxvez","actor_id":"01m0wgs36e0tst5ae0mpqmezbg","target":"Test:01m0wgs36ketyg99d2eecrnrws","request_id":"9ffca84b-582d-4715-a4fc-8f463c133f21"} 
[2026-08-25 18:56:59] testing.INFO: course.thumbnail_updated {"audit_id":"01m0wgs3frbftb19y41zpqgtcb","actor_id":"01m0wgs3f49af72k4aswmcbvrs","target":"Course:01m0wgs3f68m6fbw5pvm546an2","request_id":"20b7c38a-768f-448c-bf50-ad3473ffee6a"} 
[2026-08-25 18:56:59] testing.INFO: course.updated {"audit_id":"01m0wgs3knsgbyp5ms9c7dn3j7","actor_id":"01m0wgs3k6jbee7960xnfjxt0a","target":"Course:01m0wgs3k8qnk0ws6yqh0v7213","request_id":"c83e0de8-adb0-468f-ace1-584a6a132aee"} 
[2026-08-25 18:56:59] testing.INFO: settings.payment_method_qr_updated {"audit_id":"01m0wgs3r5rab97mqgawzq6mra","actor_id":"01m0wgs3qn8ps4y6skbbwqef9b","target":"PaymentMethod:01m0wgs3qh4dwmm6yp4g5z2etm","request_id":"e4cf904e-51f3-460e-8bb7-91c1db31f395"} 
[2026-08-25 18:56:59] testing.INFO: settings.institution_logo_updated {"audit_id":"01m0wgs3wa6wtfj1qywhn6t611","actor_id":"01m0wgs3vrewbqj60d4q7s44xk","target":":","request_id":"533285ac-709a-43e0-b251-47d689276322"} 
[2026-08-25 18:57:01] testing.INFO: payment.submitted {"audit_id":"01m0wgs5ga162en3q94r86jpra","actor_id":"01m0wgs5f9zb051yd3yz0sexsg","target":"Payment:01m0wgs5g8ga3a1cn1bczdwmxx","request_id":"ea879884-c7fc-4083-84cd-dfdeb3b0c37b"} 
[2026-08-25 18:57:01] testing.INFO: payment.approved_at_capture {"audit_id":"01m0wgs5qbnw34kqwq1hq64907","actor_id":"01m0wgs5f9zb051yd3yz0sexsg","target":"Payment:01m0wgs5g8ga3a1cn1bczdwmxx","request_id":"ea879884-c7fc-4083-84cd-dfdeb3b0c37b"} 
[2026-08-25 18:57:01] testing.INFO: payment.submitted {"audit_id":"01m0wgs5vr7h8w6tft0bm6j55k","actor_id":"01m0wgs5tye29ae7cvdearjacm","target":"Payment:01m0wgs5vpfawyakr7xxnn17db","request_id":"558eb55f-7af1-4ef2-adf7-ff1b2b5083ad"} 
[2026-08-25 18:57:01] testing.INFO: payment.approved {"audit_id":"01m0wgs62gw1t6wcvn4bqe9mkb","actor_id":"01m0wgs5v0e3q0np2rbzmtpvb1","target":"Payment:01m0wgs5vpfawyakr7xxnn17db","request_id":"24176aa5-1562-4067-b80a-97e3267fcd40"} 
[2026-08-25 18:57:02] testing.INFO: payment.submitted {"audit_id":"01m0wgs67reg91f0fndtbzmstz","actor_id":"01m0wgs66th6h0748tc5gn5xk0","target":"Payment:01m0wgs67ppesnbzy94w4kvzzz","request_id":"653ccd38-5a8b-4223-b40c-e8d3d01fcf41"} 
[2026-08-25 18:57:02] testing.INFO: payment.approved_at_capture {"audit_id":"01m0wgs6emscwt7a42c7m742qh","actor_id":"01m0wgs66th6h0748tc5gn5xk0","target":"Payment:01m0wgs67ppesnbzy94w4kvzzz","request_id":"653ccd38-5a8b-4223-b40c-e8d3d01fcf41"} 
[2026-08-25 18:57:02] testing.INFO: payment.submitted {"audit_id":"01m0wgs6fez8naq865t931eae4","actor_id":"01m0wgs66th6h0748tc5gn5xk0","target":"Payment:01m0wgs6fc06as69818pagwag6","request_id":"720a9c32-e5fe-41e8-bade-12f3c93fe33f"} 
[2026-08-25 18:57:02] testing.INFO: payment.approved {"audit_id":"01m0wgs6pyp4z1c1jm2eehw79f","actor_id":"01m0wgs66wtgwjnnkzg6rmc40d","target":"Payment:01m0wgs6fc06as69818pagwag6","request_id":"a063874c-2547-4cb4-90d9-e97195a7195d"} 
[2026-08-25 18:57:02] testing.INFO: course.created {"audit_id":"01m0wgs6w6hv02zyhjmtkd44ds","actor_id":"01m0wgs6vfzz9fd7wy291gtmk2","target":"Course:01m0wgs6w524t4bn40acn1hvqf","request_id":"d4d762d2-b788-44af-9203-033fa773ee14"} 
[2026-08-25 18:57:02] testing.INFO: category.created {"audit_id":"01m0wgs71fzatbn9vbjedr58bh","actor_id":"01m0wgs712d56sqzs2e0m589qc","target":"Category:01m0wgs71dadg6m97xdhwqt6ph","request_id":"7ad7a84c-feaf-489a-b93d-6b6f5439d59a"} 
[2026-08-25 18:57:02] testing.INFO: syllabus.updated {"audit_id":"01m0wgs75d0emnnfeyygfamfa0","actor_id":"01m0wgs74sn702e4agad9zvx06","target":"Course:01m0wgs74v66fzn2xnyste2ba5","request_id":"9d3ea59c-440e-4fda-aa60-00b42813a239"} 
[2026-08-25 18:57:03] testing.INFO: export.generated {"audit_id":"01m0wgs79qacegr2tvc0cx341h","actor_id":"01m0wgs7963dkm7k96t3pfy17s","target":":","request_id":"3908b526-a665-463f-a9a3-c74c02ada460"} 
[2026-08-25 18:57:04] testing.INFO: payment.proof_viewed {"audit_id":"01m0wgs864rxazphaghff74cn5","actor_id":"01m0wgs85mqjjtt4zzf4nhfy8f","target":"Payment:01m0wgs85wn874xx6fwa88ntx8","request_id":"d4dc25d2-7b12-4362-a27d-02b3530aa20c"} 
[2026-08-25 18:57:04] testing.INFO: payment.approved {"audit_id":"01m0wgs8rvjt3hyvzg3kxy8r4v","actor_id":"01m0wgs8jd4dvjehpz6nkh0mvc","target":"Payment:01m0wgs8jgz428rn597nd3wy1w","request_id":"3c96c763-666c-41ca-a6f0-1f7b562de695"} 
[2026-08-25 18:57:05] testing.INFO: recording.deleted {"audit_id":"01m0wgs9mr8zw44ac3sxf5k25a","actor_id":"01m0wgs9m6zjcx4qnm34bs7kxz","target":"Recording:01m0wgs9m8yp42qvzfa96g2ycn","request_id":"ce5c4003-016c-47c7-9519-7e5c3e7f5e7d"} 
[2026-08-25 18:57:05] testing.INFO: recording.resynced {"audit_id":"01m0wgs9rr0m1wfyja66yz3pt6","actor_id":"01m0wgs9ra178t0j9z20qwt34e","target":"Recording:01m0wgs9rcecspk9mf8b3ryana","request_id":"a759a262-c58f-413f-90b0-9f8fccf10599"} 
[2026-08-25 18:57:19] testing.INFO: user.suspend {"audit_id":"01m0wgsqm2474hjrpgw3dgksye","actor_id":"01m0wgsqk53ktv8dwc134m7gre","target":"User:01m0wgsqk9ms181ktsg36g0rgv","request_id":"5bfb236e-d610-4d3f-aad2-ff6b46a4faf7"} 
[2026-08-25 18:57:19] testing.INFO: user.archived {"audit_id":"01m0wgsqrqfmr01hks9bxxsd9x","actor_id":"01m0wgsqqssx0ayzj75h8a0erq","target":"User:01m0wgsqqzvhenaf597gh70888","request_id":"a95f6d45-9e76-4f05-89e0-f77aec201d32"} 
[2026-08-25 18:57:20] testing.INFO: user.archived {"audit_id":"01m0wgsqw66vf9ztkvmqyzcqmm","actor_id":"01m0wgsqvz9kek638vaavv8zpv","target":"User:01m0wgsqvn1rz5kmq15pk98ba2","request_id":"61ee411d-49c6-4565-ad9f-220cee706ece"} 
[2026-08-25 18:57:20] testing.INFO: user.updated {"audit_id":"01m0wgsqzfxvfkef8p314pa52t","actor_id":"01m0wgsqz4ef7x5xnnx9jm1xyb","target":"User:01m0wgsqz66hrgc6k9dbm6fnhc","request_id":"02039c99-26d0-4038-aa2b-c32501cf017a"} 
[2026-08-25 18:57:20] testing.INFO: test.published {"audit_id":"01m0wgsre8zkvjdb37bn1w5h91","actor_id":"01m0wgsrdaf7gs48r6epd9tyeh","target":"Test:01m0wgsrde38mj1rcn2p0vny2k","request_id":"bf267920-3b23-43bf-a6c2-004de20f2e4e"} 
[2026-08-25 18:58:43] testing.INFO: user.suspend {"audit_id":"01m0wgw8znvehp194mk8gydrnm","actor_id":"01m0wgw8rvfv0gsz6cwqt04jfd","target":"User:01m0wgw8rz9ea6stxwvx4cqp8f","request_id":"9a6cc92f-1f2d-44e1-921c-d0ec47eb2a5e"} 
[2026-08-25 18:58:44] testing.INFO: user.archived {"audit_id":"01m0wgw9yyrhyv9gqn2pvg44a0","actor_id":"01m0wgw9x5y96mdpe0vbtrd3sd","target":"User:01m0wgw9xc0br3epp29jvq8vyy","request_id":"843da47d-718c-439c-bcd9-5e2ca4c963b7"} 
[2026-08-25 18:58:44] testing.INFO: user.archived {"audit_id":"01m0wgwa29jjcbvq1wf9qqbsfm","actor_id":"01m0wgwa23g69e5xv2bd07ed14","target":"User:01m0wgwa1tmyh4xcc0d9m4vhxg","request_id":"216b5b6a-99fc-47ab-865d-ac27f399ce5a"} 
[2026-08-25 18:58:44] testing.INFO: user.updated {"audit_id":"01m0wgwa6g2477hcc7df7qdj05","actor_id":"01m0wgwa5g0t53e4ts3v94py0w","target":"User:01m0wgwa5jh1rfez36n2cr1p8m","request_id":"1a205bf9-db1a-42a1-b8d2-2ed0223218f2"} 
[2026-08-25 18:58:45] testing.INFO: test.published {"audit_id":"01m0wgwaxx1kbh7cvcv6wf16ry","actor_id":"01m0wgwarsfc7c5vw2zyhqx9gw","target":"Test:01m0wgwasmyagj02wk8erj288e","request_id":"33f7ccc9-5e7c-4255-8103-3bf1d5d8c27c"} 
[2026-08-25 18:58:57] testing.INFO: account.password_changed {"audit_id":"01m0wgwpz6b6ts575559myf3kz","actor_id":"01m0wgwpmtna9brqjzqfjhq9fh","target":"User:01m0wgwpmtna9brqjzqfjhq9fh","request_id":"e3371ef5-97c0-4a2b-b427-8173a88723d4"} 
[2026-08-25 18:58:57] testing.INFO: account.password_changed {"audit_id":"01m0wgwqa8j6g995zh9va84ezc","actor_id":"01m0wgwq47z2gq9exkz8fs1v3x","target":"User:01m0wgwq47z2gq9exkz8fs1v3x","request_id":"99236c46-acfe-49e7-a1bc-aa95f9692599"} 
[2026-08-25 18:58:58] testing.INFO: account.two_factor_enabled {"audit_id":"01m0wgwqjs0jpztqewfdvr38z5","actor_id":"01m0wgwqey8www9e18tft9vnea","target":"User:01m0wgwqey8www9e18tft9vnea","request_id":"9640c2c9-34e0-4780-afd2-e74855c4a699"} 
[2026-08-25 18:58:58] testing.INFO: account.sessions_revoked {"audit_id":"01m0wgwqwj442v78gmw8pe8t76","actor_id":"01m0wgwqvj2twrmbcndb1gx2s5","target":"User:01m0wgwqvj2twrmbcndb1gx2s5","request_id":"b48f8772-281b-4f25-a634-f9ec87c0102d"} 
[2026-08-25 18:58:58] testing.INFO: settings.updated {"audit_id":"01m0wgwr0jbxrd9vt2qkmccxta","actor_id":"01m0wgwqzkwc803r5yjygb6mwc","target":":","request_id":"6d713088-374e-4830-802c-ccaed0ecf30d"} 
[2026-08-25 18:58:59] testing.INFO: settings.updated {"audit_id":"01m0wgwrhb4xyrvnzjsd06wrrm","actor_id":"01m0wgwrgz9c5ej6r2yxs6kw68","target":":","request_id":"cb875321-dc9f-4009-9529-b579da22a7d2"} 
[2026-08-25 18:58:59] testing.INFO: role.updated {"audit_id":"01m0wgwrsm5wb6q6pjzxkr3t1c","actor_id":"01m0wgwrs7cnrdceh0abqfp9e6","target":"Role:01m0wgwrqfkmct0f48j3rpxxf5","request_id":"fa1267b5-e37e-47a2-82f9-e6b9b4de050c"} 
[2026-08-25 18:58:59] testing.INFO: settings.payment_method_qr_updated {"audit_id":"01m0wgws74s71rwba9cqbdtmg9","actor_id":"01m0wgwrwycg3m00acbts7wvdh","target":"PaymentMethod:01m0wgwrwssch42nmsaqtydncm","request_id":"d86e6565-f3a5-4fbc-b55d-1c61d9863f68"} 
[2026-08-25 18:58:59] testing.INFO: settings.payment_method_qr_removed {"audit_id":"01m0wgws7e72147kxyst3c0pp2","actor_id":"01m0wgwrwycg3m00acbts7wvdh","target":"PaymentMethod:01m0wgwrwssch42nmsaqtydncm","request_id":"973f9e08-67c7-4f90-9ba8-a75092953905"} 
[2026-08-25 18:58:59] testing.INFO: settings.payment_method_qr_updated {"audit_id":"01m0wgwsaz3md9pj9xej0s4pep","actor_id":"01m0wgwsafdx05zh7pdshjxbfw","target":"PaymentMethod:01m0wgwsab6274gx7wat5bc2we","request_id":"2e82b1e3-1edc-4e77-81b9-4511da71d0ca"} 
[2026-08-25 18:59:00] testing.INFO: settings.updated {"audit_id":"01m0wgwt2zr3d0kpf8tsft8s7v","actor_id":"01m0wgwt20ekm59r45zpbf5q89","target":":","request_id":"8c5bfe4b-0b93-460e-831c-2569bf10e734"} 
[2026-08-25 18:59:00] testing.INFO: faq.created {"audit_id":"01m0wgwt89ezre4pq4qy9akg5r","actor_id":"01m0wgwt6dr1r3cg9rwqw9d9c9","target":"Faq:01m0wgwt88b1fqt5addphdm5nz","request_id":"09bda6ba-f29f-4c6e-96f0-1124cfd8a13c"} 
[2026-08-25 18:59:00] testing.INFO: faq.updated {"audit_id":"01m0wgwt8h9wd6gzjbfckcj5qa","actor_id":"01m0wgwt6dr1r3cg9rwqw9d9c9","target":"Faq:01m0wgwt88b1fqt5addphdm5nz","request_id":"d2b9c9c7-1d06-4c93-bfb1-6182181a67d3"} 
[2026-08-25 18:59:00] testing.INFO: faq.deleted {"audit_id":"01m0wgwta7rym33gmj9h56hy8t","actor_id":"01m0wgwt6dr1r3cg9rwqw9d9c9","target":"Faq:01m0wgwt88b1fqt5addphdm5nz","request_id":"7a15d0cf-11bb-4f5d-9edb-86c8277eecea"} 
[2026-08-25 18:59:01] testing.INFO: attempt.started {"audit_id":"01m0wgwtpbjp2nz1sdk35svy6w","actor_id":"01m0wgwtkzpc55wcqt38pzd017","target":"TestAttempt:01m0wgwtpa21c29yar36w60m0k","request_id":"eca4c1ef-6c0f-4abc-b788-63ad42758ce9"} 
[2026-08-25 18:59:01] testing.INFO: attempt.started {"audit_id":"01m0wgwtx7gz1hqkr3q5zqq6rj","actor_id":"01m0wgwtwvs27zj214afyr8msq","target":"TestAttempt:01m0wgwtx61kv0njgmevy495bc","request_id":"2f02c7a5-c4da-4ca6-8123-4703cb563537"} 
[2026-08-25 18:59:01] testing.INFO: attempt.started {"audit_id":"01m0wgwtxg21jj3m5bmezxzzpg","actor_id":"01m0wgwtwvs27zj214afyr8msq","target":"TestAttempt:01m0wgwtx61kv0njgmevy495bc","request_id":"69e65c7b-a9e8-4da8-844c-7cda9189fe23"} 
[2026-08-25 18:59:01] testing.INFO: attempt.started {"audit_id":"01m0wgwv0xtxdxb16zqg4z783k","actor_id":"01m0wgwv0g7595vxvezxs71y1d","target":"TestAttempt:01m0wgwv0w8xp28ebrsv73bdx8","request_id":"4388a9a5-b578-43d5-83d7-0ffa6008600a"} 
[2026-08-25 18:59:01] testing.INFO: attempt.started {"audit_id":"01m0wgwv5hw49g5m3hvn6318k3","actor_id":"01m0wgwv55vrtjnahd1gd5m0t3","target":"TestAttempt:01m0wgwv5gfg7b6ht2cnyqhw0v","request_id":"dfbcc060-3ca3-45d4-b148-d420f65b3ac7"} 
[2026-08-25 18:59:01] testing.INFO: attempt.submitted {"audit_id":"01m0wgwv6qx19j6ba1at23ekbe","actor_id":"01m0wgwv55vrtjnahd1gd5m0t3","target":"TestAttempt:01m0wgwv5gfg7b6ht2cnyqhw0v","request_id":"437a0dc3-a0f9-4e73-925c-da16370f3aae"} 
[2026-08-25 18:59:02] testing.INFO: attendance.imported {"audit_id":"01m0wgwvny9t840qvwzx1bp3c8","actor_id":"01m0wgwvd4bpw3cqynvezpxqv3","target":"ClassSession:01m0wgwvdbbx53fm9pwwq3rtgp","request_id":"fee39305-0ba0-46df-863d-e42c56473742"} 
[2026-08-25 18:59:02] testing.INFO: auth.registered {"audit_id":"01m0wgwvvzethtp2nr7q0qvnar","actor_id":"01m0wgwvvx9nydmad3560p4ts0","target":"User:01m0wgwvvx9nydmad3560p4ts0","request_id":"35c2af71-5a80-413c-bd19-b53208918ad4"} 
[2026-08-25 18:59:02] testing.INFO: auth.logged_in {"audit_id":"01m0wgww7tgdngg3qh1dbm0vax","actor_id":"01m0wgww5xrs5v7tytrzjbakdb","target":"User:01m0wgww5xrs5v7tytrzjbakdb","request_id":"9ee6bceb-67bf-497a-8215-8f151aeda1f8"} 
[2026-08-25 18:59:02] testing.INFO: auth.logged_out {"audit_id":"01m0wgww97b0jp4tmre1b9mkxf","actor_id":"01m0wgww5xrs5v7tytrzjbakdb","target":"User:01m0wgww5xrs5v7tytrzjbakdb","request_id":"c88a60ad-b5e6-4245-a5eb-41c07f87d961"} 
[2026-08-25 18:59:02] testing.INFO: auth.logged_in {"audit_id":"01m0wgww9cqm8zx3f1733e9ka8","actor_id":"01m0wgww5xrs5v7tytrzjbakdb","target":"User:01m0wgww5xrs5v7tytrzjbakdb","request_id":"15068bd7-7f45-4973-9d26-822d5d471bb6"} 
[2026-08-25 18:59:03] testing.INFO: auth.account_locked {"audit_id":"01m0wgwwg1pmnvd36708gw6mhd","actor_id":"01m0wgwwfb5vf0bfdcc3dwrs6p","target":"User:01m0wgwwfb5vf0bfdcc3dwrs6p","request_id":"73694589-2311-482a-a027-9d8ae507f8ea"} 
[2026-08-25 18:59:03] testing.INFO: auth.password_changed {"audit_id":"01m0wgwwkxygctjt3wztsan1fd","actor_id":"01m0wgwwkfk6azk0sk1rrf7jhx","target":"User:01m0wgwwkfk6azk0sk1rrf7jhx","request_id":"50b432d4-b9ae-46a3-bda4-4077b0742318"} 
[2026-08-25 18:59:03] testing.INFO: account.profile_updated {"audit_id":"01m0wgwwq61m0skdqyxwx4rd1s","actor_id":"01m0wgwwpy0p4fz59r1n64sgma","target":"User:01m0wgwwpy0p4fz59r1n64sgma","request_id":"f49bb7d9-7c2d-4753-a7c7-8b5d1c3695f7"} 
[2026-08-25 18:59:03] testing.INFO: course.updated {"audit_id":"01m0wgwwzz1pj4rw3spbpmvxjz","actor_id":"01m0wgwwxh1xnyxnxqyezfxwqz","target":"Course:01m0wgwwxkkhje0qjrwgazss5v","request_id":"60b7ecef-7fa6-40b2-aafb-6fcd5681877a"} 
[2026-08-25 18:59:03] testing.INFO: course.updated {"audit_id":"01m0wgwx4gat3cy1t4x8qj5x2q","actor_id":"01m0wgwx35k5rk9b4sw8hxfq2x","target":"Course:01m0wgwx37yqrd056a6kvd3axq","request_id":"5f881a40-7432-4239-b73d-194e523814af"} 
[2026-08-25 18:59:03] testing.INFO: course.thumbnail_updated {"audit_id":"01m0wgwx8fkgfj3dqmjtxct2p4","actor_id":"01m0wgwx7k25f1112bm345q46n","target":"Course:01m0wgwx7nhw2y76hcm6hdy4hv","request_id":"ecb536f9-52a5-4701-a585-30f9faa3fc64"} 
[2026-08-25 18:59:03] testing.INFO: course.thumbnail_updated {"audit_id":"01m0wgwx8xndj0yfxr6x1c10gr","actor_id":"01m0wgwx7k25f1112bm345q46n","target":"Course:01m0wgwx7nhw2y76hcm6hdy4hv","request_id":"23edbdfd-fa64-4f02-b97f-481d5e7f1969"} 
[2026-08-25 18:59:04] testing.INFO: course.thumbnail_updated {"audit_id":"01m0wgwxcgck6eeg4edc02a8ez","actor_id":"01m0wgwxbzm8rg0f9kcrekxzh4","target":"Course:01m0wgwxc1renz3ckhw8919mhk","request_id":"6838f2d9-a5d9-4bd5-ab2d-8507d04b7bc9"} 
[2026-08-25 18:59:04] testing.INFO: course.thumbnail_removed {"audit_id":"01m0wgwxcrrqw0x1td72esxc33","actor_id":"01m0wgwxbzm8rg0f9kcrekxzh4","target":"Course:01m0wgwxc1renz3ckhw8919mhk","request_id":"8b1e34d1-53a1-4f9d-90f0-c86b76697f2b"} 
[2026-08-25 18:59:04] testing.INFO: course.thumbnail_updated {"audit_id":"01m0wgwxgaczj4xn80s15f6tfj","actor_id":"01m0wgwxfrfgtad9f546x5sgv6","target":"Course:01m0wgwxfsc5kx5dwvd65y596y","request_id":"aab4065a-c482-4471-a136-2385dff53d10"} 
[2026-08-25 18:59:08] testing.INFO: payment.approved {"audit_id":"01m0wgx18m47kpa2z3eey73wpy","actor_id":"01m0wgwxw78xg41x3c4f7wmykt","target":"Payment:01m0wgwxwc0r9a03htbaeztd4b","request_id":"8ba70bd2-60ed-4032-bc02-66c412baafd3"} 
[2026-08-25 18:59:08] testing.INFO: auth.logged_in {"audit_id":"01m0wgx1gmrrzsyjfkqynxw4br","actor_id":"01m0wgx1gbpet9kx7h6khhc08f","target":"User:01m0wgx1gbpet9kx7h6khhc08f","request_id":"ac72aeb9-a4d1-4c60-bd53-705dc8121cac"} 
[2026-08-25 18:59:08] testing.INFO: auth.logged_out {"audit_id":"01m0wgx1gveymb9se9j4r2pfha","actor_id":"01m0wgx1gbpet9kx7h6khhc08f","target":"User:01m0wgx1gbpet9kx7h6khhc08f","request_id":"28647360-d0b5-4567-beba-105782f76c9c"} 
[2026-08-25 18:59:08] testing.INFO: auth.logged_in {"audit_id":"01m0wgx1h03688qxyvhk5q21a7","actor_id":"01m0wgx1gbpet9kx7h6khhc08f","target":"User:01m0wgx1gbpet9kx7h6khhc08f","request_id":"ec00fc53-d984-40ac-a135-2e90ce0efeb4"} 
[2026-08-25 18:59:08] testing.INFO: auth.logged_in {"audit_id":"01m0wgx1mhaxwv1vz2wq5x9ryz","actor_id":"01m0wgx1m9ntn32m6sbdz1jgb4","target":"User:01m0wgx1m9ntn32m6sbdz1jgb4","request_id":"f513580b-c3d9-480b-a75b-42708b691552"} 
[2026-08-25 18:59:08] testing.INFO: user.devices_reset {"audit_id":"01m0wgx1r550nbgfem0at9fhmj","actor_id":"01m0wgx1qp6m8jxst93n6vby2m","target":"User:01m0wgx1qrmw2e5821w01yn4x1","request_id":"b872ac70-f95d-4d65-949b-ea8aef75b2d1"} 
[2026-08-25 18:59:08] testing.INFO: settings.updated {"audit_id":"01m0wgx24wyebz979xnv9m9as8","actor_id":"01m0wgx24kxcv5r7r8450d6zk4","target":":","request_id":"fcdeb47c-4acf-4167-96db-25f8ff643950"} 
[2026-08-25 18:59:09] testing.INFO: settings.updated {"audit_id":"01m0wgx28dwbzn2admtvtqbmck","actor_id":"01m0wgx284dgwmkrdnbgx73bvp","target":":","request_id":"b7037e16-577a-4270-bbd8-99b851e5bd4d"} 
[2026-08-25 18:59:09] testing.INFO: settings.updated {"audit_id":"01m0wgx28p8497xw9hndp869e2","actor_id":"01m0wgx284dgwmkrdnbgx73bvp","target":":","request_id":"cf79f11e-504b-4170-b208-ea36ba1423c4"} 
[2026-08-25 18:59:09] testing.INFO: settings.institution_logo_updated {"audit_id":"01m0wgx2f7byqwqy0jnc2k0z2y","actor_id":"01m0wgx2etzhez26bmwjfmqv4n","target":":","request_id":"3203d547-5cc7-4761-b928-369dbb089e5e"} 
[2026-08-25 18:59:09] testing.INFO: settings.institution_logo_updated {"audit_id":"01m0wgx2fpq8dnx9wcfmgtj2vq","actor_id":"01m0wgx2etzhez26bmwjfmqv4n","target":":","request_id":"06f368de-a3f3-42b1-89fc-c4c5394ccfd3"} 
[2026-08-25 18:59:09] testing.INFO: settings.institution_logo_removed {"audit_id":"01m0wgx2fxfcgd16zjyw79zgxb","actor_id":"01m0wgx2etzhez26bmwjfmqv4n","target":":","request_id":"787dfb68-517c-439d-a366-d7c6c4e33e71"} 
[2026-08-25 18:59:09] testing.INFO: settings.institution_favicon_updated {"audit_id":"01m0wgx2kg86g6cj5q871b99c4","actor_id":"01m0wgx2k3yyfwszjf4gw1mxsd","target":":","request_id":"539be751-2e80-4075-a06f-eebd342fd28f"} 
[2026-08-25 18:59:09] testing.INFO: settings.updated {"audit_id":"01m0wgx2q49d9tjqgdw64qsbnb","actor_id":"01m0wgx2pv9np83gqj9fpjhwac","target":":","request_id":"ded63078-1c98-43cc-9de6-f3ff8a3c7311"} 
[2026-08-25 18:59:09] testing.INFO: settings.institution_logo_updated {"audit_id":"01m0wgx2tx4mn5rsp2m3ca3wj7","actor_id":"01m0wgx2tcyp6srn7jpp4es97b","target":":","request_id":"a8ede97a-976c-4237-9c67-9648a9f04ed5"} 
[2026-08-25 18:59:10] testing.INFO: auth.logged_in {"audit_id":"01m0wgx398qrhm9xtdr9c4r7nq","actor_id":"01m0wgx37zr3w5h8c0d0en9087","target":"User:01m0wgx37zr3w5h8c0d0en9087","request_id":"ba5fba2f-8264-45f2-bc15-626d5813535c"} 
[2026-08-25 18:59:10] testing.INFO: auth.login_blocked_suspended {"audit_id":"01m0wgx3fzzy0den1nhfdr0e2q","actor_id":"01m0wgx3frs3c52m65eyw41fbj","target":"User:01m0wgx3frs3c52m65eyw41fbj","request_id":"c5c5f9ba-5766-4989-963f-5e2dd6dc4f69"} 
[2026-08-25 18:59:10] testing.INFO: auth.logged_out {"audit_id":"01m0wgx3pbvn6y5stj8d37r3ka","actor_id":"01m0wgx3p308ycgqrpghbc73my","target":"User:01m0wgx3p308ycgqrpghbc73my","request_id":"2662924c-55ec-421f-a916-ab3b31285f9f"} 
[2026-08-25 18:59:10] testing.INFO: auth.logged_in {"audit_id":"01m0wgx3t4pdc77f9m6k97dk2x","actor_id":"01m0wgx3swb5r2hndngybwj6fw","target":"User:01m0wgx3swb5r2hndngybwj6fw","request_id":"ed8647f1-59cb-4c32-8fb5-525b37716717"} 
[2026-08-25 18:59:10] testing.INFO: payment.approved {"audit_id":"01m0wgx44e7jrfx0pxyd008qv4","actor_id":"01m0wgx3y7gd0pb11k24djrq2b","target":"Payment:01m0wgx3y996a1y9hm27yvsrjz","request_id":"1ecc8caa-42d5-4fbf-a04d-e6ab79469db5"} 
[2026-08-25 18:59:11] testing.INFO: payment.approved {"audit_id":"01m0wgx4dzpvkasbcj06nh156t","actor_id":"01m0wgx47gs7t9qqa2sz31xc95","target":"Payment:01m0wgx47h4nna9xjm6eqrv2a9","request_id":"717f1e82-c1bd-4e42-8e1f-5e85c8a9329d"} 
[2026-08-25 18:59:11] testing.INFO: payment.approved {"audit_id":"01m0wgx534x8jmnaq1pemzhg1x","actor_id":"01m0wgx4xdqsg574esmdnbkta3","target":"Payment:01m0wgx4xf785ya8p5nsxwr7r7","request_id":"15dc1f7f-1635-49f1-a172-06089f5620e0"} 
[2026-08-25 18:59:12] testing.INFO: payment.rejected {"audit_id":"01m0wgx58t0zpmqg9fwc10ystn","actor_id":"01m0wgx58dr6eawt6bbm4q98sp","target":"Payment:01m0wgx58f4fxghnr7kc14s326","request_id":"cac2abc5-7be4-4976-9203-7383e3671e30"} 
[2026-08-25 18:59:12] testing.INFO: refund.recorded {"audit_id":"01m0wgx5n0j8q1mp0geqqagcg2","actor_id":"01m0wgx5jx9f5vk99e3g4y04e4","target":"Refund:01m0wgx5mzxap4ct0pnc7ckxee","request_id":"70e23fb9-751a-499f-b428-62a97047f158"} 
[2026-08-25 18:59:12] testing.INFO: refund.processed {"audit_id":"01m0wgx5njzv8t16jrfvna2b2r","actor_id":"01m0wgx5jzw2ban4adg39ff22y","target":"Refund:01m0wgx5mzxap4ct0pnc7ckxee","request_id":"17fe50ed-d80f-4107-b6be-07c55ecba5c9"} 
[2026-08-25 18:59:14] testing.INFO: user.suspend {"audit_id":"01m0wgx73gbes0g1da6my539np","actor_id":"01m0wgx72qx5n3x2bxwsws4kfc","target":"User:01m0wgx72vqfre5rwe7n7emsgf","request_id":"23ceed54-3d38-4179-9748-18c914175ecb"} 
[2026-08-25 18:59:14] testing.INFO: user.archived {"audit_id":"01m0wgx77rzg2xgh3enk63pdj8","actor_id":"01m0wgx76rdky8ddf09txjwq0e","target":"User:01m0wgx76y3zqy0042av2xjy8q","request_id":"a72236b0-7d68-4565-a5c6-1c8931321940"} 
[2026-08-25 18:59:14] testing.INFO: user.archived {"audit_id":"01m0wgx7bhngh7xdkharckf615","actor_id":"01m0wgx7b5dgs8535rfz2b5zcr","target":"User:01m0wgx7av7c7kzzrjk06w3yrt","request_id":"ffd4dbd8-62df-4c0a-8bfd-a7d25ce175b2"} 
[2026-08-25 18:59:14] testing.INFO: user.updated {"audit_id":"01m0wgx7gx0r5nk513ah75g97j","actor_id":"01m0wgx7gkczsavpbd0w2nwwz7","target":"User:01m0wgx7gnv39zxsy2d7z53an5","request_id":"0e81e7da-a995-46a8-952f-107a73f650e3"} 
[2026-08-25 18:59:14] testing.INFO: test.published {"audit_id":"01m0wgx804tk4mvqt9mp9drcah","actor_id":"01m0wgx7z8qcpyyqe1bpc0t4aw","target":"Test:01m0wgx7zc2722a4w7r58shkac","request_id":"8cb0ea39-4bfa-4c4c-b9d5-c222ae3e8a24"} 
[2026-08-25 18:59:15] testing.INFO: course.thumbnail_updated {"audit_id":"01m0wgx877k3chkn77vnpvjb6j","actor_id":"01m0wgx86kdyhb2achz598cjrb","target":"Course:01m0wgx86n62mz6h1ra10fj9t4","request_id":"45c71677-aba0-4cb9-afeb-8e4167c48ec7"} 
[2026-08-25 18:59:15] testing.INFO: course.updated {"audit_id":"01m0wgx8bjzgw6yzwq63qsqmpw","actor_id":"01m0wgx8awbv9sd17cc5v7b44b","target":"Course:01m0wgx8ay1gbyhcj32mdaq0qz","request_id":"6a6d7307-d1bd-461b-8939-9f797387dbcc"} 
[2026-08-25 18:59:15] testing.INFO: settings.payment_method_qr_updated {"audit_id":"01m0wgx8ew3crfp292zbzf7x8z","actor_id":"01m0wgx8ef601nqf45fts3msed","target":"PaymentMethod:01m0wgx8ec99f660aaxs3cqfzb","request_id":"3846b404-089c-4d35-bf8d-b7ede04770f4"} 
[2026-08-25 18:59:15] testing.INFO: settings.institution_logo_updated {"audit_id":"01m0wgx8j99mrvhwah8zavyvh8","actor_id":"01m0wgx8hv6bt1yj1ymhfemd5n","target":":","request_id":"47b1e766-be36-4497-9dd8-0a07e0ede046"} 
[2026-08-25 18:59:18] testing.INFO: payment.submitted {"audit_id":"01m0wgxbje7h104sh65msr07jw","actor_id":"01m0wgxbfayh5ttdj3k60zxgpb","target":"Payment:01m0wgxbjdx4mj8ps949qg90jj","request_id":"3788997b-9562-4fa2-ba40-66227d31c309"} 
[2026-08-25 18:59:18] testing.INFO: payment.approved_at_capture {"audit_id":"01m0wgxbrfnt86q25tsfz4nz9p","actor_id":"01m0wgxbfayh5ttdj3k60zxgpb","target":"Payment:01m0wgxbjdx4mj8ps949qg90jj","request_id":"3788997b-9562-4fa2-ba40-66227d31c309"} 
[2026-08-25 18:59:18] testing.INFO: payment.submitted {"audit_id":"01m0wgxbwnnwwdjsvz05a2qd75","actor_id":"01m0wgxbvxhk285s560afhnc82","target":"Payment:01m0wgxbwmm727chdhx3ghg5sf","request_id":"7df9ac0a-757e-41e5-8428-50f914260aab"} 
[2026-08-25 18:59:19] testing.INFO: payment.approved {"audit_id":"01m0wgxc3fndsfn40qka5qtdns","actor_id":"01m0wgxbw0mg8vexjqjbhfzr01","target":"Payment:01m0wgxbwmm727chdhx3ghg5sf","request_id":"0dabd174-81de-4c0a-9b25-486d5ff7811f"} 
[2026-08-25 18:59:19] testing.INFO: payment.submitted {"audit_id":"01m0wgxc81g7q35xdrjam8c6m5","actor_id":"01m0wgxc77hv42h052d8sccwk1","target":"Payment:01m0wgxc7z3q3xwcyj559mm058","request_id":"5840087d-1477-4d9a-9ebd-c1536d7ddaa9"} 
[2026-08-25 18:59:19] testing.INFO: payment.approved_at_capture {"audit_id":"01m0wgxcdy9fea7vyg92n98mzh","actor_id":"01m0wgxc77hv42h052d8sccwk1","target":"Payment:01m0wgxc7z3q3xwcyj559mm058","request_id":"5840087d-1477-4d9a-9ebd-c1536d7ddaa9"} 
[2026-08-25 18:59:19] testing.INFO: payment.submitted {"audit_id":"01m0wgxcet0m4ff58j64n7san4","actor_id":"01m0wgxc77hv42h052d8sccwk1","target":"Payment:01m0wgxces0h1mwchb1rrjffvc","request_id":"58d0585f-8300-4cf4-94ff-6b2aae0a6d5d"} 
[2026-08-25 18:59:19] testing.INFO: payment.approved {"audit_id":"01m0wgxcqnefra7xq8jcen2znz","actor_id":"01m0wgxc78mja9dm059npehj0h","target":"Payment:01m0wgxces0h1mwchb1rrjffvc","request_id":"a3ccdd21-d576-408b-9e92-2d38c08c4483"} 
[2026-08-25 18:59:19] testing.INFO: course.created {"audit_id":"01m0wgxcwtjxfsjhzachz8qwqj","actor_id":"01m0wgxcw0d38fz3t3kvk7n3ny","target":"Course:01m0wgxcwsskcj7yvqf4d7gbv2","request_id":"3ad6baa8-58ad-47dc-8228-fec11909b225"} 
[2026-08-25 18:59:20] testing.INFO: category.created {"audit_id":"01m0wgxd11fwzcpyhs017gcbz2","actor_id":"01m0wgxcztzte4wr5y3et32e5g","target":"Category:01m0wgxd10kjazmwnpq4pgdfvt","request_id":"42c13a9d-3422-4aa3-9279-a1272a360953"} 
[2026-08-25 18:59:20] testing.INFO: syllabus.updated {"audit_id":"01m0wgxd551ewc955fqw7a0c5v","actor_id":"01m0wgxd3wjc7p8pa5k4b89b8x","target":"Course:01m0wgxd3ydnbh5qpsez5b3ak5","request_id":"9d1822a1-34ba-4de5-b3ae-98bd3b08c254"} 
[2026-08-25 18:59:20] testing.INFO: export.generated {"audit_id":"01m0wgxd9zvyntwp20tw0af3ea","actor_id":"01m0wgxd8kxj28b55cfdnn63ee","target":":","request_id":"0873af72-697f-4abb-a623-495d33ab1139"} 
[2026-08-25 18:59:21] testing.INFO: payment.proof_viewed {"audit_id":"01m0wgxe9bgawba50s6jabdj6a","actor_id":"01m0wgxe80atctggs3110eyetw","target":"Payment:01m0wgxe88ekej9v6cg3mkkdq4","request_id":"b364de64-0bc4-4e65-bf99-acd87b6e6bfd"} 
[2026-08-25 18:59:21] testing.INFO: payment.approved {"audit_id":"01m0wgxesee2gmjw5xc4gv02v7","actor_id":"01m0wgxekfnfw26tsnczqgqbx5","target":"Payment:01m0wgxekhf9hvhgkhfen5kr20","request_id":"b57b2744-0a60-45d5-a2ad-10dbfd6849ad"} 
[2026-08-25 18:59:22] testing.INFO: recording.deleted {"audit_id":"01m0wgxfv8hfve1c8r0z6gsymg","actor_id":"01m0wgxfscdazdsdk5h5mdyfk5","target":"Recording:01m0wgxfsecahyck0r7vnbn5d8","request_id":"4280be64-4421-4d01-a74a-7047067eebfd"} 
[2026-08-25 18:59:23] testing.INFO: recording.resynced {"audit_id":"01m0wgxfzh1s16exvm3rsjzzha","actor_id":"01m0wgxfz6r3s1z2t3j8y2320y","target":"Recording:01m0wgxfz8tcdftyq00m7htqtp","request_id":"5ba4c72e-fc17-426c-8a45-1c08ef5f3cde"} 
[2026-08-25 18:59:32] testing.INFO: account.password_changed {"audit_id":"01m0wgxrv1xmrdv1fkmrdfschn","actor_id":"01m0wgxrsx6f812gmhj61k3301","target":"User:01m0wgxrsx6f812gmhj61k3301","request_id":"1f0d649a-f306-484d-a285-6a1de697c3e0"} 
[2026-08-25 18:59:32] testing.INFO: account.password_changed {"audit_id":"01m0wgxrz7ghsk3br58sgatvfd","actor_id":"01m0wgxryvngdp12gq8yd353tf","target":"User:01m0wgxryvngdp12gq8yd353tf","request_id":"f74bd1f5-a1bb-4b65-a930-55a7cd3a34c7"} 
[2026-08-25 18:59:32] testing.INFO: account.two_factor_enabled {"audit_id":"01m0wgxs2r0ypc0z8ptct6x1gj","actor_id":"01m0wgxs2bc8ygnrkg904zbdqt","target":"User:01m0wgxs2bc8ygnrkg904zbdqt","request_id":"3e71638d-a831-4a9e-8729-caa529d27133"} 
[2026-08-25 18:59:32] testing.INFO: account.sessions_revoked {"audit_id":"01m0wgxs91tx44q3kz0z7ayd23","actor_id":"01m0wgxs8q0mrpfmc6f84bvhrh","target":"User:01m0wgxs8q0mrpfmc6f84bvhrh","request_id":"4d332f7c-a733-4048-bdbd-2c920362785d"} 
[2026-08-25 18:59:32] testing.INFO: settings.updated {"audit_id":"01m0wgxscndkes7gydwy4r0b64","actor_id":"01m0wgxsc4mnh0drce7dee7rf2","target":":","request_id":"e9ecce53-1858-4c6f-986a-8a27667c2f4d"} 
[2026-08-25 18:59:32] testing.INFO: settings.updated {"audit_id":"01m0wgxskq6z6kn58kkyzcak0m","actor_id":"01m0wgxskd3t0x5khw4z9hnm50","target":":","request_id":"dd278f4d-2cd8-4769-947f-094a16cafcbb"} 
[2026-08-25 18:59:33] testing.INFO: role.updated {"audit_id":"01m0wgxst5p2zepn124nts6rk4","actor_id":"01m0wgxssvjbdyhsm3czm7gnzc","target":"Role:01m0wgxsrfhfxbhscmsw7thnd6","request_id":"984b61da-49d2-4b35-8c50-1e4c9fa9dd81"} 
[2026-08-25 18:59:33] testing.INFO: settings.payment_method_qr_updated {"audit_id":"01m0wgxsxs723yfp0pmtqmzb2h","actor_id":"01m0wgxsx4tzhp4gkpttnwy5jn","target":"PaymentMethod:01m0wgxsx0w8s2b1z7z6t44csc","request_id":"13b10fc3-0881-4ef4-a268-d14a58ea9e5f"} 
[2026-08-25 18:59:33] testing.INFO: settings.payment_method_qr_removed {"audit_id":"01m0wgxsy0tmm44h93zhc3ajcq","actor_id":"01m0wgxsx4tzhp4gkpttnwy5jn","target":"PaymentMethod:01m0wgxsx0w8s2b1z7z6t44csc","request_id":"a9770d42-19d7-4539-a4e5-5ac8dd82c054"} 
[2026-08-25 18:59:33] testing.INFO: settings.payment_method_qr_updated {"audit_id":"01m0wgxt2tzhfv1zrfbea469vn","actor_id":"01m0wgxt220cfetce06rmqvhb1","target":"PaymentMethod:01m0wgxt1w2f0tcx9kd0qdrwc6","request_id":"c7b30b35-a6fb-4636-9bd4-ad82f30f848f"} 
[2026-08-25 18:59:33] testing.INFO: settings.updated {"audit_id":"01m0wgxt6np5hvkw80t5gj2fsn","actor_id":"01m0wgxt6an5vrrvgn5pp45h87","target":":","request_id":"1bf19785-d736-4d5b-bf65-06f99547970a"} 
[2026-08-25 18:59:33] testing.INFO: faq.created {"audit_id":"01m0wgxtaezjgk0wsntzhrr1jd","actor_id":"01m0wgxta3pz99sy4pc6vefhxd","target":"Faq:01m0wgxtad4346c9sw4hqz5ss1","request_id":"91024e82-8d0a-4adf-9b9e-0d2736a0628f"} 
[2026-08-25 18:59:33] testing.INFO: faq.updated {"audit_id":"01m0wgxtaptxkqc3k6v7jqvma0","actor_id":"01m0wgxta3pz99sy4pc6vefhxd","target":"Faq:01m0wgxtad4346c9sw4hqz5ss1","request_id":"246b32f2-db67-4e73-9c60-c09484969331"} 
[2026-08-25 18:59:33] testing.INFO: faq.deleted {"audit_id":"01m0wgxtaz2ts9dkndnyw37dc9","actor_id":"01m0wgxta3pz99sy4pc6vefhxd","target":"Faq:01m0wgxtad4346c9sw4hqz5ss1","request_id":"1c93ebdb-cb58-44fc-ac5f-b1220a078d1c"} 
[2026-08-25 18:59:34] testing.INFO: attempt.started {"audit_id":"01m0wgxtn4ygkgrkdy3fvxg8m5","actor_id":"01m0wgxtmkgpm43xk64b0erk4h","target":"TestAttempt:01m0wgxtn3g6w7aa6fjjnq0w59","request_id":"6187b6bb-e823-437c-9136-e7a2c847f46f"} 
[2026-08-25 18:59:34] testing.INFO: attempt.started {"audit_id":"01m0wgxtvxjjj01q94yq3812ht","actor_id":"01m0wgxtvfmfbz4fx4z4z6qxz2","target":"TestAttempt:01m0wgxtvwkyewkbffeyt5v716","request_id":"d26082df-35a1-44b2-a1d6-d7a465de9971"} 
[2026-08-25 18:59:34] testing.INFO: attempt.started {"audit_id":"01m0wgxtw5knj31yb4ykw7nj9r","actor_id":"01m0wgxtvfmfbz4fx4z4z6qxz2","target":"TestAttempt:01m0wgxtvwkyewkbffeyt5v716","request_id":"60b9cda1-aeb4-4660-b63c-97703ac04034"} 
[2026-08-25 18:59:34] testing.INFO: attempt.started {"audit_id":"01m0wgxtzexqxh8ca6p9pyh2n1","actor_id":"01m0wgxtz2mymkd8np4sme83c9","target":"TestAttempt:01m0wgxtzdrqw7vj4zvxvmmymz","request_id":"2d46cf86-dfb0-46ab-8bb4-159528774633"} 
[2026-08-25 18:59:34] testing.INFO: attempt.started {"audit_id":"01m0wgxv3edwg7t77r5k2xweb7","actor_id":"01m0wgxv31tr1afmrtygddrme7","target":"TestAttempt:01m0wgxv3drf7nfs1yzw821hhg","request_id":"79e4f163-367c-4dda-a6bd-14b83fad177b"} 
[2026-08-25 18:59:34] testing.INFO: attempt.submitted {"audit_id":"01m0wgxv3ygwggej5c7tt7j08y","actor_id":"01m0wgxv31tr1afmrtygddrme7","target":"TestAttempt:01m0wgxv3drf7nfs1yzw821hhg","request_id":"03eef824-6094-4bc2-9b40-de82299f80af"} 
[2026-08-25 18:59:34] testing.INFO: attendance.imported {"audit_id":"01m0wgxvbdm4msfh6jzqabk51s","actor_id":"01m0wgxvagj5p4h1er1fcrbj5a","target":"ClassSession:01m0wgxvaqk0n0actgqxbw5k3a","request_id":"96a3168e-5c2f-4f00-9f0e-a2a86490e1b9"} 
[2026-08-25 18:59:34] testing.INFO: auth.registered {"audit_id":"01m0wgxvevb23wg11ynfvserr3","actor_id":"01m0wgxvese6b1d5kpbwjv968h","target":"User:01m0wgxvese6b1d5kpbwjv968h","request_id":"e03e152d-f09a-4e41-a3e9-4220f3f4a0b2"} 
[2026-08-25 18:59:35] testing.INFO: auth.logged_in {"audit_id":"01m0wgxvnz23faam43fnytvdx5","actor_id":"01m0wgxvnqr4ymmnhqcmdqhd7t","target":"User:01m0wgxvnqr4ymmnhqcmdqhd7t","request_id":"de971778-5e45-46d5-9cea-743a7e032ceb"} 
[2026-08-25 18:59:35] testing.INFO: auth.logged_out {"audit_id":"01m0wgxvp6gy0z52146sbf9d3y","actor_id":"01m0wgxvnqr4ymmnhqcmdqhd7t","target":"User:01m0wgxvnqr4ymmnhqcmdqhd7t","request_id":"50ac4ea1-6ae4-4743-aa57-a417477de4f7"} 
[2026-08-25 18:59:35] testing.INFO: auth.logged_in {"audit_id":"01m0wgxvpb4byt142xhrdrdmt2","actor_id":"01m0wgxvnqr4ymmnhqcmdqhd7t","target":"User:01m0wgxvnqr4ymmnhqcmdqhd7t","request_id":"bc797e88-e62c-46d3-9ed7-3bcf45bc06ec"} 
[2026-08-25 18:59:35] testing.INFO: auth.account_locked {"audit_id":"01m0wgxvx3e3782h7g7bm5a8gd","actor_id":"01m0wgxvwc71f157n2kf030fzs","target":"User:01m0wgxvwc71f157n2kf030fzs","request_id":"f7f682d2-4efb-47a4-b0ab-c1d0bf53384f"} 
[2026-08-25 18:59:35] testing.INFO: auth.password_changed {"audit_id":"01m0wgxw0mdfv425wq144mk2pr","actor_id":"01m0wgxw060m9wjngw652nsryg","target":"User:01m0wgxw060m9wjngw652nsryg","request_id":"d2ffd7f6-8a1c-445f-b454-d5302c57cd4d"} 
[2026-08-25 18:59:35] testing.INFO: account.profile_updated {"audit_id":"01m0wgxw3s0gw4hkbg9gqz14ew","actor_id":"01m0wgxw3jwyd81b0zcq8r5v41","target":"User:01m0wgxw3jwyd81b0zcq8r5v41","request_id":"0506504f-eca7-40d7-9450-fe3fe1d9d0ab"} 
[2026-08-25 18:59:35] testing.INFO: course.updated {"audit_id":"01m0wgxwafbddgvs2wvtvh2zxd","actor_id":"01m0wgxw9zcmgzpytax7e9k24m","target":"Course:01m0wgxwa16cc1yezb6c2b31qx","request_id":"f1ea2012-6a93-419a-b49e-72ee5ec17465"} 
[2026-08-25 18:59:35] testing.INFO: course.updated {"audit_id":"01m0wgxwdytexv38v8a7ep2cwv","actor_id":"01m0wgxwdkzswe53dhsf2rzs4n","target":"Course:01m0wgxwdmp7j85eeyn50ze3mg","request_id":"79d478d4-bc63-43d0-9ac0-4c8d0f9d7f60"} 
[2026-08-25 18:59:35] testing.INFO: course.thumbnail_updated {"audit_id":"01m0wgxwhswk98key5626z65gb","actor_id":"01m0wgxwh4sf97n0f39h9kgy0e","target":"Course:01m0wgxwh6cgyzk4kc2tw68m3c","request_id":"6612dca5-f513-4f63-899d-66cc60e9d058"} 
[2026-08-25 18:59:35] testing.INFO: course.thumbnail_updated {"audit_id":"01m0wgxwj923np7byhp9ndw483","actor_id":"01m0wgxwh4sf97n0f39h9kgy0e","target":"Course:01m0wgxwh6cgyzk4kc2tw68m3c","request_id":"b479241d-7fc9-48cc-b25c-371ff35e9b08"} 
[2026-08-25 18:59:36] testing.INFO: course.thumbnail_updated {"audit_id":"01m0wgxwnw51x272tgnmhj95wy","actor_id":"01m0wgxwnbp3x1yp54yknsbpwz","target":"Course:01m0wgxwndf3hbg2t7mspfw5x6","request_id":"977074db-5a85-4001-9495-a9ddf3bf9425"} 
[2026-08-25 18:59:36] testing.INFO: course.thumbnail_removed {"audit_id":"01m0wgxwp5pvnyd9wazct0b3sg","actor_id":"01m0wgxwnbp3x1yp54yknsbpwz","target":"Course:01m0wgxwndf3hbg2t7mspfw5x6","request_id":"f4f70157-9527-4563-90de-d4698001ce93"} 
[2026-08-25 18:59:36] testing.INFO: course.thumbnail_updated {"audit_id":"01m0wgxwspdkj8hddz7e3cketv","actor_id":"01m0wgxws5rdzgb6rj034gbbdn","target":"Course:01m0wgxws70zydr8y88hchmrem","request_id":"a1488219-f1a5-4f9e-8fff-ddb596d3bd0e"} 
[2026-08-25 18:59:36] testing.INFO: payment.approved {"audit_id":"01m0wgxxc3hc16fe8qme8pm2hb","actor_id":"01m0wgxx3wzrp57rvytfsasm3h","target":"Payment:01m0wgxx41ktd8qzykhnwv6q34","request_id":"ebcc7822-757b-453d-a4bb-dd87661c873f"} 
[2026-08-25 18:59:37] testing.INFO: auth.logged_in {"audit_id":"01m0wgxxkb59t01abzgwtb22jz","actor_id":"01m0wgxxk1qb76kz4n7smg9hms","target":"User:01m0wgxxk1qb76kz4n7smg9hms","request_id":"4399690e-2c62-429c-9e7a-6f878773bec7"} 
[2026-08-25 18:59:37] testing.INFO: auth.logged_out {"audit_id":"01m0wgxxkh9rvagaa6q2rvqe5s","actor_id":"01m0wgxxk1qb76kz4n7smg9hms","target":"User:01m0wgxxk1qb76kz4n7smg9hms","request_id":"9f096ffd-7f48-41be-963a-8c156cae465c"} 
[2026-08-25 18:59:37] testing.INFO: auth.logged_in {"audit_id":"01m0wgxxkqr6dp99fgb8eyzy49","actor_id":"01m0wgxxk1qb76kz4n7smg9hms","target":"User:01m0wgxxk1qb76kz4n7smg9hms","request_id":"0f85f2cf-8d6e-47ec-97e2-d066122014ec"} 
[2026-08-25 18:59:37] testing.INFO: auth.logged_in {"audit_id":"01m0wgxxq365phpad98e9vp5kw","actor_id":"01m0wgxxpv9khcqqq4xqbhc7sh","target":"User:01m0wgxxpv9khcqqq4xqbhc7sh","request_id":"a4f0f72f-cb64-4e56-830b-4cdf1dc1d59d"} 
[2026-08-25 18:59:37] testing.INFO: user.devices_reset {"audit_id":"01m0wgxxtm34gx3wemdwfftytn","actor_id":"01m0wgxxt47zdstbp53etq11gk","target":"User:01m0wgxxt7fabdc1tych671q3r","request_id":"33642e86-48ea-40da-9349-23c270bc9e0c"} 
[2026-08-25 18:59:37] testing.INFO: settings.updated {"audit_id":"01m0wgxy6s06vtb8m2q4ga6a6n","actor_id":"01m0wgxy6g18ff73f5vnerc670","target":":","request_id":"2ba6e280-7b62-4930-82f5-78efb528bc1a"} 
[2026-08-25 18:59:37] testing.INFO: settings.updated {"audit_id":"01m0wgxyabktf9j8j9hxz2mj4n","actor_id":"01m0wgxya2rqvsj0emey244b28","target":":","request_id":"51ff8cae-fab7-49af-8ffe-36f84ffa8942"} 
[2026-08-25 18:59:37] testing.INFO: settings.updated {"audit_id":"01m0wgxyamj0bpb69egyavwq1p","actor_id":"01m0wgxya2rqvsj0emey244b28","target":":","request_id":"4de2671b-21d0-4361-b6aa-102d5b4e33ca"} 
[2026-08-25 18:59:37] testing.INFO: settings.institution_logo_updated {"audit_id":"01m0wgxyhcv72kkswr1289pdpb","actor_id":"01m0wgxygy8mf671jcympegtge","target":":","request_id":"55fd6bba-fb64-4c30-8e8e-61e8cc5c1751"} 
[2026-08-25 18:59:38] testing.INFO: settings.institution_logo_updated {"audit_id":"01m0wgxyhvg4v3jgz1wxtp62x4","actor_id":"01m0wgxygy8mf671jcympegtge","target":":","request_id":"9632409b-58c1-48bd-aa35-96af168b483f"} 
[2026-08-25 18:59:38] testing.INFO: settings.institution_logo_removed {"audit_id":"01m0wgxyj21jcfbr1cb6nba2hv","actor_id":"01m0wgxygy8mf671jcympegtge","target":":","request_id":"80fbbcbe-ee2a-483c-83c6-dfb25018fd9c"} 
[2026-08-25 18:59:38] testing.INFO: settings.institution_favicon_updated {"audit_id":"01m0wgxynezpymhn1m7ajgpgff","actor_id":"01m0wgxyn2ggb6q2vbzc0anesh","target":":","request_id":"39bf3dd5-830e-4fe4-ba73-3ea50a40df65"} 
[2026-08-25 18:59:38] testing.INFO: settings.updated {"audit_id":"01m0wgxyrzrw862ngwpx1ch3cn","actor_id":"01m0wgxyrpdaxa56xpgkgc31br","target":":","request_id":"f037ab0e-9ed6-4c7c-bf28-01418cb3a1d2"} 
[2026-08-25 18:59:38] testing.INFO: settings.institution_logo_updated {"audit_id":"01m0wgxywrx8cyc3z4m60d4d00","actor_id":"01m0wgxyw8kg9ggc4egx0hxq5k","target":":","request_id":"f9bd4e5a-0ac9-4d2a-a63d-6cbf4e3fa925"} 
[2026-08-25 18:59:38] testing.INFO: auth.logged_in {"audit_id":"01m0wgxz9xmr8dkh8t3y6neehq","actor_id":"01m0wgxz9j4ycjdfc2babn98dr","target":"User:01m0wgxz9j4ycjdfc2babn98dr","request_id":"73856bd0-fa53-4a8b-b100-f27f17604814"} 
[2026-08-25 18:59:39] testing.INFO: auth.login_blocked_suspended {"audit_id":"01m0wgxzh6pezmy4a9kyveqpm7","actor_id":"01m0wgxzgzdd7qvhcqbycv8rwy","target":"User:01m0wgxzgzdd7qvhcqbycv8rwy","request_id":"40c383bf-b8c0-4a4a-85cf-bd494b65f067"} 
[2026-08-25 18:59:39] testing.INFO: auth.logged_out {"audit_id":"01m0wgxzqe4j7b880wv07bvfa3","actor_id":"01m0wgxzq7hexcd4kbgbnm4htd","target":"User:01m0wgxzq7hexcd4kbgbnm4htd","request_id":"9b469374-144a-44ee-952c-4df591791ed6"} 
[2026-08-25 18:59:39] testing.INFO: auth.logged_in {"audit_id":"01m0wgxztngwkj4mdvr7a1h6ex","actor_id":"01m0wgxztc1k485kf7ezwqt6a0","target":"User:01m0wgxztc1k485kf7ezwqt6a0","request_id":"7f6459e1-389e-41de-8f54-5b96a0f7cf99"} 
[2026-08-25 18:59:39] testing.INFO: payment.approved {"audit_id":"01m0wgy04psch3w7pgrnap73ae","actor_id":"01m0wgxzyq02nt5n148da77r8p","target":"Payment:01m0wgxzysnrpkrrcwrje2nk9v","request_id":"42c6bb8b-bdfb-424d-b643-1137a658cbce"} 
[2026-08-25 18:59:39] testing.INFO: payment.approved {"audit_id":"01m0wgy0ej1p8dtvyhh3gtp51t","actor_id":"01m0wgy07ybmmjp64pm50x9cep","target":"Payment:01m0wgy080s57dz366g3g5fygp","request_id":"2a2f9300-b453-4af9-bb7d-fe7928a2b961"} 
[2026-08-25 18:59:40] testing.INFO: payment.approved {"audit_id":"01m0wgy0vbwbfjfqafndghr0tq","actor_id":"01m0wgy0nj7j6je4ds3s03ja9z","target":"Payment:01m0wgy0nmy5fw8sr3qe7q6xdt","request_id":"f3dfc7af-9537-475a-95c0-bb9e56afe86b"} 
[2026-08-25 18:59:40] testing.INFO: payment.rejected {"audit_id":"01m0wgy0yxe2b4mrv7c9bdmq6y","actor_id":"01m0wgy0yfm855bx9ffk50kb6r","target":"Payment:01m0wgy0ygcp0d44b06r6j760w","request_id":"2cb601e3-c6f2-43a9-9474-3e5fa017cda0"} 
[2026-08-25 18:59:40] testing.INFO: refund.recorded {"audit_id":"01m0wgy1922vx6pw9m87b0exwb","actor_id":"01m0wgy18he88nqgak6y9xhgts","target":"Refund:01m0wgy191147x6dz5631fn2v4","request_id":"fed39333-eea9-4e36-97ca-0842646e54bb"} 
[2026-08-25 18:59:40] testing.INFO: refund.processed {"audit_id":"01m0wgy19j3tkqhar9syp3a70h","actor_id":"01m0wgy18kjbtc99aqs1m42y2m","target":"Refund:01m0wgy191147x6dz5631fn2v4","request_id":"854f09a4-342a-4ef6-84ea-006e03a18a15"} 
[2026-08-25 18:59:42] testing.INFO: user.suspend {"audit_id":"01m0wgy2s71awq8b6w53zcm60s","actor_id":"01m0wgy2reavr6khx9m01yqxps","target":"User:01m0wgy2rjqe38wv2jwynss2vc","request_id":"a4f430b0-bad6-4579-9e8e-91d6821ad87d"} 
[2026-08-25 18:59:42] testing.INFO: user.archived {"audit_id":"01m0wgy2xckzwzky92a36pkvv4","actor_id":"01m0wgy2wd4wqhspexa6en3bjy","target":"User:01m0wgy2wkc2tpdft1yxwpz2hg","request_id":"f99e13cb-a562-4812-af45-eb97adba44ec"} 
[2026-08-25 18:59:42] testing.INFO: user.archived {"audit_id":"01m0wgy30yedngjve38qx96va2","actor_id":"01m0wgy30p29dtyg9216v8dr8s","target":"User:01m0wgy30b6q3zhkt0v3jkynzr","request_id":"ed43b903-1bfb-43ed-96d7-ec072f1bb999"} 
[2026-08-25 18:59:42] testing.INFO: user.updated {"audit_id":"01m0wgy35c7vfpfm21s0yr38cv","actor_id":"01m0wgy34ry0g5ynrcafygys08","target":"User:01m0wgy34w0yv9w9xh0y07dya9","request_id":"2e135275-5254-4ba9-9e11-be928b251602"} 
[2026-08-25 18:59:43] testing.INFO: test.published {"audit_id":"01m0wgy3n4wdj526qe62jr58m3","actor_id":"01m0wgy3m9ha4pd5f7410z4tkr","target":"Test:01m0wgy3mdb6rfr22ff8bdcpes","request_id":"b6447cf0-0129-4f12-af0a-c54227242efd"} 
[2026-08-25 18:59:43] testing.INFO: course.thumbnail_updated {"audit_id":"01m0wgy3w9t3f426pa28563md8","actor_id":"01m0wgy3vny4dg0enn98dem2aw","target":"Course:01m0wgy3vqfrjdymc83nzcs43e","request_id":"ba232005-38fd-4237-b5ca-8d0bdec06a0a"} 
[2026-08-25 18:59:43] testing.INFO: course.updated {"audit_id":"01m0wgy4021ph2796bt7bsw8q1","actor_id":"01m0wgy3zcxbsgkr19qsvkzjhr","target":"Course:01m0wgy3zd6vjsn9d817vs063h","request_id":"012a06bb-dd28-4cb9-b377-60571e13670c"} 
[2026-08-25 18:59:43] testing.INFO: settings.payment_method_qr_updated {"audit_id":"01m0wgy43jqar4dhk5pdwbkdh0","actor_id":"01m0wgy436ptr0qpqnevghhybr","target":"PaymentMethod:01m0wgy4328c37q0sp8v2nf0vc","request_id":"4dbaee28-6574-4cf9-a9cc-47c614022ac8"} 
[2026-08-25 18:59:43] testing.INFO: settings.institution_logo_updated {"audit_id":"01m0wgy46y0hmmq13paajecpv9","actor_id":"01m0wgy46gwy961vq1cwgwzhh6","target":":","request_id":"a1b7040b-8da7-4adc-9173-436ecc728d2d"} 
[2026-08-25 18:59:45] testing.INFO: payment.submitted {"audit_id":"01m0wgy5mkf03xsjk8dw8dr16g","actor_id":"01m0wgy5kw77bsmektss0m1ps6","target":"Payment:01m0wgy5mj16q61ncr2b87rvee","request_id":"6b9b146b-103f-4b21-bcb3-a04d87a4a08f"} 
[2026-08-25 18:59:45] testing.INFO: payment.approved_at_capture {"audit_id":"01m0wgy5ta2s3f2b9typzhea1p","actor_id":"01m0wgy5kw77bsmektss0m1ps6","target":"Payment:01m0wgy5mj16q61ncr2b87rvee","request_id":"6b9b146b-103f-4b21-bcb3-a04d87a4a08f"} 
[2026-08-25 18:59:45] testing.INFO: payment.submitted {"audit_id":"01m0wgy5ycqbdy2pfghn0gahkp","actor_id":"01m0wgy5xm9g4cvwvqp6nxvwbm","target":"Payment:01m0wgy5yaffdvk7r6nyf3pm8b","request_id":"1efbc513-c11e-4612-ad46-8b363cd321e7"} 
[2026-08-25 18:59:45] testing.INFO: payment.approved {"audit_id":"01m0wgy64ka87d5j518mm0mgxj","actor_id":"01m0wgy5xp1sdzgesqap3w561f","target":"Payment:01m0wgy5yaffdvk7r6nyf3pm8b","request_id":"64e328de-8a14-46eb-aa65-10261bc2e65c"} 
[2026-08-25 18:59:45] testing.INFO: payment.submitted {"audit_id":"01m0wgy68stcgwb7tqa4rfnzaq","actor_id":"01m0wgy681eqv8cs6ksbh58smf","target":"Payment:01m0wgy68qx6hwbxbd43qh3edf","request_id":"0f8cfc53-6155-46d1-9dfd-8b015ad1da20"} 
[2026-08-25 18:59:46] testing.INFO: payment.approved_at_capture {"audit_id":"01m0wgy6ent3vx3ej4cakw7qvn","actor_id":"01m0wgy681eqv8cs6ksbh58smf","target":"Payment:01m0wgy68qx6hwbxbd43qh3edf","request_id":"0f8cfc53-6155-46d1-9dfd-8b015ad1da20"} 
[2026-08-25 18:59:46] testing.INFO: payment.submitted {"audit_id":"01m0wgy6fens7whzvptt7c6wm4","actor_id":"01m0wgy681eqv8cs6ksbh58smf","target":"Payment:01m0wgy6fc5teh87k3ggt15x3e","request_id":"75607135-a293-4fcd-8597-42b597f1f550"} 
[2026-08-25 18:59:46] testing.INFO: payment.approved {"audit_id":"01m0wgy6nf9n071javg9tc5yyp","actor_id":"01m0wgy6829cqqet5w03xnh16a","target":"Payment:01m0wgy6fc5teh87k3ggt15x3e","request_id":"537a834e-7081-4d50-adf0-b8ecf3914f9e"} 
[2026-08-25 18:59:46] testing.INFO: course.created {"audit_id":"01m0wgy6s83hahp23rrby9h47v","actor_id":"01m0wgy6rrz1z8wgxjg12q97th","target":"Course:01m0wgy6s7d8g63tc4tkbmw62t","request_id":"8eb566d9-3b13-4fe8-b9de-ebc180cb381e"} 
[2026-08-25 18:59:46] testing.INFO: category.created {"audit_id":"01m0wgy6wmcrym8yprx2xnhnfc","actor_id":"01m0wgy6w9t2jep339hv72p5ea","target":"Category:01m0wgy6wkyyjzfxjwe52qhkn5","request_id":"54ba75c0-92ce-437d-9418-a829580e23cb"} 
[2026-08-25 18:59:46] testing.INFO: syllabus.updated {"audit_id":"01m0wgy6zy38eh49mm58fkmrs5","actor_id":"01m0wgy6zjsn2krwsts22zek1g","target":"Course:01m0wgy6zm3kgm7g70867wsh3z","request_id":"c96be2f4-c58c-4a85-bf98-d4de414eda9e"} 
[2026-08-25 18:59:46] testing.INFO: export.generated {"audit_id":"01m0wgy73rcwfpczb2aksta305","actor_id":"01m0wgy73arxaq58n5tx7vrz7r","target":":","request_id":"b74ebe38-ae76-47b5-ba62-c8440dab4d5e"} 
[2026-08-25 18:59:47] testing.INFO: payment.proof_viewed {"audit_id":"01m0wgy7veeeknfr7evwjkxbm6","actor_id":"01m0wgy7v0pskm4jameq7d0q2p","target":"Payment:01m0wgy7v70j0ghfz5cd9xsj0g","request_id":"4256015e-a6f0-4424-b9d2-c9aa02ea79bc"} 
[2026-08-25 18:59:48] testing.INFO: payment.approved {"audit_id":"01m0wgy8c1q9vmz6tx6kq4dhs1","actor_id":"01m0wgy8624rqz2hhfb63yna78","target":"Payment:01m0wgy865gwj94z3hv8vjs30q","request_id":"712a6160-ee98-4b6a-9f98-4757f145e4eb"} 
[2026-08-25 18:59:48] testing.INFO: recording.deleted {"audit_id":"01m0wgy95zzbfkqha2tm3e2bnz","actor_id":"01m0wgy95gphetjsjzfj0kmx70","target":"Recording:01m0wgy95jjz4e9pv6yzpy248z","request_id":"d7b446a2-b633-4dc0-a9bd-f541fc102d5f"} 
[2026-08-25 18:59:49] testing.INFO: recording.resynced {"audit_id":"01m0wgy99h85y31tbxfwe6y5pr","actor_id":"01m0wgy9939g7tnva9zjag3d79","target":"Recording:01m0wgy995x0c6h2mgn9kb5j2t","request_id":"0761ebb1-17b3-4e49-a474-682bb03cd7f5"} 
[2026-08-25 19:01:07] testing.INFO: account.password_changed {"audit_id":"01m0wh0nktr7xznehv3b3kc9z9","actor_id":"01m0wh0njmet6zpk0aw18m29mp","target":"User:01m0wh0njmet6zpk0aw18m29mp","request_id":"f0bee451-15e2-4c79-9c56-3a5e8309942d"} 
[2026-08-25 19:01:07] testing.INFO: account.password_changed {"audit_id":"01m0wh0nr29gqz4j140x9ejerj","actor_id":"01m0wh0nqpzm2122x5eeg5b9mg","target":"User:01m0wh0nqpzm2122x5eeg5b9mg","request_id":"d62d84e1-d2e6-46b4-a0d1-a90bd4c85cb0"} 
[2026-08-25 19:01:07] testing.INFO: account.two_factor_enabled {"audit_id":"01m0wh0nvnbdjsnw9hqwxc0v6z","actor_id":"01m0wh0nv8g9bc9vxvvnzeabpe","target":"User:01m0wh0nv8g9bc9vxvvnzeabpe","request_id":"449b32b9-99f6-4c16-afb5-4892d0033e2f"} 
[2026-08-25 19:01:07] testing.INFO: account.sessions_revoked {"audit_id":"01m0wh0p1vds7qaa7bz3rneynt","actor_id":"01m0wh0p1hy80yx2e415nakt4q","target":"User:01m0wh0p1hy80yx2e415nakt4q","request_id":"60f6362a-39b1-4dd4-8f28-3eabee74d756"} 
[2026-08-25 19:01:07] testing.INFO: settings.updated {"audit_id":"01m0wh0p5cczd5tktfn8nrg4c4","actor_id":"01m0wh0p4w3bgwsve2mxccjcw2","target":":","request_id":"4011141c-9fb9-4da9-8683-2b320e847d52"} 
[2026-08-25 19:01:07] testing.INFO: settings.updated {"audit_id":"01m0wh0pdwe4kjwgw12mrdrk3v","actor_id":"01m0wh0pd5s9sqezcy6dbw1k7d","target":":","request_id":"a8074425-e0ad-43cc-a953-9ab2868ff116"} 
[2026-08-25 19:01:08] testing.INFO: role.updated {"audit_id":"01m0wh0pm9b2pw86tn0vtxmp4h","actor_id":"01m0wh0pkzaz1q42nz7dqfec2w","target":"Role:01m0wh0pjkr5nwer2as9fqjxh1","request_id":"875568fc-cd1e-4452-974c-da8e89535899"} 
[2026-08-25 19:01:08] testing.INFO: settings.payment_method_qr_updated {"audit_id":"01m0wh0pqyfqj9bsey1y023tyj","actor_id":"01m0wh0pq99k3jtvnf858yfre0","target":"PaymentMethod:01m0wh0pq4svecp0hgv6hznn18","request_id":"7be217e8-d016-4584-a6ce-b3e60b45e6ea"} 
[2026-08-25 19:01:08] testing.INFO: settings.payment_method_qr_removed {"audit_id":"01m0wh0pr59w3gagtg7fdct2q3","actor_id":"01m0wh0pq99k3jtvnf858yfre0","target":"PaymentMethod:01m0wh0pq4svecp0hgv6hznn18","request_id":"2e9420a3-e32a-4556-baf3-f8d68bfa35e5"} 
[2026-08-25 19:01:08] testing.INFO: settings.payment_method_qr_updated {"audit_id":"01m0wh0pvt3dw77ty46vchccsm","actor_id":"01m0wh0pv929j2tdtdbvw00npy","target":"PaymentMethod:01m0wh0pv4hr3wd3mzdf6v1hfb","request_id":"6a2ed27d-ed1c-4295-8061-9620da3b2a25"} 
[2026-08-25 19:01:08] testing.INFO: settings.updated {"audit_id":"01m0wh0pz37m3tcz07wpdzj8yf","actor_id":"01m0wh0pys0fp1nepccpt6gdf2","target":":","request_id":"23b2672f-38f0-4c4f-ad20-e63b9cb87d0d"} 
[2026-08-25 19:01:08] testing.INFO: faq.created {"audit_id":"01m0wh0q3z6qcy1repgddqmtpg","actor_id":"01m0wh0q3mmy0g6yqrnyvhz8md","target":"Faq:01m0wh0q3yby83hc7pd2emrc7j","request_id":"2bc04650-ba3e-451b-ab55-16164f38142a"} 
[2026-08-25 19:01:08] testing.INFO: faq.updated {"audit_id":"01m0wh0q47rxhn64b9p6w464kt","actor_id":"01m0wh0q3mmy0g6yqrnyvhz8md","target":"Faq:01m0wh0q3yby83hc7pd2emrc7j","request_id":"e3275956-d6e6-45ed-884a-d5897d331a91"} 
[2026-08-25 19:01:08] testing.INFO: faq.deleted {"audit_id":"01m0wh0q4gwr6qrbgw48eapwj1","actor_id":"01m0wh0q3mmy0g6yqrnyvhz8md","target":"Faq:01m0wh0q3yby83hc7pd2emrc7j","request_id":"b7f297b9-ad84-4266-b7ea-b390c7dcdfba"} 
[2026-08-25 19:01:09] testing.INFO: attempt.started {"audit_id":"01m0wh0qea1rf71483fvdw3pn2","actor_id":"01m0wh0qdvhy23kavkqkfny47x","target":"TestAttempt:01m0wh0qe9kvd21esmsenrg1jd","request_id":"251b2a57-0ba7-4741-a878-7254f5533a0b"} 
[2026-08-25 19:01:09] testing.INFO: attempt.started {"audit_id":"01m0wh0qnc26kwfed53e83x1zb","actor_id":"01m0wh0qn06446qr7yr9fxm67z","target":"TestAttempt:01m0wh0qnbvys363jdbe5b6hq1","request_id":"3c4fe0e0-0a9f-49eb-8dfb-8135e669e24f"} 
[2026-08-25 19:01:09] testing.INFO: attempt.started {"audit_id":"01m0wh0qnmf2tdb0hkxz2vxpqa","actor_id":"01m0wh0qn06446qr7yr9fxm67z","target":"TestAttempt:01m0wh0qnbvys363jdbe5b6hq1","request_id":"0936133d-e5f0-42e0-80ab-8467fe9f735a"} 
[2026-08-25 19:01:09] testing.INFO: attempt.started {"audit_id":"01m0wh0qrzpkh8w8vqv0kwfrdk","actor_id":"01m0wh0qrk8n8q4zt7jpt3gkd6","target":"TestAttempt:01m0wh0qryet9ba4brst1xspes","request_id":"7f12c798-9649-461f-b4cf-d7fac696e5e9"} 
[2026-08-25 19:01:09] testing.INFO: attempt.started {"audit_id":"01m0wh0qwxffgc129n4f0wrwx4","actor_id":"01m0wh0qwgsv1xyyjxhj1jgyxb","target":"TestAttempt:01m0wh0qww15s8bwp66b2japa4","request_id":"ad11e0c8-7e18-4d9d-93ed-28b9a7870c08"} 
[2026-08-25 19:01:09] testing.INFO: attempt.submitted {"audit_id":"01m0wh0qxb1wfy8905bg497ss5","actor_id":"01m0wh0qwgsv1xyyjxhj1jgyxb","target":"TestAttempt:01m0wh0qww15s8bwp66b2japa4","request_id":"802848de-f628-4900-9943-00866528ebe1"} 
[2026-08-25 19:01:09] testing.INFO: attendance.imported {"audit_id":"01m0wh0r4r024j4btpb968h7f4","actor_id":"01m0wh0r3vw8tr6d4exjqw6bc6","target":"ClassSession:01m0wh0r42nd0b2m4xxw82q0nk","request_id":"926c3589-5811-4f9a-867f-b6d601db3506"} 
[2026-08-25 19:01:09] testing.INFO: auth.registered {"audit_id":"01m0wh0r8as1jwny3eex7qsn0w","actor_id":"01m0wh0r89f6xzjhkyga76at3c","target":"User:01m0wh0r89f6xzjhkyga76at3c","request_id":"953025af-8419-4526-ab26-aa8507f1df93"} 
[2026-08-25 19:01:10] testing.INFO: auth.logged_in {"audit_id":"01m0wh0rf5vsh3r9b0cfzbec1m","actor_id":"01m0wh0rex5wb53k3tja0e1mw8","target":"User:01m0wh0rex5wb53k3tja0e1mw8","request_id":"ece84241-0a52-4f66-8392-0a0d90a111a3"} 
[2026-08-25 19:01:10] testing.INFO: auth.logged_out {"audit_id":"01m0wh0rfdd2ws52znzr3ygds7","actor_id":"01m0wh0rex5wb53k3tja0e1mw8","target":"User:01m0wh0rex5wb53k3tja0e1mw8","request_id":"9568bdef-6679-4d44-af4b-a236c99c7a8d"} 
[2026-08-25 19:01:10] testing.INFO: auth.logged_in {"audit_id":"01m0wh0rfhvhm6bnqrajx7h5vy","actor_id":"01m0wh0rex5wb53k3tja0e1mw8","target":"User:01m0wh0rex5wb53k3tja0e1mw8","request_id":"3d5cd374-55be-4610-a5de-83366511dba0"} 
[2026-08-25 19:01:10] testing.INFO: auth.account_locked {"audit_id":"01m0wh0rp31jd1wbp3x1y4why3","actor_id":"01m0wh0rnc1cr91t4s6epewrkb","target":"User:01m0wh0rnc1cr91t4s6epewrkb","request_id":"1ecaf25f-4427-478a-ac8b-4b90e986dbda"} 
[2026-08-25 19:01:10] testing.INFO: auth.password_changed {"audit_id":"01m0wh0rsg48p8yxnrgyaaqhm0","actor_id":"01m0wh0rs27dxccgsx2ps9g7mr","target":"User:01m0wh0rs27dxccgsx2ps9g7mr","request_id":"1d9722e6-ea4d-4e41-ace2-397b3300111c"} 
[2026-08-25 19:01:10] testing.INFO: account.profile_updated {"audit_id":"01m0wh0rwkzmjs5bq566db1pgs","actor_id":"01m0wh0rwc05g14gq84g4wzwbn","target":"User:01m0wh0rwc05g14gq84g4wzwbn","request_id":"36a0f3f4-2ecd-4721-bf9f-50654a0e613d"} 
[2026-08-25 19:01:10] testing.INFO: course.updated {"audit_id":"01m0wh0s3c2qeqcmm0dv9zhsq4","actor_id":"01m0wh0s2wvmrkmbpthk7p5nbg","target":"Course:01m0wh0s2x9zv7jc4gwj1tpjj6","request_id":"6e9a0fb7-7041-44d2-a771-f4887aa2d036"} 
[2026-08-25 19:01:10] testing.INFO: course.updated {"audit_id":"01m0wh0s6t0fpcndq9892s75w1","actor_id":"01m0wh0s6e8575pj7t6045m4g2","target":"Course:01m0wh0s6g25ftp736mmc4w7ac","request_id":"3051cf19-b249-41ed-9016-b41d5842c27f"} 
[2026-08-25 19:01:10] testing.INFO: course.thumbnail_updated {"audit_id":"01m0wh0sae969f7ss0qacb241s","actor_id":"01m0wh0s9v3gggrb1qt6fhmkwd","target":"Course:01m0wh0s9xphzw0gzbs4tga1ty","request_id":"ed045d9d-a998-47fc-a3cd-d2ed660aae8d"} 
[2026-08-25 19:01:10] testing.INFO: course.thumbnail_updated {"audit_id":"01m0wh0say7xfytjrmzm873vqa","actor_id":"01m0wh0s9v3gggrb1qt6fhmkwd","target":"Course:01m0wh0s9xphzw0gzbs4tga1ty","request_id":"f30815ce-0818-4933-bce5-99f726abd696"} 
[2026-08-25 19:01:11] testing.INFO: course.thumbnail_updated {"audit_id":"01m0wh0secmkaxajemvphjtq9z","actor_id":"01m0wh0sdvr9jexyykrkhjj008","target":"Course:01m0wh0sdw403ebt78xy4zby47","request_id":"265f3119-66d3-42b1-ac82-336b62fa6062"} 
[2026-08-25 19:01:11] testing.INFO: course.thumbnail_removed {"audit_id":"01m0wh0sendzdfz1923n6fzj33","actor_id":"01m0wh0sdvr9jexyykrkhjj008","target":"Course:01m0wh0sdw403ebt78xy4zby47","request_id":"02f3b0e6-d491-45f7-860c-24cc749ceeab"} 
[2026-08-25 19:01:11] testing.INFO: course.thumbnail_updated {"audit_id":"01m0wh0sj673m6wt8xv6nv2t2x","actor_id":"01m0wh0shnzs6sqac1zjqq1tr7","target":"Course:01m0wh0shqets3cw23p0tb7b9j","request_id":"956f9ef7-a9b5-4932-bf19-e4cc94ff1bb8"} 
[2026-08-25 19:01:11] testing.INFO: payment.approved {"audit_id":"01m0wh0t4gcg1nfgrb1tn486pz","actor_id":"01m0wh0sw9dfag16ngafj7zz4c","target":"Payment:01m0wh0sweq2enw7jyarc9qjw1","request_id":"ff0cf156-8aac-4f28-a567-922a945f413d"} 
[2026-08-25 19:01:12] testing.INFO: auth.logged_in {"audit_id":"01m0wh0tby30dc5b52x8njzf4a","actor_id":"01m0wh0tbmgk3esj6afv8z9hkm","target":"User:01m0wh0tbmgk3esj6afv8z9hkm","request_id":"8fda3cc1-3490-408b-a4f8-6754b6d9680a"} 
[2026-08-25 19:01:12] testing.INFO: auth.logged_out {"audit_id":"01m0wh0tc407xgmarta49kgc8y","actor_id":"01m0wh0tbmgk3esj6afv8z9hkm","target":"User:01m0wh0tbmgk3esj6afv8z9hkm","request_id":"0df82a70-f4ae-4017-8580-c0ceb427c8e6"} 
[2026-08-25 19:01:12] testing.INFO: auth.logged_in {"audit_id":"01m0wh0tca4sk4sas4a9dx73df","actor_id":"01m0wh0tbmgk3esj6afv8z9hkm","target":"User:01m0wh0tbmgk3esj6afv8z9hkm","request_id":"210c7ac2-f79e-46d7-91c6-6851c5de898d"} 
[2026-08-25 19:01:12] testing.INFO: auth.logged_in {"audit_id":"01m0wh0tfr06hjkes48q7ceah5","actor_id":"01m0wh0tfh83g6bzx98kcveejx","target":"User:01m0wh0tfh83g6bzx98kcveejx","request_id":"9af7fd32-b197-4b7c-8bdc-8a6f8b0eb96b"} 
[2026-08-25 19:01:12] testing.INFO: user.devices_reset {"audit_id":"01m0wh0tk8c2yg5n9y841qcctz","actor_id":"01m0wh0tjs7jhsyvc5b406efr0","target":"User:01m0wh0tjv8h738a664f1x4cn0","request_id":"ce46e534-cbd6-491a-a6b8-4b419092e465"} 
[2026-08-25 19:01:12] testing.INFO: settings.updated {"audit_id":"01m0wh0tzn30tyr84ynb4ta087","actor_id":"01m0wh0tzbqa13v80sdkt24pkf","target":":","request_id":"3843fa5a-d6f4-48a1-acc4-b6ae699b1e11"} 
[2026-08-25 19:01:12] testing.INFO: settings.updated {"audit_id":"01m0wh0v39epehd6qxq4nv2jzy","actor_id":"01m0wh0v2ynnpqr3ndry7ja4nt","target":":","request_id":"b47da736-1096-49cd-9542-a7adb0ed86d7"} 
[2026-08-25 19:01:12] testing.INFO: settings.updated {"audit_id":"01m0wh0v3hare82gp73k8f2dpa","actor_id":"01m0wh0v2ynnpqr3ndry7ja4nt","target":":","request_id":"d2f2e8eb-7d57-4d4c-ba8a-37594c965d24"} 
[2026-08-25 19:01:13] testing.INFO: settings.institution_logo_updated {"audit_id":"01m0wh0vab59sh15rgmpygz3pz","actor_id":"01m0wh0v9xdy3cj1zjr27eps4y","target":":","request_id":"a20cc08f-044e-4823-9bb5-4908bfcdacfc"} 
[2026-08-25 19:01:13] testing.INFO: settings.institution_logo_updated {"audit_id":"01m0wh0vatekskznerxtwde900","actor_id":"01m0wh0v9xdy3cj1zjr27eps4y","target":":","request_id":"0cfc4d74-60ec-4b15-87a7-fd69a551d4cb"} 
[2026-08-25 19:01:13] testing.INFO: settings.institution_logo_removed {"audit_id":"01m0wh0vb2j65c58deyg4gypwz","actor_id":"01m0wh0v9xdy3cj1zjr27eps4y","target":":","request_id":"415a3be7-16ba-47fe-ae3a-cdeb3be6b263"} 
[2026-08-25 19:01:13] testing.INFO: settings.institution_favicon_updated {"audit_id":"01m0wh0veh5b35p610qae33pe9","actor_id":"01m0wh0ve62xfh2ep2fdkxjqk6","target":":","request_id":"56c4acb7-3147-4d78-91e1-3c385974c5b8"} 
[2026-08-25 19:01:13] testing.INFO: settings.updated {"audit_id":"01m0wh0vj4pnsnah5h205vrvpj","actor_id":"01m0wh0vhvzm0zsfpeecjsjj5z","target":":","request_id":"8a9ccff4-5169-4750-84e8-aac5b643a2b5"} 
[2026-08-25 19:01:13] testing.INFO: settings.institution_logo_updated {"audit_id":"01m0wh0vp0we6y369z13x6y8pm","actor_id":"01m0wh0vngt08arz860tgp04zt","target":":","request_id":"6ecf8364-9f1e-4a70-b6ed-3143aa04da4d"} 
[2026-08-25 19:01:13] testing.INFO: auth.logged_in {"audit_id":"01m0wh0w2nt02mscac5a5b1eq1","actor_id":"01m0wh0w2dy30x841msjgyxmt6","target":"User:01m0wh0w2dy30x841msjgyxmt6","request_id":"8b7a8118-4cd8-40dc-884e-6ecf30eef8dd"} 
[2026-08-25 19:01:13] testing.INFO: auth.login_blocked_suspended {"audit_id":"01m0wh0w9b0zypcwt5mbb7s7xn","actor_id":"01m0wh0w9408bpvn2zvzfa8ncb","target":"User:01m0wh0w9408bpvn2zvzfa8ncb","request_id":"9445666f-8deb-42d2-92b8-da145931fb62"} 
[2026-08-25 19:01:14] testing.INFO: auth.logged_out {"audit_id":"01m0wh0wfs5966z6nmkqr98z9b","actor_id":"01m0wh0wfj08m3jssfbcgfr9z9","target":"User:01m0wh0wfj08m3jssfbcgfr9z9","request_id":"74e41e43-b2b2-456a-9a6a-ec36d3251810"} 
[2026-08-25 19:01:14] testing.INFO: auth.logged_in {"audit_id":"01m0wh0wjx291djgbnzhqkm61r","actor_id":"01m0wh0wjnakxbs2pp7xpp4p46","target":"User:01m0wh0wjnakxbs2pp7xpp4p46","request_id":"e2714b21-01f8-4970-8178-52412b5cafb4"} 
[2026-08-25 19:01:14] testing.INFO: payment.approved {"audit_id":"01m0wh0wwbbyckv2dnk3a8yjg7","actor_id":"01m0wh0wpdbhrsagx308qcnnjb","target":"Payment:01m0wh0wpejf78ekmqfbz5f8bq","request_id":"a6c9ca70-40bd-48e8-88ef-7c0d62e46fb8"} 
[2026-08-25 19:01:14] testing.INFO: payment.approved {"audit_id":"01m0wh0x6p3zysmhcbdxq9ad7z","actor_id":"01m0wh0wzksyqkz96wsj6kfndg","target":"Payment:01m0wh0wznv6zmrj4r9dccfne1","request_id":"04a66a76-4a3c-41bc-8bc5-1f2f3119d20c"} 
[2026-08-25 19:01:15] testing.INFO: payment.approved {"audit_id":"01m0wh0xkjc5gx0289z4f4efav","actor_id":"01m0wh0xdt72eb1f8tfhvexymg","target":"Payment:01m0wh0xdvvjexyxaynjsjh14z","request_id":"6d2135eb-556e-4b79-8292-496def9680fd"} 
[2026-08-25 19:01:15] testing.INFO: payment.rejected {"audit_id":"01m0wh0xq1wmcc1gh9fkd7xa82","actor_id":"01m0wh0xpmef2p63t1h8r31hg6","target":"Payment:01m0wh0xpnx0fgat5yqs43rne2","request_id":"c018f9a1-8aca-44d0-859f-b29151bc1dd4"} 
[2026-08-25 19:01:15] testing.INFO: refund.recorded {"audit_id":"01m0wh0y16f696fzn48jmnt4bc","actor_id":"01m0wh0y0pbd7c4z0dk3888t4s","target":"Refund:01m0wh0y158yz3k4hd0gx6ch6v","request_id":"27b04cad-300f-4b5e-9b45-b5df25311811"} 
[2026-08-25 19:01:15] testing.INFO: refund.processed {"audit_id":"01m0wh0y1pbpgmfzkzs0j3kx9f","actor_id":"01m0wh0y0ry76pgj0szrcmqah9","target":"Refund:01m0wh0y158yz3k4hd0gx6ch6v","request_id":"2a46418a-6f69-43b2-972a-727e5ce48c6e"} 
[2026-08-25 19:01:17] testing.INFO: user.suspend {"audit_id":"01m0wh0zfhvva1wr9wfy3w6r2w","actor_id":"01m0wh0zesrw5z1ehcywzk80ym","target":"User:01m0wh0zexeynf4m1z630a096j","request_id":"3f7e146f-d540-4bf1-b4e1-e02467c56785"} 
[2026-08-25 19:01:17] testing.INFO: user.archived {"audit_id":"01m0wh0zknan0afgn6cbsvp26w","actor_id":"01m0wh0zjp6jxp42bhfcn2fhty","target":"User:01m0wh0zjwva7j7ka1k95jmsyk","request_id":"4ce43ed7-076a-45ae-bd6b-6216f1947d4e"} 
[2026-08-25 19:01:17] testing.INFO: user.archived {"audit_id":"01m0wh0zq6zh0nbcw7pqbr5z23","actor_id":"01m0wh0zpzcy7p61c4avnjgv89","target":"User:01m0wh0zppzt816te7wmk9bk5y","request_id":"fbe969fe-1f26-419c-8d47-ed41890ae8de"} 
[2026-08-25 19:01:17] testing.INFO: user.updated {"audit_id":"01m0wh0zvcn9wq8tn11x7twe3j","actor_id":"01m0wh0ztvnajgycwa2t6cxhd9","target":"User:01m0wh0ztyygcze73y4103hxfb","request_id":"47f8a53f-2078-4a16-a710-3a63bb03715d"} 
[2026-08-25 19:01:18] testing.INFO: test.published {"audit_id":"01m0wh10b6kcvv96d1h2vcztme","actor_id":"01m0wh10acmktzjf77n2rx9h0h","target":"Test:01m0wh10agv47rg85e3yb1a6az","request_id":"9ffacd94-824f-476f-93ee-7f74fae89d5f"} 
[2026-08-25 19:01:18] testing.INFO: course.thumbnail_updated {"audit_id":"01m0wh10j4z6sdy9xenhj00m4t","actor_id":"01m0wh10hhyrnredvb1781zgkx","target":"Course:01m0wh10hjfb911vn6xqhj4mpg","request_id":"d87670c4-d78e-49e2-a6b9-08ec4833dea9"} 
[2026-08-25 19:01:18] testing.INFO: course.updated {"audit_id":"01m0wh10nzhfs7xv8darbsna46","actor_id":"01m0wh10n61k5dzpxfw7x6v98s","target":"Course:01m0wh10n9e2e0d00m4dynkpye","request_id":"0803e97d-121f-4cc5-8eae-47d43a1bf444"} 
[2026-08-25 19:01:18] testing.INFO: settings.payment_method_qr_updated {"audit_id":"01m0wh10sfddmj212jgvp4652b","actor_id":"01m0wh10s2tfbtq9mfqc4bm205","target":"PaymentMethod:01m0wh10ry3fj2562fn0nf1m9n","request_id":"b85a4721-93b5-4872-8db9-42f04813f962"} 
[2026-08-25 19:01:18] testing.INFO: settings.institution_logo_updated {"audit_id":"01m0wh10ww471wpmjsvmjzjqak","actor_id":"01m0wh10we7x6e93fr927jj4qr","target":":","request_id":"0cdd8a60-67bc-4bf0-a7ec-b9bfd59f7d6c"} 
[2026-08-25 19:01:20] testing.INFO: payment.submitted {"audit_id":"01m0wh12amepmnd4hcdkg708y8","actor_id":"01m0wh129xnx1yk0nakd3xcnzq","target":"Payment:01m0wh12akhv2xxc5d3p9cyjkw","request_id":"4b22f9d5-1c01-4a6a-96de-8a2084ee9741"} 
[2026-08-25 19:01:20] testing.INFO: payment.approved_at_capture {"audit_id":"01m0wh12ge5mvzdtna6jwh0hqc","actor_id":"01m0wh129xnx1yk0nakd3xcnzq","target":"Payment:01m0wh12akhv2xxc5d3p9cyjkw","request_id":"4b22f9d5-1c01-4a6a-96de-8a2084ee9741"} 
[2026-08-25 19:01:20] testing.INFO: payment.submitted {"audit_id":"01m0wh12mnghspc2zr03x7a583","actor_id":"01m0wh12kw1trzkp0m0jb75sas","target":"Payment:01m0wh12mmwstd6969d3stv83r","request_id":"425b2dd1-beeb-4029-819a-03ec2d0c7c1d"} 
[2026-08-25 19:01:20] testing.INFO: payment.approved {"audit_id":"01m0wh12twtvnq7926ka1mk93b","actor_id":"01m0wh12kyctt7d5jq07gtw6xj","target":"Payment:01m0wh12mmwstd6969d3stv83r","request_id":"33147064-f92e-44d9-a371-e0b53d9730ff"} 
[2026-08-25 19:01:20] testing.INFO: payment.submitted {"audit_id":"01m0wh12yxbwwcdyqvnrja5e4x","actor_id":"01m0wh12y498fxhmdfpzfg1f6v","target":"Payment:01m0wh12ywbfdfgexkgn2z21qz","request_id":"7393fac0-36a2-4cf4-85e5-54e6d390b05a"} 
[2026-08-25 19:01:21] testing.INFO: payment.approved_at_capture {"audit_id":"01m0wh134gznenf2anz4a7y14e","actor_id":"01m0wh12y498fxhmdfpzfg1f6v","target":"Payment:01m0wh12ywbfdfgexkgn2z21qz","request_id":"7393fac0-36a2-4cf4-85e5-54e6d390b05a"} 
[2026-08-25 19:01:21] testing.INFO: payment.submitted {"audit_id":"01m0wh1357z72rv31av3e5txp7","actor_id":"01m0wh12y498fxhmdfpzfg1f6v","target":"Payment:01m0wh1357z72rv31av3e5txp6","request_id":"1c83aaf2-de5e-428d-9f8a-f130579c2c07"} 
[2026-08-25 19:01:21] testing.INFO: payment.approved {"audit_id":"01m0wh13b8j8kv338628qy2vsd","actor_id":"01m0wh12y7qemwbnr5k99bwawg","target":"Payment:01m0wh1357z72rv31av3e5txp6","request_id":"87f38476-57c7-446b-a8cc-27bca0d1f189"} 
[2026-08-25 19:01:21] testing.INFO: course.created {"audit_id":"01m0wh13ew096cc59xmmq9eck2","actor_id":"01m0wh13ed66mk7knh4h93emge","target":"Course:01m0wh13evy1yed365vmgxdn3j","request_id":"0077c7ed-d449-42c1-9b64-4fba8b454c73"} 
[2026-08-25 19:01:21] testing.INFO: category.created {"audit_id":"01m0wh13j7ztndxcsqrjy1ff0c","actor_id":"01m0wh13ht8m72b441qzxc5t73","target":"Category:01m0wh13j6aw0n57znyhh0xpvp","request_id":"8d16bc0c-af66-4df6-a990-234be669e320"} 
[2026-08-25 19:01:21] testing.INFO: syllabus.updated {"audit_id":"01m0wh13nfpkaaps19zhe0x61y","actor_id":"01m0wh13n2r7c9fg18g4zn59rj","target":"Course:01m0wh13n3nnkt30008mthd39c","request_id":"f2a1d29a-7804-4043-885f-279f1c1ce950"} 
[2026-08-25 19:01:21] testing.INFO: export.generated {"audit_id":"01m0wh13s7vt1h5w9fe4kakgzy","actor_id":"01m0wh13rtw2te12y8g421yhnv","target":":","request_id":"cf8b64a4-0d91-4590-82d6-699719165651"} 
[2026-08-25 19:01:22] testing.INFO: payment.proof_viewed {"audit_id":"01m0wh14gwea2sawcehqpgtv1v","actor_id":"01m0wh14gdksqgjvp52kqdm9pb","target":"Payment:01m0wh14gnqth8dg1mf94jkk9r","request_id":"9b65b50c-5e57-41e7-a265-f6df05d48e30"} 
[2026-08-25 19:01:22] testing.INFO: payment.approved {"audit_id":"01m0wh150me7h2e0d9m39k1v70","actor_id":"01m0wh14tte4tx86t4ns3rsght","target":"Payment:01m0wh14tvc1k5ysw10arzhmp3","request_id":"3d638eba-3e3f-49ba-9fae-49e0aacfac06"} 
[2026-08-25 19:01:23] testing.INFO: recording.deleted {"audit_id":"01m0wh15tat5h4htekffvp12va","actor_id":"01m0wh15sw393ctw6kdznhbb3j","target":"Recording:01m0wh15syfpxzydk78d4ndjxt","request_id":"65c90f6b-4255-4b3f-a02a-2fe1c5049c4a"} 
[2026-08-25 19:01:23] testing.INFO: recording.resynced {"audit_id":"01m0wh15xvjwspvem7kvyx9grh","actor_id":"01m0wh15xf5902qk11wexq4575","target":"Recording:01m0wh15xjt2ph1vb716yqfhqr","request_id":"f371633e-bf53-4a90-99e0-b5d34c408578"} 
[2026-08-25 19:03:07] local.INFO: auth.logged_out {"audit_id":"01m0wh4avzzq014ethtfzft6h6","actor_id":"01m09q7v3xq02bgadbj9an0w3q","target":"User:01m09q7v3xq02bgadbj9an0w3q","request_id":"bb8cce05-b86f-4cce-ac1d-5fc1452d0d01"} 
[2026-08-25 19:03:11] local.INFO: auth.logged_in {"audit_id":"01m0wh4fawcx759g0zq4fpfc5x","actor_id":"01m09q7v3xq02bgadbj9an0w3q","target":"User:01m09q7v3xq02bgadbj9an0w3q","request_id":"46054226-0532-4ca7-a9a6-f92ea2eb0045"} 
[2026-08-25 19:03:29] local.INFO: auth.logged_out {"audit_id":"01m0wh512a9s0tmp3zeyq822sj","actor_id":"01m09q7v3xq02bgadbj9an0w3q","target":"User:01m09q7v3xq02bgadbj9an0w3q","request_id":"639c3de8-0ea3-428e-a979-6785b51d97f6"} 
[2026-08-25 19:03:36] local.INFO: auth.logged_in {"audit_id":"01m0wh578j0ffcfjzyxfm6qhzg","actor_id":"01m09q7kvqfnm27cyeyww19n7h","target":"User:01m09q7kvqfnm27cyeyww19n7h","request_id":"5b2f8954-f053-4544-be86-1031c03b9477"} 
[2026-08-25 19:03:48] local.INFO: payment.proof_viewed {"audit_id":"01m0wh5k02azx1kpvwx34re217","actor_id":"01m09q7kvqfnm27cyeyww19n7h","target":"Payment:01m0ej74t10pjg9csy75wj4he6","request_id":"5f36bd44-6dbe-4377-88d4-703d371ee498"} 
[2026-08-25 19:04:17] local.INFO: auth.logged_in {"audit_id":"01m0wh6f55y2nnhkwmr075dcgh","actor_id":"01m09q7kvqfnm27cyeyww19n7h","target":"User:01m09q7kvqfnm27cyeyww19n7h","request_id":"a099b2c1-3ac7-4362-aec2-b3a8f7d7ff44"} 
[2026-08-25 19:04:35] local.INFO: payment.proof_viewed {"audit_id":"01m0wh70vs0f1pwf0nja1hc1cx","actor_id":"01m09q7kvqfnm27cyeyww19n7h","target":"Payment:01m0ej74t10pjg9csy75wj4he6","request_id":"c0faed09-ffbb-4990-b97e-c807862b8be4"} 
[2026-08-25 19:04:39] local.INFO: payment.proof_viewed {"audit_id":"01m0wh74sweactshacxa25whyz","actor_id":"01m09q7kvqfnm27cyeyww19n7h","target":"Payment:01m0ej74t10pjg9csy75wj4he6","request_id":"b8a439a9-181e-4866-9327-3ec9c45498a6"} 
[2026-08-25 19:46:19] local.INFO: auth.logged_in {"audit_id":"01m0wkkev16n3fa8vy7j7kwpaa","actor_id":"01m09q7kvqfnm27cyeyww19n7h","target":"User:01m09q7kvqfnm27cyeyww19n7h","request_id":"63a3fd2a-43be-4c67-aad2-5c604263fd38"} 
[2026-08-25 19:46:34] local.INFO: payment.proof_viewed {"audit_id":"01m0wkkxbnsw57gmkvx09yz7jt","actor_id":"01m09q7kvqfnm27cyeyww19n7h","target":"Payment:01m0ej74t10pjg9csy75wj4he6","request_id":"a2223227-e232-449e-9c3b-d2a38e5d7320"} 
[2026-08-25 19:46:35] local.INFO: payment.proof_viewed {"audit_id":"01m0wkkxm9jq96h65ztgwy4j8h","actor_id":"01m09q7kvqfnm27cyeyww19n7h","target":"Payment:01m0ej74t10pjg9csy75wj4he6","request_id":"c8b5242c-b8d8-4668-ac2e-aa7db93fd34a"} 
[2026-08-25 19:46:38] local.INFO: payment.proof_viewed {"audit_id":"01m0wkm0v33h0wt1fz6x4b8psv","actor_id":"01m09q7kvqfnm27cyeyww19n7h","target":"Payment:01m0ej74t10pjg9csy75wj4he6","request_id":"e4fe370d-99fc-4a7a-9bcf-9a9672b8b067"} 
[2026-08-25 19:47:03] local.INFO: course.thumbnail_updated {"audit_id":"01m0wkmsdmwkfg8mxcw2eymazx","actor_id":"01m09q7kvqfnm27cyeyww19n7h","target":"Course:01m0ehxkgmh3b5r7n2jbck5f4f","request_id":"c85c8fbe-a27d-459b-a89d-16087a981b02"} 
[2026-08-25 19:47:23] local.INFO: course.thumbnail_updated {"audit_id":"01m0wknd5hwp5whxk8nj8x28g6","actor_id":"01m09q7kvqfnm27cyeyww19n7h","target":"Course:01m0ehxkgmh3b5r7n2jbck5f4f","request_id":"3f428605-416b-4424-9ef1-c63d8bb539d7"} 
