[2026-08-18 08:08:41] testing.INFO: settings.updated {"audit_id":"01m09awze837w67e3k7wxqx0c5","actor_id":"01m09aww733ny13fvaexv7n1q3","target":":","request_id":"f09b0032-a39c-4535-8737-1eb3cfb9b149"} 
[2026-08-18 08:08:44] testing.INFO: settings.updated {"audit_id":"01m09ax31xfegffam82s1zwbrj","actor_id":"01m09ax31jr637khd2a6vx4aya","target":":","request_id":"cfa07c1d-d3df-46b4-9da2-b0edd6eceb98"} 
[2026-08-18 08:08:44] testing.INFO: settings.updated {"audit_id":"01m09ax3c4ftt71q0qfm1t3qyg","actor_id":"01m09ax3b2aztzd1g176aze4kp","target":":","request_id":"eda37e4b-c574-4c69-9a8d-49f399f827df"} 
[2026-08-18 08:08:45] testing.INFO: attempt.started {"audit_id":"01m09ax3xx18q8g3m7xj9fsth9","actor_id":"01m09ax3gfn2810r4x0khpgt93","target":"TestAttempt:01m09ax3wvtvx3hsspx2735vdv","request_id":"b8208239-0d9f-4d25-a0d2-b58d141957b9"} 
[2026-08-18 08:08:45] testing.INFO: attempt.started {"audit_id":"01m09ax4j8a9rh72x8q68h2fa5","actor_id":"01m09ax4hqc2tencthe8k70gh3","target":"TestAttempt:01m09ax4j6t1rdr552btd7f064","request_id":"2238d5fb-1549-4acc-91e5-19ed136d25ca"} 
[2026-08-18 08:08:45] testing.INFO: attempt.started {"audit_id":"01m09ax4jj9r9gx3gh7haf2ge0","actor_id":"01m09ax4hqc2tencthe8k70gh3","target":"TestAttempt:01m09ax4j6t1rdr552btd7f064","request_id":"e8d8f8fc-2873-4b2c-921c-53136c86c14f"} 
[2026-08-18 08:08:45] testing.INFO: attempt.started {"audit_id":"01m09ax4qkga6ztbxg4w6y337v","actor_id":"01m09ax4pne5nwkyc57y45ztg9","target":"TestAttempt:01m09ax4qf6g5ecavdztpm3z1w","request_id":"3c325a0b-d6e1-42fa-89e6-d29833ec88f1"} 
[2026-08-18 08:08:46] testing.INFO: attempt.started {"audit_id":"01m09ax4xqt3adtztk2pa63zte","actor_id":"01m09ax4x77bcz512mv662z2r1","target":"TestAttempt:01m09ax4xnmbj7bw11dy8mk4sw","request_id":"6bf1923f-9cb6-49e0-b026-90f27700005d"} 
[2026-08-18 08:08:46] testing.INFO: attempt.submitted {"audit_id":"01m09ax514es4kva58c0dhcp3y","actor_id":"01m09ax4x77bcz512mv662z2r1","target":"TestAttempt:01m09ax4xnmbj7bw11dy8mk4sw","request_id":"4d2d4795-ef61-4136-bad4-07b3265d3d3d"} 
[2026-08-18 08:08:47] testing.INFO: auth.account_locked {"audit_id":"01m09ax5t420j1zmmt28ee7s5j","actor_id":"01m09ax5se57rt9wqm008yczje","target":"User:01m09ax5se57rt9wqm008yczje","request_id":"3fbcf620-3728-4810-8def-defc8bc072c7"} 
[2026-08-18 08:08:47] testing.INFO: account.profile_updated {"audit_id":"01m09ax6b1nsyz27rd240253gh","actor_id":"01m09ax69nzf9115y3vz2d8pck","target":"User:01m09ax69nzf9115y3vz2d8pck","request_id":"ec9b99e3-826e-4695-8568-795d56541fb9"} 
[2026-08-18 08:08:48] testing.INFO: user.devices_reset {"audit_id":"01m09ax7093efjy8b27agmf1qm","actor_id":"01m09ax6xst9d83q56ehtchg6x","target":"User:01m09ax6xv3da9xs6kee1vkzva","request_id":"09c7a8d8-32af-4b36-b530-2ff276e461fa"} 
[2026-08-18 08:08:49] testing.INFO: settings.updated {"audit_id":"01m09ax7xjgkmwex16ejm89r8v","actor_id":"01m09ax7x11806acs43fad4kkt","target":":","request_id":"440b3da0-49d6-4c43-9b5b-234796922f37"} 
[2026-08-18 08:08:49] testing.INFO: settings.updated {"audit_id":"01m09ax84hnvs7tkjmj6ckdfxy","actor_id":"01m09ax83z70e7hbe2qr2xan7q","target":":","request_id":"c245f52b-60bd-454e-9112-87419f37db53"} 
[2026-08-18 08:08:49] testing.INFO: settings.updated {"audit_id":"01m09ax852az0wm3x1de9nfqbx","actor_id":"01m09ax83z70e7hbe2qr2xan7q","target":":","request_id":"b0ab36d6-37e7-44f7-859e-903f6c39b29a"} 
[2026-08-18 08:08:50] testing.INFO: payment.approved {"audit_id":"01m09ax90cqb94y1hhgvhzncb9","actor_id":"01m09ax8mndndp55stjzpkc9qf","target":"Payment:01m09ax8mrvkq15dgcnzb718j4","request_id":"7629009d-2c5c-4600-8ead-cdd4d2b08ec4"} 
[2026-08-18 08:08:50] testing.INFO: payment.approved {"audit_id":"01m09ax9ke471e9rfcshg8rebt","actor_id":"01m09ax9js4shr661vynr789e9","target":"Payment:01m09ax9jwx3zrmeb0v22zyt2x","request_id":"8450c522-744f-474b-97df-71969e6041bc"} 
[2026-08-18 08:08:51] testing.INFO: payment.rejected {"audit_id":"01m09axa1d3x86g9thn6a6hw9w","actor_id":"01m09axa0dd1kagnrxamwdakhk","target":"Payment:01m09axa0hjfe0jae1c732kmys","request_id":"10cd13c9-adf5-4ab4-b339-0dec562517de"} 
[2026-08-18 08:08:52] testing.INFO: refund.recorded {"audit_id":"01m09axarr2gcnbjynsj2s2vn2","actor_id":"01m09axann4zwer7y13t70e005","target":"Refund:01m09axarps4y0fw4zmeb7wzpx","request_id":"2322723d-0dad-41d0-935d-78cbe7886d80"} 
[2026-08-18 08:08:52] testing.INFO: refund.processed {"audit_id":"01m09axasf470xbsm69g54xxbc","actor_id":"01m09axanr2a0mms4vt4nkhq88","target":"Refund:01m09axarps4y0fw4zmeb7wzpx","request_id":"3168b573-6a34-4af1-b6f0-058b12e37180"} 
[2026-08-18 08:09:06] testing.INFO: settings.updated {"audit_id":"01m09axrcvpttjv7ydzy11d5zd","actor_id":"01m09axrb49965cwjcbdv2x2gq","target":":","request_id":"30fb1b75-2eda-4e42-a0ab-49a757aafb20"} 
[2026-08-18 08:09:06] testing.INFO: settings.updated {"audit_id":"01m09axrrbc5gsxcz3fc21t3cc","actor_id":"01m09axrr20rvek88njsr58svs","target":":","request_id":"faed1b64-2435-4f29-99d7-4f4bf2f964bf"} 
[2026-08-18 08:09:06] testing.INFO: settings.updated {"audit_id":"01m09axrzafycxvhw4197rgtb3","actor_id":"01m09axryzfy2fza4cdwcv1v9b","target":":","request_id":"3914c599-f935-4b6a-81da-4f2d8d872e0c"} 
[2026-08-18 08:09:06] testing.INFO: attempt.started {"audit_id":"01m09axs3sxqz9btkv7ac6neaz","actor_id":"01m09axs36z6fj1peqjc1vpq1w","target":"TestAttempt:01m09axs3r24yhjcnc1d5x1htt","request_id":"af89386a-e04a-4efb-936e-e9eb40212f90"} 
[2026-08-18 08:09:07] testing.INFO: attempt.started {"audit_id":"01m09axse8a8tqxanqdz5f2zpr","actor_id":"01m09axsdfyk4gn6c0txdjhveh","target":"TestAttempt:01m09axse62z1yjc9ynkacnda5","request_id":"ec6b7ea0-9a80-4d18-9d66-dc3c51566c22"} 
[2026-08-18 08:09:07] testing.INFO: attempt.started {"audit_id":"01m09axses51fnyezvyn9jgrg5","actor_id":"01m09axsdfyk4gn6c0txdjhveh","target":"TestAttempt:01m09axse62z1yjc9ynkacnda5","request_id":"aea1a2de-fc72-496b-ac05-0421fbb44de1"} 
[2026-08-18 08:09:07] testing.INFO: attempt.started {"audit_id":"01m09axsnfvraas62bhjtj7wb9","actor_id":"01m09axsmjw19ye5p79wmj1b9h","target":"TestAttempt:01m09axsndp9cjkbjcsvkrpdzg","request_id":"d9065b83-1659-46e5-85be-0e1d35b550a1"} 
[2026-08-18 08:09:07] testing.INFO: attempt.started {"audit_id":"01m09axt376wypfx5hgsn3yd5k","actor_id":"01m09axt2dcmzhrm4vtdpfqr8e","target":"TestAttempt:01m09axt35w5qazaxavacq187t","request_id":"e0daaf70-e5d7-4884-86a1-18f3057b280c"} 
[2026-08-18 08:09:07] testing.INFO: attempt.submitted {"audit_id":"01m09axt48ee24r93bpgq065j3","actor_id":"01m09axt2dcmzhrm4vtdpfqr8e","target":"TestAttempt:01m09axt35w5qazaxavacq187t","request_id":"91e6fff9-7db8-4d6e-92df-015bf0a4ec31"} 
[2026-08-18 08:09:08] testing.INFO: auth.account_locked {"audit_id":"01m09axv020nyhstztbat5dxhz","actor_id":"01m09axtyy7ev20h9j647ernmk","target":"User:01m09axtyy7ev20h9j647ernmk","request_id":"caf7654e-e78f-462f-be8d-e6dd9e2156a9"} 
[2026-08-18 08:09:09] testing.INFO: account.profile_updated {"audit_id":"01m09axvd39kvcrgwthyxvh7q8","actor_id":"01m09axvcregpkszz1z25vvaeb","target":"User:01m09axvcregpkszz1z25vvaeb","request_id":"8b79a8f5-1625-4ad1-9824-a39ad5db07cd"} 
[2026-08-18 08:09:09] testing.INFO: user.devices_reset {"audit_id":"01m09axvyz8jbbz8c18jz4rkd9","actor_id":"01m09axvyex24dymtqqj2844aq","target":"User:01m09axvyh42taenqdjbdvf8rv","request_id":"4d51cc10-320c-452d-b968-40bf854f6d5b"} 
[2026-08-18 08:09:10] testing.INFO: settings.updated {"audit_id":"01m09axwdd5pehedwv00nmb498","actor_id":"01m09axwd27dm9xfvk7b70yw3j","target":":","request_id":"4a70b1c6-3791-4cc5-9e9a-f8f4aafa5cb0"} 
[2026-08-18 08:09:10] testing.INFO: settings.updated {"audit_id":"01m09axwh6v4sp35ayra77hhka","actor_id":"01m09axwgxhfpq3kx4s9ja6wxg","target":":","request_id":"d9fd50fe-7659-4e09-b83a-8a78289de16a"} 
[2026-08-18 08:09:10] testing.INFO: settings.updated {"audit_id":"01m09axwhgj6gekymgwc8z5f5a","actor_id":"01m09axwgxhfpq3kx4s9ja6wxg","target":":","request_id":"aeef4be1-a3c8-414b-914f-726c5f24b562"} 
[2026-08-18 08:09:10] testing.INFO: payment.approved {"audit_id":"01m09axwtp3j7q5w83828h4n72","actor_id":"01m09axwsy8m9e1tsewfsswg3v","target":"Payment:01m09axwt0f7ek6zagv2wcpezj","request_id":"7799f984-ec01-4439-987e-4b57f56cb760"} 
[2026-08-18 08:09:10] testing.INFO: payment.approved {"audit_id":"01m09axx3p46kank6r450zr735","actor_id":"01m09axx3cfg939y6f1dts9fqg","target":"Payment:01m09axx3dv2hqj83jh0er47yc","request_id":"ce4694cc-4b9c-4361-bb78-16f4cbd0209f"} 
[2026-08-18 08:09:11] testing.INFO: payment.rejected {"audit_id":"01m09axx7t464sedkhgp4zj6v1","actor_id":"01m09axx7ay5tszq7dmqh1w1cx","target":"Payment:01m09axx7dkfnhhsfesnrd5rxf","request_id":"0ee6e25a-c50c-426c-b57a-66cbe78a527a"} 
[2026-08-18 08:09:11] testing.INFO: refund.recorded {"audit_id":"01m09axxpvs883wqgmp02m7zp7","actor_id":"01m09axxp88cnxn8pq6yf5ba2k","target":"Refund:01m09axxptyqne9vnk9yr030x5","request_id":"7d66de71-06f2-4158-90af-9b5e6eee18fa"} 
[2026-08-18 08:09:11] testing.INFO: refund.processed {"audit_id":"01m09axxqcca52qafqqfkf0dc1","actor_id":"01m09axxpbg736c2t8kmrywqa4","target":"Refund:01m09axxptyqne9vnk9yr030x5","request_id":"6db36e4f-5c18-44b0-8c09-114e2dc29bb0"} 
[2026-08-18 08:13:44] testing.INFO: settings.updated {"audit_id":"01m09b686nhqexkt0gp1qv0ahn","actor_id":"01m09b682etkgyk026yvybckr2","target":":","request_id":"1bd166f7-f5f2-43f3-a2c5-ae9897803349"} 
[2026-08-18 08:13:44] testing.INFO: settings.updated {"audit_id":"01m09b68h7az7h1fd4wnjxdjsc","actor_id":"01m09b68gzag7h52sq45sssjkf","target":":","request_id":"3602ad7b-b34f-40db-8f88-ac2b45054760"} 
[2026-08-18 08:13:44] testing.INFO: settings.updated {"audit_id":"01m09b68r1cyrn7gpdwehtdkzk","actor_id":"01m09b68qjjyxa4tyn3ygnpxfd","target":":","request_id":"0244cf19-819a-41fc-b4c8-5bdf8df3cb32"} 
[2026-08-18 08:40:09] testing.INFO: settings.updated {"audit_id":"01m09cpm4w39p6rkk874f9rrvw","actor_id":"01m09cpm2xy5tavq5qavc0q0n1","target":":","request_id":"a4e0c1b2-de0c-4e4e-8711-8621f1deb995"} 
[2026-08-18 08:40:09] testing.INFO: settings.updated {"audit_id":"01m09cpmdsw1p9474rxd074rd3","actor_id":"01m09cpmdfk9c18zh0x9fdy5gz","target":":","request_id":"71db26d1-3b51-4820-893a-4fa74bf46c76"} 
[2026-08-18 08:40:09] testing.INFO: settings.updated {"audit_id":"01m09cpmn6pyf9wpf64w24cqjk","actor_id":"01m09cpmmsgc6wdw4sav5nwh47","target":":","request_id":"48b01940-3935-4efd-9f6b-2f118b510178"} 
[2026-08-18 08:48:38] testing.INFO: settings.updated {"audit_id":"01m09d64xyzj3by2j835kc8web","actor_id":"01m09d64t2wydvgk8584jh1brp","target":":","request_id":"38928b1b-7691-4d95-98d4-2e870f9c9d0a"} 
[2026-08-18 08:48:38] testing.INFO: settings.updated {"audit_id":"01m09d657xghwmkavq77qg3h11","actor_id":"01m09d657nbe8b77zapzs59tns","target":":","request_id":"6b4b33a9-4c3d-4e0c-8dea-57b7a2f38933"} 
[2026-08-18 08:48:38] testing.INFO: settings.updated {"audit_id":"01m09d65dyywm76ky0g8x4jnct","actor_id":"01m09d65dk23xr3jamtkqf041w","target":":","request_id":"f1b45aca-08b9-46b7-8432-9da0c70133cb"} 
[2026-08-18 08:48:38] testing.INFO: attempt.started {"audit_id":"01m09d65hmyjpn8ybf83rnj8tb","actor_id":"01m09d65h3n2b9ace6q26qw4qf","target":"TestAttempt:01m09d65hkwykg27dnt1sk1cjk","request_id":"bf1c8b5d-5eec-4eee-8268-1fb5bf9c528b"} 
[2026-08-18 08:48:39] testing.INFO: attempt.started {"audit_id":"01m09d65yhdjanqdxmtck0a638","actor_id":"01m09d65y47emg4zd1k6dgvjhv","target":"TestAttempt:01m09d65yghn7ttz07ngdvkn27","request_id":"c09958ce-fcbe-4431-84b9-3954e2d68240"} 
[2026-08-18 08:48:39] testing.INFO: attempt.started {"audit_id":"01m09d65ytkwgmxz6f77kb7vwh","actor_id":"01m09d65y47emg4zd1k6dgvjhv","target":"TestAttempt:01m09d65yghn7ttz07ngdvkn27","request_id":"2b8e5496-f719-4c99-8e38-ae3ad0032d9b"} 
[2026-08-18 08:48:39] testing.INFO: attempt.started {"audit_id":"01m09d661zaj9bkt5asmpsgnde","actor_id":"01m09d661kgrm2annyxbkfj9gb","target":"TestAttempt:01m09d661ydgd1nh2w3dtk4xez","request_id":"dfbed6b4-cf43-4bd7-8cc0-bbcb24849a46"} 
[2026-08-18 08:48:39] testing.INFO: attempt.started {"audit_id":"01m09d666h9fg4cef57ne991se","actor_id":"01m09d6665mwd6mscggd8nz3ed","target":"TestAttempt:01m09d666ge5hm9t3xsqsj9t1c","request_id":"7a1403be-6d36-40a2-83b1-9a5cc9707a2a"} 
[2026-08-18 08:48:39] testing.INFO: attempt.submitted {"audit_id":"01m09d66726kz409z5de85cb7g","actor_id":"01m09d6665mwd6mscggd8nz3ed","target":"TestAttempt:01m09d666ge5hm9t3xsqsj9t1c","request_id":"ba5136dd-5de9-45d7-95c8-bd307d7a037d"} 
[2026-08-18 08:48:39] testing.INFO: auth.logged_in {"audit_id":"01m09d66degj77saw1hprf6gs7","actor_id":"01m09d66d6gjwxyjnapq5sm7bf","target":"User:01m09d66d6gjwxyjnapq5sm7bf","request_id":"08b0a8e5-0928-470e-8cb4-a17f071a2759"} 
[2026-08-18 08:48:39] testing.INFO: auth.logged_out {"audit_id":"01m09d66dt2s4mea61pwsqxhtd","actor_id":"01m09d66d6gjwxyjnapq5sm7bf","target":"User:01m09d66d6gjwxyjnapq5sm7bf","request_id":"02493d6d-0728-4665-962f-194fb58b559b"} 
[2026-08-18 08:48:39] testing.INFO: auth.logged_in {"audit_id":"01m09d66dz3ag7y20bgnqv97k1","actor_id":"01m09d66d6gjwxyjnapq5sm7bf","target":"User:01m09d66d6gjwxyjnapq5sm7bf","request_id":"61ded675-6841-4cff-9dd1-141df96a1ad3"} 
[2026-08-18 08:48:39] testing.INFO: auth.account_locked {"audit_id":"01m09d66mmxqdjfxz2nhm3sbzh","actor_id":"01m09d66kyqj7fxtp9wp721bx5","target":"User:01m09d66kyqj7fxtp9wp721bx5","request_id":"8c04dbb2-0404-495d-adb1-841ae0d449c0"} 
[2026-08-18 08:48:40] testing.INFO: auth.password_changed {"audit_id":"01m09d66rg97k04raxqbzcd5bv","actor_id":"01m09d66r14zhreemy7rta05ce","target":"User:01m09d66r14zhreemy7rta05ce","request_id":"0f8c9dbe-01fd-43f1-8e46-eb35dd5c8790"} 
[2026-08-18 08:48:40] testing.INFO: account.profile_updated {"audit_id":"01m09d66vn83hfdptmt6gmdrb4","actor_id":"01m09d66vcewhhzerhzxgtna2w","target":"User:01m09d66vcewhhzerhzxgtna2w","request_id":"2e821078-b949-4726-bc5d-b4d094e7ca42"} 
[2026-08-18 08:48:40] testing.INFO: auth.logged_in {"audit_id":"01m09d672q7wg2wycmvqqchzsk","actor_id":"01m09d672ewzz3pttg6kkse4mm","target":"User:01m09d672ewzz3pttg6kkse4mm","request_id":"e50a6bac-1e85-460e-b86f-dc48ac705852"} 
[2026-08-18 08:48:40] testing.INFO: auth.logged_out {"audit_id":"01m09d672xf29x3fzr9fdj916h","actor_id":"01m09d672ewzz3pttg6kkse4mm","target":"User:01m09d672ewzz3pttg6kkse4mm","request_id":"0c9774c8-e344-4ce0-8c5b-fdcc7a5873b4"} 
[2026-08-18 08:48:40] testing.INFO: auth.logged_in {"audit_id":"01m09d6733542mgses8fffabfe","actor_id":"01m09d672ewzz3pttg6kkse4mm","target":"User:01m09d672ewzz3pttg6kkse4mm","request_id":"7eae7141-3ae3-4566-a312-fff7848fc0fa"} 
[2026-08-18 08:48:40] testing.INFO: auth.logged_in {"audit_id":"01m09d6763j13xw09pxt51sckr","actor_id":"01m09d675v2dm44hk7gy56n2yk","target":"User:01m09d675v2dm44hk7gy56n2yk","request_id":"0b2c4380-540f-44b2-bc7d-fbea88b59fc5"} 
[2026-08-18 08:48:40] testing.INFO: user.devices_reset {"audit_id":"01m09d679qfdrygt88agxr3trp","actor_id":"01m09d67972rb9mky50a6dyh2q","target":"User:01m09d6799x1yynp8x163r8j3g","request_id":"dd8ffcd9-949e-4d10-843d-688641f4d5ac"} 
[2026-08-18 08:48:40] testing.INFO: settings.updated {"audit_id":"01m09d67n5abzv85ncdmygsp82","actor_id":"01m09d67mw4pd8pa1xnr4g2kfj","target":":","request_id":"e37b725a-b6c7-44dd-b267-72e63769598d"} 
[2026-08-18 08:48:41] testing.INFO: settings.updated {"audit_id":"01m09d67rk0awp91yxqkyv342k","actor_id":"01m09d67r8t5qpnw3fd4pwrzqc","target":":","request_id":"fd48a8d5-912c-4015-a239-c60313f95b36"} 
[2026-08-18 08:48:41] testing.INFO: settings.updated {"audit_id":"01m09d67rxh55g9fmp1wfnjy21","actor_id":"01m09d67r8t5qpnw3fd4pwrzqc","target":":","request_id":"d09a9de3-86b7-419b-9fd1-af3f881a77b6"} 
[2026-08-18 08:48:41] testing.INFO: payment.approved {"audit_id":"01m09d680gscrxny9m0h8kg1ay","actor_id":"01m09d67zmjha0m34yg7yfp027","target":"Payment:01m09d67zn1jxqvsca9fb0bend","request_id":"a93de21e-f4b0-4fb8-aae2-cf7755c67253"} 
[2026-08-18 08:48:41] testing.INFO: payment.approved {"audit_id":"01m09d6870q8rzzs7kyhbhvehz","actor_id":"01m09d686qtnyhdgspxt1c8ccg","target":"Payment:01m09d686sab0avsvex4pytmem","request_id":"cb701421-1a47-443c-91e9-acf50ea231da"} 
[2026-08-18 08:48:41] testing.INFO: payment.rejected {"audit_id":"01m09d68b2xe2fxshmrkxg5x7b","actor_id":"01m09d68apz9n0csvk4y7s495b","target":"Payment:01m09d68arfpf0yhm626tztmrm","request_id":"b79bd71d-11cf-46e5-af4e-f789e0b448dd"} 
[2026-08-18 08:48:41] testing.INFO: refund.recorded {"audit_id":"01m09d68n5573gm3v7xthhxarp","actor_id":"01m09d68mmj8mr89w36d4kq6x8","target":"Refund:01m09d68n4c46nfn9s3f2xckkq","request_id":"0d422517-7339-4404-a2e2-45988e837df2"} 
[2026-08-18 08:51:24] testing.INFO: settings.updated {"audit_id":"01m09db72q17pcn2wyqr9tafab","actor_id":"01m09db71h0ed3en3h30waykyy","target":":","request_id":"5129678b-e9eb-4ff3-a0f0-8f9fc523bad9"} 
[2026-08-18 08:51:24] testing.INFO: settings.updated {"audit_id":"01m09db7a6q573t20qp1h95gjh","actor_id":"01m09db79yg65t1t0jqvcx2hzg","target":":","request_id":"9bcd99c9-fd24-4ebe-bd1c-2d4afac4264e"} 
[2026-08-18 08:51:24] testing.INFO: settings.updated {"audit_id":"01m09db7g3m14931k0db32g21m","actor_id":"01m09db7fr1rvswrbgngb5fkj7","target":":","request_id":"00b66d76-0c7f-41f6-ad4c-9c763b4fffeb"} 
[2026-08-18 08:51:24] testing.INFO: attempt.started {"audit_id":"01m09db7km0pn0a5mn3ks956fw","actor_id":"01m09db7k6q3yvc9zjgm2gp4v6","target":"TestAttempt:01m09db7kk6k6p1w2te975qcfh","request_id":"8baf4966-a5ef-4d82-8fed-6472f464713b"} 
[2026-08-18 08:51:24] testing.INFO: attempt.started {"audit_id":"01m09db7t4wx914486xkqha2h5","actor_id":"01m09db7sr9fgt7p0nf0s12yhv","target":"TestAttempt:01m09db7t3smy718avd883agrr","request_id":"1226cd96-4ef7-4932-b734-4a996c7aee13"} 
[2026-08-18 08:51:24] testing.INFO: attempt.started {"audit_id":"01m09db7tcfgykzsxz1qgn1w8d","actor_id":"01m09db7sr9fgt7p0nf0s12yhv","target":"TestAttempt:01m09db7t3smy718avd883agrr","request_id":"4d03a603-ac91-4a41-82f1-8ba016a041b3"} 
[2026-08-18 08:51:25] testing.INFO: attempt.started {"audit_id":"01m09db7xfrsbxht34c7jm94tn","actor_id":"01m09db7x44gcbhm8jqvyzgq00","target":"TestAttempt:01m09db7xe24cct9bv4swe980z","request_id":"c590c4fe-f2ed-419b-a9ce-3022974af6ee"} 
[2026-08-18 08:51:25] testing.INFO: attempt.started {"audit_id":"01m09db810gkwdj6hrgdfvjmgg","actor_id":"01m09db80md9cebkp3f43dx4rh","target":"TestAttempt:01m09db80zng792q4x66f5v4h4","request_id":"d75fff53-28ac-441e-b2b3-0ea08d8de774"} 
[2026-08-18 08:51:25] testing.INFO: attempt.submitted {"audit_id":"01m09db81f34hpck4mf9fphggp","actor_id":"01m09db80md9cebkp3f43dx4rh","target":"TestAttempt:01m09db80zng792q4x66f5v4h4","request_id":"612c3242-fb7a-4d5f-b411-1cce2569cc7c"} 
[2026-08-18 08:51:25] testing.INFO: auth.logged_in {"audit_id":"01m09db884hckyh488f74w58yv","actor_id":"01m09db87s58mrdk60y189dmy8","target":"User:01m09db87s58mrdk60y189dmy8","request_id":"7f38329d-4310-4307-8580-232c61c58031"} 
[2026-08-18 08:51:25] testing.INFO: auth.logged_out {"audit_id":"01m09db88f6qk5wts7rkm0vm08","actor_id":"01m09db87s58mrdk60y189dmy8","target":"User:01m09db87s58mrdk60y189dmy8","request_id":"11d7a305-ab56-4da9-9ee7-2f4f533bdd9b"} 
[2026-08-18 08:51:25] testing.INFO: auth.logged_in {"audit_id":"01m09db88m41k3q1cgkyfm4s2w","actor_id":"01m09db87s58mrdk60y189dmy8","target":"User:01m09db87s58mrdk60y189dmy8","request_id":"559df882-6e46-4146-82c0-a2fd0832fdd2"} 
[2026-08-18 08:51:25] testing.INFO: auth.account_locked {"audit_id":"01m09db8fba8ntk52hgtfbqw70","actor_id":"01m09db8em5hxqwxzwq81n21vf","target":"User:01m09db8em5hxqwxzwq81n21vf","request_id":"97eb2d20-1bb4-49a6-bea8-199868dfb76d"} 
[2026-08-18 08:51:25] testing.INFO: auth.password_changed {"audit_id":"01m09db8jp233b2j4snrkw5wp1","actor_id":"01m09db8j7gyqz2y9tmmc0n850","target":"User:01m09db8j7gyqz2y9tmmc0n850","request_id":"76122186-eaa2-4f8e-a988-73d923e16a2b"} 
[2026-08-18 08:51:25] testing.INFO: account.profile_updated {"audit_id":"01m09db8nr8bqpcfw6bc2xjys7","actor_id":"01m09db8nfhsgh2ttrwyhzqfev","target":"User:01m09db8nfhsgh2ttrwyhzqfev","request_id":"9a557692-2339-42bb-973e-2b034309b978"} 
[2026-08-18 08:51:26] testing.INFO: auth.logged_in {"audit_id":"01m09db8vqzw2p055atrz8139m","actor_id":"01m09db8veg9cdg74set16zhkp","target":"User:01m09db8veg9cdg74set16zhkp","request_id":"ba78d6d5-072f-4eba-bc43-b420b780d29b"} 
[2026-08-18 08:51:26] testing.INFO: auth.logged_out {"audit_id":"01m09db8vxgyqr6reww5bsgvrq","actor_id":"01m09db8veg9cdg74set16zhkp","target":"User:01m09db8veg9cdg74set16zhkp","request_id":"69de94ac-d1dd-4d74-9a50-4aa0e9ee2ad6"} 
[2026-08-18 08:51:26] testing.INFO: auth.logged_in {"audit_id":"01m09db8w3wswck684cykjzf7s","actor_id":"01m09db8veg9cdg74set16zhkp","target":"User:01m09db8veg9cdg74set16zhkp","request_id":"3157b36c-3392-46ec-933c-0a7b71ad384f"} 
[2026-08-18 08:51:26] testing.INFO: auth.logged_in {"audit_id":"01m09db8z03z116netwqh1y09v","actor_id":"01m09db8yryhex1f0mn2v93a3s","target":"User:01m09db8yryhex1f0mn2v93a3s","request_id":"4b06b6f3-6360-4a19-b21d-87bee0bb4387"} 
[2026-08-18 08:51:26] testing.INFO: user.devices_reset {"audit_id":"01m09db9298be9trxzfcphpjv6","actor_id":"01m09db91xq7gat3z0c0k13xk6","target":"User:01m09db91zr640wx89bne9ydh2","request_id":"ab763efb-477d-4671-9170-e2cbc557ddd0"} 
[2026-08-18 08:51:26] testing.INFO: settings.updated {"audit_id":"01m09db9dp3x48ymtj42cfx01m","actor_id":"01m09db9ddvcx8d5zhj1ay6wgf","target":":","request_id":"6ce5c44f-fa0c-4dea-b83f-1a87b3a298e5"} 
[2026-08-18 08:51:26] testing.INFO: settings.updated {"audit_id":"01m09db9gvn7s8j0fa6q83wsrp","actor_id":"01m09db9gj6y3f5pywh4v8zgzg","target":":","request_id":"94cd3b5e-03db-46bb-917b-549036d355dd"} 
[2026-08-18 08:51:26] testing.INFO: settings.updated {"audit_id":"01m09db9h3n8skz68qj98h4js0","actor_id":"01m09db9gj6y3f5pywh4v8zgzg","target":":","request_id":"4ca2d145-023e-49a6-9e3c-d5897980992c"} 
[2026-08-18 08:51:26] testing.INFO: payment.approved {"audit_id":"01m09db9qr19rrzq43jy6n8yxg","actor_id":"01m09db9q69n7y26hbc7dedxzs","target":"Payment:01m09db9q7gzd3m8fwxg29n4r5","request_id":"66edcc1e-6550-4747-b3c9-0ee14fc0199b"} 
[2026-08-18 08:51:27] testing.INFO: payment.approved {"audit_id":"01m09db9xza2e80yc9ft7d1f07","actor_id":"01m09db9xqemebbrgg4dwtpbrk","target":"Payment:01m09db9xr2zzyxjks84qd4rsa","request_id":"16b08dac-bf27-44a5-8c7a-a57f32bf13c4"} 
[2026-08-18 08:51:27] testing.INFO: payment.rejected {"audit_id":"01m09dba15wwx3z1rtcpx2gjsm","actor_id":"01m09dba0sz09yka0bmvr6c19g","target":"Payment:01m09dba0vw8m18g667fxj5mfv","request_id":"d2af5ad8-3d1a-4320-b45d-360484dec196"} 
[2026-08-18 08:51:27] testing.INFO: refund.recorded {"audit_id":"01m09dbaak4ggm233tcf39v0zj","actor_id":"01m09dbaa2f6syrkx2k8t0atpy","target":"Refund:01m09dbaaj8jaqwvz0b2nen1e5","request_id":"ca407041-c1da-440e-85b3-e1dc69a8af34"} 
[2026-08-18 08:51:27] testing.INFO: refund.processed {"audit_id":"01m09dbab2hqrfa3sp77y6zh61","actor_id":"01m09dbaa5mwckd913g1pdrxhv","target":"Refund:01m09dbaaj8jaqwvz0b2nen1e5","request_id":"022d7d8b-617b-4b1a-9843-8c3358cdf9ac"} 
[2026-08-18 08:51:37] testing.INFO: auth.password_changed {"audit_id":"01m09dbmbpyp24c0vaqk4fpgvw","actor_id":"01m09dbm9znp7ksrjcvxt88d5s","target":"User:01m09dbm9znp7ksrjcvxt88d5s","request_id":"2f619616-f2b0-45e5-b493-1aa1e1b68f38"} 
[2026-08-18 08:51:37] testing.INFO: account.profile_updated {"audit_id":"01m09dbmf5bev63xsfva4f1sys","actor_id":"01m09dbmeq6pm2y4y14r72cb4q","target":"User:01m09dbmeq6pm2y4y14r72cb4q","request_id":"bbe467d8-a931-424e-8a5c-de90ae554b30"} 
[2026-08-18 08:51:38] testing.INFO: auth.logged_in {"audit_id":"01m09dbmn4rfatj28wzywpcmyp","actor_id":"01m09dbmmw3egdx4913y3dd0wy","target":"User:01m09dbmmw3egdx4913y3dd0wy","request_id":"5d16e4e4-de0f-4bfa-9136-6bdfacb88c25"} 
[2026-08-18 08:51:38] testing.INFO: auth.logged_out {"audit_id":"01m09dbmnbwqe7xxsvd0bjfeh3","actor_id":"01m09dbmmw3egdx4913y3dd0wy","target":"User:01m09dbmmw3egdx4913y3dd0wy","request_id":"260c9f31-2e1d-4a8e-97fe-6dd1f23210b0"} 
[2026-08-18 08:51:38] testing.INFO: auth.logged_in {"audit_id":"01m09dbmnfyxzyegq3m1gf80ph","actor_id":"01m09dbmmw3egdx4913y3dd0wy","target":"User:01m09dbmmw3egdx4913y3dd0wy","request_id":"b7692b3e-4888-4e29-a0e0-e6f2e5ecf5e5"} 
[2026-08-18 08:51:38] testing.INFO: auth.account_locked {"audit_id":"01m09dbmrv951e9q6btevh3353","actor_id":"01m09dbmr49yhgn5qhv3ntgx7e","target":"User:01m09dbmr49yhgn5qhv3ntgx7e","request_id":"fb004a24-9cdf-47b1-83cc-0dc46e30e427"} 
[2026-08-18 08:51:38] testing.INFO: attempt.started {"audit_id":"01m09dbmzcdsks6rmxyzv78n2z","actor_id":"01m09dbmyntzwbdpct4jazs9gx","target":"TestAttempt:01m09dbmzbs6r3qdv9gfgap0q6","request_id":"73a6fc15-f5ab-47d2-92a5-b906cc611bdf"} 
[2026-08-18 08:51:38] testing.INFO: attempt.started {"audit_id":"01m09dbn2tb34dkqx6kmvc314n","actor_id":"01m09dbn2fhhvg5dq88xp260d5","target":"TestAttempt:01m09dbn2s4d98hpgaej2gnzc1","request_id":"dd919c1f-e5d1-4c00-9eca-99d739c8bef0"} 
[2026-08-18 08:51:38] testing.INFO: attempt.submitted {"audit_id":"01m09dbn3agb4jtjwppvskfa32","actor_id":"01m09dbn2fhhvg5dq88xp260d5","target":"TestAttempt:01m09dbn2s4d98hpgaej2gnzc1","request_id":"2c962607-b1f7-47d6-be6b-b2d51355afb1"} 
[2026-08-18 08:51:38] testing.INFO: attempt.started {"audit_id":"01m09dbn6jwj133qts4ryrzzek","actor_id":"01m09dbn67b7vs38t5ykgv3fm9","target":"TestAttempt:01m09dbn6hjskj35aq1b510gtp","request_id":"de859a7b-84b7-46f3-886b-40dd2a3a75d5"} 
[2026-08-18 08:51:38] testing.INFO: attempt.started {"audit_id":"01m09dbncq8x2pf5066vy3yzfr","actor_id":"01m09dbnccm7e4dp7275kw11ae","target":"TestAttempt:01m09dbncp6kw89jcs047dacx1","request_id":"f2879252-3b0c-4995-b672-52bd9bd75a12"} 
[2026-08-18 08:51:38] testing.INFO: attempt.started {"audit_id":"01m09dbnczww982x1c86jen3nw","actor_id":"01m09dbnccm7e4dp7275kw11ae","target":"TestAttempt:01m09dbncp6kw89jcs047dacx1","request_id":"cc90946d-788b-488c-bfed-e0fb2118add7"} 
[2026-08-18 08:51:40] testing.INFO: user.devices_reset {"audit_id":"01m09dbpzstxshxz8zm8g2tyvc","actor_id":"01m09dbpzf8tx4gw46s9fq93ng","target":"User:01m09dbpzhrvb35kcbbg7zm6h5","request_id":"7bcd9fc5-64d2-4ae2-9912-5536f672ae1c"} 
[2026-08-18 08:51:40] testing.INFO: auth.logged_in {"audit_id":"01m09dbq2n8npv8tnm8r2majz3","actor_id":"01m09dbq2dmx1s349e9hrq2rc9","target":"User:01m09dbq2dmx1s349e9hrq2rc9","request_id":"02950706-a00c-43ef-b4c5-d111f4b486f9"} 
[2026-08-18 08:51:40] testing.INFO: auth.logged_in {"audit_id":"01m09dbq5pcw648e0bpfyrdq7d","actor_id":"01m09dbq5cjvnwq7432chszk32","target":"User:01m09dbq5cjvnwq7432chszk32","request_id":"9ccb1840-f072-4501-95a4-e483df4d2177"} 
[2026-08-18 08:51:40] testing.INFO: auth.logged_out {"audit_id":"01m09dbq5wp1216szbtye71sgz","actor_id":"01m09dbq5cjvnwq7432chszk32","target":"User:01m09dbq5cjvnwq7432chszk32","request_id":"3df55f4e-33fc-4462-b874-c5b8f8cdc96b"} 
[2026-08-18 08:51:40] testing.INFO: auth.logged_in {"audit_id":"01m09dbq61rmtvrkpc2vyh5bgs","actor_id":"01m09dbq5cjvnwq7432chszk32","target":"User:01m09dbq5cjvnwq7432chszk32","request_id":"cc325882-fe6f-4888-aef2-659d49884af6"} 
[2026-08-18 08:51:40] testing.INFO: settings.updated {"audit_id":"01m09dbq9ejvbfxckfqqxmbwnm","actor_id":"01m09dbq94829f8djy78rzeqvt","target":":","request_id":"2c1ad1a3-845a-42bc-a005-7d9ece6b96f7"} 
[2026-08-18 08:51:41] testing.INFO: settings.updated {"audit_id":"01m09dbqfwe35fbacrpfyzw22r","actor_id":"01m09dbqfj2yvrxhrm7wk300dw","target":":","request_id":"200928fb-204e-42cf-8545-682fa99e57f9"} 
[2026-08-18 08:51:41] testing.INFO: settings.updated {"audit_id":"01m09dbqk18frh8n6jrryqk2wk","actor_id":"01m09dbqjr0h05d6wsy3vyprwt","target":":","request_id":"a9ede306-c43f-4e0e-9616-219124c01790"} 
[2026-08-18 08:51:41] testing.INFO: settings.updated {"audit_id":"01m09dbqs1pnyw7ph6mmbq7j18","actor_id":"01m09dbqrp8z7sd35fb7xwaev8","target":":","request_id":"7e23769c-1557-40d5-8c09-18889003b0e2"} 
[2026-08-18 08:51:41] testing.INFO: settings.updated {"audit_id":"01m09dbqs8y4qqs271b4rbsnae","actor_id":"01m09dbqrp8z7sd35fb7xwaev8","target":":","request_id":"49e12a1f-62ae-42a4-8585-aedbdefd4522"} 
[2026-08-18 08:51:41] testing.INFO: settings.updated {"audit_id":"01m09dbr7n86r2re796dxx7vp6","actor_id":"01m09dbr7c4hyktve1syqb6f90","target":":","request_id":"8148cf17-ccc7-41f8-b382-d6dbf744195b"} 
[2026-08-18 08:51:42] testing.INFO: refund.recorded {"audit_id":"01m09dbrv5r2rnvnm7rq6ptng3","actor_id":"01m09dbrtnztpzynybysrp9ayv","target":"Refund:01m09dbrv46sxc9h3wekxjnmga","request_id":"ff8c5c12-1dde-4050-9790-daabda85e951"} 
[2026-08-18 08:51:42] testing.INFO: refund.processed {"audit_id":"01m09dbrvm4s6j7zjhh92wmabp","actor_id":"01m09dbrtq9yk4kfje2nf5sx4q","target":"Refund:01m09dbrv46sxc9h3wekxjnmga","request_id":"3c2effc5-3be8-4af0-a152-7d6dc90bb0ec"} 
[2026-08-18 08:51:42] testing.INFO: payment.approved {"audit_id":"01m09dbryywnh85991eqk1ahek","actor_id":"01m09dbryegc7gm9c0b77zda3a","target":"Payment:01m09dbryfs1ke13e63s3rgg8w","request_id":"054a4e70-7942-483e-8693-b289d96855dc"} 
[2026-08-18 08:51:43] testing.INFO: payment.rejected {"audit_id":"01m09dbsesz49bs20evaqk7jng","actor_id":"01m09dbsed1sn9n0tngnnvadap","target":"Payment:01m09dbseejzvjbb8769zprnb0","request_id":"47955a1d-e525-4414-b41d-c5c9d13e86a8"} 
[2026-08-18 08:51:43] testing.INFO: payment.approved {"audit_id":"01m09dbshx83geetb2w5da0vmt","actor_id":"01m09dbshm1y2thfcvbacbthrd","target":"Payment:01m09dbshpve993jf18yn6frdc","request_id":"ed374aa2-786d-4ae8-9052-08184422a401"} 
[2026-08-18 09:18:40] testing.INFO: settings.updated {"audit_id":"01m09ex5b69t9mxsw1jb472hfb","actor_id":"01m09ex58grshf8r464krfsnq8","target":":","request_id":"d789f326-6a94-409a-9ef9-1da494258951"} 
[2026-08-18 09:18:41] testing.INFO: settings.updated {"audit_id":"01m09ex5ks0sa3ma12ams1jgw1","actor_id":"01m09ex5khakp9m1ab8rfzee1n","target":":","request_id":"0141d4c1-bc92-44df-b6a8-d8149ac76b01"} 
[2026-08-18 09:18:41] testing.INFO: settings.updated {"audit_id":"01m09ex5sxn8988cegmwahm18v","actor_id":"01m09ex5sj8zn1046rwfsret2j","target":":","request_id":"ca61e8fa-cacf-49f1-910f-13e59013eaea"} 
[2026-08-18 09:18:41] testing.INFO: attempt.started {"audit_id":"01m09ex5xjsrvkm1drdd7ntp38","actor_id":"01m09ex5x0qe7r6yzfcnf2m8wv","target":"TestAttempt:01m09ex5xhner1m8bt4py4mbv5","request_id":"1daa2202-822f-4004-b9a0-4188b301f1ea"} 
[2026-08-18 09:18:41] testing.INFO: attempt.started {"audit_id":"01m09ex64k1bzf2803zmhzxv4s","actor_id":"01m09ex6468p9g3hevzgz486sd","target":"TestAttempt:01m09ex64jn592hba7xad15vgb","request_id":"7c89fdba-ec44-48cc-b03b-b6c5432fb284"} 
[2026-08-18 09:18:41] testing.INFO: attempt.started {"audit_id":"01m09ex64wpsqqg7pmq21t55b8","actor_id":"01m09ex6468p9g3hevzgz486sd","target":"TestAttempt:01m09ex64jn592hba7xad15vgb","request_id":"dea31089-3106-4865-8902-d95e2ec1d2fa"} 
[2026-08-18 09:18:41] testing.INFO: attempt.started {"audit_id":"01m09ex686nttqg3qy83nn9v94","actor_id":"01m09ex67t8n18wspbn812shhe","target":"TestAttempt:01m09ex685qv797k7zhxttaaq1","request_id":"279fbd0e-d679-4406-8354-1ab4b52eba02"} 
[2026-08-18 09:18:41] testing.INFO: attempt.started {"audit_id":"01m09ex6bv769j9nxd0ndn7rm1","actor_id":"01m09ex6bf5j548jbv1natwntp","target":"TestAttempt:01m09ex6btap25gdb8k5pndpjn","request_id":"7c91e626-35d5-4e97-9d6c-6ab9f9f87455"} 
[2026-08-18 09:18:41] testing.INFO: attempt.submitted {"audit_id":"01m09ex6cc9x486jp3kj4tc0x8","actor_id":"01m09ex6bf5j548jbv1natwntp","target":"TestAttempt:01m09ex6btap25gdb8k5pndpjn","request_id":"53cc56f8-a64b-4f80-a81f-4797a1693683"} 
[2026-08-18 09:18:42] testing.INFO: auth.logged_in {"audit_id":"01m09ex6jz8w9seqdg0f0wdh37","actor_id":"01m09ex6jfjn72a5ngrqhw3cec","target":"User:01m09ex6jfjn72a5ngrqhw3cec","request_id":"8a741eb0-9913-428a-a5a4-174a86f65a34"} 
[2026-08-18 09:18:42] testing.INFO: auth.logged_out {"audit_id":"01m09ex6kj0vyeevtjx1evkty7","actor_id":"01m09ex6jfjn72a5ngrqhw3cec","target":"User:01m09ex6jfjn72a5ngrqhw3cec","request_id":"474ba0b5-4484-4d65-9929-928a4d85fd31"} 
[2026-08-18 09:18:42] testing.INFO: auth.logged_in {"audit_id":"01m09ex6kpv1enbayt1nynhb7v","actor_id":"01m09ex6jfjn72a5ngrqhw3cec","target":"User:01m09ex6jfjn72a5ngrqhw3cec","request_id":"b4c11584-51c6-4a95-b020-69c7e4ecf694"} 
[2026-08-18 09:18:42] testing.INFO: auth.account_locked {"audit_id":"01m09ex6t7vp4nsv6yjbmh9sec","actor_id":"01m09ex6shz0jpcm66dpdej53e","target":"User:01m09ex6shz0jpcm66dpdej53e","request_id":"44f190d9-7371-400d-b409-ad224006338f"} 
[2026-08-18 09:18:42] testing.INFO: auth.password_changed {"audit_id":"01m09ex6xmyz4hamv3dzwqcqyp","actor_id":"01m09ex6x4apbf8mcty3ax3gcm","target":"User:01m09ex6x4apbf8mcty3ax3gcm","request_id":"2f693064-a12f-44bd-ad7a-f342f12d6c98"} 
[2026-08-18 09:18:42] testing.INFO: account.profile_updated {"audit_id":"01m09ex70pnvncvrfefp9x89v5","actor_id":"01m09ex70dhf1szda1vm3ee8qr","target":"User:01m09ex70dhf1szda1vm3ee8qr","request_id":"414526fd-73c7-45bb-a239-1dfa8aa65b7b"} 
[2026-08-18 09:18:42] testing.INFO: auth.logged_in {"audit_id":"01m09ex770mf7wng3vjrgby0pn","actor_id":"01m09ex76qgw5jw47t6ez01pxb","target":"User:01m09ex76qgw5jw47t6ez01pxb","request_id":"42608c77-265d-4cf3-be65-fad95ebba649"} 
[2026-08-18 09:18:42] testing.INFO: auth.logged_out {"audit_id":"01m09ex7766800psg5z4r74her","actor_id":"01m09ex76qgw5jw47t6ez01pxb","target":"User:01m09ex76qgw5jw47t6ez01pxb","request_id":"b91f0a71-2726-448a-8415-d0551f5a31c1"} 
[2026-08-18 09:18:42] testing.INFO: auth.logged_in {"audit_id":"01m09ex77cjb7s0yzg1esw1yd1","actor_id":"01m09ex76qgw5jw47t6ez01pxb","target":"User:01m09ex76qgw5jw47t6ez01pxb","request_id":"22494057-3b88-4c3b-9ac8-3f1e322275e1"} 
[2026-08-18 09:18:42] testing.INFO: auth.logged_in {"audit_id":"01m09ex7aewfec87grz6davsf6","actor_id":"01m09ex7a6tnwfx96gy0egbk00","target":"User:01m09ex7a6tnwfx96gy0egbk00","request_id":"a964cb3b-720d-4fc9-b958-d592e4b3fdb5"} 
[2026-08-18 09:18:42] testing.INFO: user.devices_reset {"audit_id":"01m09ex7e0r208mzaa59pa6hn8","actor_id":"01m09ex7dkqtk5yg1mxrf2c296","target":"User:01m09ex7dndwmj35rr6es35qs3","request_id":"906d1701-93dd-492a-b655-b0127f62bf6d"} 
[2026-08-18 09:18:43] testing.INFO: settings.updated {"audit_id":"01m09ex7sfckrb568wqmx8wvmv","actor_id":"01m09ex7s66y7ymv6vv8tnpad5","target":":","request_id":"a4a31076-b04c-48a6-9ab2-d8ef2b28337b"} 
[2026-08-18 09:18:43] testing.INFO: settings.updated {"audit_id":"01m09ex7wshs6qe0pw0987qtg0","actor_id":"01m09ex7wgfww4wpv9fgnxsz4y","target":":","request_id":"2bf5870d-eef7-45c2-82d8-1c7145ccf85b"} 
[2026-08-18 09:18:43] testing.INFO: settings.updated {"audit_id":"01m09ex7x1q9br9z032v15ah1k","actor_id":"01m09ex7wgfww4wpv9fgnxsz4y","target":":","request_id":"6b23a5c8-3438-41ac-a7d0-4ca788b15f6a"} 
[2026-08-18 09:18:43] testing.INFO: payment.approved {"audit_id":"01m09ex848xfajz3jd6qx9p2h2","actor_id":"01m09ex83a47qgf1myyq1mp89k","target":"Payment:01m09ex83ca4h34zeejvc3nx47","request_id":"72af7432-8fc6-4dec-9ccc-7881ceab2d8a"} 
[2026-08-18 09:18:43] testing.INFO: payment.approved {"audit_id":"01m09ex8az1zmqt9ttj1tp4nbb","actor_id":"01m09ex8apekxn2brwx6vwgwz8","target":"Payment:01m09ex8ar0gf1sez2rcfabrm1","request_id":"50d7c279-6990-440d-8f38-49b377815436"} 
[2026-08-18 09:18:44] testing.INFO: payment.rejected {"audit_id":"01m09ex8ecfsz39k2xeyyhg53f","actor_id":"01m09ex8e0xjqmcc6vfvybx5nc","target":"Payment:01m09ex8e1r91e179yt7sfs8va","request_id":"e7bb8a5f-1594-4979-84ed-41c94c1ce971"} 
[2026-08-18 09:18:44] testing.INFO: refund.recorded {"audit_id":"01m09ex8r8vcke5ztgzpp0k0gp","actor_id":"01m09ex8qpccgfm8t8zcgkcps6","target":"Refund:01m09ex8r7faghanh7zfhzk82z","request_id":"7c7caedd-2b36-44e6-a65b-9fc5039ad357"} 
[2026-08-18 09:18:44] testing.INFO: refund.processed {"audit_id":"01m09ex8rpv5abztggbpvthjde","actor_id":"01m09ex8qrpnz1mesqzw90pkdj","target":"Refund:01m09ex8r7faghanh7zfhzk82z","request_id":"65e67258-4846-4f1e-b68b-37a617d16541"} 
[2026-08-18 09:30:20] testing.INFO: settings.updated {"audit_id":"01m09fjgcf45bsfh5kqnwy2r6a","actor_id":"01m09fjga3jrmtcs8wmmeqgcyw","target":":","request_id":"e5e0f3f9-6e77-4873-b0d0-0045d4a4d531"} 
[2026-08-18 09:30:20] testing.INFO: settings.updated {"audit_id":"01m09fjgp425a0976jw5tn9nkg","actor_id":"01m09fjgntphq1sd2rassraxcs","target":":","request_id":"d06f4705-9644-48b7-a788-11bd93166df9"} 
[2026-08-18 09:30:20] testing.INFO: settings.updated {"audit_id":"01m09fjgx8cmqpcaf3sgtzaz3y","actor_id":"01m09fjgwvcnekaaayqh5tj4nm","target":":","request_id":"b80ef75b-4f60-4197-b05e-5a337ee576d6"} 
[2026-08-18 09:30:20] testing.INFO: attempt.started {"audit_id":"01m09fjh1tpg1qyt1nzsk92vpp","actor_id":"01m09fjh162pjbxafz6eegfnja","target":"TestAttempt:01m09fjh1sxw3n9wr1jct47nqt","request_id":"2e38056e-5b20-4517-a2cf-0a4469977b94"} 
[2026-08-18 09:30:21] testing.INFO: attempt.started {"audit_id":"01m09fjh9g7n1nbzzx7gh2ezdb","actor_id":"01m09fjh91cp81zhjhtg5ys1gd","target":"TestAttempt:01m09fjh9eq2qe48jtgbbfm9gb","request_id":"e172862a-f5bc-4b35-bae4-597d685cfe0a"} 
[2026-08-18 09:30:21] testing.INFO: attempt.started {"audit_id":"01m09fjh9t7rcgj4mrwq5c5mam","actor_id":"01m09fjh91cp81zhjhtg5ys1gd","target":"TestAttempt:01m09fjh9eq2qe48jtgbbfm9gb","request_id":"8ce1048d-2246-42e9-a177-cc7d6b871f46"} 
[2026-08-18 09:30:21] testing.INFO: attempt.started {"audit_id":"01m09fjhdhejn00myt9g6gs82b","actor_id":"01m09fjhd3bym2z1r6qfnd6qas","target":"TestAttempt:01m09fjhdg5vbagbvk943a0dff","request_id":"734d5151-0a2f-4427-a3ba-969a0c2cacd5"} 
[2026-08-18 09:30:21] testing.INFO: attempt.started {"audit_id":"01m09fjhhkbmfvy6jj4dn7vweb","actor_id":"01m09fjhh5enp5jkv1n7rjmx46","target":"TestAttempt:01m09fjhhhqvdn3qhsxqc0p27t","request_id":"9fcad8f8-1e83-44a1-8e08-df49e35ea871"} 
[2026-08-18 09:30:21] testing.INFO: attempt.submitted {"audit_id":"01m09fjhj6a7k5fhbf1c82cdk1","actor_id":"01m09fjhh5enp5jkv1n7rjmx46","target":"TestAttempt:01m09fjhhhqvdn3qhsxqc0p27t","request_id":"5abf5b84-1544-4433-9049-02949f49b638"} 
[2026-08-18 09:30:21] testing.INFO: auth.logged_in {"audit_id":"01m09fjht3712xbpmmyhqkt2at","actor_id":"01m09fjhskcvvb22fm4ppw66he","target":"User:01m09fjhskcvvb22fm4ppw66he","request_id":"5cb33d4d-ad21-4af8-84e3-d403ea9e8f55"} 
[2026-08-18 09:30:21] testing.INFO: auth.logged_out {"audit_id":"01m09fjhtqzf28eyy0gc1vqzsq","actor_id":"01m09fjhskcvvb22fm4ppw66he","target":"User:01m09fjhskcvvb22fm4ppw66he","request_id":"e4adc510-b095-441c-bd22-5ed2a1a67e9f"} 
[2026-08-18 09:30:21] testing.INFO: auth.logged_in {"audit_id":"01m09fjhtw3z095jxfqdpn41rv","actor_id":"01m09fjhskcvvb22fm4ppw66he","target":"User:01m09fjhskcvvb22fm4ppw66he","request_id":"d3ffd32f-61c4-48cf-b047-1a22a5ed9b78"} 
[2026-08-18 09:30:22] testing.INFO: auth.account_locked {"audit_id":"01m09fjj2hs83ahh8fde6ndmrc","actor_id":"01m09fjj1pwz6p9vdsyt0v59sm","target":"User:01m09fjj1pwz6p9vdsyt0v59sm","request_id":"8b9b1da6-5f9d-41f3-98a7-4e0b12a5fa21"} 
[2026-08-18 09:30:22] testing.INFO: auth.password_changed {"audit_id":"01m09fjj6etj071t5yq5rgxtdd","actor_id":"01m09fjj5wz2nqfk37kn6sj269","target":"User:01m09fjj5wz2nqfk37kn6sj269","request_id":"22a32c3e-1a1f-4b91-a4ae-7a24ffcd4e4e"} 
[2026-08-18 09:30:22] testing.INFO: account.profile_updated {"audit_id":"01m09fjj9wx0r71eyhedb1xw71","actor_id":"01m09fjj9kvspdvhktdqyqwq6k","target":"User:01m09fjj9kvspdvhktdqyqwq6k","request_id":"512a68a7-cb51-415c-950e-0ad90350f0fe"} 
[2026-08-18 09:30:22] testing.INFO: auth.logged_in {"audit_id":"01m09fjjgs20bgtc5bqhq33a5n","actor_id":"01m09fjjgfx2bv892xggf4ddmn","target":"User:01m09fjjgfx2bv892xggf4ddmn","request_id":"b1019e1c-54b3-4646-a497-ebddb080d724"} 
[2026-08-18 09:30:22] testing.INFO: auth.logged_out {"audit_id":"01m09fjjh00s0cd311cngzt3ma","actor_id":"01m09fjjgfx2bv892xggf4ddmn","target":"User:01m09fjjgfx2bv892xggf4ddmn","request_id":"bd499cda-9d76-4bea-9aa8-8155fccc5dd7"} 
[2026-08-18 09:30:22] testing.INFO: auth.logged_in {"audit_id":"01m09fjjh6qqh41s3tam78ngb4","actor_id":"01m09fjjgfx2bv892xggf4ddmn","target":"User:01m09fjjgfx2bv892xggf4ddmn","request_id":"6f3b08c1-a414-40e7-bfeb-51724e888c64"} 
[2026-08-18 09:30:22] testing.INFO: auth.logged_in {"audit_id":"01m09fjjmemm0ch2b3ved6t7h0","actor_id":"01m09fjjm667jkrbbx5ghdkqym","target":"User:01m09fjjm667jkrbbx5ghdkqym","request_id":"13b7729a-8c33-46ec-839b-e2c41cf5d9f6"} 
[2026-08-18 09:30:22] testing.INFO: user.devices_reset {"audit_id":"01m09fjjr9tpawcy70hhemby2d","actor_id":"01m09fjjqtnq35gprrsvcjga1q","target":"User:01m09fjjqwwm4m6zs7nca84avy","request_id":"94374443-cfbd-4fee-a96f-5dc61ef95eb3"} 
[2026-08-18 09:30:23] testing.INFO: settings.updated {"audit_id":"01m09fjk5gxtgr2z2vqvfgnkyx","actor_id":"01m09fjk57hsekeg6j39hra300","target":":","request_id":"d48c8ced-e383-4105-903d-964061a1f63a"} 
[2026-08-18 09:30:23] testing.INFO: settings.updated {"audit_id":"01m09fjk93a41wvef7hjg0jcr6","actor_id":"01m09fjk8sj2nnbk4b87js3fkp","target":":","request_id":"b7b54267-4fc0-460f-8c2c-61ef440249e9"} 
[2026-08-18 09:30:23] testing.INFO: settings.updated {"audit_id":"01m09fjk9crbs0x77e64rj5e0s","actor_id":"01m09fjk8sj2nnbk4b87js3fkp","target":":","request_id":"23ebedbd-aaf8-4569-beff-57b6656a26a4"} 
[2026-08-18 09:30:23] testing.INFO: payment.approved {"audit_id":"01m09fjkh1cmffpx5eesc5qdgq","actor_id":"01m09fjkg7cw431f22en77m9zq","target":"Payment:01m09fjkg9kjfm8af23d4vp88e","request_id":"2a1ee44e-5e20-4511-9e15-50358370893e"} 
[2026-08-18 09:30:23] testing.INFO: payment.approved {"audit_id":"01m09fjkrrv8wjqtx3afr3hhbm","actor_id":"01m09fjkr4f8550rdtv5a6z06z","target":"Payment:01m09fjkr6h2qncsfgpn2qbt68","request_id":"ee122687-f8f0-4449-973a-9dc738e6a08f"} 
[2026-08-18 09:30:23] testing.INFO: payment.rejected {"audit_id":"01m09fjkxcccdq3r2tgr0vemqh","actor_id":"01m09fjkwzr62e21pgthxfyrpj","target":"Payment:01m09fjkx04g900wgm39bs1eyw","request_id":"82203477-a6d2-433e-afc3-7d749f0b4cf7"} 
[2026-08-18 09:30:24] testing.INFO: refund.recorded {"audit_id":"01m09fjm86vp64sjkn2eks1q25","actor_id":"01m09fjm7expt4xektg59k1c45","target":"Refund:01m09fjm85kts75f2w4gq3c0ap","request_id":"20f8cd72-4338-4679-a9b4-8a03e5c25972"} 
[2026-08-18 09:30:24] testing.INFO: refund.processed {"audit_id":"01m09fjm8r1d4wk51derw3svqm","actor_id":"01m09fjm7hkfqphmbqad76y6ee","target":"Refund:01m09fjm85kts75f2w4gq3c0ap","request_id":"5c53aaeb-49e6-4685-9641-06b78cee0bd6"} 
[2026-08-18 10:43:01] local.INFO: auth.logged_in {"audit_id":"01m09kqkdxd0r4s1a4b6f0njmm","actor_id":"01kzwcmb0pey1djqv1dwen7t6z","target":"User:01kzwcmb0pey1djqv1dwen7t6z","request_id":"7085e36f-0267-467a-8ed2-8b2d07341c90"} 
[2026-08-18 10:44:13] local.INFO: course.created {"audit_id":"01m09kst3h162emxzwd51pvkax","actor_id":"01kzwcmb0pey1djqv1dwen7t6z","target":"Course:01m09kst38p1vhsbh54gb7n9zz","request_id":"51407458-9e0a-4d8a-bbb8-273de523345b"} 
[2026-08-18 10:44:33] local.INFO: auth.logged_out {"audit_id":"01m09ktcy96h8e3j7k7p4z36cd","actor_id":"01kzwcmb0pey1djqv1dwen7t6z","target":"User:01kzwcmb0pey1djqv1dwen7t6z","request_id":"27bc1076-8e3c-4643-9337-d46f1c6a1b1f"} 
[2026-08-18 10:45:12] local.INFO: auth.logged_in {"audit_id":"01m09kvjty7t0v4z8nwbmspd4m","actor_id":"01kzwpg5bwwz65npwwynex5fr9","target":"User:01kzwpg5bwwz65npwwynex5fr9","request_id":"1ccf565e-ea0c-4991-86a9-1e7d10eb76b6"} 
[2026-08-18 10:45:51] local.INFO: auth.logged_out {"audit_id":"01m09kwsnq6awj5r1fn03tz1ah","actor_id":"01kzwpg5bwwz65npwwynex5fr9","target":"User:01kzwpg5bwwz65npwwynex5fr9","request_id":"fedf27f8-0a0a-4cf7-aa8e-c650bfaf31f1"} 
[2026-08-18 10:46:04] local.INFO: auth.logged_in {"audit_id":"01m09kx5x1ctxvh4x7yxnzbkyz","actor_id":"01kzwcmb0pey1djqv1dwen7t6z","target":"User:01kzwcmb0pey1djqv1dwen7t6z","request_id":"d01104bc-c550-4582-a804-e7d897412f13"} 
[2026-08-18 10:46:51] local.INFO: batch.created {"audit_id":"01m09kykzfbr0n6gb7k9myjks9","actor_id":"01kzwcmb0pey1djqv1dwen7t6z","target":"Batch:01m09kykz0gmrmj159preqrdc0","request_id":"8c0b9fbc-c8fe-4bad-82ee-00a52c1e7866"} 
[2026-08-18 10:48:01] local.INFO: batch.created {"audit_id":"01m09m0qwxvm8m71xwe9ayrmz8","actor_id":"01kzwcmb0pey1djqv1dwen7t6z","target":"Batch:01m09m0qwhrzytbx9bc19kpjt4","request_id":"c487db8b-6dcb-4d99-a5ea-96552db3795e"} 
[2026-08-18 10:48:43] local.INFO: class.created {"audit_id":"01m09m21ev7x5mjr7q0mbkw18n","actor_id":"01kzwcmb0pey1djqv1dwen7t6z","target":"ClassSession:01m09m21efte5fywfpvj2tsa2m","request_id":"5c67a433-7831-4154-8125-ebed60a27c27"} 
[2026-08-18 10:48:50] local.INFO: auth.logged_out {"audit_id":"01m09m28amspjnkeckf1x38kzh","actor_id":"01kzwcmb0pey1djqv1dwen7t6z","target":"User:01kzwcmb0pey1djqv1dwen7t6z","request_id":"dd3407e9-9886-46c9-bfbe-7da6bcfa4171"} 
[2026-08-18 10:48:58] local.INFO: auth.logged_in {"audit_id":"01m09m2g8q5xvw9nmqs1demmaa","actor_id":"01kzwpg5bwwz65npwwynex5fr9","target":"User:01kzwpg5bwwz65npwwynex5fr9","request_id":"c6ebd918-8819-4e30-8803-0421ddd830f0"} 
[2026-08-18 10:49:45] local.INFO: payment.submitted {"audit_id":"01m09m3y1m1717er0681m1eyv5","actor_id":"01kzwpg5bwwz65npwwynex5fr9","target":"Payment:01m09m3y1effs48z2cvfvj5jy0","request_id":"ad26bdc9-28e4-4b69-87b4-923c7a47b1d3"} 
[2026-08-18 10:50:03] local.INFO: auth.logged_out {"audit_id":"01m09m4fy984fxnqv8pf2tam0n","actor_id":"01kzwpg5bwwz65npwwynex5fr9","target":"User:01kzwpg5bwwz65npwwynex5fr9","request_id":"7e714735-e4c7-4f5c-9512-f72c94102977"} 
[2026-08-18 10:50:16] local.INFO: auth.logged_in {"audit_id":"01m09m4vqn6qv2yt0caaa40fem","actor_id":"01kzwcmb0pey1djqv1dwen7t6z","target":"User:01kzwcmb0pey1djqv1dwen7t6z","request_id":"2ef09041-4327-4c94-a789-5cb986365b57"} 
[2026-08-18 11:44:27] testing.INFO: attempt.started {"audit_id":"01m09q82xs39xeag4yc1qw6r9w","actor_id":"01m09q82x9pw3rztcaed0f4r6v","target":"TestAttempt:01m09q82xrp7jzegk256k198gd","request_id":"faf3aa43-c51d-4df1-8fc1-631f01c498e3"} 
[2026-08-18 11:44:27] testing.INFO: attempt.started {"audit_id":"01m09q835657gnw0wdep3wr5e6","actor_id":"01m09q834ta3tvpnmhs57vyczk","target":"TestAttempt:01m09q83558xxqkqq7wencnpj8","request_id":"b1be78b9-0225-4bc3-b93d-318b1faecfa3"} 
[2026-08-18 11:44:27] testing.INFO: attempt.started {"audit_id":"01m09q835eh5ey60fnywvxz96k","actor_id":"01m09q834ta3tvpnmhs57vyczk","target":"TestAttempt:01m09q83558xxqkqq7wencnpj8","request_id":"7fb18b73-add6-4a0f-9c65-ff3d2300cc26"} 
[2026-08-18 11:44:27] testing.INFO: attempt.started {"audit_id":"01m09q83929tbjk9kmc5d8c2cb","actor_id":"01m09q838m8m45rxgzf5j6apk9","target":"TestAttempt:01m09q8391rrycw4s96d97xgdp","request_id":"9a4ec685-d58c-405d-a47b-2c331340971b"} 
[2026-08-18 11:44:27] testing.INFO: attempt.started {"audit_id":"01m09q83cz4jv0q6nnxn67rw02","actor_id":"01m09q83ck8x07053sd47pvyzj","target":"TestAttempt:01m09q83cy2frg6s9wqjbjdej7","request_id":"1763470b-1601-4d28-bc5c-5b012123ea4f"} 
[2026-08-18 11:44:27] testing.INFO: attempt.submitted {"audit_id":"01m09q83de53824826swcmws8j","actor_id":"01m09q83ck8x07053sd47pvyzj","target":"TestAttempt:01m09q83cy2frg6s9wqjbjdej7","request_id":"03d3a436-2e4f-48ed-9014-16a7e9610b38"} 
[2026-08-18 11:44:28] testing.INFO: auth.logged_in {"audit_id":"01m09q83m4rsxkaynfpdj104bf","actor_id":"01m09q83ks8watv06c64ghjhe9","target":"User:01m09q83ks8watv06c64ghjhe9","request_id":"34e82b23-1efd-46dc-b012-d0b93325914d"} 
[2026-08-18 11:44:28] testing.INFO: auth.logged_out {"audit_id":"01m09q83mkj3fbgmdj2pxtcvkc","actor_id":"01m09q83ks8watv06c64ghjhe9","target":"User:01m09q83ks8watv06c64ghjhe9","request_id":"d54f73fa-c24a-4015-bf39-cbe49ec46fbf"} 
[2026-08-18 11:44:28] testing.INFO: auth.logged_in {"audit_id":"01m09q83mqmtk2btf70w1ebhw0","actor_id":"01m09q83ks8watv06c64ghjhe9","target":"User:01m09q83ks8watv06c64ghjhe9","request_id":"a26a1dec-3939-4893-92bb-fc75b33296f7"} 
[2026-08-18 11:44:28] testing.INFO: auth.account_locked {"audit_id":"01m09q83vhask2sx37mq0522dr","actor_id":"01m09q83tvw9bx9jgfesqxecxj","target":"User:01m09q83tvw9bx9jgfesqxecxj","request_id":"1c71ad6b-a5d9-4f89-94fe-4a6300393b7b"} 
[2026-08-18 11:44:28] testing.INFO: auth.password_changed {"audit_id":"01m09q83z1nt8ts1gy5fa3rhcj","actor_id":"01m09q83ygdkk1n1wgvd4z6336","target":"User:01m09q83ygdkk1n1wgvd4z6336","request_id":"abb35c9f-9015-406a-925f-534ee99e2335"} 
[2026-08-18 11:44:28] testing.INFO: account.profile_updated {"audit_id":"01m09q842fv0vgr4ps2jge5m53","actor_id":"01m09q8420f8rbn6jmgxkk7apk","target":"User:01m09q8420f8rbn6jmgxkk7apk","request_id":"bd015523-f1c6-4469-be68-7b00470f3da4"} 
[2026-08-18 11:44:28] testing.INFO: auth.logged_in {"audit_id":"01m09q848jkg5he9n7d64fca74","actor_id":"01m09q8489mf7jp7ptx1jsxgf4","target":"User:01m09q8489mf7jp7ptx1jsxgf4","request_id":"b334ee8b-a28f-4e26-a11a-c89dd8c86d6f"} 
[2026-08-18 11:44:28] testing.INFO: auth.logged_out {"audit_id":"01m09q848r6c4ysh0yam69xabg","actor_id":"01m09q8489mf7jp7ptx1jsxgf4","target":"User:01m09q8489mf7jp7ptx1jsxgf4","request_id":"440fc8ec-b699-4869-a6bc-a5f3554f2ad8"} 
[2026-08-18 11:44:28] testing.INFO: auth.logged_in {"audit_id":"01m09q848y6mdwwm7vqkzyghrk","actor_id":"01m09q8489mf7jp7ptx1jsxgf4","target":"User:01m09q8489mf7jp7ptx1jsxgf4","request_id":"bd28327d-0e55-4fde-9714-3a06becb9b78"} 
[2026-08-18 11:44:28] testing.INFO: auth.logged_in {"audit_id":"01m09q84c6xddyt58a63f7ytmt","actor_id":"01m09q84bzdpdfrkg0enfken5c","target":"User:01m09q84bzdpdfrkg0enfken5c","request_id":"ee4144e2-1ad1-4e92-9f5e-6a61d2b5526e"} 
[2026-08-18 11:44:29] testing.INFO: user.devices_reset {"audit_id":"01m09q84fxp7esxatmw4nqtka3","actor_id":"01m09q84fdcgyg680cmbe6w522","target":"User:01m09q84fgn721k63ghv0vnb1y","request_id":"ddc84448-7122-4b0b-a1f7-0bf74a56f963"} 
[2026-08-18 11:44:29] testing.INFO: payment.approved {"audit_id":"01m09q856a1ae9z6yz99f4vqeg","actor_id":"01m09q855mzf8t793vdzedf3w4","target":"Payment:01m09q855nmsan347c36zx4psp","request_id":"0f82a9d0-5cf5-4ba5-b5e8-fb8832390371"} 
[2026-08-18 11:44:29] testing.INFO: payment.approved {"audit_id":"01m09q85drddqd0p4k9s6fq53j","actor_id":"01m09q85dfnn0c88wd7kgvh51t","target":"Payment:01m09q85dh5wfaa5v552amfhjf","request_id":"7aada4d1-5d0a-4281-a6eb-6bb2eb7ca851"} 
[2026-08-18 11:44:30] testing.INFO: payment.rejected {"audit_id":"01m09q85h7z8m08v15n3t424g4","actor_id":"01m09q85gt9ks9ed60bcjtv5pb","target":"Payment:01m09q85gwd2w6jcs00bdfk5bj","request_id":"ce48e0b5-bc1b-4ea6-8a35-42592a15be70"} 
[2026-08-18 11:44:30] testing.INFO: refund.recorded {"audit_id":"01m09q85v7pw5dx10ekccpzyfn","actor_id":"01m09q85tnz9gyyymfkb86nwjs","target":"Refund:01m09q85v6mf1a5sw6jzrfhnqz","request_id":"5ba98eb0-9664-4079-9ae6-f89d8599e54c"} 
[2026-08-18 11:44:30] testing.INFO: refund.processed {"audit_id":"01m09q85vqx7n2fphe8mg2qea0","actor_id":"01m09q85tqsbyyw8tja7c6z8kb","target":"Refund:01m09q85v6mf1a5sw6jzrfhnqz","request_id":"77cf7433-dbc9-498f-a854-a973bc520a7f"} 
[2026-08-18 11:44:32] testing.INFO: user.suspend {"audit_id":"01m09q87da2prg5xcv4agdq64r","actor_id":"01m09q87cj14dx0ps86p76g43g","target":"User:01m09q87cp1t68cs24vpt17qtw","request_id":"645b2383-45f6-470d-8abb-c8071ea27e93"} 
[2026-08-18 11:44:32] testing.INFO: user.updated {"audit_id":"01m09q87gmyw3yq4rht9qkjhyj","actor_id":"01m09q87ga3ka09m8kvjyyzfs8","target":"User:01m09q87gcg8w18b5kccy1s2sa","request_id":"37f233b5-8dfb-4b71-b696-1a5774b947e4"} 
[2026-08-18 11:44:58] testing.INFO: attempt.started {"audit_id":"01m09q91dbb7dzdsf082mxxts3","actor_id":"01m09q91cvheky6m9ry43cgymy","target":"TestAttempt:01m09q91da1yaf17yg18gms4p1","request_id":"d5ff9089-7dc6-40a2-92fd-e59bb25381eb"} 
[2026-08-18 11:44:58] testing.INFO: attempt.started {"audit_id":"01m09q91m20wnbg5sjbw6d3reh","actor_id":"01m09q91kpkfy1h3jf7xtd0fwt","target":"TestAttempt:01m09q91m1tdv9kbt1n8h2w1f4","request_id":"74a4c752-68bc-4b90-aa6a-63d8afb4b283"} 
[2026-08-18 11:44:58] testing.INFO: attempt.started {"audit_id":"01m09q91macx13ft0fw2rxr173","actor_id":"01m09q91kpkfy1h3jf7xtd0fwt","target":"TestAttempt:01m09q91m1tdv9kbt1n8h2w1f4","request_id":"b588cd4d-3581-4964-8513-85ca369df704"} 
[2026-08-18 11:44:58] testing.INFO: attempt.started {"audit_id":"01m09q91qn9y94nhmd3xzja1p9","actor_id":"01m09q91q8dqb5chxyqcvews9z","target":"TestAttempt:01m09q91qmtr29zwmmd1754zp7","request_id":"79557d94-4020-4c62-855b-27a502da3d67"} 
[2026-08-18 11:44:59] testing.INFO: attempt.started {"audit_id":"01m09q91vgy7b9b87zffbvby2n","actor_id":"01m09q91v55zqgeffnwj1sz4bp","target":"TestAttempt:01m09q91vfc9ph005v3r1zsmt5","request_id":"e0b15b33-321b-48f4-b68a-f0bae4b0adf3"} 
[2026-08-18 11:44:59] testing.INFO: attempt.submitted {"audit_id":"01m09q91vzgcd641vy3a4ax713","actor_id":"01m09q91v55zqgeffnwj1sz4bp","target":"TestAttempt:01m09q91vfc9ph005v3r1zsmt5","request_id":"7408fbc3-28d7-4f67-a3b9-c023e0bb4fea"} 
[2026-08-18 11:44:59] testing.INFO: auth.logged_in {"audit_id":"01m09q922g3w56x3t9cb5y401r","actor_id":"01m09q9226wmb0005ssdyr3jrf","target":"User:01m09q9226wmb0005ssdyr3jrf","request_id":"59e0a6b1-a5d7-4b4d-a401-848061210ee5"} 
[2026-08-18 11:44:59] testing.INFO: auth.logged_out {"audit_id":"01m09q922t0g9rb3gqakp3pxqc","actor_id":"01m09q9226wmb0005ssdyr3jrf","target":"User:01m09q9226wmb0005ssdyr3jrf","request_id":"bfece7c8-4dfc-4ddf-b4e8-46072e08efa1"} 
[2026-08-18 11:44:59] testing.INFO: auth.logged_in {"audit_id":"01m09q922z87hwrd9n2e9gy6jq","actor_id":"01m09q9226wmb0005ssdyr3jrf","target":"User:01m09q9226wmb0005ssdyr3jrf","request_id":"920bb554-3a19-4a43-831b-fd1c89bfda1a"} 
[2026-08-18 11:44:59] testing.INFO: auth.account_locked {"audit_id":"01m09q929fvnz37d99dfzdw3gm","actor_id":"01m09q928s213f941dw6czjsyv","target":"User:01m09q928s213f941dw6czjsyv","request_id":"de401a3a-9f71-435d-b332-c424e9586311"} 
[2026-08-18 11:44:59] testing.INFO: auth.password_changed {"audit_id":"01m09q92cv6cpvwq8cx7rgfn0c","actor_id":"01m09q92cbdbdzs19ed5bd0nqn","target":"User:01m09q92cbdbdzs19ed5bd0nqn","request_id":"ec459077-c9c6-43eb-be96-3f24dd1ce1f6"} 
[2026-08-18 11:44:59] testing.INFO: account.profile_updated {"audit_id":"01m09q92g4dgxcwyn4dwg5mqya","actor_id":"01m09q92frw2mt8ez7pfzt777v","target":"User:01m09q92frw2mt8ez7pfzt777v","request_id":"61aeec64-f50b-47d1-afc0-988e39e7b1bf"} 
[2026-08-18 11:44:59] testing.INFO: auth.logged_in {"audit_id":"01m09q92pcpsd430y27vwkmp42","actor_id":"01m09q92p3t8jdte94a3yp0jnn","target":"User:01m09q92p3t8jdte94a3yp0jnn","request_id":"c7a3960d-2083-4611-91d8-a788480f5183"} 
[2026-08-18 11:44:59] testing.INFO: auth.logged_out {"audit_id":"01m09q92pjhd87046k02wnjj25","actor_id":"01m09q92p3t8jdte94a3yp0jnn","target":"User:01m09q92p3t8jdte94a3yp0jnn","request_id":"85b02e94-9f8c-4374-94bb-630b562d2bfe"} 
[2026-08-18 11:44:59] testing.INFO: auth.logged_in {"audit_id":"01m09q92pscnce9kpdvhc8a6sz","actor_id":"01m09q92p3t8jdte94a3yp0jnn","target":"User:01m09q92p3t8jdte94a3yp0jnn","request_id":"1b132a00-9ae2-43e1-b6e3-60e4d46fa6e0"} 
[2026-08-18 11:45:00] testing.INFO: auth.logged_in {"audit_id":"01m09q92t4ngja3b1zkv0rrnv5","actor_id":"01m09q92sxsth770n649e1j458","target":"User:01m09q92sxsth770n649e1j458","request_id":"5508092e-a33d-4315-b806-a0d57ddd5251"} 
[2026-08-18 11:45:00] testing.INFO: user.devices_reset {"audit_id":"01m09q92xdgqvnh6gpndtnez7t","actor_id":"01m09q92wzgphkmq6z5bvee5cr","target":"User:01m09q92x166d75myhqq2pn7fa","request_id":"64cf03c9-b9fd-4424-9e45-87d27f96edbb"} 
[2026-08-18 11:45:00] testing.INFO: payment.approved {"audit_id":"01m09q93jphkhgvzzfmfb2dej4","actor_id":"01m09q93j130chr607pyek08cs","target":"Payment:01m09q93j3048k4j60q2wh4fk6","request_id":"004c0470-29eb-4bc2-bb16-b6f490836e82"} 
[2026-08-18 11:45:01] testing.INFO: payment.approved {"audit_id":"01m09q93s5yry7k55z69kkjt9v","actor_id":"01m09q93rxea1fpq6em9wkvj0a","target":"Payment:01m09q93ry6mhtgwfymxszw4qk","request_id":"6e26d7ce-7b87-4dca-b4b2-55880bf7d16e"} 
[2026-08-18 11:45:01] testing.INFO: payment.rejected {"audit_id":"01m09q93wkam6ceptar3qprha3","actor_id":"01m09q93w69ga2fssbvqc62a68","target":"Payment:01m09q93w835xzqm20kenmnvxs","request_id":"b9195ed4-a947-4ccd-9ed8-ab9ca1e3dc1d"} 
[2026-08-18 11:45:01] testing.INFO: refund.recorded {"audit_id":"01m09q9479az8gsgdn7985km0d","actor_id":"01m09q946swvzpn5z9vktjrpkn","target":"Refund:01m09q94783n6vgcr0jsk4r55q","request_id":"9c0215f0-acfa-4a7e-b18f-6a03bb4bcb98"} 
[2026-08-18 11:45:01] testing.INFO: refund.processed {"audit_id":"01m09q947rszbn9rv51h4xw63n","actor_id":"01m09q946vhnqnp9ym8qemn9y4","target":"Refund:01m09q94783n6vgcr0jsk4r55q","request_id":"e28b6f91-ab55-4e7d-9209-aef1de332f68"} 
[2026-08-18 11:45:03] testing.INFO: user.suspend {"audit_id":"01m09q95q2y24z0wjyfv1jwdx8","actor_id":"01m09q95p4w77h3hzknav45yc1","target":"User:01m09q95p8rhy1ggms4072nxs0","request_id":"780b896e-d2d0-42dc-90d6-f47eb17ec861"} 
[2026-08-18 11:45:03] testing.INFO: user.updated {"audit_id":"01m09q95t6w8vha193terstre0","actor_id":"01m09q95sw53m1jqtc1h7nbbbt","target":"User:01m09q95syep4f01cb51m5hkpr","request_id":"303d3399-1840-44f8-9594-9c040b0f5918"} 
[2026-08-18 11:45:42] testing.INFO: settings.updated {"audit_id":"01m09qabzan1846rbh7pesm1xn","actor_id":"01m09qaby4p9j2fa952kh27zsk","target":":","request_id":"1e853f5b-0520-4886-9185-494512f4316e"} 
[2026-08-18 11:45:42] testing.INFO: settings.updated {"audit_id":"01m09qac75dfv4apcrengcgjqx","actor_id":"01m09qac6x5e2ax1ax4ntsa2h5","target":":","request_id":"238111e7-7fb4-49ee-9fdf-212f833d8768"} 
[2026-08-18 11:45:42] testing.INFO: settings.updated {"audit_id":"01m09qacd9z4ws1agmpaada8z3","actor_id":"01m09qaccznqcf4zv1ynevnk7k","target":":","request_id":"a53db6e4-4d0e-4a04-8d41-38d462c35a81"} 
[2026-08-18 11:45:42] testing.INFO: attempt.started {"audit_id":"01m09qach35a9erw2bhk4f2wv4","actor_id":"01m09qacgm6vra9251rr0cbtn9","target":"TestAttempt:01m09qach2kwcn5vac0p5eeyj3","request_id":"54e6478f-b3c1-4f4e-a552-44440e60f7b2"} 
[2026-08-18 11:45:42] testing.INFO: attempt.started {"audit_id":"01m09qacqewzyjeatrvccw3m27","actor_id":"01m09qacq2ktk85j5r7ayrr608","target":"TestAttempt:01m09qacqdf53472dd4fsndzw0","request_id":"b1abc111-5528-4804-8b21-cae4f0edde3f"} 
[2026-08-18 11:45:43] testing.INFO: attempt.started {"audit_id":"01m09qacqqn36pw4dzww4ayshf","actor_id":"01m09qacq2ktk85j5r7ayrr608","target":"TestAttempt:01m09qacqdf53472dd4fsndzw0","request_id":"c60d20f3-103b-4985-a9d9-26c6c8a7ff77"} 
[2026-08-18 11:45:43] testing.INFO: attempt.started {"audit_id":"01m09qactz7kn4htgtab2hb900","actor_id":"01m09qacth58bxcnj0j0ky2kbm","target":"TestAttempt:01m09qactyh0m28z2j6v8sev2n","request_id":"c8922fdd-2938-478a-9f6a-cfb7778a0e9f"} 
[2026-08-18 11:45:43] testing.INFO: attempt.started {"audit_id":"01m09qaczxajz10x1003hybr1e","actor_id":"01m09qaczhekdd1akaswnq1d2n","target":"TestAttempt:01m09qaczw18z6ydjyndf1rvpp","request_id":"d5941cff-5106-415d-bdfb-272c8fc380bc"} 
[2026-08-18 11:45:43] testing.INFO: attempt.submitted {"audit_id":"01m09qad0cbcg5jk9vgc532yw5","actor_id":"01m09qaczhekdd1akaswnq1d2n","target":"TestAttempt:01m09qaczw18z6ydjyndf1rvpp","request_id":"57e72d24-61aa-42f0-8c42-740c0540cff9"} 
[2026-08-18 11:45:43] testing.INFO: auth.logged_in {"audit_id":"01m09qad7bmmatwyzby1vwjwmz","actor_id":"01m09qad6z67ep79zz2s5s68f7","target":"User:01m09qad6z67ep79zz2s5s68f7","request_id":"624d516b-c70e-4efa-93ff-18479835edd3"} 
[2026-08-18 11:45:43] testing.INFO: auth.logged_out {"audit_id":"01m09qad7qmg9g7fyagpn8ayzf","actor_id":"01m09qad6z67ep79zz2s5s68f7","target":"User:01m09qad6z67ep79zz2s5s68f7","request_id":"a92be7e3-291c-4251-b882-930653245fe3"} 
[2026-08-18 11:45:43] testing.INFO: auth.logged_in {"audit_id":"01m09qad7v91zhz8we6x9xj3g2","actor_id":"01m09qad6z67ep79zz2s5s68f7","target":"User:01m09qad6z67ep79zz2s5s68f7","request_id":"fe2638e0-649e-4bbf-a64b-a6442c4eaed6"} 
[2026-08-18 11:45:43] testing.INFO: auth.account_locked {"audit_id":"01m09qadefvsen4pf5jzn1wzmv","actor_id":"01m09qadds5774azz6yptrdmsh","target":"User:01m09qadds5774azz6yptrdmsh","request_id":"d751c0ff-0441-4ef8-a354-b88191f13e20"} 
[2026-08-18 11:45:43] testing.INFO: auth.password_changed {"audit_id":"01m09qadhq3df4567rpvr4z5t9","actor_id":"01m09qadh87fkh4yd3sqphzh71","target":"User:01m09qadh87fkh4yd3sqphzh71","request_id":"dd703c93-cab6-455c-90cc-a630f6598787"} 
[2026-08-18 11:45:43] testing.INFO: account.profile_updated {"audit_id":"01m09qadmr0f4j54hvc20pbgda","actor_id":"01m09qadmgq7kpqnfzdayy7q4h","target":"User:01m09qadmgq7kpqnfzdayy7q4h","request_id":"123be692-f131-4989-bde1-73ea955bf2de"} 
[2026-08-18 11:45:44] testing.INFO: auth.logged_in {"audit_id":"01m09qadtsvcx86t25e5zbch6q","actor_id":"01m09qadtgfw3pm6bsz63dpm76","target":"User:01m09qadtgfw3pm6bsz63dpm76","request_id":"c15a4541-7a54-4359-b78e-7e07363329a9"} 
[2026-08-18 11:45:44] testing.INFO: auth.logged_out {"audit_id":"01m09qadtzjm0amzhwwc94evky","actor_id":"01m09qadtgfw3pm6bsz63dpm76","target":"User:01m09qadtgfw3pm6bsz63dpm76","request_id":"35e746e1-14a2-4363-87b9-ece05150feb0"} 
[2026-08-18 11:45:44] testing.INFO: auth.logged_in {"audit_id":"01m09qadv5yja75pmjgymdxtaf","actor_id":"01m09qadtgfw3pm6bsz63dpm76","target":"User:01m09qadtgfw3pm6bsz63dpm76","request_id":"6e1211c8-0310-4bbb-a530-1b3a4301737d"} 
[2026-08-18 11:45:44] testing.INFO: auth.logged_in {"audit_id":"01m09qadyac4eph6fedxjtxfj9","actor_id":"01m09qady3cvdcqbvw2kgs1jap","target":"User:01m09qady3cvdcqbvw2kgs1jap","request_id":"a9193c69-8ba8-494b-af5a-32e8acb66c07"} 
[2026-08-18 11:45:44] testing.INFO: user.devices_reset {"audit_id":"01m09qae1gzzg2yn2c4fvc4tbe","actor_id":"01m09qae12avbq6q41ewxnx72q","target":"User:01m09qae144kqxw6frzx6kmw3g","request_id":"d044b7b7-f8b6-4da9-9120-05841d507418"} 
[2026-08-18 11:45:44] testing.INFO: settings.updated {"audit_id":"01m09qaecvhcd7k386ztx7h4k5","actor_id":"01m09qaecjdahm7y9c1n0pe542","target":":","request_id":"99798063-4cb9-4748-a7e3-0f8d20a3f072"} 
[2026-08-18 11:45:44] testing.INFO: settings.updated {"audit_id":"01m09qaeg7xdbcdvpr0hvr5arz","actor_id":"01m09qaefyxzjvrcagx055f1m8","target":":","request_id":"e5e77ddf-4f5f-4814-a96e-d8f29fd2546d"} 
[2026-08-18 11:45:44] testing.INFO: settings.updated {"audit_id":"01m09qaegf2s7h7pkkm38w439p","actor_id":"01m09qaefyxzjvrcagx055f1m8","target":":","request_id":"2a457776-5cbe-4f3d-b4cc-cd193dd6ef2b"} 
[2026-08-18 11:45:45] testing.INFO: payment.approved {"audit_id":"01m09qaeq1csrscfw5k1n3jzra","actor_id":"01m09qaepcpvdd85t79fw1ka5p","target":"Payment:01m09qaepebknm4697v9z24dm4","request_id":"72466e27-2041-449b-9cdd-cf9f2b38eca5"} 
[2026-08-18 11:45:45] testing.INFO: payment.approved {"audit_id":"01m09qaex9bes3y5ec2h64k030","actor_id":"01m09qaex1ndmvnv45v81xsd0g","target":"Payment:01m09qaex24y60zbqz0fefaq7k","request_id":"528ae540-9102-42a8-8ece-93de1e505984"} 
[2026-08-18 11:45:45] testing.INFO: payment.rejected {"audit_id":"01m09qaf0h2dsjc8nprrr3e31c","actor_id":"01m09qaf0401zmbe7c4pw7yrxy","target":"Payment:01m09qaf05j2n7keks2ka3b4pn","request_id":"d9dc5ed3-28d7-4801-8038-c7e93baa5947"} 
[2026-08-18 11:45:45] testing.INFO: refund.recorded {"audit_id":"01m09qaf9z5meg2d2gae40p66y","actor_id":"01m09qaf9fjqg8dgxjngbttrbh","target":"Refund:01m09qaf9ydt80wzmbwwb9yqzt","request_id":"f5e33ad4-a4b6-4bff-97a0-83f79ecc2685"} 
[2026-08-18 11:45:45] testing.INFO: refund.processed {"audit_id":"01m09qafaf0v81p33x5fd1tbb6","actor_id":"01m09qaf9hq4wtmz81rntan8qs","target":"Refund:01m09qaf9ydt80wzmbwwb9yqzt","request_id":"e5f6715b-7022-4ff6-9bd8-c26e5b0a10bb"} 
[2026-08-18 11:45:47] testing.INFO: user.suspend {"audit_id":"01m09qagvb99g1fdkvb9mbch6k","actor_id":"01m09qagtbsbh1n160hvk8xm1m","target":"User:01m09qagtg0szvmdr9rcq9vepr","request_id":"e1117a92-f80e-4405-8be3-64f7b0775614"} 
[2026-08-18 11:45:47] testing.INFO: user.updated {"audit_id":"01m09qagym6yeevazcty2zebe6","actor_id":"01m09qagy9s83cxxkn7bnjy5q4","target":"User:01m09qagyc5h31shb22sv55ypx","request_id":"aa7db5a6-278e-4ef3-b218-e0c1c73da07d"} 
[2026-08-18 11:45:56] testing.INFO: attempt.started {"audit_id":"01m09qatb11xh4mypbknvb3hga","actor_id":"01m09qataf659f8bgrb422ch73","target":"TestAttempt:01m09qataz5kydcknn5x655sfy","request_id":"e58baeea-6d48-48b2-8bbf-f02e43a26b24"} 
[2026-08-18 11:45:56] testing.INFO: attempt.submitted {"audit_id":"01m09qatc6e3svgrd54a2htsqp","actor_id":"01m09qataf659f8bgrb422ch73","target":"TestAttempt:01m09qataz5kydcknn5x655sfy","request_id":"8feb4488-7179-49af-9fc6-dffef1bf7636"} 
[2026-08-18 11:45:57] testing.INFO: attempt.started {"audit_id":"01m09qatfeqm132p03qgm8rhr2","actor_id":"01m09qatf3qrnbypwmf2vq7jpx","target":"TestAttempt:01m09qatfdxq2whtvfvy62hhbs","request_id":"103e5a70-9aed-402d-b61d-6d6e1b8eabbd"} 
[2026-08-18 11:45:57] testing.INFO: attempt.started {"audit_id":"01m09qatk4v7vqtnebqkzgv8hc","actor_id":"01m09qatjsspf8q1v6e78dvbct","target":"TestAttempt:01m09qatk3jyaswyt0z0qdzn6x","request_id":"1c79ff60-6b60-404a-8686-b84bcfbeac66"} 
[2026-08-18 11:45:57] testing.INFO: attempt.started {"audit_id":"01m09qatsadekdrxdwcmzr27wk","actor_id":"01m09qatrydz3kbd637tbtn0et","target":"TestAttempt:01m09qats9ffv2evq8ptr07a5j","request_id":"62d25338-495a-4da5-93b9-7bacee4b6429"} 
[2026-08-18 11:45:57] testing.INFO: attempt.started {"audit_id":"01m09qatskvtgstyhj6g6726q6","actor_id":"01m09qatrydz3kbd637tbtn0et","target":"TestAttempt:01m09qats9ffv2evq8ptr07a5j","request_id":"b909b9d8-6721-491d-86fb-e8627ffaea75"} 
[2026-08-18 11:45:57] testing.INFO: auth.logged_in {"audit_id":"01m09qatwxqx3kshar96eh8p2c","actor_id":"01m09qatwky1qvwb1x7amfz1cw","target":"User:01m09qatwky1qvwb1x7amfz1cw","request_id":"c4b38c8b-9e95-42f6-b3d4-9a8677a068b5"} 
[2026-08-18 11:45:57] testing.INFO: auth.logged_in {"audit_id":"01m09qav09v0b15atmzx9wm43h","actor_id":"01m09qav00vqw1gs53n8fs3ptr","target":"User:01m09qav00vqw1gs53n8fs3ptr","request_id":"02383588-5ffe-4fad-ad26-ffbac66a0f36"} 
[2026-08-18 11:45:57] testing.INFO: auth.logged_out {"audit_id":"01m09qav0fvmtxp689byq9f4e9","actor_id":"01m09qav00vqw1gs53n8fs3ptr","target":"User:01m09qav00vqw1gs53n8fs3ptr","request_id":"f83d753f-b40c-4238-b3a6-8a4d84489b21"} 
[2026-08-18 11:45:57] testing.INFO: auth.logged_in {"audit_id":"01m09qav0m8fz4aq7ys135dyn2","actor_id":"01m09qav00vqw1gs53n8fs3ptr","target":"User:01m09qav00vqw1gs53n8fs3ptr","request_id":"276eb302-01df-4925-83b3-06769205b1de"} 
[2026-08-18 11:45:57] testing.INFO: user.devices_reset {"audit_id":"01m09qav3s6gg96q2zz3eha5zj","actor_id":"01m09qav3cwj4tg0fy0jekzdq0","target":"User:01m09qav3ennf3wkrr44fp0tmh","request_id":"231c3023-db2d-4a6c-a034-64c88b7482b5"} 
[2026-08-18 11:45:57] testing.INFO: auth.account_locked {"audit_id":"01m09qav8syskv0arbxytmf09y","actor_id":"01m09qav7kbm6vb9v9qqc8ykrg","target":"User:01m09qav7kbm6vb9v9qqc8ykrg","request_id":"4f5cb42d-d81a-4fec-a9fa-8a41a1bd8fee"} 
[2026-08-18 11:45:58] testing.INFO: account.profile_updated {"audit_id":"01m09qavf884fg9twvsh5s379w","actor_id":"01m09qavexywfcn03y9bq3009q","target":"User:01m09qavexywfcn03y9bq3009q","request_id":"b68e074c-4d5d-4e6d-bab9-5c608682dcf3"} 
[2026-08-18 11:45:58] testing.INFO: auth.password_changed {"audit_id":"01m09qavjfzm84cbekpnrrt97w","actor_id":"01m09qavj0t2bd6y1x209b0q3p","target":"User:01m09qavj0t2bd6y1x209b0q3p","request_id":"7e59681b-5a15-4ea3-b152-18d2e401648b"} 
[2026-08-18 11:45:58] testing.INFO: auth.logged_in {"audit_id":"01m09qavrfcvngh3wr1pe7yk46","actor_id":"01m09qavr81pbjdwh1c7wdcp6j","target":"User:01m09qavr81pbjdwh1c7wdcp6j","request_id":"329145ea-bd82-44a7-8028-47e4b99f2215"} 
[2026-08-18 11:45:58] testing.INFO: auth.logged_out {"audit_id":"01m09qavrpsgqjdakjmfqp20xw","actor_id":"01m09qavr81pbjdwh1c7wdcp6j","target":"User:01m09qavr81pbjdwh1c7wdcp6j","request_id":"dbeb128e-a025-4311-a5c5-d9afbc11e3d3"} 
[2026-08-18 11:45:58] testing.INFO: auth.logged_in {"audit_id":"01m09qavrvg92sycnw572yd0mn","actor_id":"01m09qavr81pbjdwh1c7wdcp6j","target":"User:01m09qavr81pbjdwh1c7wdcp6j","request_id":"68e439bf-ed1e-4573-8724-06480bdc2bd4"} 
[2026-08-18 11:45:58] testing.INFO: settings.updated {"audit_id":"01m09qavw9bk5cp179n8j6pp1a","actor_id":"01m09qavvyy00pq1dhbncncrnc","target":":","request_id":"57fa30b5-6656-4878-b2f0-e8cca5da15f4"} 
[2026-08-18 11:45:58] testing.INFO: settings.updated {"audit_id":"01m09qavwhkxvg50nn6xnvrxsn","actor_id":"01m09qavvyy00pq1dhbncncrnc","target":":","request_id":"cae9a39d-4322-4316-9d8a-fc47cc601691"} 
[2026-08-18 11:45:58] testing.INFO: settings.updated {"audit_id":"01m09qawb3xg9fa3qfrpka2gkw","actor_id":"01m09qawas6xqss6ewf7hde6ya","target":":","request_id":"776f1d9e-b320-4540-8a55-7f176f981284"} 
[2026-08-18 11:45:59] testing.INFO: settings.updated {"audit_id":"01m09qawjckgz8kp828czmfspf","actor_id":"01m09qawj1taknqaw98vc4r4m5","target":":","request_id":"189fb8c8-ca60-481e-b312-bf15bb7e3adc"} 
[2026-08-18 11:45:59] testing.INFO: settings.updated {"audit_id":"01m09qawnkb67wc3j8c3kevvq9","actor_id":"01m09qawnacyae78b4d8hy457w","target":":","request_id":"4c283722-7ccd-4a9d-8140-6698a5d37ee9"} 
[2026-08-18 11:45:59] testing.INFO: settings.updated {"audit_id":"01m09qawvmg8m92vha9z6d1fzv","actor_id":"01m09qawvb7dekggzf0pxas7vn","target":":","request_id":"5e78334a-6619-43ea-990b-a21bf01c7b2f"} 
[2026-08-18 11:45:59] testing.INFO: payment.rejected {"audit_id":"01m09qawz6f5r1v35pqd5dvz6q","actor_id":"01m09qawypwrn43m8aqjvvaa0m","target":"Payment:01m09qawyr3a213ek75f58fr0x","request_id":"30678b83-6ee4-4b48-b3ee-9824e1c6cfbb"} 
[2026-08-18 11:45:59] testing.INFO: refund.recorded {"audit_id":"01m09qax2vvffdfyaqr51p1tmp","actor_id":"01m09qax2bzteaeceb0ch5bx5j","target":"Refund:01m09qax2tafmm37x4s93vxfs5","request_id":"e05e31b2-32c9-42c5-bd11-66ed3a096535"} 
[2026-08-18 11:45:59] testing.INFO: refund.processed {"audit_id":"01m09qax3b5q7httdr8kybp7d4","actor_id":"01m09qax2dp4gf0e4srrbwwb0e","target":"Refund:01m09qax2tafmm37x4s93vxfs5","request_id":"4b6d3497-bfb0-4bc5-8b78-9867ec10b8e5"} 
[2026-08-18 11:46:00] testing.INFO: payment.approved {"audit_id":"01m09qaxg4g8hshnqr5wcw26k4","actor_id":"01m09qaxfj2wzhzb6kjr2m47r8","target":"Payment:01m09qaxfmh8nqjfv6t3x8wa5j","request_id":"35dff3f0-64fc-468d-8def-1a66c32631ba"} 
[2026-08-18 11:46:00] testing.INFO: payment.approved {"audit_id":"01m09qaxkfss8n5rs9zf2sreyq","actor_id":"01m09qaxk6j05jn5qwgsj6e9y8","target":"Payment:01m09qaxk8xraen9btv3aknhvq","request_id":"567f9dc5-377f-4840-8c7d-c854fdc7ed46"} 
[2026-08-18 11:46:01] testing.INFO: user.suspend {"audit_id":"01m09qayhqx4fs83xgfh0gv54b","actor_id":"01m09qaygzapcv8ndtncabyyz5","target":"User:01m09qayh33dradgw17qsv8jjy","request_id":"b2068317-b74b-4fe7-b88d-77494a126d23"} 
[2026-08-18 11:46:02] testing.INFO: user.updated {"audit_id":"01m09qazyaf7acchr89jthvs5d","actor_id":"01m09qazy0tgwkz2r8ar8ffphg","target":"User:01m09qazy2wpqmb4bz5mjd2qds","request_id":"95633642-b736-4b81-8a89-164fb9016eb9"} 
[2026-08-18 12:12:45] testing.INFO: settings.updated {"audit_id":"01m09rvxd3ry0mapn42ee5fwwv","actor_id":"01m09rvxazsx22j49y98fnzvpa","target":":","request_id":"2ee29e4e-75cc-4657-a767-e7bf6d4a7fee"} 
[2026-08-18 12:12:45] testing.INFO: settings.updated {"audit_id":"01m09rvxnn10y0ff3z6nmvce7b","actor_id":"01m09rvxnc87w4mpraj93z299p","target":":","request_id":"7743f194-6c72-4253-9529-30cb8373cf4a"} 
[2026-08-18 12:12:46] testing.INFO: settings.updated {"audit_id":"01m09rvxvv5xcd79swzmhge0j0","actor_id":"01m09rvxvg0xnts8w9jhqxqncy","target":":","request_id":"0328c34c-6103-4693-8dd8-47ecf10f419b"} 
[2026-08-18 12:12:46] testing.INFO: attempt.started {"audit_id":"01m09rvxzws538gnx59rqbggt9","actor_id":"01m09rvxz8zbt5epr3wq7e9sj3","target":"TestAttempt:01m09rvxzvjgkyesnrnvgm5pvf","request_id":"3b8f66f2-6d75-40d7-ba2e-366de190e5fa"} 
[2026-08-18 12:12:46] testing.INFO: attempt.started {"audit_id":"01m09rvy6ggde8dshxgw2qfx2r","actor_id":"01m09rvy65eeyxv9z8wx5qaac2","target":"TestAttempt:01m09rvy6fb4wjb8tmrcx8q5n2","request_id":"67974a1d-3f14-4069-aee9-7f0a7e814874"} 
[2026-08-18 12:12:46] testing.INFO: attempt.started {"audit_id":"01m09rvy6rh78zkng6dx7janyw","actor_id":"01m09rvy65eeyxv9z8wx5qaac2","target":"TestAttempt:01m09rvy6fb4wjb8tmrcx8q5n2","request_id":"8efeb1ca-8029-47e9-9ec8-2cd437c324c8"} 
[2026-08-18 12:12:46] testing.INFO: attempt.started {"audit_id":"01m09rvya2cptfns5x516kt8e5","actor_id":"01m09rvy9n9f3v8qff92g37dwv","target":"TestAttempt:01m09rvya16hv4tdmxx7bjzsha","request_id":"9a92b479-3585-496b-bfe2-baf3c3ae0113"} 
[2026-08-18 12:12:46] testing.INFO: attempt.started {"audit_id":"01m09rvydqh28t10b2e71vex5x","actor_id":"01m09rvydbkzh6j2pg8nqrzjyg","target":"TestAttempt:01m09rvydpfsgtvw1ybg48ehfe","request_id":"ccba9c07-8a3c-42e6-b3cb-9b323c18cfa4"} 
[2026-08-18 12:12:46] testing.INFO: attempt.submitted {"audit_id":"01m09rvyea9msa6dnywbqfnpmb","actor_id":"01m09rvydbkzh6j2pg8nqrzjyg","target":"TestAttempt:01m09rvydpfsgtvw1ybg48ehfe","request_id":"9ac4edcd-ce0b-42cd-8b16-70f3dd0f6701"} 
[2026-08-18 12:12:46] testing.INFO: auth.logged_in {"audit_id":"01m09rvyn3r40m6k7r3kxge5dp","actor_id":"01m09rvymp3fpkz93p0p98ema1","target":"User:01m09rvymp3fpkz93p0p98ema1","request_id":"0f98ff13-39cb-473b-bbca-76ec030ddb93"} 
[2026-08-18 12:12:47] testing.INFO: auth.logged_out {"audit_id":"01m09rvyntwr6vdjfjgntdyh1n","actor_id":"01m09rvymp3fpkz93p0p98ema1","target":"User:01m09rvymp3fpkz93p0p98ema1","request_id":"d4d885cb-3a76-4ebd-aeaa-58468dbf6591"} 
[2026-08-18 12:12:47] testing.INFO: auth.logged_in {"audit_id":"01m09rvynze228tvvt71q75nnj","actor_id":"01m09rvymp3fpkz93p0p98ema1","target":"User:01m09rvymp3fpkz93p0p98ema1","request_id":"72c2afda-4429-4efc-b13d-57cdb93e4d20"} 
[2026-08-18 12:12:47] testing.INFO: auth.account_locked {"audit_id":"01m09rvywmj9k7kr2q9awgc4nc","actor_id":"01m09rvyvw5nt9wdww6epdfazz","target":"User:01m09rvyvw5nt9wdww6epdfazz","request_id":"1c83ef30-c277-4dca-b470-2e42d8d5bbd9"} 
[2026-08-18 12:12:47] testing.INFO: auth.password_changed {"audit_id":"01m09rvz02grpex8h78hd0mnwf","actor_id":"01m09rvyzh63v87qknswx7qp3v","target":"User:01m09rvyzh63v87qknswx7qp3v","request_id":"6dedba10-3a4a-4e90-a57d-11eb163d8467"} 
[2026-08-18 12:12:47] testing.INFO: account.profile_updated {"audit_id":"01m09rvz36bxyfmxedbc2tbr4x","actor_id":"01m09rvz2v5hdey6fd7hkyr2n6","target":"User:01m09rvz2v5hdey6fd7hkyr2n6","request_id":"4539ef71-a4a4-4314-adf3-25deae56b7fd"} 
[2026-08-18 12:12:47] testing.INFO: auth.logged_in {"audit_id":"01m09rvz9krszsgc9xbdscr5e0","actor_id":"01m09rvz9aynzqna0zd2v5azvj","target":"User:01m09rvz9aynzqna0zd2v5azvj","request_id":"f5a461c1-fd04-41de-b34b-231c29c21353"} 
[2026-08-18 12:12:47] testing.INFO: auth.logged_out {"audit_id":"01m09rvz9sx78t912yfaf0yxq6","actor_id":"01m09rvz9aynzqna0zd2v5azvj","target":"User:01m09rvz9aynzqna0zd2v5azvj","request_id":"c61b1b09-c38f-4ef7-9312-846ee9c52aff"} 
[2026-08-18 12:12:47] testing.INFO: auth.logged_in {"audit_id":"01m09rvz9z20ed19j6ppkz1sfz","actor_id":"01m09rvz9aynzqna0zd2v5azvj","target":"User:01m09rvz9aynzqna0zd2v5azvj","request_id":"a2c7dfc8-d0d4-4513-be6e-4f7e8193f126"} 
[2026-08-18 12:12:47] testing.INFO: auth.logged_in {"audit_id":"01m09rvzd9b2srccdbbjvwh10j","actor_id":"01m09rvzd25a6h0ctjesbaq5cb","target":"User:01m09rvzd25a6h0ctjesbaq5cb","request_id":"08361523-7194-40a7-bed2-d50ef406db64"} 
[2026-08-18 12:12:47] testing.INFO: user.devices_reset {"audit_id":"01m09rvzgtc026zg48j3t442rr","actor_id":"01m09rvzgbs61n4nz2a1nnkqnh","target":"User:01m09rvzgd629p67ez2q357kqf","request_id":"4e8cd523-46c9-40b5-96da-6678a12ffc36"} 
[2026-08-18 12:12:48] testing.INFO: settings.updated {"audit_id":"01m09rvzwsm305wk9ps0w0ka6n","actor_id":"01m09rvzwgq23sk2xfhxh38zz7","target":":","request_id":"7d544bf8-6dea-4055-b119-eb459be6d11f"} 
[2026-08-18 12:12:48] testing.INFO: settings.updated {"audit_id":"01m09rw00m79n97kc5v6p4d700","actor_id":"01m09rw00bc9scvj6w1mq59jtj","target":":","request_id":"c184cec4-f330-4395-8bb9-5de44649a8b2"} 
[2026-08-18 12:12:48] testing.INFO: settings.updated {"audit_id":"01m09rw00x50d4rbxce2zvs8cm","actor_id":"01m09rw00bc9scvj6w1mq59jtj","target":":","request_id":"c6dc70f2-c37a-45fc-a623-9713046a0c5d"} 
[2026-08-18 12:12:48] testing.INFO: payment.approved {"audit_id":"01m09rw08jswyc4b8ygg2hw05d","actor_id":"01m09rw07prs6d8er1sc2cy4fs","target":"Payment:01m09rw07rmrfr3a5dketm427c","request_id":"4b9e9bc2-629f-4646-bb77-91b8609007d2"} 
[2026-08-18 12:12:48] testing.INFO: payment.approved {"audit_id":"01m09rw0f5x4t97fn7hc9z3ep4","actor_id":"01m09rw0extm3znv406hrm25ws","target":"Payment:01m09rw0ezcnvwq9bc2cn9w80a","request_id":"77609f38-9c25-4fd6-b263-0bb9d2bfa794"} 
[2026-08-18 12:12:48] testing.INFO: payment.rejected {"audit_id":"01m09rw0jpc980cst22n32t0s1","actor_id":"01m09rw0j9yvrktpy13gjcnzx8","target":"Payment:01m09rw0jaagytrazbt4hxzt0e","request_id":"b0ac16f0-9d7e-4abb-9be3-601feba91549"} 
[2026-08-18 12:12:49] testing.INFO: refund.recorded {"audit_id":"01m09rw0wzsvvypkyfbmhwv62v","actor_id":"01m09rw0wc71t2xnkzc1c35vrz","target":"Refund:01m09rw0wx0w0qhn26r6ydxjr4","request_id":"79d49f59-2852-42f7-99c4-7121474fb827"} 
[2026-08-18 12:12:49] testing.INFO: refund.processed {"audit_id":"01m09rw0xfqne1pcvjt30w5knr","actor_id":"01m09rw0wek34kzhj3w88x5qp1","target":"Refund:01m09rw0wx0w0qhn26r6ydxjr4","request_id":"8782f0f8-ffe2-4eb2-ba36-2084ae128a89"} 
[2026-08-18 12:12:50] testing.INFO: user.suspend {"audit_id":"01m09rw2exbvngps6ev9453kc0","actor_id":"01m09rw2dyt168h2v6ptsv2bnd","target":"User:01m09rw2e2xjb86kc0ehwsj1x6","request_id":"7f2777fb-4955-4eaf-a8f8-3d3ee06cd3c5"} 
[2026-08-18 12:12:50] testing.INFO: user.updated {"audit_id":"01m09rw2j3gxysrb765af66nze","actor_id":"01m09rw2hshmqwgqf3kjezafjg","target":"User:01m09rw2hvgc7gk455m552erfn","request_id":"68fb0ce4-3fda-4840-8ffa-97b8be71b11a"} 
[2026-08-18 12:19:11] testing.INFO: settings.updated {"audit_id":"01m09s7nqygf7wgn4kyhsynp4j","actor_id":"01m09s7nnk0jbrv2yk4r2621rp","target":":","request_id":"36d02e27-bdbf-4ee9-a5cc-53cec61ed1b7"} 
[2026-08-18 12:19:11] testing.INFO: settings.updated {"audit_id":"01m09s7p039znsy8a2ka1yt34m","actor_id":"01m09s7nzv8sypgdwcgba49804","target":":","request_id":"b34fd749-4274-4707-b112-0e7aae018013"} 
[2026-08-18 12:19:11] testing.INFO: settings.updated {"audit_id":"01m09s7p62vj142p4j74etzg98","actor_id":"01m09s7p5ra4s59ne1df32qxy7","target":":","request_id":"bf4fcfc9-cf32-4a07-b60c-038fc79d3e9d"} 
[2026-08-18 12:19:11] testing.INFO: attempt.started {"audit_id":"01m09s7pa0k363np9vfnp0zcx6","actor_id":"01m09s7p9dbz2f90575sa11swf","target":"TestAttempt:01m09s7p9zg3arxtjp9wncwk95","request_id":"92a6e495-8358-4c7b-9626-85456488e6bf"} 
[2026-08-18 12:19:11] testing.INFO: attempt.started {"audit_id":"01m09s7pgckwndbve0ftdq5tg2","actor_id":"01m09s7pg0bdz86vk6nvafaqbj","target":"TestAttempt:01m09s7pgbz01fbtdccscabq5h","request_id":"871fb043-0cd6-4603-9b7a-60e097cb2ea1"} 
[2026-08-18 12:19:11] testing.INFO: attempt.started {"audit_id":"01m09s7pgm5hz0dfqpc58cwaws","actor_id":"01m09s7pg0bdz86vk6nvafaqbj","target":"TestAttempt:01m09s7pgbz01fbtdccscabq5h","request_id":"f184ef1e-6b70-4d24-9590-2e664195c14e"} 
[2026-08-18 12:19:11] testing.INFO: attempt.started {"audit_id":"01m09s7pkrtnwx2wc9ajxgatye","actor_id":"01m09s7pkcx9peba5ws1vt6884","target":"TestAttempt:01m09s7pkq3bbwbdcafafyaxj0","request_id":"c20d4343-7493-4658-bf40-2e36fe223bfc"} 
[2026-08-18 12:19:12] testing.INFO: attempt.started {"audit_id":"01m09s7pqj4kq5hzvk76pr675p","actor_id":"01m09s7pq7xfrnc88btvx9np43","target":"TestAttempt:01m09s7pqh2kr42fatk03056bj","request_id":"cf0c0620-80d6-43b9-90db-1c2afdb73c90"} 
[2026-08-18 12:19:12] testing.INFO: attempt.submitted {"audit_id":"01m09s7pr3ekf8a6x3sjes51p2","actor_id":"01m09s7pq7xfrnc88btvx9np43","target":"TestAttempt:01m09s7pqh2kr42fatk03056bj","request_id":"499f2456-f749-4160-ae2c-425f1c292574"} 
[2026-08-18 12:19:12] testing.INFO: auth.logged_in {"audit_id":"01m09s7pyz5ewwrwa4w0ps2pcq","actor_id":"01m09s7pyg6syt5fj1dzyzbfd6","target":"User:01m09s7pyg6syt5fj1dzyzbfd6","request_id":"57d7b6e6-d192-44bb-8c93-c5248c1e52ea"} 
[2026-08-18 12:19:12] testing.INFO: auth.logged_out {"audit_id":"01m09s7pzhg86r3ey7tr6akesc","actor_id":"01m09s7pyg6syt5fj1dzyzbfd6","target":"User:01m09s7pyg6syt5fj1dzyzbfd6","request_id":"7b468753-c05f-43b8-bdfa-f54f4106df6a"} 
[2026-08-18 12:19:12] testing.INFO: auth.logged_in {"audit_id":"01m09s7pzpe2tjcbsqad6jy4ve","actor_id":"01m09s7pyg6syt5fj1dzyzbfd6","target":"User:01m09s7pyg6syt5fj1dzyzbfd6","request_id":"2917b9ea-5579-4229-9e07-f3911e911d20"} 
[2026-08-18 12:19:12] testing.INFO: auth.account_locked {"audit_id":"01m09s7q665kahgy3sa6qvakxq","actor_id":"01m09s7q5g4psha0bxyfpxpbj1","target":"User:01m09s7q5g4psha0bxyfpxpbj1","request_id":"64cf84d8-da8d-4ec4-b369-87f1c96173d6"} 
[2026-08-18 12:19:12] testing.INFO: auth.password_changed {"audit_id":"01m09s7q9nkqm0vnwgyb9y3p05","actor_id":"01m09s7q95tdwe2q7b6kxat8cp","target":"User:01m09s7q95tdwe2q7b6kxat8cp","request_id":"17b67ea5-3d74-4977-83e4-2684dc57ae1f"} 
[2026-08-18 12:19:12] testing.INFO: account.profile_updated {"audit_id":"01m09s7qdm9e9pxh2x88bd9v7n","actor_id":"01m09s7qdc14qsn71h3z9mxrqn","target":"User:01m09s7qdc14qsn71h3z9mxrqn","request_id":"0ddf0bb5-036c-4c2b-8877-591b76481aa9"} 
[2026-08-18 12:19:12] testing.INFO: auth.logged_in {"audit_id":"01m09s7qkxratdnmxtchgdk6wz","actor_id":"01m09s7qkmqdmqc52q5vzh06ag","target":"User:01m09s7qkmqdmqc52q5vzh06ag","request_id":"c94fcdbd-9b32-4f2d-9665-894da0ed1592"} 
[2026-08-18 12:19:12] testing.INFO: auth.logged_out {"audit_id":"01m09s7qm2kffcqnhzng8rpge1","actor_id":"01m09s7qkmqdmqc52q5vzh06ag","target":"User:01m09s7qkmqdmqc52q5vzh06ag","request_id":"07a61543-f5e3-40de-aa27-ccdc197ea211"} 
[2026-08-18 12:19:13] testing.INFO: auth.logged_in {"audit_id":"01m09s7qm9mah7n2mv0wtpamaa","actor_id":"01m09s7qkmqdmqc52q5vzh06ag","target":"User:01m09s7qkmqdmqc52q5vzh06ag","request_id":"71f379e6-a157-42da-97b2-ce4b637965b1"} 
[2026-08-18 12:19:13] testing.INFO: auth.logged_in {"audit_id":"01m09s7qqpw1be3sf01tkbv1fm","actor_id":"01m09s7qqfe9p4s6zrkyn1nz1w","target":"User:01m09s7qqfe9p4s6zrkyn1nz1w","request_id":"cf3e2eff-5e94-4869-ac95-b20720433a36"} 
[2026-08-18 12:19:13] testing.INFO: user.devices_reset {"audit_id":"01m09s7qv4yyamrabx8ybf3mt0","actor_id":"01m09s7qtpkw1ccm0b9xbq51ca","target":"User:01m09s7qtrhqtk3046gpsyjvnk","request_id":"8f9d3ee0-1fea-44d3-bae5-463064550f64"} 
[2026-08-18 12:19:13] testing.INFO: settings.updated {"audit_id":"01m09s7r6vqbqs9f091vczvnes","actor_id":"01m09s7r6hnpeem8hxbb0smr6a","target":":","request_id":"9fdb943d-6b5f-45d7-af3e-cc2029a670e8"} 
[2026-08-18 12:19:13] testing.INFO: settings.updated {"audit_id":"01m09s7rab4w38fh69paqvheke","actor_id":"01m09s7ra2jx27zn6ew6yybfsk","target":":","request_id":"5d56f3c7-8cf5-4779-95fb-b238e024b1e1"} 
[2026-08-18 12:19:13] testing.INFO: settings.updated {"audit_id":"01m09s7rakmv1agamxhspckpfa","actor_id":"01m09s7ra2jx27zn6ew6yybfsk","target":":","request_id":"67f7f86c-8ca7-4b67-96a0-918479eefcff"} 
[2026-08-18 12:19:13] testing.INFO: payment.approved {"audit_id":"01m09s7rhm25gse6kj9gbnwnjb","actor_id":"01m09s7rgxtm3z4yfg00cwdzjz","target":"Payment:01m09s7rgz938wsstcw8yxdywx","request_id":"ae2bbd35-5d86-4b58-af61-8dcec8888542"} 
[2026-08-18 12:19:14] testing.INFO: payment.approved {"audit_id":"01m09s7rr3jshxhteqh3pgketk","actor_id":"01m09s7rqvv1dkf08pttd5v39p","target":"Payment:01m09s7rqw1htxb4r09n7rpaxd","request_id":"3d5d59e5-4b7a-4b4e-a0c7-d20b7f20f3bc"} 
[2026-08-18 12:19:14] testing.INFO: payment.rejected {"audit_id":"01m09s7rvm968jgwja8zfeq5tz","actor_id":"01m09s7rv6373qtzd15msppkm1","target":"Payment:01m09s7rv7c8ahq565qv1zzekd","request_id":"3478fc5a-4a27-4123-8057-2de73d441cd7"} 
[2026-08-18 12:19:14] testing.INFO: refund.recorded {"audit_id":"01m09s7s5da642zwp1xzdst7f2","actor_id":"01m09s7s4v7gff475kshr0bpnd","target":"Refund:01m09s7s5ctqsc4z0s1645kj7q","request_id":"872d296a-50ca-41d2-84a8-201fcc3ae732"} 
[2026-08-18 12:19:14] testing.INFO: refund.processed {"audit_id":"01m09s7s5y6zgh5ktyfeykmp50","actor_id":"01m09s7s4xv23qyttmb1pq31nx","target":"Refund:01m09s7s5ctqsc4z0s1645kj7q","request_id":"9244a385-0a26-4b8a-b1f7-9edc0241ef08"} 
[2026-08-18 12:19:16] testing.INFO: user.suspend {"audit_id":"01m09s7tpe9sn4er27czsxppdr","actor_id":"01m09s7tngef6dwq4eeq3kwyrr","target":"User:01m09s7tnmj74wwjzmfsxs5w2g","request_id":"20127d27-7bde-4ac7-94f0-6676d400aa6d"} 
[2026-08-18 12:19:16] testing.INFO: user.updated {"audit_id":"01m09s7tsm3hdg9nv73ppx7bzn","actor_id":"01m09s7ts93gqmwmcf19bjd1pt","target":"User:01m09s7tsc0k6spw4s0ky1wm6d","request_id":"fa3b8a7d-ba13-4fa2-bc23-77d24381f512"} 
[2026-08-18 12:19:55] testing.INFO: settings.updated {"audit_id":"01m09s91dygnmkegekq1295w5e","actor_id":"01m09s91c86k8kn51qhwcj62wt","target":":","request_id":"46507a29-5749-4ceb-92c0-58878fe06357"} 
[2026-08-18 12:19:56] testing.INFO: settings.updated {"audit_id":"01m09s91p1btrvyrpp0bszeeak","actor_id":"01m09s91nrah3qx99tdqrn41pm","target":":","request_id":"cdc8c90e-161c-4c22-911b-20ee4f90a789"} 
[2026-08-18 12:19:56] testing.INFO: settings.payment_method_qr_updated {"audit_id":"01m09s920nk2dfz443x8eetzed","actor_id":"01m09s91xqz9hr0zr0v6nta7z8","target":"PaymentMethod:01m09s91vmfhdpse58kbsc7e3r","request_id":"bd6681f0-2f9a-423e-bc92-7498e996aa12"} 
[2026-08-18 12:19:56] testing.INFO: settings.payment_method_qr_removed {"audit_id":"01m09s920x80beaj71rdyvnq7d","actor_id":"01m09s91xqz9hr0zr0v6nta7z8","target":"PaymentMethod:01m09s91vmfhdpse58kbsc7e3r","request_id":"eab9c868-4f6c-4d06-9c0f-8950cca8f31a"} 
[2026-08-18 12:19:56] testing.INFO: settings.updated {"audit_id":"01m09s92786340j8v4397kc1h7","actor_id":"01m09s926xhce4zayfzk13x80m","target":":","request_id":"6ea80749-b885-4bc3-9ae0-411b1fce65cf"} 
[2026-08-18 12:24:28] testing.INFO: settings.updated {"audit_id":"01m09shc2nv7mf60y7rn8xb6d3","actor_id":"01m09shc01kmdy64gsmcscy4bf","target":":","request_id":"72dae8a3-7b55-4737-96a7-cd8d7024c962"} 
[2026-08-18 12:24:29] testing.INFO: settings.updated {"audit_id":"01m09shcbg8bahv066j69rp56r","actor_id":"01m09shcb7jh7xyzyw01845v2f","target":":","request_id":"7892bfc4-2e86-4baa-8f07-46c530c00aaf"} 
[2026-08-18 12:24:29] testing.INFO: settings.payment_method_qr_updated {"audit_id":"01m09shcjwtdty679jnqjfv73k","actor_id":"01m09shcj00qk7j27nyyw8wzya","target":"PaymentMethod:01m09shchc6hwc84d9ybc56s9z","request_id":"f9d1ef44-cbbe-4630-a0dc-796bddeeef34"} 
[2026-08-18 12:24:29] testing.INFO: settings.payment_method_qr_removed {"audit_id":"01m09shck6cf6shmd7dktmv6b9","actor_id":"01m09shcj00qk7j27nyyw8wzya","target":"PaymentMethod:01m09shchc6hwc84d9ybc56s9z","request_id":"ebffbcbb-053e-4c55-836c-9cebcfc9dfea"} 
[2026-08-18 12:24:29] testing.INFO: settings.updated {"audit_id":"01m09shcssyvg8sppvbpd945q3","actor_id":"01m09shcsffxmxx46r9s57nsnq","target":":","request_id":"4a754be5-eb63-4beb-8c2b-282df8f23ce1"} 
[2026-08-18 12:24:29] testing.INFO: attempt.started {"audit_id":"01m09shcxnkdke64hyrv5vn73w","actor_id":"01m09shcx4yjh822p97ygg27yb","target":"TestAttempt:01m09shcxmmdxa0td89s0rmmva","request_id":"f779c0a3-9541-4ab3-883b-ed8045736941"} 
[2026-08-18 12:24:29] testing.INFO: attempt.started {"audit_id":"01m09shd48m4e4je25ecy7ah9b","actor_id":"01m09shd3vdvnyf88ads128bz3","target":"TestAttempt:01m09shd47j4c2c1hyeemgbszq","request_id":"d7607122-ae99-4cdf-9e9b-e584c6d48c0c"} 
[2026-08-18 12:24:29] testing.INFO: attempt.started {"audit_id":"01m09shd4hsp5w6hea4vqnjeh6","actor_id":"01m09shd3vdvnyf88ads128bz3","target":"TestAttempt:01m09shd47j4c2c1hyeemgbszq","request_id":"c79cb46a-6b39-49da-a83b-b4d349c0533e"} 
[2026-08-18 12:24:30] testing.INFO: attempt.started {"audit_id":"01m09shd7tk8tvfxkkfmpadyw5","actor_id":"01m09shd7etpb5ter3dd68hhbc","target":"TestAttempt:01m09shd7s6dq86sb9bq8s0ask","request_id":"1edb82ea-a305-436e-9428-d7dec51f7315"} 
[2026-08-18 12:24:30] testing.INFO: attempt.started {"audit_id":"01m09shdbnp4a4zk2fgx44az6x","actor_id":"01m09shdb9eg6bms1ecvk899xc","target":"TestAttempt:01m09shdbm1q7cch9mn96570kz","request_id":"5473792f-a622-463a-b5d3-6f1844d9113a"} 
[2026-08-18 12:24:30] testing.INFO: attempt.submitted {"audit_id":"01m09shdc5d95cgc54pmwqsj0s","actor_id":"01m09shdb9eg6bms1ecvk899xc","target":"TestAttempt:01m09shdbm1q7cch9mn96570kz","request_id":"2f999646-044c-4f3f-92de-d2f4a89c0c7f"} 
[2026-08-18 12:24:30] testing.INFO: auth.logged_in {"audit_id":"01m09shdk5s24e1yswnh826e7n","actor_id":"01m09shdjnns682fh2rk88rce1","target":"User:01m09shdjnns682fh2rk88rce1","request_id":"f6a308c0-d7ba-44f8-a2ef-84d7123243f8"} 
[2026-08-18 12:24:30] testing.INFO: auth.logged_out {"audit_id":"01m09shdkqn5zxkv88nvzsxt9w","actor_id":"01m09shdjnns682fh2rk88rce1","target":"User:01m09shdjnns682fh2rk88rce1","request_id":"548fa109-7776-49c8-a1d7-846a41baee9e"} 
[2026-08-18 12:24:30] testing.INFO: auth.logged_in {"audit_id":"01m09shdkwrp3n6v5etjt1a5kb","actor_id":"01m09shdjnns682fh2rk88rce1","target":"User:01m09shdjnns682fh2rk88rce1","request_id":"ca03920b-b634-4309-8b5f-e18c98a59863"} 
[2026-08-18 12:24:30] testing.INFO: auth.account_locked {"audit_id":"01m09shdteqxx9re5pd8dkwz0p","actor_id":"01m09shdsqd26bb2cfehqk52z3","target":"User:01m09shdsqd26bb2cfehqk52z3","request_id":"eb0fe4dc-086b-4691-8e1e-7de80e0813e2"} 
[2026-08-18 12:24:30] testing.INFO: auth.password_changed {"audit_id":"01m09shdxycp054xshj6wa0nz1","actor_id":"01m09shdxdkd9t4tz1q0arv3xx","target":"User:01m09shdxdkd9t4tz1q0arv3xx","request_id":"fd424986-99e9-46af-94b2-7e7f52d33c95"} 
[2026-08-18 12:24:30] testing.INFO: account.profile_updated {"audit_id":"01m09she1a1ecgctb9bf60w2vh","actor_id":"01m09she12sx2bkfd90ff5q5q4","target":"User:01m09she12sx2bkfd90ff5q5q4","request_id":"6ef22b39-779c-420e-a43a-b4a8b7ce8cdc"} 
[2026-08-18 12:24:31] testing.INFO: auth.logged_in {"audit_id":"01m09she7jxv1ajcetmek07g31","actor_id":"01m09she79adcmefa53hp9j5dw","target":"User:01m09she79adcmefa53hp9j5dw","request_id":"31079d4d-259a-4cd4-9781-86cf90b2c3aa"} 
[2026-08-18 12:24:31] testing.INFO: auth.logged_out {"audit_id":"01m09she7s2h90m4wb2g3eq5p4","actor_id":"01m09she79adcmefa53hp9j5dw","target":"User:01m09she79adcmefa53hp9j5dw","request_id":"4c36b9ad-7844-493c-9ab1-9bf6c03998b6"} 
[2026-08-18 12:24:31] testing.INFO: auth.logged_in {"audit_id":"01m09she7zebf4hsnhky2djp7t","actor_id":"01m09she79adcmefa53hp9j5dw","target":"User:01m09she79adcmefa53hp9j5dw","request_id":"66fe8390-8e4e-46fb-925f-8febfc02eda2"} 
[2026-08-18 12:24:31] testing.INFO: auth.logged_in {"audit_id":"01m09sheb2dh0kt2mkga62kcev","actor_id":"01m09sheavba0d5g5rdgep4nyb","target":"User:01m09sheavba0d5g5rdgep4nyb","request_id":"62d28566-a2eb-4d5a-95aa-c10232b17b97"} 
[2026-08-18 12:24:31] testing.INFO: user.devices_reset {"audit_id":"01m09sheefrhb16p3hf1yvnqxe","actor_id":"01m09shedzjsabe1c66av479gn","target":"User:01m09shee1y251my1ep9r5rv2q","request_id":"22655b10-a10f-4aa6-a2b8-55394cbd3a3a"} 
[2026-08-18 12:24:31] testing.INFO: settings.updated {"audit_id":"01m09shetrbwr9ysczdf157tkb","actor_id":"01m09shetffgya2nrs8exvbj36","target":":","request_id":"7c611085-7bf8-402b-8317-09dc2146c52d"} 
[2026-08-18 12:24:31] testing.INFO: settings.updated {"audit_id":"01m09shey9vth1pvntxe04qdv3","actor_id":"01m09shexz8hafyg9fn2ytpj6d","target":":","request_id":"aab0ee15-c2bb-456f-9e72-0f8101bd1a79"} 
[2026-08-18 12:24:31] testing.INFO: settings.updated {"audit_id":"01m09sheyh158cbbax8fw2gmde","actor_id":"01m09shexz8hafyg9fn2ytpj6d","target":":","request_id":"5f4e9c05-e750-445d-bb28-e3b30cdf09d8"} 
[2026-08-18 12:24:32] testing.INFO: payment.approved {"audit_id":"01m09shf5k0sxrx41842n345s5","actor_id":"01m09shf4rf0z7b2cvvj1axvfa","target":"Payment:01m09shf4tyk30n4r8n3rz2975","request_id":"e8f25d54-46f8-4803-9767-c4de6e938ab0"} 
[2026-08-18 12:24:32] testing.INFO: payment.approved {"audit_id":"01m09shfc47v139a5tcjsmzk9y","actor_id":"01m09shfbvvxcyb35cc58g146m","target":"Payment:01m09shfbxy2pt701m499wdbqf","request_id":"653f5a85-d52c-4c01-bbf3-2ae923f030e8"} 
[2026-08-18 12:24:32] testing.INFO: payment.rejected {"audit_id":"01m09shffg4nk5cqfkr4mdjs8c","actor_id":"01m09shff3wcnj7gm60w1m64h3","target":"Payment:01m09shff5dxe7c2p6ettx3fg5","request_id":"f991f685-977d-4184-a75d-8106bb2ab8fa"} 
[2026-08-18 12:24:32] testing.INFO: refund.recorded {"audit_id":"01m09shfsey041f3bz2e0qnx0c","actor_id":"01m09shfrwy27xetpg7cdcwf5r","target":"Refund:01m09shfsd7mg1z1qfb23w2akt","request_id":"952b3841-5fc9-4bb3-90dc-2c7031dd2d9a"} 
[2026-08-18 12:24:32] testing.INFO: refund.processed {"audit_id":"01m09shfszw7gd2zn8tezh7h3a","actor_id":"01m09shfry1fcjbram89x14ybx","target":"Refund:01m09shfsd7mg1z1qfb23w2akt","request_id":"5aa157f7-6df4-44a0-a88e-ceb4a6ee0824"} 
[2026-08-18 12:24:34] testing.INFO: user.suspend {"audit_id":"01m09shhbfybmf5ybtxcj3jvn2","actor_id":"01m09shhar9r381c9wdy4s3wvr","target":"User:01m09shhawx3kw55d9ny3hgnxa","request_id":"cfc4a69d-b77c-4835-90e1-497ba6e1bf43"} 
[2026-08-18 12:24:34] testing.INFO: user.updated {"audit_id":"01m09shhersb14rky26nkz8c2x","actor_id":"01m09shheeqxvgq463tsqhyqsd","target":"User:01m09shhega1sycxrakf4tgjhk","request_id":"73531fbf-60b2-400c-b4db-bc960c10255c"} 
[2026-08-18 12:29:23] local.INFO: auth.logged_in {"audit_id":"01m09stbmt19z5s4ebq1x89cc1","actor_id":"01m09q7tew3njjzstq74javh4k","target":"User:01m09q7tew3njjzstq74javh4k","request_id":"d0439ac9-5e68-45f5-b00d-9302ada54eba"} 
[2026-08-18 12:43:25] testing.INFO: payment.approved {"audit_id":"01m09tm262r5m2j2cenkneczkd","actor_id":"01m09tm1qeb9s29rcp1w028k60","target":"Payment:01m09tm1qg2m4e0t0drhv1968c","request_id":"b70bf6d0-d901-40e1-9a05-0d2cdffced66"} 
[2026-08-18 12:43:26] testing.INFO: payment.approved {"audit_id":"01m09tm2kfwpvka4vk757mzgyg","actor_id":"01m09tm2dtpcn8901cfps9pgrn","target":"Payment:01m09tm2dvtzd9avfy6g7yb3dn","request_id":"85a068d4-7fc7-4a24-af14-29bfa25144de"} 
[2026-08-18 12:43:26] testing.INFO: payment.rejected {"audit_id":"01m09tm2q1qy47y2hrqxz3fnea","actor_id":"01m09tm2pfprb0tr6wj9rr2apt","target":"Payment:01m09tm2php3n7bmpsj37t0256","request_id":"1e730d1a-d18f-46a7-81c7-e378251a8e40"} 
[2026-08-18 12:43:26] testing.INFO: refund.recorded {"audit_id":"01m09tm30rvktp9jfhvs1qzk1j","actor_id":"01m09tm3084075wekak6e8g768","target":"Refund:01m09tm30qa46fbraqsgnmwz31","request_id":"dbd8e948-4cc0-495e-972b-dcd47a6862a3"} 
[2026-08-18 12:43:26] testing.INFO: refund.processed {"audit_id":"01m09tm3187xwsg46mr9gqyv0g","actor_id":"01m09tm30ajabwe0j5akg7qzjp","target":"Refund:01m09tm30qa46fbraqsgnmwz31","request_id":"63386b1a-671f-4f56-9618-a342c8809f0b"} 
[2026-08-18 12:44:14] testing.INFO: payment.approved {"audit_id":"01m09tnhv10sy43zg6244zcfht","actor_id":"01m09tnhj77e9jawy1gptff422","target":"Payment:01m09tnhja92n48k8mqt3j38vx","request_id":"ec058899-d3bc-418c-b0b0-1fe6cf95cbb2"} 
[2026-08-18 12:44:14] testing.INFO: payment.approved {"audit_id":"01m09tnj513x5cacqeyr0eyjb3","actor_id":"01m09tnhyx7hqr8d1adn7eqyab","target":"Payment:01m09tnhyzy8ascm7cvqay5q32","request_id":"4eeddd15-8c03-4afc-b1c2-6a3e7de45173"} 
[2026-08-18 12:44:15] testing.INFO: payment.approved {"audit_id":"01m09tnjh0yqs38jy1brn101e5","actor_id":"01m09tnjbdmvb0yg62tt69aasj","target":"Payment:01m09tnjbe0307tspzyhkjcthj","request_id":"5aae8532-5de6-4c58-afe1-0b8520a5ff52"} 
[2026-08-18 12:44:15] testing.INFO: payment.rejected {"audit_id":"01m09tnjmdcbeavthcd37cqbm8","actor_id":"01m09tnjkyht3vpgp896mv3rj7","target":"Payment:01m09tnjkzqv4s9rth3k7mf3b3","request_id":"59dd7760-4571-449f-a8ab-d41754de5815"} 
[2026-08-18 12:44:15] testing.INFO: refund.recorded {"audit_id":"01m09tnjz1bsy063dwqc39x3ks","actor_id":"01m09tnjycs83ze9ygpvqhrrj8","target":"Refund:01m09tnjyzk99wr4bwd5d1qxwe","request_id":"b42555f5-82d1-49b3-92f2-2072b62c125b"} 
[2026-08-18 12:44:15] testing.INFO: refund.processed {"audit_id":"01m09tnjzhytm8xbn4nbxatb3h","actor_id":"01m09tnjyezdn2jyxbyg8x8033","target":"Refund:01m09tnjyzk99wr4bwd5d1qxwe","request_id":"ad9889e6-bdda-4ed6-a167-5203f1c26d94"} 
[2026-08-18 12:44:34] testing.INFO: payment.approved {"audit_id":"01m09tp5bq1ays5e2n6tcj2d9x","actor_id":"01m09tp52xtdreya852vq6ptn2","target":"Payment:01m09tp52zjnbdwxp9kdrnehjc","request_id":"ae238c2c-10c2-46a9-86ce-9abe713871f1"} 
[2026-08-18 12:44:34] testing.INFO: payment.approved {"audit_id":"01m09tp5p016wyjvxzk0z4d4sq","actor_id":"01m09tp5fwdawwvnn28pnbb7k6","target":"Payment:01m09tp5fya2n9m280m3vjb48e","request_id":"a6bfb2d4-a862-4877-acb5-3400ae3e4639"} 
[2026-08-18 12:44:35] testing.INFO: payment.approved {"audit_id":"01m09tp622ne0k2s4pjr78wk1z","actor_id":"01m09tp5wjd1gxppvd3c8ta2bq","target":"Payment:01m09tp5wmh1brzz0hq8z0tmcw","request_id":"78f2425e-2c89-405c-872a-81b11073f342"} 
[2026-08-18 12:44:35] testing.INFO: payment.rejected {"audit_id":"01m09tp65f4bx0vqkm1tar6wh2","actor_id":"01m09tp64zt5gbsy0jbeszm2te","target":"Payment:01m09tp651nvqhew53zppmjcdx","request_id":"9ec4e52f-c2b3-4125-aad9-bf605cbc7b55"} 
[2026-08-18 12:44:35] testing.INFO: refund.recorded {"audit_id":"01m09tp6fmm8pyzk2m7jpc7k0n","actor_id":"01m09tp6f38cvwafgsd7easys8","target":"Refund:01m09tp6fkjr9mx8q5jpwfhbk3","request_id":"b655c914-7c3c-4f0f-9281-e78ad231297d"} 
[2026-08-18 12:44:35] testing.INFO: refund.processed {"audit_id":"01m09tp6g5pjeanhzrtg2tpbq6","actor_id":"01m09tp6f53s5fkst466hb24e1","target":"Refund:01m09tp6fkjr9mx8q5jpwfhbk3","request_id":"e52873e0-4418-41ba-b7f3-7c08b7d53976"} 
[2026-08-18 12:44:47] testing.INFO: settings.updated {"audit_id":"01m09tpj3z78xqv8sm60ac2y31","actor_id":"01m09tpj2wp7q4dmsfzr60d880","target":":","request_id":"8da4a0a7-da11-4341-9d48-c1cc1cc70154"} 
[2026-08-18 12:44:47] testing.INFO: settings.updated {"audit_id":"01m09tpjb2ww15b5cry2j4npvw","actor_id":"01m09tpjatcavf3s3z30fxx4y8","target":":","request_id":"e82a8f49-cd54-424d-8755-a9f3d6f1179e"} 
[2026-08-18 12:44:47] testing.INFO: settings.payment_method_qr_updated {"audit_id":"01m09tpjhywhfywg42zen5nbt8","actor_id":"01m09tpjgz0pr6p924mn3v109v","target":"PaymentMethod:01m09tpjgmngn7gzjxvy4mj55b","request_id":"091dbf1f-6413-4ac4-9680-f39e3561e3a6"} 
[2026-08-18 12:44:47] testing.INFO: settings.payment_method_qr_removed {"audit_id":"01m09tpjj66sk3v4763v7q5ynb","actor_id":"01m09tpjgz0pr6p924mn3v109v","target":"PaymentMethod:01m09tpjgmngn7gzjxvy4mj55b","request_id":"b7e7992d-a97c-4bb5-90ca-33386ceb6d64"} 
[2026-08-18 12:44:48] testing.INFO: settings.updated {"audit_id":"01m09tpjrppfm1r0r99w6msddr","actor_id":"01m09tpjrcd5st43gdmx78vr4f","target":":","request_id":"f48e70a7-0e48-4e79-b191-1f481a7dc418"} 
[2026-08-18 12:44:48] testing.INFO: attempt.started {"audit_id":"01m09tpjxht5dz4jk34xyka1yr","actor_id":"01m09tpjx2kfj5y6hx0tj903hy","target":"TestAttempt:01m09tpjxg23dkwkvr3nkh577z","request_id":"563439e4-6c3a-47de-bc68-dbd40e028acb"} 
[2026-08-18 12:44:48] testing.INFO: attempt.started {"audit_id":"01m09tpk3xh3jhxfw3q0f4e04g","actor_id":"01m09tpk3hrgxxjs971ve8n5hb","target":"TestAttempt:01m09tpk3w1cpxyvs7w4qyaggc","request_id":"40533ac9-9842-4a18-9bca-f890cc2ac7e9"} 
[2026-08-18 12:44:48] testing.INFO: attempt.started {"audit_id":"01m09tpk45ssjmexknzschtk4s","actor_id":"01m09tpk3hrgxxjs971ve8n5hb","target":"TestAttempt:01m09tpk3w1cpxyvs7w4qyaggc","request_id":"c60681ed-7180-4c07-b270-b54f575f589b"} 
[2026-08-18 12:44:48] testing.INFO: attempt.started {"audit_id":"01m09tpk7dzm9jxs98hsgxfn7k","actor_id":"01m09tpk7023zerx1467n8d7r3","target":"TestAttempt:01m09tpk7cjq9yh30bxrp88acs","request_id":"9c93e949-f8fa-4ab2-aa79-1e4a64ad28ca"} 
[2026-08-18 12:44:48] testing.INFO: attempt.started {"audit_id":"01m09tpkb8sfjjjfeq6wy52ztc","actor_id":"01m09tpkawngfs3yr28x0f2ptw","target":"TestAttempt:01m09tpkb7cacmwhkwkwgya8my","request_id":"dd6c1787-e31e-4b9f-8366-70da4f122b7b"} 
[2026-08-18 12:44:48] testing.INFO: attempt.submitted {"audit_id":"01m09tpkbqzvcpvh789gdd0rn8","actor_id":"01m09tpkawngfs3yr28x0f2ptw","target":"TestAttempt:01m09tpkb7cacmwhkwkwgya8my","request_id":"5f66dd55-7b32-46c4-b749-9fbd4789a05e"} 
[2026-08-18 12:44:48] testing.INFO: auth.logged_in {"audit_id":"01m09tpkj8045d5cn3r35w2145","actor_id":"01m09tpkhvg5camba536j7yx35","target":"User:01m09tpkhvg5camba536j7yx35","request_id":"0930e4a1-c1a5-47fa-b23e-1054de2c1a6e"} 
[2026-08-18 12:44:48] testing.INFO: auth.logged_out {"audit_id":"01m09tpkjkz0qmh7915jb2g56e","actor_id":"01m09tpkhvg5camba536j7yx35","target":"User:01m09tpkhvg5camba536j7yx35","request_id":"ef771312-bed1-4f84-98ac-43ae2e53e43d"} 
[2026-08-18 12:44:48] testing.INFO: auth.logged_in {"audit_id":"01m09tpkjqy2rpkgnw97x3f50d","actor_id":"01m09tpkhvg5camba536j7yx35","target":"User:01m09tpkhvg5camba536j7yx35","request_id":"e6a2a7e1-4601-4561-8081-033dca1520b6"} 
[2026-08-18 12:44:49] testing.INFO: auth.account_locked {"audit_id":"01m09tpkscy9290bwqrycyz3k5","actor_id":"01m09tpkrndfxxwec7cw1y6d77","target":"User:01m09tpkrndfxxwec7cw1y6d77","request_id":"de7a7ecf-12cd-4835-b25f-4514f11726c8"} 
[2026-08-18 12:44:49] testing.INFO: auth.password_changed {"audit_id":"01m09tpkwveqcgz540dj76n1c3","actor_id":"01m09tpkwbh6embrthrxzfqf5w","target":"User:01m09tpkwbh6embrthrxzfqf5w","request_id":"49c5b6cf-d9e6-49d7-a45a-697fc55d8fff"} 
[2026-08-18 12:44:49] testing.INFO: account.profile_updated {"audit_id":"01m09tpm02n67x1bkfw27vzzev","actor_id":"01m09tpkztr3z4gdytasdcdqq3","target":"User:01m09tpkztr3z4gdytasdcdqq3","request_id":"e9927f13-710c-45c6-a559-4549d56b6d5b"} 
[2026-08-18 12:44:49] testing.INFO: auth.logged_in {"audit_id":"01m09tpm60hc1zhg6w5tk76ynh","actor_id":"01m09tpm5rxq3qkp95amvanrej","target":"User:01m09tpm5rxq3qkp95amvanrej","request_id":"910bd910-0d98-431b-a12b-e962bf4c70f8"} 
[2026-08-18 12:44:49] testing.INFO: auth.logged_out {"audit_id":"01m09tpm67jg1gfj83pa88rrdy","actor_id":"01m09tpm5rxq3qkp95amvanrej","target":"User:01m09tpm5rxq3qkp95amvanrej","request_id":"9c46a73f-a26b-4d6c-8c6e-796ba6c2ec28"} 
[2026-08-18 12:44:49] testing.INFO: auth.logged_in {"audit_id":"01m09tpm6dcc1ksfavdh4cmha5","actor_id":"01m09tpm5rxq3qkp95amvanrej","target":"User:01m09tpm5rxq3qkp95amvanrej","request_id":"73a4a5f9-300d-431a-9d00-d04e23f4ea40"} 
[2026-08-18 12:44:49] testing.INFO: auth.logged_in {"audit_id":"01m09tpm9b3vvx1twvy127b1cs","actor_id":"01m09tpm94nhemyneg9md6wqfp","target":"User:01m09tpm94nhemyneg9md6wqfp","request_id":"0f193975-b0ba-4940-a1d8-81444fd2eb53"} 
[2026-08-18 12:44:49] testing.INFO: user.devices_reset {"audit_id":"01m09tpmcmst9fy5zc2vebkzsj","actor_id":"01m09tpmc6bzg9fsn8map7b3kt","target":"User:01m09tpmc89qge1rv1gcrxnjr1","request_id":"235afc6a-b6e4-42a3-9093-a118a80715d7"} 
[2026-08-18 12:44:50] testing.INFO: settings.updated {"audit_id":"01m09tpmrerb3bekq3pw702djz","actor_id":"01m09tpmr6jmccr04tj77rmqs5","target":":","request_id":"f1db9051-ff75-4783-bfaa-aa6afd16cc90"} 
[2026-08-18 12:44:50] testing.INFO: settings.updated {"audit_id":"01m09tpmvpnne6hgm1997r3nrm","actor_id":"01m09tpmvdqc14y22z4m457tbk","target":":","request_id":"2632cd3a-01af-4334-9924-a5865fdac56c"} 
[2026-08-18 12:44:50] testing.INFO: settings.updated {"audit_id":"01m09tpmvy6fp3bvpq0tdytwad","actor_id":"01m09tpmvdqc14y22z4m457tbk","target":":","request_id":"25e530e6-e3f1-46af-918d-84cd4160a570"} 
[2026-08-18 12:44:50] testing.INFO: payment.approved {"audit_id":"01m09tpn97d8jjaem20pghk9a6","actor_id":"01m09tpn1ww9syzd69z5egt60b","target":"Payment:01m09tpn1x78mjb599xtrpdq4w","request_id":"9155d072-bea2-40c8-a650-cebbfa8eae53"} 
[2026-08-18 12:44:50] testing.INFO: payment.approved {"audit_id":"01m09tpnjd0vfwqj8xxz0br26c","actor_id":"01m09tpncea7d0rp9mkp9hmthj","target":"Payment:01m09tpncfaz8p912g88d43d63","request_id":"db469a4c-99fc-4199-8d44-377ea16bd348"} 
[2026-08-18 12:44:51] testing.INFO: payment.approved {"audit_id":"01m09tpnyn0mg86xfwn27zgxjv","actor_id":"01m09tpnrz79xgy30snhfbad5x","target":"Payment:01m09tpns143qnb91ax69ef555","request_id":"d7e1f936-f159-489d-83e1-16d1456fc869"} 
[2026-08-18 12:44:51] testing.INFO: payment.rejected {"audit_id":"01m09tpp24hp2x04961x1wm6zc","actor_id":"01m09tpp1qhwn7qbc2gf2df3ra","target":"Payment:01m09tpp1s54vb1z1gwxphcshm","request_id":"3431e922-2988-444e-93dc-23518019563d"} 
[2026-08-18 12:44:51] testing.INFO: refund.recorded {"audit_id":"01m09tppc4s65dwx5ky5x3n1n4","actor_id":"01m09tppbkxsbfd6wmvvyhkw63","target":"Refund:01m09tppc3rffbwpv0mhkfe3xg","request_id":"60e1301f-04e4-416d-bc9b-e2bf5fab3d94"} 
[2026-08-18 12:44:51] testing.INFO: refund.processed {"audit_id":"01m09tppcmbpreqd16hs766m16","actor_id":"01m09tppbnmf1jchcb5g3h7tpw","target":"Refund:01m09tppc3rffbwpv0mhkfe3xg","request_id":"4caade25-7bc6-419a-9af8-1172d2a3a329"} 
[2026-08-18 12:44:53] testing.INFO: user.suspend {"audit_id":"01m09tpqxkcmb8vyjp3jvq79te","actor_id":"01m09tpqwwgkcm5g0nhvxwbzay","target":"User:01m09tpqx0tdb7pvhde330yhrz","request_id":"57e9c1dd-ea96-47d3-8da1-2c514816cf8b"} 
[2026-08-18 12:44:53] testing.INFO: user.updated {"audit_id":"01m09tpr11yxsayr0pp79rx757","actor_id":"01m09tpr0ghpqzz0d9v7y7y49r","target":"User:01m09tpr0jebewrt612fgjsejz","request_id":"5e0fce36-1676-4640-9ded-6eca3dbfd497"} 
[2026-08-18 12:45:02] testing.INFO: attempt.started {"audit_id":"01m09tq0pmzy4knd8q6s56xhq2","actor_id":"01m09tq0p5vgf7tp2cyn6yvc7h","target":"TestAttempt:01m09tq0pj30jqsrfk0n9nfbnd","request_id":"b419a4d3-fd05-4131-918d-8af169e1f0c2"} 
[2026-08-18 12:45:02] testing.INFO: attempt.started {"audit_id":"01m09tq0xhsdn1q0pvcmsgzbje","actor_id":"01m09tq0x51w6w2xy8dt2pxj10","target":"TestAttempt:01m09tq0xgttsv65xgjqqnbqd4","request_id":"7b4eb2ec-98b2-4da2-991f-4646c7826955"} 
[2026-08-18 12:45:02] testing.INFO: attempt.started {"audit_id":"01m09tq10pnbctbmgd9ybwjcb8","actor_id":"01m09tq10ab6fw1te5aq87np2d","target":"TestAttempt:01m09tq10nhfhshabc6z02q2sk","request_id":"5a317f1c-a92a-467c-ab15-45999279403b"} 
[2026-08-18 12:45:02] testing.INFO: attempt.started {"audit_id":"01m09tq10x7496n02cpnq06rr0","actor_id":"01m09tq10ab6fw1te5aq87np2d","target":"TestAttempt:01m09tq10nhfhshabc6z02q2sk","request_id":"051cfb57-a69a-4d65-9d06-20ff0899366c"} 
[2026-08-18 12:45:02] testing.INFO: attempt.started {"audit_id":"01m09tq146sw63kc7n983756v0","actor_id":"01m09tq13t3de4zcws4wt1pnsd","target":"TestAttempt:01m09tq145xnbkcqpjx4ash56j","request_id":"c46a8939-4f1e-402c-9304-3b3bbb6d86a5"} 
[2026-08-18 12:45:02] testing.INFO: attempt.submitted {"audit_id":"01m09tq14p9afrg3fmrcg09ewm","actor_id":"01m09tq13t3de4zcws4wt1pnsd","target":"TestAttempt:01m09tq145xnbkcqpjx4ash56j","request_id":"18d7b5a7-d4c0-460c-ab0d-f7e0f0bf74a2"} 
[2026-08-18 12:45:03] testing.INFO: settings.updated {"audit_id":"01m09tq1bn7ec4p94gyhby6esd","actor_id":"01m09tq1b5fms0sywh1tw95cjj","target":":","request_id":"d7a7ad2d-3535-47d9-9159-f61ffcde0c9f"} 
[2026-08-18 12:45:03] testing.INFO: settings.payment_method_qr_updated {"audit_id":"01m09tq1f8htvppsw2vfz8z82f","actor_id":"01m09tq1epc24dwsnkf94t48kw","target":"PaymentMethod:01m09tq1eb83n38q0e4frm9w0x","request_id":"da7af55b-58a5-4976-bf9b-c39a25663c2f"} 
[2026-08-18 12:45:03] testing.INFO: settings.payment_method_qr_removed {"audit_id":"01m09tq1ffc8gh2vaszb57qm8z","actor_id":"01m09tq1epc24dwsnkf94t48kw","target":"PaymentMethod:01m09tq1eb83n38q0e4frm9w0x","request_id":"56dbd181-2356-4d1a-a736-d70dee51b7e4"} 
[2026-08-18 12:45:03] testing.INFO: settings.updated {"audit_id":"01m09tq1ntzvvytk85g1wrev9d","actor_id":"01m09tq1nhdndxrp8exm3nm2zk","target":":","request_id":"1efb7604-f038-4a9d-87f4-933e3fe46dd3"} 
[2026-08-18 12:45:03] testing.INFO: settings.updated {"audit_id":"01m09tq1scp8999s97jmzph4v4","actor_id":"01m09tq1s120hw2mrhg8ycdkzc","target":":","request_id":"575a5375-0923-425d-be97-5074c95d4ba6"} 
[2026-08-18 12:45:03] testing.INFO: auth.logged_in {"audit_id":"01m09tq207hpma2f5rbvyry3wq","actor_id":"01m09tq1zve0wgnpawjze8hdk4","target":"User:01m09tq1zve0wgnpawjze8hdk4","request_id":"8c558771-6db3-4c3b-af37-ad6f6b65260e"} 
[2026-08-18 12:45:03] testing.INFO: auth.logged_out {"audit_id":"01m09tq20j9tvhskavxnfsagt8","actor_id":"01m09tq1zve0wgnpawjze8hdk4","target":"User:01m09tq1zve0wgnpawjze8hdk4","request_id":"48c8f852-0be0-4dac-986b-7bb87e1e8ebc"} 
[2026-08-18 12:45:03] testing.INFO: auth.logged_in {"audit_id":"01m09tq20r60n8kyphmyyqbtss","actor_id":"01m09tq1zve0wgnpawjze8hdk4","target":"User:01m09tq1zve0wgnpawjze8hdk4","request_id":"cd6b0679-9945-424b-b533-90ddf54ef796"} 
[2026-08-18 12:45:03] testing.INFO: account.profile_updated {"audit_id":"01m09tq245mecxpj5g07hazvmd","actor_id":"01m09tq23wevwm9bmkz1cf2avr","target":"User:01m09tq23wevwm9bmkz1cf2avr","request_id":"a5ecfa71-a3a5-4762-bd9d-5a4c209352da"} 
[2026-08-18 12:45:04] testing.INFO: auth.password_changed {"audit_id":"01m09tq2e1s7phyapck4ceenqs","actor_id":"01m09tq2dhxmrv5a0ege4gekpt","target":"User:01m09tq2dhxmrv5a0ege4gekpt","request_id":"427bc9c0-5496-4fc8-a0d3-437909b18b93"} 
[2026-08-18 12:45:04] testing.INFO: auth.account_locked {"audit_id":"01m09tq2hp7gnjcvrs2kfq07qq","actor_id":"01m09tq2gw6j5twpbg7fdqnj68","target":"User:01m09tq2gw6j5twpbg7fdqnj68","request_id":"b304255b-1fe6-4f7b-be3a-ca077bf04643"} 
[2026-08-18 12:45:04] testing.INFO: auth.logged_in {"audit_id":"01m09tq2n9ahbrqy97a9nzvppt","actor_id":"01m09tq2n2p6f3rdwj8j8nn769","target":"User:01m09tq2n2p6f3rdwj8j8nn769","request_id":"0bbb3e89-436e-4167-8f6c-d4a77f1a15f1"} 
[2026-08-18 12:45:04] testing.INFO: user.devices_reset {"audit_id":"01m09tq2rksgws0mta2mqftb60","actor_id":"01m09tq2r5n4wa6z1ze9fnfhxp","target":"User:01m09tq2r72r8s7s83fq8kb7hv","request_id":"8412423c-af0c-4bab-b2ca-1b545bf40122"} 
[2026-08-18 12:45:04] testing.INFO: auth.logged_in {"audit_id":"01m09tq2vsqxk37jsy4zskgcqb","actor_id":"01m09tq2vf12rmvfastvt78wcm","target":"User:01m09tq2vf12rmvfastvt78wcm","request_id":"d47eedf5-8650-4222-a816-6a8b104750d4"} 
[2026-08-18 12:45:04] testing.INFO: auth.logged_out {"audit_id":"01m09tq2vz1rnkcx1e2jsbgc09","actor_id":"01m09tq2vf12rmvfastvt78wcm","target":"User:01m09tq2vf12rmvfastvt78wcm","request_id":"2629b34d-84a7-4b87-b9bc-abad74c17249"} 
[2026-08-18 12:45:04] testing.INFO: auth.logged_in {"audit_id":"01m09tq2w5dnj89j9nr3t5y40c","actor_id":"01m09tq2vf12rmvfastvt78wcm","target":"User:01m09tq2vf12rmvfastvt78wcm","request_id":"0aabd87f-82e6-4e6b-8d13-ac0e6fdf2a27"} 
[2026-08-18 12:45:04] testing.INFO: settings.updated {"audit_id":"01m09tq2zckc55j41gchq283t9","actor_id":"01m09tq2z1n46jh9zcc9fd7tnc","target":":","request_id":"e7d51b10-ca76-4873-be33-02e35cc753ce"} 
[2026-08-18 12:45:04] testing.INFO: settings.updated {"audit_id":"01m09tq2zm14fw48ww4ese30h5","actor_id":"01m09tq2z1n46jh9zcc9fd7tnc","target":":","request_id":"1579cfd7-87ca-4b6d-a08f-4481c937a335"} 
[2026-08-18 12:45:05] testing.INFO: settings.updated {"audit_id":"01m09tq3ear0ndmgwkw805xyqf","actor_id":"01m09tq3e0ffrkmn2s8p8p9dth","target":":","request_id":"763f4bd9-e4bd-46a9-93fb-3d16f28fc2e7"} 
[2026-08-18 12:45:05] testing.INFO: payment.approved {"audit_id":"01m09tq407wep5gpdcsgsr6h1p","actor_id":"01m09tq3s5vym7mfdpkdja7dcc","target":"Payment:01m09tq3s7xsnhyz73gpbks0wh","request_id":"7cfa58be-f75e-47f6-8a00-cd16a6f1b546"} 
[2026-08-18 12:45:06] testing.INFO: payment.approved {"audit_id":"01m09tq490xmtrvyzyhv7kbqn1","actor_id":"01m09tq434fqhyvatrsmwtv4bd","target":"Payment:01m09tq436x9h1zk7gyhn426qd","request_id":"0593e238-f737-4e4d-8829-0de87b5b04b2"} 
[2026-08-18 12:45:06] testing.INFO: payment.approved {"audit_id":"01m09tq4hqrq9c695c1kfar623","actor_id":"01m09tq4bvhjf5nb5s3dcja6p3","target":"Payment:01m09tq4bw6093nsb24w0kmvhr","request_id":"8999e8e2-b0d3-4f67-a510-ece52a252e1a"} 
[2026-08-18 12:45:06] testing.INFO: payment.rejected {"audit_id":"01m09tq4rm7k27b2hg3q1zq2r8","actor_id":"01m09tq4r87fjxwkc899s4y1jr","target":"Payment:01m09tq4r9wetn5shtke9kvwja","request_id":"9b5a1014-5b5a-40f1-964e-cfaf0dce596d"} 
[2026-08-18 12:45:06] testing.INFO: refund.recorded {"audit_id":"01m09tq4yz1ypaxd23b0pvmdx3","actor_id":"01m09tq4yht6krj4c040vdmf14","target":"Refund:01m09tq4yyx7ngy61qb4jnfy1k","request_id":"5af71f48-72ce-4f3b-ac2b-001700ab27d9"} 
[2026-08-18 12:45:06] testing.INFO: refund.processed {"audit_id":"01m09tq4zfkz5j6rwk4sefre21","actor_id":"01m09tq4yjq248e92t5nfxq4ak","target":"Refund:01m09tq4yyx7ngy61qb4jnfy1k","request_id":"25f705d9-22b8-473f-9c82-8ce727e55ad0"} 
[2026-08-18 12:45:07] testing.INFO: user.suspend {"audit_id":"01m09tq5cdr7xhh3g4by8tpwrt","actor_id":"01m09tq5bpvvze9a2c93p6r4qg","target":"User:01m09tq5btrqhbt2yzgf2exzyr","request_id":"ffb6689d-0cc1-43e8-b747-ba6a047965d5"} 
[2026-08-18 12:45:07] testing.INFO: user.updated {"audit_id":"01m09tq5nvmr2g80e3388aevzt","actor_id":"01m09tq5nhjxt2yd1t1afbbpv7","target":"User:01m09tq5nk6xg0v372nh47w6m6","request_id":"4f57040f-bde9-4155-b371-29c5cc5b2df1"} 
[2026-08-18 12:53:45] testing.INFO: enrollment_request.approved {"audit_id":"01m09v6z82z2kaqkv636hryw83","actor_id":"01m09v6z6f2vb140zhjkpfq1v3","target":"EnrollmentRequest:01m09v6z6gaqtj0fd5kaa1av1p","request_id":"08ba9f5a-b07f-4137-897e-8ad9330ff9df"} 
[2026-08-18 12:53:45] testing.INFO: enrollment_request.rejected {"audit_id":"01m09v6zccawcz016kx6evy8fq","actor_id":"01m09v6zbz5ndy7yzky8cw4hf0","target":"EnrollmentRequest:01m09v6zc0xqdapshedf1c9j8b","request_id":"1ae6fa4b-0b1f-4778-b211-371af4d5d49e"} 
[2026-08-18 12:53:54] testing.INFO: settings.updated {"audit_id":"01m09v78g8wp14fkajh57gy2gq","actor_id":"01m09v78f0316xh0rc7q5qv18f","target":":","request_id":"0de3a3a8-fce0-402f-b92b-39eb52e39520"} 
[2026-08-18 12:53:54] testing.INFO: settings.updated {"audit_id":"01m09v78qm2wnwfqmr78edsce3","actor_id":"01m09v78qb1m18ww2nrgwzqppp","target":":","request_id":"ec6e882e-72fb-4c9a-b12f-326b8c39dd2d"} 
[2026-08-18 12:53:55] testing.INFO: settings.payment_method_qr_updated {"audit_id":"01m09v78y2xqjsnmzed53mcv3f","actor_id":"01m09v78xf37w77xgczgsvba3g","target":"PaymentMethod:01m09v78x4s1dcptq36gyj3p90","request_id":"7e807d3a-c8b9-468a-b41b-e3d468c0c357"} 
[2026-08-18 12:53:55] testing.INFO: settings.payment_method_qr_removed {"audit_id":"01m09v78ya9cw1hken5c3mcrj4","actor_id":"01m09v78xf37w77xgczgsvba3g","target":"PaymentMethod:01m09v78x4s1dcptq36gyj3p90","request_id":"444ce0ab-1e15-45f1-af93-e8a17261e5bb"} 
[2026-08-18 12:53:55] testing.INFO: settings.updated {"audit_id":"01m09v794y36dgc16rrxv9v2gz","actor_id":"01m09v794mxhd57803nx7jsey3","target":":","request_id":"f346d274-b996-4467-af0a-a5af33691df1"} 
[2026-08-18 12:53:55] testing.INFO: attempt.started {"audit_id":"01m09v798p88mspg3k9gysw3cd","actor_id":"01m09v79866czh2az3em6mn9zy","target":"TestAttempt:01m09v798np98p9cg8jvmz6zzs","request_id":"85dc01cd-d2e4-431e-a691-b08a7db0f508"} 
[2026-08-18 12:53:55] testing.INFO: attempt.started {"audit_id":"01m09v79ezgbwh80r8484rkj1h","actor_id":"01m09v79ejbwhak9pzq5w025tz","target":"TestAttempt:01m09v79eyt66gxaa8bcbyjgmg","request_id":"02143bc1-7a6e-435f-afa2-5ad70274a1eb"} 
[2026-08-18 12:53:55] testing.INFO: attempt.started {"audit_id":"01m09v79f82ex5am8xtebqa2m3","actor_id":"01m09v79ejbwhak9pzq5w025tz","target":"TestAttempt:01m09v79eyt66gxaa8bcbyjgmg","request_id":"0a8f6a81-b1cb-4678-b924-eb105dab92f7"} 
[2026-08-18 12:53:55] testing.INFO: attempt.started {"audit_id":"01m09v79jcxe2v7h6ymef7bv0t","actor_id":"01m09v79j00e2p1r5m5skxxnsv","target":"TestAttempt:01m09v79jbgd5bw0s7xw0fy063","request_id":"1316d66f-dba8-4aba-8e22-7005724f89fc"} 
[2026-08-18 12:53:55] testing.INFO: attempt.started {"audit_id":"01m09v79p9seffhbs4t3th9xh0","actor_id":"01m09v79nxyq2g81np9wvacn0h","target":"TestAttempt:01m09v79p8px42k25jhwsvdey4","request_id":"f39cb4a6-aea4-48fe-91a9-c27d4aeda8a2"} 
[2026-08-18 12:53:55] testing.INFO: attempt.submitted {"audit_id":"01m09v79pr3qwkh31ymp16gxex","actor_id":"01m09v79nxyq2g81np9wvacn0h","target":"TestAttempt:01m09v79p8px42k25jhwsvdey4","request_id":"c60720d1-bc3f-499c-9211-ac95d67b74ca"} 
[2026-08-18 12:53:56] testing.INFO: auth.logged_in {"audit_id":"01m09v79xbv834fh5hpvej2x22","actor_id":"01m09v79x0mr3dw2wygchhe1h7","target":"User:01m09v79x0mr3dw2wygchhe1h7","request_id":"691fa550-f71e-4129-868a-033bf58fa889"} 
[2026-08-18 12:53:56] testing.INFO: auth.logged_out {"audit_id":"01m09v79xn19b4gwapx4tjaam5","actor_id":"01m09v79x0mr3dw2wygchhe1h7","target":"User:01m09v79x0mr3dw2wygchhe1h7","request_id":"48c3c780-3e2e-4bb9-9763-8df3cc4396a9"} 
[2026-08-18 12:53:56] testing.INFO: auth.logged_in {"audit_id":"01m09v79xvwn3v55jm0zkteq95","actor_id":"01m09v79x0mr3dw2wygchhe1h7","target":"User:01m09v79x0mr3dw2wygchhe1h7","request_id":"4440ab2e-80ca-4b3d-9d6f-5f4c123f4e0b"} 
[2026-08-18 12:53:56] testing.INFO: auth.account_locked {"audit_id":"01m09v7a4a3sbx69b3gy1cc8n5","actor_id":"01m09v7a3kmsz4y0yxwg0ztzzj","target":"User:01m09v7a3kmsz4y0yxwg0ztzzj","request_id":"2857d52d-2427-4d25-8b2d-981be1ae72e3"} 
[2026-08-18 12:53:56] testing.INFO: auth.password_changed {"audit_id":"01m09v7a7nexcv3xq3jecab8f4","actor_id":"01m09v7a75j005kyce5akmc200","target":"User:01m09v7a75j005kyce5akmc200","request_id":"72c02896-8605-4f5a-b004-490ac6a8dfbf"} 
[2026-08-18 12:53:56] testing.INFO: account.profile_updated {"audit_id":"01m09v7ab17t4y826ez8nxb13j","actor_id":"01m09v7aark0ftekanb9wakpcc","target":"User:01m09v7aark0ftekanb9wakpcc","request_id":"72f8bbbf-f6f0-452c-8f04-7f154811088f"} 
[2026-08-18 12:53:56] testing.INFO: auth.logged_in {"audit_id":"01m09v7ahgw5m4qdaryc14dhjm","actor_id":"01m09v7ah60xy0p2p0e0s94hqa","target":"User:01m09v7ah60xy0p2p0e0s94hqa","request_id":"eddb38d1-ad41-4b6a-8c77-c85afb0941e4"} 
[2026-08-18 12:53:56] testing.INFO: auth.logged_out {"audit_id":"01m09v7ahqek0wb4fmfd7gfsc1","actor_id":"01m09v7ah60xy0p2p0e0s94hqa","target":"User:01m09v7ah60xy0p2p0e0s94hqa","request_id":"7fa07603-34f5-4ded-b0cb-f570087bf416"} 
[2026-08-18 12:53:56] testing.INFO: auth.logged_in {"audit_id":"01m09v7ahy3pdx15bx84qf3ftf","actor_id":"01m09v7ah60xy0p2p0e0s94hqa","target":"User:01m09v7ah60xy0p2p0e0s94hqa","request_id":"d4920ba2-c648-41ca-88f6-276f3c22beb2"} 
[2026-08-18 12:53:56] testing.INFO: auth.logged_in {"audit_id":"01m09v7an321nanqh2ppxr0d69","actor_id":"01m09v7amvbhjygz7s8d4ax4rd","target":"User:01m09v7amvbhjygz7s8d4ax4rd","request_id":"3ac21a75-64e4-43a5-a8bb-5e4f6bb213db"} 
[2026-08-18 12:53:56] testing.INFO: user.devices_reset {"audit_id":"01m09v7arg0n2123jfggvs54ge","actor_id":"01m09v7ar1j8sdg9q4kt69hk06","target":"User:01m09v7ar4fp1bpbwfxnvjspwt","request_id":"3f5d519c-a10f-472c-920f-1a24977bf78e"} 
[2026-08-18 12:53:57] testing.INFO: enrollment_request.approved {"audit_id":"01m09v7awbtxv5rgfhjf31cfhy","actor_id":"01m09v7avrgjdasws6w8rsw4yp","target":"EnrollmentRequest:01m09v7avt78yd1xwjh06n85z3","request_id":"e4cfafc6-be78-49f3-8ed1-1d28d7b23ddc"} 
[2026-08-18 12:53:57] testing.INFO: enrollment_request.rejected {"audit_id":"01m09v7azy0hepe3n3hsgfbn60","actor_id":"01m09v7azjyeg8q7zvgbcz3mb3","target":"EnrollmentRequest:01m09v7azmcfywn8kkq007jmh7","request_id":"faa33d91-0900-4455-a34b-a23b6a7ba130"} 
[2026-08-18 12:53:57] testing.INFO: settings.updated {"audit_id":"01m09v7bbtrcgg38cys4t966je","actor_id":"01m09v7bbg3gjwdes4shrsewsj","target":":","request_id":"edffdbb3-8569-40ba-abd5-70e84bb2fc87"} 
[2026-08-18 12:53:57] testing.INFO: settings.updated {"audit_id":"01m09v7bf619mw0js9xf76rvaq","actor_id":"01m09v7bextkxsdv0bekvkwkqz","target":":","request_id":"0955190b-950f-49c2-8a4c-2513217ef811"} 
[2026-08-18 12:53:57] testing.INFO: settings.updated {"audit_id":"01m09v7bffdc0r729dfhwj9yeh","actor_id":"01m09v7bextkxsdv0bekvkwkqz","target":":","request_id":"f9b0a89a-7e87-4fb0-8b03-97919e150d02"} 
[2026-08-18 12:53:58] testing.INFO: payment.approved {"audit_id":"01m09v7bx5jtr8wddsxkhqj6na","actor_id":"01m09v7bnqgdn3r6xqmm6ecf1h","target":"Payment:01m09v7bnsg0n1m2xh64wcn9c7","request_id":"8cb49aee-a84f-4f67-8891-e2020bab30b3"} 
[2026-08-18 12:53:58] testing.INFO: payment.approved {"audit_id":"01m09v7c5y81dgqran0ms9cqmq","actor_id":"01m09v7c03887tjzdb9qtngtaz","target":"Payment:01m09v7c04qfjr6s7xxw5avrbc","request_id":"005beaf9-2ca1-45a4-85ab-9826bab7e960"} 
[2026-08-18 12:53:58] testing.INFO: payment.approved {"audit_id":"01m09v7cjfghaj7brtafdpydja","actor_id":"01m09v7ccgcwxva675gg56hg82","target":"Payment:01m09v7ccjgrxc5gzpmd3ytm71","request_id":"15999a26-9fac-494f-854d-dd2a53344f62"} 
[2026-08-18 12:53:58] testing.INFO: payment.rejected {"audit_id":"01m09v7cntn6f4q472xq6txjvf","actor_id":"01m09v7cndp259qp0a6grc6r5p","target":"Payment:01m09v7cnerv9wzy29ydstnktq","request_id":"4bca3667-b273-4ab7-8907-42e63a6286d8"} 
[2026-08-18 12:53:59] testing.INFO: refund.recorded {"audit_id":"01m09v7czp5jkmw28qtat3xr83","actor_id":"01m09v7cz5m8ycvtq1v7awf0mc","target":"Refund:01m09v7cznx0r6ndvhv5cpsq3t","request_id":"6f1da4e6-315a-4ce3-b9b3-ba1e5d54cd1e"} 
[2026-08-18 12:53:59] testing.INFO: refund.processed {"audit_id":"01m09v7d06ybzwb2j1m525h1ht","actor_id":"01m09v7cz8bxjr4c38ykm242ed","target":"Refund:01m09v7cznx0r6ndvhv5cpsq3t","request_id":"8a537216-e2b2-41a8-8f63-4f893ebd024a"} 
[2026-08-18 12:54:00] testing.INFO: user.suspend {"audit_id":"01m09v7ej4px8sw8bgyjr5rjsp","actor_id":"01m09v7ehdfgr4ek8xnvq1q81x","target":"User:01m09v7ehg7axwpsapqg13ne1v","request_id":"d840d462-c73a-4c50-bde9-c67e1c7d0f45"} 
[2026-08-18 12:54:00] testing.INFO: user.updated {"audit_id":"01m09v7enfakswj0zag70hhgc8","actor_id":"01m09v7en5rxjnmpaeka016nc4","target":"User:01m09v7en72hcsq16merv2k9ft","request_id":"3a1ef6b7-a0ed-4715-9fa2-cce36887bf8b"} 
[2026-08-18 12:54:13] testing.INFO: user.suspend {"audit_id":"01m09v7th3y3r445v6a4s68wv4","actor_id":"01m09v7tf7a46q6zc9xkhzh7vp","target":"User:01m09v7tfavb5vjj1vb9fy81w3","request_id":"bc370954-32ca-41d2-a1b3-20d29a7e1916"} 
[2026-08-18 12:54:14] testing.INFO: user.updated {"audit_id":"01m09v7w1ady3q5m2hcz1q2f84","actor_id":"01m09v7w10s13dstptgv5rgwam","target":"User:01m09v7w124033de2azp0yf6w3","request_id":"c3c086fd-ae6f-4e6f-84a7-b722b47d8216"} 
[2026-08-18 12:54:14] testing.INFO: settings.updated {"audit_id":"01m09v7w7z3wjfjm8ama8fvatt","actor_id":"01m09v7w7k1njpt3d5k9k886w3","target":":","request_id":"b2b57ce2-552c-4f1a-9476-b89bfde5447d"} 
[2026-08-18 12:54:15] testing.INFO: settings.payment_method_qr_updated {"audit_id":"01m09v7wjcxjeprttxmdwtqgbw","actor_id":"01m09v7whrv72tscbjbn7tjsqq","target":"PaymentMethod:01m09v7whdc9mgxmpv9bchaew0","request_id":"c8e0b758-c1ac-4104-9299-d774aba9b59a"} 
[2026-08-18 12:54:15] testing.INFO: settings.payment_method_qr_removed {"audit_id":"01m09v7wjnxp4q70qbxa137syb","actor_id":"01m09v7whrv72tscbjbn7tjsqq","target":"PaymentMethod:01m09v7whdc9mgxmpv9bchaew0","request_id":"a20cc490-fff3-48a5-8857-281e743d6496"} 
[2026-08-18 12:54:15] testing.INFO: settings.updated {"audit_id":"01m09v7wnx3grz6r4bg6jp1hm5","actor_id":"01m09v7wnmxyye8y98sfnnmhgt","target":":","request_id":"bd092bbd-024a-47ee-b693-5985adff58ac"} 
[2026-08-18 12:54:15] testing.INFO: settings.updated {"audit_id":"01m09v7ws35jmekqyavnjbsdxr","actor_id":"01m09v7wrt9pme30f3zdj0vfyx","target":":","request_id":"f21c34b1-f812-40c6-b9af-9a80a902f919"} 
[2026-08-18 12:54:15] testing.INFO: auth.logged_in {"audit_id":"01m09v7x02264heddzaksh1hsv","actor_id":"01m09v7wzk8shmexebvzfme48v","target":"User:01m09v7wzk8shmexebvzfme48v","request_id":"a7b7b2b7-8292-4ff7-b517-b1462895c74a"} 
[2026-08-18 12:54:15] testing.INFO: auth.logged_out {"audit_id":"01m09v7x0cq4m3cjywxm76mmp9","actor_id":"01m09v7wzk8shmexebvzfme48v","target":"User:01m09v7wzk8shmexebvzfme48v","request_id":"2cfcc2ea-8e34-45c0-9eba-e64c9c919e96"} 
[2026-08-18 12:54:15] testing.INFO: auth.logged_in {"audit_id":"01m09v7x0j146yxecq3365ny1a","actor_id":"01m09v7wzk8shmexebvzfme48v","target":"User:01m09v7wzk8shmexebvzfme48v","request_id":"cd59ba82-a462-48e9-b1a9-d91080c34691"} 
[2026-08-18 12:54:15] testing.INFO: auth.logged_in {"audit_id":"01m09v7x3m54vjrrn4pr465xjs","actor_id":"01m09v7x3dhvny8w0zb47gcgjc","target":"User:01m09v7x3dhvny8w0zb47gcgjc","request_id":"fe33bc95-7545-4eb4-912b-77093cbd68e0"} 
[2026-08-18 12:54:15] testing.INFO: user.devices_reset {"audit_id":"01m09v7x718ed4g2x90gej5zbd","actor_id":"01m09v7x6k1gezqfnbsk1n8snj","target":"User:01m09v7x6nb6gdxkbrxz172rga","request_id":"b1cdaccf-02e9-46d0-b501-5685c328e155"} 
[2026-08-18 12:54:16] testing.INFO: auth.account_locked {"audit_id":"01m09v7xdv25e618jyn07631cb","actor_id":"01m09v7xd2jc6wy7bfdqyah8yj","target":"User:01m09v7xd2jc6wy7bfdqyah8yj","request_id":"fe6d1e49-4dab-4f59-bd01-e03054c9ca5f"} 
[2026-08-18 12:54:16] testing.INFO: auth.password_changed {"audit_id":"01m09v7xhm9etkj7fc6wt40387","actor_id":"01m09v7xh316390q2s2hpas279","target":"User:01m09v7xh316390q2s2hpas279","request_id":"a268519d-8de2-495c-93cb-22e21579e835"} 
[2026-08-18 12:54:16] testing.INFO: account.profile_updated {"audit_id":"01m09v7xms07aavmqm2zdn9312","actor_id":"01m09v7xmhmpt195atjws5fkrs","target":"User:01m09v7xmhmpt195atjws5fkrs","request_id":"a1859267-4966-4d69-8eba-a9c5f794f324"} 
[2026-08-18 12:54:16] testing.INFO: auth.logged_in {"audit_id":"01m09v7xtxs5b86mqw56sj5jg9","actor_id":"01m09v7xtppqq728ntd2vfsj37","target":"User:01m09v7xtppqq728ntd2vfsj37","request_id":"fc21ed23-a638-4a55-9e01-e35e08c37f9b"} 
[2026-08-18 12:54:16] testing.INFO: auth.logged_out {"audit_id":"01m09v7xv3bpvp3nsjazr2acaw","actor_id":"01m09v7xtppqq728ntd2vfsj37","target":"User:01m09v7xtppqq728ntd2vfsj37","request_id":"3da6967f-ad52-4c6d-ba90-e629bae7ab25"} 
[2026-08-18 12:54:16] testing.INFO: auth.logged_in {"audit_id":"01m09v7xv8q48t77e3qvyzgpav","actor_id":"01m09v7xtppqq728ntd2vfsj37","target":"User:01m09v7xtppqq728ntd2vfsj37","request_id":"63255e78-25ea-460c-8e7c-c98274ebf12c"} 
[2026-08-18 12:54:16] testing.INFO: refund.recorded {"audit_id":"01m09v7xyw1fa0d2p2vjf7qrmq","actor_id":"01m09v7xyb6t1w7z8pkn3vrq47","target":"Refund:01m09v7xyv286253b72yx43bww","request_id":"8ed2de6d-dadf-414d-8d91-41845eaa39bd"} 
[2026-08-18 12:54:16] testing.INFO: refund.processed {"audit_id":"01m09v7xzc7merp1wbqnanaqcx","actor_id":"01m09v7xydc2hshhb66n9erwxk","target":"Refund:01m09v7xyv286253b72yx43bww","request_id":"2800464a-5bd6-4e65-9dd5-f86f92f6bd98"} 
[2026-08-18 12:54:17] testing.INFO: payment.approved {"audit_id":"01m09v7ykfsd7cmh31aph0t7st","actor_id":"01m09v7ybwzycznj6007nd0cy5","target":"Payment:01m09v7ybxgzzgr7zkxzv6s2ek","request_id":"5ed82734-be48-4225-9c27-c7a21964ace8"} 
[2026-08-18 12:54:17] testing.INFO: payment.rejected {"audit_id":"01m09v7yt1p9bc1xck5efmnh9x","actor_id":"01m09v7ysmzt7kf6hsrae8jaqn","target":"Payment:01m09v7ysn8fkyd2n9sf4r2ayh","request_id":"71140bb4-f729-4d77-9ab8-4304e42cb116"} 
[2026-08-18 12:54:17] testing.INFO: payment.approved {"audit_id":"01m09v7z38kwkhy6x179wc7w9h","actor_id":"01m09v7ywxhjbzm70ta88txvb4","target":"Payment:01m09v7ywy1zsgxzy4amgf1hdd","request_id":"6a7d6bbd-532b-4f5f-a111-a19ab28a05b2"} 
[2026-08-18 12:54:18] testing.INFO: payment.approved {"audit_id":"01m09v7zc4f0a4aff88vzqn4ty","actor_id":"01m09v7z6frnevjzq7bc8mp285","target":"Payment:01m09v7z6hwvcc66mj2xa9b75s","request_id":"608574ba-ef9a-4527-93c6-bd61b42c4400"} 
[2026-08-18 12:54:18] testing.INFO: attempt.started {"audit_id":"01m09v7zfx7g8gv0akn27z8mdk","actor_id":"01m09v7zfft4wbnqyq5jf6j981","target":"TestAttempt:01m09v7zfwt4ts1y8cjv6cmfh8","request_id":"35f33086-279e-48b1-9092-9c6ddcf19fff"} 
[2026-08-18 12:54:18] testing.INFO: attempt.started {"audit_id":"01m09v7ztkm73djgs0g4jhn1ah","actor_id":"01m09v7zt8tjjeccqg84x6tm07","target":"TestAttempt:01m09v7ztjk8wrywpfdkqcda7a","request_id":"53f37856-5f0d-4946-8842-2234fd229596"} 
[2026-08-18 12:54:18] testing.INFO: attempt.started {"audit_id":"01m09v7zv5343dyzavp837gq29","actor_id":"01m09v7zt8tjjeccqg84x6tm07","target":"TestAttempt:01m09v7ztjk8wrywpfdkqcda7a","request_id":"8df7d504-17f2-4e42-8fda-d54ca14acad3"} 
[2026-08-18 12:54:18] testing.INFO: attempt.started {"audit_id":"01m09v7zy9ky4m7t85gg4178ck","actor_id":"01m09v7zxyp6hgqbtj7c9916a5","target":"TestAttempt:01m09v7zy8m0x1ew6nn1v65w4d","request_id":"49438eaf-3082-4b5a-9ca1-91004eaeb0bc"} 
[2026-08-18 12:54:18] testing.INFO: attempt.started {"audit_id":"01m09v801vhjdp3eafhrg7cbg2","actor_id":"01m09v801e1rdnab7dyscqvmv0","target":"TestAttempt:01m09v801t1df8zd4nqgnmt734","request_id":"86d4326f-1855-4f37-9a81-e05c45300408"} 
[2026-08-18 12:54:18] testing.INFO: attempt.submitted {"audit_id":"01m09v802abgm1wjje22fk274w","actor_id":"01m09v801e1rdnab7dyscqvmv0","target":"TestAttempt:01m09v801t1df8zd4nqgnmt734","request_id":"221d0653-6ff1-4029-a58a-15644de1ee4e"} 
[2026-08-18 12:54:18] testing.INFO: enrollment_request.approved {"audit_id":"01m09v8062x58x1hmefjrpvgg9","actor_id":"01m09v805h4ap4xmmpxe57tfay","target":"EnrollmentRequest:01m09v805k9fnyep8gc4kxdpcb","request_id":"888f37af-2b5e-4123-9a59-4a38eb460ca7"} 
[2026-08-18 12:54:19] testing.INFO: enrollment_request.rejected {"audit_id":"01m09v809czqvp868s1ycyztka","actor_id":"01m09v8091945sq3b3tthy43rs","target":"EnrollmentRequest:01m09v809374f4r7m06q0f35pc","request_id":"1ca433dc-ac62-4e2e-aeb3-63b07562a1c2"} 
[2026-08-18 12:54:19] testing.INFO: settings.updated {"audit_id":"01m09v80nchhh13hxn7xw3br5h","actor_id":"01m09v80n2htk9g6pwa6qr6zaf","target":":","request_id":"3fa389d0-034a-4054-be63-8d1113be24fc"} 
[2026-08-18 12:54:19] testing.INFO: settings.updated {"audit_id":"01m09v80nmsehvy95kde9q4h51","actor_id":"01m09v80n2htk9g6pwa6qr6zaf","target":":","request_id":"0016e4bb-489a-4cc0-b130-b02d5f87e500"} 
[2026-08-18 12:54:19] testing.INFO: settings.updated {"audit_id":"01m09v80v85epq529fnbedc1e6","actor_id":"01m09v80tz8sxg0n2v8scm39hx","target":":","request_id":"668c02f2-a5c4-4051-b938-dd7d9ec830fc"} 
[2026-08-18 12:59:22] testing.INFO: settings.updated {"audit_id":"01m09vh91qnnd5tpwg7gmpw9de","actor_id":"01m09vh90hd45a101k5je8qzsy","target":":","request_id":"86f942a9-a13e-4965-a468-ed0dab13db42"} 
[2026-08-18 12:59:23] testing.INFO: settings.updated {"audit_id":"01m09vh98vrx0veh9hq188bg41","actor_id":"01m09vh98k1z5yesvsa5685d3c","target":":","request_id":"70ad42fb-8aac-4bde-9919-ea2fe75d316c"} 
[2026-08-18 12:59:23] testing.INFO: settings.payment_method_qr_updated {"audit_id":"01m09vh9fjw4w9ctx97fzjt844","actor_id":"01m09vh9eyfxqdgxfqzka8qf2e","target":"PaymentMethod:01m09vh9ej2bfjh1qy6hsjgpgh","request_id":"9f03ff17-360c-411e-89b4-12a6563512d5"} 
[2026-08-18 12:59:23] testing.INFO: settings.payment_method_qr_removed {"audit_id":"01m09vh9fs958nb2fx960bpqt7","actor_id":"01m09vh9eyfxqdgxfqzka8qf2e","target":"PaymentMethod:01m09vh9ej2bfjh1qy6hsjgpgh","request_id":"553fc773-211f-48ca-872d-bd5a02a97247"} 
[2026-08-18 12:59:23] testing.INFO: settings.updated {"audit_id":"01m09vh9pcz42dbrspatc7vq9a","actor_id":"01m09vh9p1sn2hy1661n8zgtmf","target":":","request_id":"02d9ad86-bfd5-4314-ac9d-658801b091f1"} 
[2026-08-18 12:59:23] testing.INFO: attempt.started {"audit_id":"01m09vh9tawprg81dj2k9t2m8f","actor_id":"01m09vh9svy18yybhxcdkqfkc2","target":"TestAttempt:01m09vh9t9zaq74055qzc0b9aj","request_id":"47705044-81dc-43ec-b1b9-4ce8db096d9f"} 
[2026-08-18 12:59:23] testing.INFO: attempt.started {"audit_id":"01m09vha0yw3pwqy651qrh9dvy","actor_id":"01m09vha0hw8jxwmc89a2m3seh","target":"TestAttempt:01m09vha0xq4xb1eymyr1j110e","request_id":"6d57b79e-ff97-4917-ba39-47db73e24dbc"} 
[2026-08-18 12:59:23] testing.INFO: attempt.started {"audit_id":"01m09vha16e7dt396kbxg9bvk2","actor_id":"01m09vha0hw8jxwmc89a2m3seh","target":"TestAttempt:01m09vha0xq4xb1eymyr1j110e","request_id":"00b23e3e-8895-4992-8425-05dad4836d96"} 
[2026-08-18 12:59:24] testing.INFO: attempt.started {"audit_id":"01m09vha4c552k8jehesr5knnr","actor_id":"01m09vha3zbd4h30hk4hy2jq8s","target":"TestAttempt:01m09vha4bg93qr6vayhgzw2a2","request_id":"b5bae718-444a-4576-be18-8417b8a18a55"} 
[2026-08-18 12:59:24] testing.INFO: attempt.started {"audit_id":"01m09vha84zt1e571fqg240w9a","actor_id":"01m09vha7r1n18yrw3h0av3nms","target":"TestAttempt:01m09vha83t1cgw39h33gf481r","request_id":"cd9e5543-4f96-4b40-9af0-ad2467a2811f"} 
[2026-08-18 12:59:24] testing.INFO: attempt.submitted {"audit_id":"01m09vha8kmq1y469h3x1ah0ey","actor_id":"01m09vha7r1n18yrw3h0av3nms","target":"TestAttempt:01m09vha83t1cgw39h33gf481r","request_id":"0e7d37d9-2e1a-437d-a670-ee19dccce11e"} 
[2026-08-18 12:59:24] testing.INFO: auth.logged_in {"audit_id":"01m09vhaf6y5pq5qcshxqrzrza","actor_id":"01m09vhaesmjwnk0chgketw2ky","target":"User:01m09vhaesmjwnk0chgketw2ky","request_id":"736005a3-ae71-4483-92f8-a710d5c76d05"} 
[2026-08-18 12:59:24] testing.INFO: auth.logged_out {"audit_id":"01m09vhafg1cpc1tcepycrree5","actor_id":"01m09vhaesmjwnk0chgketw2ky","target":"User:01m09vhaesmjwnk0chgketw2ky","request_id":"35df17c5-916b-4748-a065-f79328c071cb"} 
[2026-08-18 12:59:24] testing.INFO: auth.logged_in {"audit_id":"01m09vhafnhzk2rhgynptsbn0v","actor_id":"01m09vhaesmjwnk0chgketw2ky","target":"User:01m09vhaesmjwnk0chgketw2ky","request_id":"2b142abe-461a-4e16-b7c8-3b104a3cdac5"} 
[2026-08-18 12:59:24] testing.INFO: auth.account_locked {"audit_id":"01m09vhap3ewdta3x8jk2d5jcg","actor_id":"01m09vhanbtzrnypn6624c6war","target":"User:01m09vhanbtzrnypn6624c6war","request_id":"0654cdd9-3817-40ce-94a5-c978b35a5fd7"} 
[2026-08-18 12:59:24] testing.INFO: auth.password_changed {"audit_id":"01m09vhasewr728vxzd6x8ydmy","actor_id":"01m09vharzh9k6p7849rzebx40","target":"User:01m09vharzh9k6p7849rzebx40","request_id":"42c780de-cbfa-4850-9a3e-a030d8e5724c"} 
[2026-08-18 12:59:24] testing.INFO: account.profile_updated {"audit_id":"01m09vhawm1npdhr167pb6agbz","actor_id":"01m09vhawch13mw477fczyw25y","target":"User:01m09vhawch13mw477fczyw25y","request_id":"69ba7e5f-569d-4867-8e4d-2d86b253e292"} 
[2026-08-18 12:59:24] testing.INFO: auth.logged_in {"audit_id":"01m09vhb2najepqrpqt2qnd64n","actor_id":"01m09vhb2dn8qe8jhgreb7er98","target":"User:01m09vhb2dn8qe8jhgreb7er98","request_id":"66def8d5-2b94-4406-83ca-bc1bdab51ff4"} 
[2026-08-18 12:59:24] testing.INFO: auth.logged_out {"audit_id":"01m09vhb2vae5z758emf3g0qk4","actor_id":"01m09vhb2dn8qe8jhgreb7er98","target":"User:01m09vhb2dn8qe8jhgreb7er98","request_id":"a7ca6283-ad1a-495f-924f-3d796062669e"} 
[2026-08-18 12:59:24] testing.INFO: auth.logged_in {"audit_id":"01m09vhb31nk73kx8nkmg71nap","actor_id":"01m09vhb2dn8qe8jhgreb7er98","target":"User:01m09vhb2dn8qe8jhgreb7er98","request_id":"b355908a-40d9-4c80-beed-ab903dc827f8"} 
[2026-08-18 12:59:25] testing.INFO: auth.logged_in {"audit_id":"01m09vhb60gde5g1kw4kfd1pjr","actor_id":"01m09vhb5tttzg16z6a24bcwhk","target":"User:01m09vhb5tttzg16z6a24bcwhk","request_id":"599b1479-de81-4829-8c91-aea343f30409"} 
[2026-08-18 12:59:25] testing.INFO: user.devices_reset {"audit_id":"01m09vhb999ne191zyjmgd5syv","actor_id":"01m09vhb8vmmt23reaw07qk2st","target":"User:01m09vhb8xpcdswsyf791gqw15","request_id":"9116f47e-20ca-4da1-b694-22e9fc1f74e4"} 
[2026-08-18 12:59:25] testing.INFO: enrollment_request.approved {"audit_id":"01m09vhbcy8t2r9rrfrxfbtzdw","actor_id":"01m09vhbcczqwqycv4s2pbdggs","target":"EnrollmentRequest:01m09vhbce3hsy93kxqpb6jvph","request_id":"ab730521-d8ab-402f-8403-e6f871dca04e"} 
[2026-08-18 12:59:25] testing.INFO: enrollment_request.rejected {"audit_id":"01m09vhbgan415xvwecrvy83tq","actor_id":"01m09vhbfzk1hyygec0zqjpfvk","target":"EnrollmentRequest:01m09vhbg10szmyjpfx7hhtve7","request_id":"3079e56b-302d-4c75-b24f-ff841ae1dc8c"} 
[2026-08-18 12:59:25] testing.INFO: settings.updated {"audit_id":"01m09vhbvxj81q6whns20mzvbg","actor_id":"01m09vhbvkp9yq951b2m8v3s6f","target":":","request_id":"b1d35b11-c1c3-4c43-ab70-ec818877bbee"} 
[2026-08-18 12:59:25] testing.INFO: settings.updated {"audit_id":"01m09vhbz3ycgjsz9edejg3a26","actor_id":"01m09vhbyt27pcpjrwygfe52hz","target":":","request_id":"8c6cb120-9439-4df6-adac-e5d07bea9279"} 
[2026-08-18 12:59:25] testing.INFO: settings.updated {"audit_id":"01m09vhbzc1z9htcjmhkrrnakj","actor_id":"01m09vhbyt27pcpjrwygfe52hz","target":":","request_id":"437a5550-823f-4bf6-9d80-f15e56edd1db"} 
[2026-08-18 12:59:26] testing.INFO: payment.approved {"audit_id":"01m09vhccyjkf0a1tjd584v9wv","actor_id":"01m09vhc5jb810xmwe019ptevp","target":"Payment:01m09vhc5mgvtf8axbmdxn95x0","request_id":"e3d17408-0526-4ee6-b791-0fa40b28c259"} 
[2026-08-18 12:59:26] testing.INFO: payment.approved {"audit_id":"01m09vhcnjke32r402dbbmay94","actor_id":"01m09vhcfs0t2sxt49gn37r3yc","target":"Payment:01m09vhcfvr2r1hg4m7jc2c8k7","request_id":"e914115e-5883-4aff-92a8-6872445811de"} 
[2026-08-18 12:59:27] testing.INFO: payment.approved {"audit_id":"01m09vhd2b114xj27274kk46s2","actor_id":"01m09vhcwds6z89pmkjw47pv32","target":"Payment:01m09vhcwe0y4sctz4ng9krswh","request_id":"ecf4b426-c813-4860-a59c-10473da6d08b"} 
[2026-08-18 12:59:27] testing.INFO: payment.rejected {"audit_id":"01m09vhd5sx4r0203hqx6brs9s","actor_id":"01m09vhd5cw9vsq3vrmbss6nts","target":"Payment:01m09vhd5dcy3txzhvy1r6xjs8","request_id":"a275910c-145d-4b95-a9f3-caef340602b8"} 
[2026-08-18 12:59:27] testing.INFO: refund.recorded {"audit_id":"01m09vhdfdkc6hd6g3mtqsqx97","actor_id":"01m09vhdex1f34he1bgkkw52c4","target":"Refund:01m09vhdfc74e3qzx5edfz4n5t","request_id":"ad2a95e8-ce0e-4755-8c1f-6568b5fe1eaf"} 
[2026-08-18 12:59:27] testing.INFO: refund.processed {"audit_id":"01m09vhdfyr7hbq4zyb37bem1r","actor_id":"01m09vhdeza3p4b9wge2bk61t8","target":"Refund:01m09vhdfc74e3qzx5edfz4n5t","request_id":"b5734cc3-7e7c-48b6-a2bd-7a79c8fa8087"} 
[2026-08-18 12:59:29] testing.INFO: user.suspend {"audit_id":"01m09vhf169q4d78a9g0kv8pfk","actor_id":"01m09vhf0cy58aq5nv9vqgtex4","target":"User:01m09vhf0hn1d1g4aw8syncft8","request_id":"3d4e2250-2e76-49ff-950e-8380a37cfde5"} 
[2026-08-18 12:59:29] testing.INFO: user.updated {"audit_id":"01m09vhf4e13rs3ehh95d028p4","actor_id":"01m09vhf448dwmftk5xzd2mrsw","target":"User:01m09vhf4791zq92j62c4t2ecp","request_id":"88657277-0839-4563-8375-038a26f74f5a"} 
[2026-08-18 13:00:12] testing.INFO: settings.updated {"audit_id":"01m09vjsrr9tanbehd2apchx8d","actor_id":"01m09vjsqe8n18wdp2a0sw1cg1","target":":","request_id":"8f3618cf-0a5f-4441-9963-10a1e15e6ed4"} 
[2026-08-18 13:00:13] testing.INFO: settings.updated {"audit_id":"01m09vjszt3q5b06jyk3fjnbzb","actor_id":"01m09vjszh085nkbpmxs6wvdr7","target":":","request_id":"45809190-ff2c-4d64-b6cd-c53de1e14f2a"} 
[2026-08-18 13:00:13] testing.INFO: settings.payment_method_qr_updated {"audit_id":"01m09vjt65c2jmc0yvyxr5j6hc","actor_id":"01m09vjt5jyk7czc43fxdzsc18","target":"PaymentMethod:01m09vjt58zp48yzbda98gbmjd","request_id":"458342b1-cdc7-4ebf-aa8f-a1e431a23176"} 
[2026-08-18 13:00:13] testing.INFO: settings.payment_method_qr_removed {"audit_id":"01m09vjt6csp9g26xnbprycyqf","actor_id":"01m09vjt5jyk7czc43fxdzsc18","target":"PaymentMethod:01m09vjt58zp48yzbda98gbmjd","request_id":"e6c88f68-c06c-4fdd-bc0f-63651b1b9928"} 
[2026-08-18 13:00:13] testing.INFO: settings.updated {"audit_id":"01m09vjtcqfcw1gjs5ma1xqwd2","actor_id":"01m09vjtcevtbze9h4zfm41wx2","target":":","request_id":"8dccb969-89d0-4b19-9a18-bd262cf884c3"} 
[2026-08-18 13:00:13] testing.INFO: attempt.started {"audit_id":"01m09vjtgnfb94df41y6arc20x","actor_id":"01m09vjtg51p3a0xg2ezh7yt00","target":"TestAttempt:01m09vjtgmg97mkhzhca29dj29","request_id":"7c2dc798-9f01-4ccf-b01a-6807284e2276"} 
[2026-08-18 13:00:13] testing.INFO: attempt.started {"audit_id":"01m09vjtq2g8gra38g1knkdarn","actor_id":"01m09vjtpn32eczp9a4gpnc05a","target":"TestAttempt:01m09vjtq18at8gvzsv7zfp4xn","request_id":"9201c907-45ee-4c19-870c-82135a770aa2"} 
[2026-08-18 13:00:13] testing.INFO: attempt.started {"audit_id":"01m09vjtqazzwd208yzejctk42","actor_id":"01m09vjtpn32eczp9a4gpnc05a","target":"TestAttempt:01m09vjtq18at8gvzsv7zfp4xn","request_id":"8efd05bd-6f78-4a32-9ad1-1e4da76f9bdc"} 
[2026-08-18 13:00:13] testing.INFO: attempt.started {"audit_id":"01m09vjtthgajjh85k17y8f9g6","actor_id":"01m09vjtt5h1amcwbwgp61zdg9","target":"TestAttempt:01m09vjttgc1btd5a9ezr5ttgv","request_id":"c89e0afb-b0e3-4be9-a17b-0886f63b792f"} 
[2026-08-18 13:00:13] testing.INFO: attempt.started {"audit_id":"01m09vjtye9e8a8npmhkkf6a4a","actor_id":"01m09vjty23qwdv1mfe07dvm42","target":"TestAttempt:01m09vjtydsw3xm69szvbh89a0","request_id":"b5edea2d-0b51-446f-a66f-52a89d036a59"} 
[2026-08-18 13:00:14] testing.INFO: attempt.submitted {"audit_id":"01m09vjtyy830a3gerpyak0b5q","actor_id":"01m09vjty23qwdv1mfe07dvm42","target":"TestAttempt:01m09vjtydsw3xm69szvbh89a0","request_id":"9d7007b1-58e1-4f29-b1f0-8348ac335d4c"} 
[2026-08-18 13:00:14] testing.INFO: auth.logged_in {"audit_id":"01m09vjv5aw5sh737j5qe82jaa","actor_id":"01m09vjv50hatcvg1c5h3ngdv0","target":"User:01m09vjv50hatcvg1c5h3ngdv0","request_id":"c38c9f13-e071-4294-be6b-da752efb88d8"} 
[2026-08-18 13:00:14] testing.INFO: auth.logged_out {"audit_id":"01m09vjv5m2c5g1xfvzm6jdsd7","actor_id":"01m09vjv50hatcvg1c5h3ngdv0","target":"User:01m09vjv50hatcvg1c5h3ngdv0","request_id":"a3ab4042-7e3a-4ce5-9af9-07b29c417ad7"} 
[2026-08-18 13:00:14] testing.INFO: auth.logged_in {"audit_id":"01m09vjv5sa3ws79nqj0qs89zj","actor_id":"01m09vjv50hatcvg1c5h3ngdv0","target":"User:01m09vjv50hatcvg1c5h3ngdv0","request_id":"42e7f552-fafb-4929-bf06-4da5bba75c6b"} 
[2026-08-18 13:00:14] testing.INFO: auth.account_locked {"audit_id":"01m09vjvc37ytqm5v04dnfb1g7","actor_id":"01m09vjvbchkrgg68pj3f965n5","target":"User:01m09vjvbchkrgg68pj3f965n5","request_id":"1efb4001-8111-4dab-b407-bd5a222f5a5e"} 
[2026-08-18 13:00:14] testing.INFO: auth.password_changed {"audit_id":"01m09vjvfewbsk6t9qdhmhj2j3","actor_id":"01m09vjveyv0kvh7c5pacydr1p","target":"User:01m09vjveyv0kvh7c5pacydr1p","request_id":"1c71d796-7ba7-49e7-b409-f83b01e6a3a5"} 
[2026-08-18 13:00:14] testing.INFO: account.profile_updated {"audit_id":"01m09vjvjws22pav8399tq73jk","actor_id":"01m09vjvjkwpa8hcc9fzqt5yjw","target":"User:01m09vjvjkwpa8hcc9fzqt5yjw","request_id":"b51fa1c8-5d16-48a3-9065-e97fc6ed83d3"} 
[2026-08-18 13:00:14] testing.INFO: auth.logged_in {"audit_id":"01m09vjvs631d5cwjngadtmtdw","actor_id":"01m09vjvrxrvpszaaw8xdvtfb3","target":"User:01m09vjvrxrvpszaaw8xdvtfb3","request_id":"e565d779-4e4f-4b49-8021-7230694b6aba"} 
[2026-08-18 13:00:14] testing.INFO: auth.logged_out {"audit_id":"01m09vjvsc8b07j3z4jh3f2dk7","actor_id":"01m09vjvrxrvpszaaw8xdvtfb3","target":"User:01m09vjvrxrvpszaaw8xdvtfb3","request_id":"de05c6ff-7e51-45c8-b655-fa0aa8387dd6"} 
[2026-08-18 13:00:14] testing.INFO: auth.logged_in {"audit_id":"01m09vjvsjswyz0rkxga1hh5hs","actor_id":"01m09vjvrxrvpszaaw8xdvtfb3","target":"User:01m09vjvrxrvpszaaw8xdvtfb3","request_id":"ad000184-3ce0-43f7-acbd-76749cf08d7b"} 
[2026-08-18 13:00:14] testing.INFO: auth.logged_in {"audit_id":"01m09vjvwjwpzh13e11mgmxq9c","actor_id":"01m09vjvwbgg0hnap9n74brnnc","target":"User:01m09vjvwbgg0hnap9n74brnnc","request_id":"b0f4eb02-78f2-4ce8-947d-810f1f80d4a3"} 
[2026-08-18 13:00:15] testing.INFO: user.devices_reset {"audit_id":"01m09vjvzvs2wrc216fthjhjnm","actor_id":"01m09vjvzds8v7shqb5s1037be","target":"User:01m09vjvzfntqs8r68mrxq14h5","request_id":"a4603be2-26a6-4426-8eda-c477d97a144c"} 
[2026-08-18 13:00:15] testing.INFO: enrollment_request.approved {"audit_id":"01m09vjw3cnkjqke5wawwmz2vq","actor_id":"01m09vjw2tpspgtd85cknh9fwx","target":"EnrollmentRequest:01m09vjw2wg0f1jqprpwthqbjq","request_id":"f465d66a-883f-42a4-aa8b-0a251378648b"} 
[2026-08-18 13:00:15] testing.INFO: enrollment_request.rejected {"audit_id":"01m09vjw6vxdmp5f0xx0s4nqd2","actor_id":"01m09vjw6h8hwn402v3ptna4kh","target":"EnrollmentRequest:01m09vjw6jwbsp1177a1d8vdgs","request_id":"05a35258-50a5-4e08-b29d-c85426d7567d"} 
[2026-08-18 13:00:15] testing.INFO: settings.updated {"audit_id":"01m09vjwj4xkt0x4qjt9asyw5b","actor_id":"01m09vjwhvp42jaeppgrwr3skm","target":":","request_id":"fb2ad564-c2c2-4e30-856d-81cc0cddf70a"} 
[2026-08-18 13:00:15] testing.INFO: settings.updated {"audit_id":"01m09vjwnkn9pevv6vsz2agy1g","actor_id":"01m09vjwnav5c3zcfymygw2qdv","target":":","request_id":"0ef84d33-ddd8-432f-8c0f-c58df6d50f23"} 
[2026-08-18 13:00:15] testing.INFO: settings.updated {"audit_id":"01m09vjwnwepcjk8eqy3na9eas","actor_id":"01m09vjwnav5c3zcfymygw2qdv","target":":","request_id":"0c3796ce-ff7a-4315-a930-75e611f26613"} 
[2026-08-18 13:00:16] testing.INFO: payment.approved {"audit_id":"01m09vjx3j0jqx8nnt0qfty965","actor_id":"01m09vjww3ppw4thexhy5b272k","target":"Payment:01m09vjww4rgw5h938vyd4xyab","request_id":"c8df9611-5c5e-4244-9e86-91941f5fc44e"} 
[2026-08-18 13:00:16] testing.INFO: payment.approved {"audit_id":"01m09vjxcdt96acbx9vwfatcdh","actor_id":"01m09vjx6gb90hvp17wjtdchv7","target":"Payment:01m09vjx6j4zvsck2art4tdgsz","request_id":"3efe42d3-abb2-4b61-adfc-486fb15d4200"} 
[2026-08-18 13:00:16] testing.INFO: payment.approved {"audit_id":"01m09vjxryrnat7brtqn6bgtge","actor_id":"01m09vjxk3gkd7v17hja6tf1ff","target":"Payment:01m09vjxk4ema82pzg3dxz959x","request_id":"b8cf9bf4-1fc8-4bab-a0a7-6f0c19714457"} 
[2026-08-18 13:00:17] testing.INFO: payment.rejected {"audit_id":"01m09vjxwmjha9vxw7yekct8mp","actor_id":"01m09vjxw7vv7mevhdqp9bdsyh","target":"Payment:01m09vjxw8pwtpmg8cqe5fh474","request_id":"7dd6cc61-e1a8-47b6-8abf-26df7b88f671"} 
[2026-08-18 13:00:17] testing.INFO: refund.recorded {"audit_id":"01m09vjy60vkdrk5xswezsc2ca","actor_id":"01m09vjy5gawfm0qhgarehh188","target":"Refund:01m09vjy5z1ad7nfcxagmc5xyk","request_id":"902b073c-d7e1-4c63-82d4-fc17ad0d11d7"} 
[2026-08-18 13:00:17] testing.INFO: refund.processed {"audit_id":"01m09vjy6hn75a9me9hscx1wq5","actor_id":"01m09vjy5j2awa59ybcde4v59t","target":"Refund:01m09vjy5z1ad7nfcxagmc5xyk","request_id":"835740b2-a8e7-4dcf-9606-450b1dd8d155"} 
[2026-08-18 13:00:18] testing.INFO: user.suspend {"audit_id":"01m09vjzp5cetakgw1dy6yp2e9","actor_id":"01m09vjznefp9twep445xgjj7d","target":"User:01m09vjznjdqt70perz75xg3ct","request_id":"04eb446e-f087-47f8-b2ec-44604246bd34"} 
[2026-08-18 13:00:18] testing.INFO: user.updated {"audit_id":"01m09vjzs9d0v27fjqxeyz10rq","actor_id":"01m09vjzs0qgx9fhctcj92j56e","target":"User:01m09vjzs2a4kxpv3g1maq837b","request_id":"e8c9addd-a036-44e3-b0d6-8ff556729ab1"} 
[2026-08-18 13:03:46] testing.INFO: settings.updated {"audit_id":"01m09vsate528vx5g5hnzn29y4","actor_id":"01m09vsarq4akbpdwntqvkdrbw","target":":","request_id":"44bbbf51-c295-4f39-8f26-7cd0b486dd08"} 
[2026-08-18 13:03:47] testing.INFO: settings.updated {"audit_id":"01m09vsb2cwe9fj1kkgd3afbxb","actor_id":"01m09vsb242hqxqp2zdy565s02","target":":","request_id":"fd20d2ee-9f6b-4e38-aea8-36cd90e06fc0"} 
[2026-08-18 13:03:47] testing.INFO: settings.payment_method_qr_updated {"audit_id":"01m09vsb9p9ecnp3sdyrkf7dt3","actor_id":"01m09vsb8w5rh4w4ftn6sf4qkk","target":"PaymentMethod:01m09vsb86e8ycj5vveyvtvw2j","request_id":"b9eaa7f1-cf55-4b69-aa40-922c9fc5806f"} 
[2026-08-18 13:03:47] testing.INFO: settings.payment_method_qr_removed {"audit_id":"01m09vsb9z9f6nqv8c81mc9a2m","actor_id":"01m09vsb8w5rh4w4ftn6sf4qkk","target":"PaymentMethod:01m09vsb86e8ycj5vveyvtvw2j","request_id":"a64a1fac-6b9e-49a0-9a9e-aa811bfe5fac"} 
[2026-08-18 13:03:47] testing.INFO: settings.updated {"audit_id":"01m09vsbh83pqnz0g9j7p29sfb","actor_id":"01m09vsbgx7epd8pvtnvx4mkja","target":":","request_id":"5e371f81-10ab-4d52-92c8-3151ba8e89a2"} 
[2026-08-18 13:03:47] testing.INFO: attempt.started {"audit_id":"01m09vsbnayxf46vz38edk8v7g","actor_id":"01m09vsbmqvrszfkykxf2ch228","target":"TestAttempt:01m09vsbn8jcy9a792gt3anc3q","request_id":"ce058218-e762-4c0a-a60a-3fff6b20b9b6"} 
[2026-08-18 13:03:47] testing.INFO: attempt.started {"audit_id":"01m09vsbvz1kc2b3p11e7r14ja","actor_id":"01m09vsbvkm5aad19sz3p4vmhh","target":"TestAttempt:01m09vsbvyma6b5hd7jd3zr3qt","request_id":"26bf286c-f7e3-4e60-86c4-ac9f43f22385"} 
[2026-08-18 13:03:47] testing.INFO: attempt.started {"audit_id":"01m09vsbw7rmmbcjkyk62xt38k","actor_id":"01m09vsbvkm5aad19sz3p4vmhh","target":"TestAttempt:01m09vsbvyma6b5hd7jd3zr3qt","request_id":"2eb1082d-910a-49ff-ba4e-b2a6bfc1137c"} 
[2026-08-18 13:03:48] testing.INFO: attempt.started {"audit_id":"01m09vsbzc00sb939fzraagtbn","actor_id":"01m09vsbz00rkad6n87pc3q6xb","target":"TestAttempt:01m09vsbzbdpm8137tyzzfj225","request_id":"133f1bb5-0dfa-4256-8ada-7b1666135d82"} 
[2026-08-18 13:03:48] testing.INFO: attempt.started {"audit_id":"01m09vsc3grf4zbc7ceh894q6v","actor_id":"01m09vsc33ymqb78prkmzfsvab","target":"TestAttempt:01m09vsc3fmgyba88p4q53xye8","request_id":"3ac0e5a3-5774-4532-a8a0-a162eebaac1d"} 
[2026-08-18 13:03:48] testing.INFO: attempt.submitted {"audit_id":"01m09vsc42gyn022q8sz0n8ckp","actor_id":"01m09vsc33ymqb78prkmzfsvab","target":"TestAttempt:01m09vsc3fmgyba88p4q53xye8","request_id":"2dc58931-76d6-45de-9243-18492692e960"} 
[2026-08-18 13:03:48] testing.INFO: auth.logged_in {"audit_id":"01m09vscbwxt02b5xxxnasqtk4","actor_id":"01m09vscbfb69qt2dhc30b69n4","target":"User:01m09vscbfb69qt2dhc30b69n4","request_id":"f949f35c-f349-4ec2-abcd-0dc2ff77c807"} 
[2026-08-18 13:03:48] testing.INFO: auth.logged_out {"audit_id":"01m09vscccxfjekncgj3mq0qcb","actor_id":"01m09vscbfb69qt2dhc30b69n4","target":"User:01m09vscbfb69qt2dhc30b69n4","request_id":"b57c45f4-45af-4475-b79b-e1081e72e5ad"} 
[2026-08-18 13:03:48] testing.INFO: auth.logged_in {"audit_id":"01m09vsccgkn84yb2tn85w4gjx","actor_id":"01m09vscbfb69qt2dhc30b69n4","target":"User:01m09vscbfb69qt2dhc30b69n4","request_id":"389ceedd-a57a-47fe-80eb-d723c086c6fb"} 
[2026-08-18 13:03:48] testing.INFO: auth.account_locked {"audit_id":"01m09vsckc3p20s6k9as2myzqz","actor_id":"01m09vscjmj7zbwtv8g2td7fgk","target":"User:01m09vscjmj7zbwtv8g2td7fgk","request_id":"6375d10e-3337-4102-b03d-2aba0c39351f"} 
[2026-08-18 13:03:48] testing.INFO: auth.password_changed {"audit_id":"01m09vscpz0qcra443gc6shtrd","actor_id":"01m09vscpdvj9pfsstpkyk791k","target":"User:01m09vscpdvj9pfsstpkyk791k","request_id":"adf0f55e-3b5d-4c76-97e9-15e7467d1fec"} 
[2026-08-18 13:03:48] testing.INFO: account.profile_updated {"audit_id":"01m09vsctbc0apgdgmvgfvacf4","actor_id":"01m09vsct1hspzq0c9c7hxfbzc","target":"User:01m09vsct1hspzq0c9c7hxfbzc","request_id":"a986ecee-14ca-4164-b785-ef5770279f12"} 
[2026-08-18 13:03:49] testing.INFO: auth.logged_in {"audit_id":"01m09vsd0mtx3rv8gzsaxt88rr","actor_id":"01m09vsd0b54r7dbnaythrvatg","target":"User:01m09vsd0b54r7dbnaythrvatg","request_id":"738805b7-c714-4ab8-b99c-d0fab5a6e517"} 
[2026-08-18 13:03:49] testing.INFO: auth.logged_out {"audit_id":"01m09vsd0tkfe796x96yy5kwhp","actor_id":"01m09vsd0b54r7dbnaythrvatg","target":"User:01m09vsd0b54r7dbnaythrvatg","request_id":"d2280def-8c09-4093-91c7-274a6b0e24d7"} 
[2026-08-18 13:03:49] testing.INFO: auth.logged_in {"audit_id":"01m09vsd11c01aa0cfks6t8w3b","actor_id":"01m09vsd0b54r7dbnaythrvatg","target":"User:01m09vsd0b54r7dbnaythrvatg","request_id":"0a2aef3a-ac5b-455e-8dea-6bbfcdfcd363"} 
[2026-08-18 13:03:49] testing.INFO: auth.logged_in {"audit_id":"01m09vsd42g32fwnsnkxsaa6gk","actor_id":"01m09vsd3vz51vsk6e9rt5msxe","target":"User:01m09vsd3vz51vsk6e9rt5msxe","request_id":"a884c720-37cc-40d3-943d-c3a86462b39e"} 
[2026-08-18 13:03:49] testing.INFO: user.devices_reset {"audit_id":"01m09vsd7d5b8dne8ywsr7wb3w","actor_id":"01m09vsd6vaztpwsznctshktps","target":"User:01m09vsd6xvwe8fssjzmkg67mv","request_id":"9d672727-07b3-4670-9625-09df4cbf979a"} 
[2026-08-18 13:03:49] testing.INFO: enrollment_request.approved {"audit_id":"01m09vsdb8kteft6ps2g8e553t","actor_id":"01m09vsdagbw0p6445194axmf8","target":"EnrollmentRequest:01m09vsdajk48f4xx8ajwp4pwj","request_id":"b5062107-e499-4fa9-a688-7bef077eea7f"} 
[2026-08-18 13:03:49] testing.INFO: enrollment_request.rejected {"audit_id":"01m09vsdety315497mkbxbsb75","actor_id":"01m09vsdef52vdnxjzgq0p5xhc","target":"EnrollmentRequest:01m09vsdegmm1855tjf0nh70rh","request_id":"8b1e129a-2df8-4103-93d5-5cc206b7150a"} 
[2026-08-18 13:03:49] testing.INFO: settings.updated {"audit_id":"01m09vsdtrngbsyd0vv52d3a7s","actor_id":"01m09vsdtf4shcykba0hm2mdkr","target":":","request_id":"5c993a82-d8ac-4bf3-98c9-2ced19ed3f86"} 
[2026-08-18 13:03:50] testing.INFO: settings.updated {"audit_id":"01m09vsdxzf3x6p9ya0srcwdqw","actor_id":"01m09vsdxpb6wdhca9k2z0rzj1","target":":","request_id":"1d3ed942-b0a9-41cc-ae92-37ab23870aca"} 
[2026-08-18 13:03:50] testing.INFO: settings.updated {"audit_id":"01m09vsdy9fgynxat0wheaqcjz","actor_id":"01m09vsdxpb6wdhca9k2z0rzj1","target":":","request_id":"74d6809d-354d-427a-b642-ac28f08d024a"} 
[2026-08-18 13:03:50] testing.INFO: payment.approved {"audit_id":"01m09vseqcpz11pxghdakg8vft","actor_id":"01m09vsee1yqpj49y8bat97ctd","target":"Payment:01m09vsee3sk4ns1wwty88jfyj","request_id":"e49ef33e-a429-4c70-8ada-8f4d56737b94"} 
[2026-08-18 13:03:51] testing.INFO: payment.approved {"audit_id":"01m09vsf0pk98thac6ty7a53pj","actor_id":"01m09vsetrq0gdr0jwbb2v2g9f","target":"Payment:01m09vsetsdqsm78jkkbrhggp3","request_id":"39311411-a3a8-446e-b48d-149d4d2a206a"} 
[2026-08-18 13:03:51] testing.INFO: payment.approved {"audit_id":"01m09vsfdem10ys4mm1k08m27r","actor_id":"01m09vsf7k99agymdctbgc5jt3","target":"Payment:01m09vsf7ng4f9jm8863181t51","request_id":"fecc4950-f7a1-4ae4-b148-4ecc323ea76a"} 
[2026-08-18 13:03:51] testing.INFO: payment.rejected {"audit_id":"01m09vsfh4wkdz05py02mjvj72","actor_id":"01m09vsfgqptk9bf9dp4b8p8ce","target":"Payment:01m09vsfgrg1p61qck4tze8p28","request_id":"c17d918a-5675-495f-97b3-eb5173092e44"} 
[2026-08-18 13:03:52] testing.INFO: refund.recorded {"audit_id":"01m09vsfv9exrzgr0ktmqr33j9","actor_id":"01m09vsftp5gnd3anvt7kcpxs6","target":"Refund:01m09vsfv8rrt2bayjkenn6d87","request_id":"10296241-35bd-419a-9f15-4b215f06ca81"} 
[2026-08-18 13:03:52] testing.INFO: refund.processed {"audit_id":"01m09vsfvvkz5nhx0r2vgcp0rn","actor_id":"01m09vsftr59zky7e2b26jjt5a","target":"Refund:01m09vsfv8rrt2bayjkenn6d87","request_id":"1291f7d6-e93c-4c8a-85e6-3632f1c73009"} 
[2026-08-18 13:03:53] testing.INFO: user.suspend {"audit_id":"01m09vshd87grj59mfyr2dcvmq","actor_id":"01m09vshcgrpwj1mehp9hh3wk9","target":"User:01m09vshcm3h3n556z3vmfs7b7","request_id":"aeabda99-383d-4767-9277-dfc6ebdcfe16"} 
[2026-08-18 13:03:53] testing.INFO: user.updated {"audit_id":"01m09vshh9h3bm7schzvew8k9a","actor_id":"01m09vshgmxd6whsxy2xprt2b7","target":"User:01m09vshgpp4ace043dfes1cxr","request_id":"3371cb40-87f6-4bc6-844c-99e626fd4e20"} 
[2026-08-18 13:05:53] testing.INFO: recording.deleted {"audit_id":"01m09vx61np8x4fypm4fzwyjft","actor_id":"01m09vx5z77099smk2pwsdkt0n","target":"Recording:01m09vx5zbjbzbq9vyrxq2fmd7","request_id":"1b43ae8f-ad6a-4404-adf0-a19b8b149b97"} 
[2026-08-18 13:06:38] testing.INFO: recording.deleted {"audit_id":"01m09vyj0x07se9vfp9421x12f","actor_id":"01m09vyhzn8tmc5b85m281mrtr","target":"Recording:01m09vyhzsh5bj58pthkhpnfej","request_id":"f2951c92-ea96-4f36-94b4-e30dec3bbc13"} 
[2026-08-18 13:08:08] testing.INFO: settings.updated {"audit_id":"01m09w1a1ddcc38kjac1zdh2h2","actor_id":"01m09w19zrv8syzkrb2svppthg","target":":","request_id":"fe9ccee9-71c3-478a-8d36-de7643db0e34"} 
[2026-08-18 13:08:08] testing.INFO: settings.updated {"audit_id":"01m09w1a91txhfd5hqj1cxh6ta","actor_id":"01m09w1a8s9svaw8qxswbd9njs","target":":","request_id":"ec81717b-338b-4ebf-96a2-45da065091f8"} 
[2026-08-18 13:08:08] testing.INFO: settings.payment_method_qr_updated {"audit_id":"01m09w1agfz0ng6s0pfrckmtrp","actor_id":"01m09w1afkys2h2n5ske9krsgy","target":"PaymentMethod:01m09w1aevzt897a4fc6k2q77y","request_id":"bee6d728-723e-402f-997e-d479addcbdc2"} 
[2026-08-18 13:08:08] testing.INFO: settings.payment_method_qr_removed {"audit_id":"01m09w1agr6kq1xc1fsxmkqn9x","actor_id":"01m09w1afkys2h2n5ske9krsgy","target":"PaymentMethod:01m09w1aevzt897a4fc6k2q77y","request_id":"7671857e-33d4-48e5-b418-58afd41713a1"} 
[2026-08-18 13:08:08] testing.INFO: settings.updated {"audit_id":"01m09w1aq9gdcx82a781e63jam","actor_id":"01m09w1apy4tc7j9zx80s4327m","target":":","request_id":"b9a9a777-ec3f-4195-9dc0-cd1f411821f7"} 
[2026-08-18 13:08:09] testing.INFO: attempt.started {"audit_id":"01m09w1av7jhzvkg2w6cajwbs6","actor_id":"01m09w1atk4ybcc2q4rjbkj62k","target":"TestAttempt:01m09w1av6kkr1g0cv523gzyeg","request_id":"cb7602bb-6152-4fcc-a10b-218441ebaa7e"} 
[2026-08-18 13:08:09] testing.INFO: attempt.started {"audit_id":"01m09w1b1pz0xajba184t65b7t","actor_id":"01m09w1b1bpm8tyt99gg711sdc","target":"TestAttempt:01m09w1b1nd60pzwgsm01gh4m2","request_id":"c3017aa1-dd2e-4e8f-bc40-c0f6c4e42dc3"} 
[2026-08-18 13:08:09] testing.INFO: attempt.started {"audit_id":"01m09w1b20q19tvpwe88texbkf","actor_id":"01m09w1b1bpm8tyt99gg711sdc","target":"TestAttempt:01m09w1b1nd60pzwgsm01gh4m2","request_id":"a64ff5ef-4c6d-4d18-8d9a-9af8903f5d68"} 
[2026-08-18 13:08:09] testing.INFO: attempt.started {"audit_id":"01m09w1b57n3ngmrdtzsy6dvys","actor_id":"01m09w1b4vdr7j95b137kdt989","target":"TestAttempt:01m09w1b55a0fwca2987y6aqtr","request_id":"e6111517-c64d-4263-91ca-da742d256aca"} 
[2026-08-18 13:08:09] testing.INFO: attempt.started {"audit_id":"01m09w1b93fvctqs7txvh3rzqw","actor_id":"01m09w1b8qqp41dmbpqv0aa4t2","target":"TestAttempt:01m09w1b922sagmcnd36tta27q","request_id":"80a4dfeb-e861-40d1-ba42-0f11db395c0f"} 
[2026-08-18 13:08:09] testing.INFO: attempt.submitted {"audit_id":"01m09w1b9k7m16traz6ps0jfs6","actor_id":"01m09w1b8qqp41dmbpqv0aa4t2","target":"TestAttempt:01m09w1b922sagmcnd36tta27q","request_id":"c85a26fd-1abf-4ea8-86bd-101883634954"} 
[2026-08-18 13:08:09] testing.INFO: auth.logged_in {"audit_id":"01m09w1bggh59b3fq5r1c9kmpv","actor_id":"01m09w1bg4fddm2hqa1d9d39a9","target":"User:01m09w1bg4fddm2hqa1d9d39a9","request_id":"4148e27b-aac2-44d9-b80c-5110966c0876"} 
[2026-08-18 13:08:09] testing.INFO: auth.logged_out {"audit_id":"01m09w1bh0kxqhf28xvqacp7f6","actor_id":"01m09w1bg4fddm2hqa1d9d39a9","target":"User:01m09w1bg4fddm2hqa1d9d39a9","request_id":"72e18c2a-ba55-4932-95ae-621230c20706"} 
[2026-08-18 13:08:09] testing.INFO: auth.logged_in {"audit_id":"01m09w1bh5y2gzayx2d97dd6x8","actor_id":"01m09w1bg4fddm2hqa1d9d39a9","target":"User:01m09w1bg4fddm2hqa1d9d39a9","request_id":"74006359-57d9-4f1e-a370-85f220a8db55"} 
[2026-08-18 13:08:09] testing.INFO: auth.account_locked {"audit_id":"01m09w1bqjhqqvezb4p8p39jh3","actor_id":"01m09w1bpwesqj00qz0yzdt005","target":"User:01m09w1bpwesqj00qz0yzdt005","request_id":"fc10f711-2cf9-4916-8da6-29834e1daae0"} 
[2026-08-18 13:08:10] testing.INFO: auth.password_changed {"audit_id":"01m09w1bv1q4x57kqy0h5fhv2g","actor_id":"01m09w1btfrcwezq32thhatrg4","target":"User:01m09w1btfrcwezq32thhatrg4","request_id":"4f0ccf6b-cd08-4351-a7a4-12d067a6a293"} 
[2026-08-18 13:08:10] testing.INFO: account.profile_updated {"audit_id":"01m09w1byathxaw69gw1kt53vw","actor_id":"01m09w1by24qwphkfxj08g9tcv","target":"User:01m09w1by24qwphkfxj08g9tcv","request_id":"ec65f63b-742f-4671-bf11-d8cfa88db4d7"} 
[2026-08-18 13:08:10] testing.INFO: auth.logged_in {"audit_id":"01m09w1c4n69jbjen5w4v6p7ag","actor_id":"01m09w1c4cmked07afmxpxhtx1","target":"User:01m09w1c4cmked07afmxpxhtx1","request_id":"b1cbfa9d-2e40-4a23-8815-40aac6b0c8fd"} 
[2026-08-18 13:08:10] testing.INFO: auth.logged_out {"audit_id":"01m09w1c4w25zkxcc9eb7rty1d","actor_id":"01m09w1c4cmked07afmxpxhtx1","target":"User:01m09w1c4cmked07afmxpxhtx1","request_id":"e65a386a-fcf7-41b0-9fa5-0999b68693c4"} 
[2026-08-18 13:08:10] testing.INFO: auth.logged_in {"audit_id":"01m09w1c52pjbfa12647k1g47h","actor_id":"01m09w1c4cmked07afmxpxhtx1","target":"User:01m09w1c4cmked07afmxpxhtx1","request_id":"44f54064-e4de-4ef7-bdce-759785688bdb"} 
[2026-08-18 13:08:10] testing.INFO: auth.logged_in {"audit_id":"01m09w1c824kyfknwsrmf4e0jg","actor_id":"01m09w1c7tz8zgqkrrjyge47gm","target":"User:01m09w1c7tz8zgqkrrjyge47gm","request_id":"79c92b83-86aa-4e80-bdf3-27690623f9c4"} 
[2026-08-18 13:08:10] testing.INFO: user.devices_reset {"audit_id":"01m09w1cbe25pbfbv3n3c3zwng","actor_id":"01m09w1cay3fdhexbx206be5ha","target":"User:01m09w1cb0z0fpx99fcsqmxnj7","request_id":"4dc57027-de1b-4018-ac03-d9bb20fdc1d0"} 
[2026-08-18 13:08:10] testing.INFO: enrollment_request.approved {"audit_id":"01m09w1cfbbhefgxx791jdm4vf","actor_id":"01m09w1ceghwfextz51wh51eym","target":"EnrollmentRequest:01m09w1ceka1pbjvb94kj3mzg3","request_id":"5ce30a4c-af18-4d60-a850-6cbd12797fa3"} 
[2026-08-18 13:08:10] testing.INFO: enrollment_request.rejected {"audit_id":"01m09w1cjw8sp74veveg7rymc3","actor_id":"01m09w1cjhjzyg9hjq5q21jkfd","target":"EnrollmentRequest:01m09w1cjj9depejkpprbr5240","request_id":"d3cb3f40-fbf6-42f0-a346-fac189d4dc3c"} 
[2026-08-18 13:08:11] testing.INFO: settings.updated {"audit_id":"01m09w1cyaaww1anmnc07jb8jp","actor_id":"01m09w1cy0qgqaeyt10tmg2z9x","target":":","request_id":"4048abff-e240-449b-9803-b45780a17fb0"} 
[2026-08-18 13:08:11] testing.INFO: settings.updated {"audit_id":"01m09w1d1ng4p66ys3qcck5yne","actor_id":"01m09w1d1dy8zzk7z6vvrm35j8","target":":","request_id":"e7201934-ca82-4ff5-a636-868d4ec44733"} 
[2026-08-18 13:08:11] testing.INFO: settings.updated {"audit_id":"01m09w1d1yz1hpqdxmfz58fkmz","actor_id":"01m09w1d1dy8zzk7z6vvrm35j8","target":":","request_id":"c365b858-5c51-4e19-bdcd-11397cf17051"} 
[2026-08-18 13:08:12] testing.INFO: payment.approved {"audit_id":"01m09w1dtxj6csxsh60e9nrnxq","actor_id":"01m09w1dhatdcyrc5307x5nfsw","target":"Payment:01m09w1dhcxehyq8whytdnb2g2","request_id":"f594886b-25f5-4488-8316-f3c4764edeff"} 
[2026-08-18 13:08:12] testing.INFO: payment.approved {"audit_id":"01m09w1e3psgb8dpk11c8z7k1v","actor_id":"01m09w1dxvf31ds0rwcepjenw6","target":"Payment:01m09w1dxwajbn4687vg1tekqn","request_id":"e7974058-6737-47d8-803f-bf385edbfbe0"} 
[2026-08-18 13:08:12] testing.INFO: payment.approved {"audit_id":"01m09w1egh9zyyw455y2btjec0","actor_id":"01m09w1eas97fjg59b17m6cf3m","target":"Payment:01m09w1eavatf79avfpvzga5ha","request_id":"52fee0da-221c-45e7-a667-ecc7abaf5ff1"} 
[2026-08-18 13:08:12] testing.INFO: payment.rejected {"audit_id":"01m09w1ekwcb0j9y8wy8wxesy4","actor_id":"01m09w1ekf1v7apsksth3kbh7n","target":"Payment:01m09w1ekhw8spc74tcjs6dmax","request_id":"20551134-2331-49bd-9580-80c2ffab2309"} 
[2026-08-18 13:08:13] testing.INFO: refund.recorded {"audit_id":"01m09w1exnpderxzjhxk8jkv0c","actor_id":"01m09w1ex3nvkn0czfaw5w4nng","target":"Refund:01m09w1exmhc9df7w7k6wpdqxj","request_id":"756b55e7-e2a4-4d2a-816e-eab1f1c019cd"} 
[2026-08-18 13:08:13] testing.INFO: refund.processed {"audit_id":"01m09w1ey78kyytrfjwqszxzpd","actor_id":"01m09w1ex56s64pcb3mrw9pxj9","target":"Refund:01m09w1exmhc9df7w7k6wpdqxj","request_id":"d2cd6ac4-d995-4f11-8845-a4edbbe2159f"} 
[2026-08-18 13:08:14] testing.INFO: user.suspend {"audit_id":"01m09w1gfffz71ap1nfvtea56s","actor_id":"01m09w1gep4dr2adgnejt1k0af","target":"User:01m09w1geta4qbnkrdr5h8hzd0","request_id":"4d51b383-751e-467e-b782-a751d50cf4fd"} 
[2026-08-18 13:08:14] testing.INFO: user.updated {"audit_id":"01m09w1gjytcv1mwffhet815kf","actor_id":"01m09w1gjcbr2ch54jfjjkvyfa","target":"User:01m09w1gje8ena5expfwjhwa6q","request_id":"d1dfe3db-a567-4d96-8746-0fab9e562162"} 
[2026-08-18 13:08:15] testing.INFO: recording.deleted {"audit_id":"01m09w1he23bcc8xcnjaqv3f8p","actor_id":"01m09w1hdkdmqg5mjdrnf6e81z","target":"Recording:01m09w1hdn4h3gthvape6bzbm9","request_id":"86dedb13-28e7-4884-b216-329167f1cf1b"} 
[2026-08-18 13:11:02] testing.INFO: settings.updated {"audit_id":"01m09w6mntdsyvfs81a2nfrnva","actor_id":"01m09w6mkmgfbj722mwhgybd6k","target":":","request_id":"a6ded666-18bb-4dc7-b7e6-e62c8fb81d84"} 
[2026-08-18 13:11:03] testing.INFO: settings.updated {"audit_id":"01m09w6mzb1979fk95ad11nbn0","actor_id":"01m09w6mz1xtk794neye1zw4ap","target":":","request_id":"5806f626-57a7-433e-9de2-9b891cbd4466"} 
[2026-08-18 13:11:03] testing.INFO: settings.payment_method_qr_updated {"audit_id":"01m09w6n6xjdpj1xx8cs712eak","actor_id":"01m09w6n615y1wtyshgsqqf0c5","target":"PaymentMethod:01m09w6n5986e3semz0v00mf3q","request_id":"65aa72cf-edda-499e-8524-8a292f51187a"} 
[2026-08-18 13:11:03] testing.INFO: settings.payment_method_qr_removed {"audit_id":"01m09w6n785ky4d2v851bq7rwm","actor_id":"01m09w6n615y1wtyshgsqqf0c5","target":"PaymentMethod:01m09w6n5986e3semz0v00mf3q","request_id":"885a8f77-92a2-48f5-a566-659080577394"} 
[2026-08-18 13:11:03] testing.INFO: settings.updated {"audit_id":"01m09w6ndyr7j742kr3w30c7b1","actor_id":"01m09w6ndm1t9azz8r7zwvskwa","target":":","request_id":"747f1b6c-3437-4763-8701-f90cb7edfc9b"} 
[2026-08-18 13:11:03] testing.INFO: attempt.started {"audit_id":"01m09w6nhvmtngezandksgs73b","actor_id":"01m09w6nhan5hvtj2tybxs0f66","target":"TestAttempt:01m09w6nht6qjbdmz4qh1t47eg","request_id":"e81eea89-b452-4ebe-be0e-986026fd19ae"} 
[2026-08-18 13:11:04] testing.INFO: attempt.started {"audit_id":"01m09w6nrsa5h96mf5ekka20xf","actor_id":"01m09w6nrd8y5hx4xjz0jktfs3","target":"TestAttempt:01m09w6nrrwc52g50hrxdm20g1","request_id":"d6bb1812-183c-40ca-a17c-290ad6e8c80d"} 
[2026-08-18 13:11:04] testing.INFO: attempt.started {"audit_id":"01m09w6ns1780724ebhsd3a4n7","actor_id":"01m09w6nrd8y5hx4xjz0jktfs3","target":"TestAttempt:01m09w6nrrwc52g50hrxdm20g1","request_id":"49b86b86-7ec7-4fe2-be19-b0ecea96931c"} 
[2026-08-18 13:11:04] testing.INFO: attempt.started {"audit_id":"01m09w6nw8v0r60x0tqkgbn4d6","actor_id":"01m09w6nvw1wsdm32qgsxfxjye","target":"TestAttempt:01m09w6nw7r7yt631aehtyqq9b","request_id":"10f3d498-5873-40ad-8411-ebf8889cfe50"} 
[2026-08-18 13:11:04] testing.INFO: attempt.started {"audit_id":"01m09w6p07e4pab1dht1d9nkb8","actor_id":"01m09w6nzvesttsen6x64a5smy","target":"TestAttempt:01m09w6p06sjx3dmn8baka10h9","request_id":"90db9bf1-cd55-4cf4-b3c0-999f53ac9717"} 
[2026-08-18 13:11:04] testing.INFO: attempt.submitted {"audit_id":"01m09w6p0qy86sj0xmeeedymfq","actor_id":"01m09w6nzvesttsen6x64a5smy","target":"TestAttempt:01m09w6p06sjx3dmn8baka10h9","request_id":"e68821d7-fbce-4b1a-915d-4f176944c2b7"} 
[2026-08-18 13:11:04] testing.INFO: auth.logged_in {"audit_id":"01m09w6p7b6n87mhackz7ve8vz","actor_id":"01m09w6p6xwewzhwy6q8ykv9hm","target":"User:01m09w6p6xwewzhwy6q8ykv9hm","request_id":"29ee5a4f-7baf-49d7-b663-afbd2ffcdf39"} 
[2026-08-18 13:11:04] testing.INFO: auth.logged_out {"audit_id":"01m09w6p7xwpvdea3arknzwd9x","actor_id":"01m09w6p6xwewzhwy6q8ykv9hm","target":"User:01m09w6p6xwewzhwy6q8ykv9hm","request_id":"15b2ffc5-aaba-4bc9-bc89-f79fdb246012"} 
[2026-08-18 13:11:04] testing.INFO: auth.logged_in {"audit_id":"01m09w6p82yeffvgandxwga9gq","actor_id":"01m09w6p6xwewzhwy6q8ykv9hm","target":"User:01m09w6p6xwewzhwy6q8ykv9hm","request_id":"c64a0c83-909f-434b-8f56-d916d02f003c"} 
[2026-08-18 13:11:04] testing.INFO: auth.account_locked {"audit_id":"01m09w6penypktzyc7bn60at5m","actor_id":"01m09w6pdz37anpab8pdym81eh","target":"User:01m09w6pdz37anpab8pdym81eh","request_id":"4c6ec105-1a22-4925-b4c7-2f6cc0693cf2"} 
[2026-08-18 13:11:04] testing.INFO: auth.password_changed {"audit_id":"01m09w6pj308a9s5jbcx37wcy6","actor_id":"01m09w6phjsz74fgj6ke977qj7","target":"User:01m09w6phjsz74fgj6ke977qj7","request_id":"3925f456-4e3d-4b36-b457-a4aa0cfb28e9"} 
[2026-08-18 13:11:04] testing.INFO: account.profile_updated {"audit_id":"01m09w6pn99tyzvw6m0f2eq7y0","actor_id":"01m09w6pn1kvh3d0f095fn793q","target":"User:01m09w6pn1kvh3d0f095fn793q","request_id":"a54025af-92f3-429d-ac29-c17c3222f893"} 
[2026-08-18 13:11:05] testing.INFO: auth.logged_in {"audit_id":"01m09w6pvvnkxrh6mgs37nhmxa","actor_id":"01m09w6pvgay4hfztyvss3512r","target":"User:01m09w6pvgay4hfztyvss3512r","request_id":"7ae5cb8f-63d5-48bd-a676-e8956b50b90a"} 
[2026-08-18 13:11:05] testing.INFO: auth.logged_out {"audit_id":"01m09w6pw15qphbe5b09kceyd7","actor_id":"01m09w6pvgay4hfztyvss3512r","target":"User:01m09w6pvgay4hfztyvss3512r","request_id":"177ff707-e39e-4c4d-b2f5-670ac65f2d31"} 
[2026-08-18 13:11:05] testing.INFO: auth.logged_in {"audit_id":"01m09w6pw8bsgrx54m30yzrzza","actor_id":"01m09w6pvgay4hfztyvss3512r","target":"User:01m09w6pvgay4hfztyvss3512r","request_id":"c55feba5-200c-40c2-93ee-5b5e0187aa15"} 
[2026-08-18 13:11:05] testing.INFO: auth.logged_in {"audit_id":"01m09w6pzf88cmfxrcvany24a9","actor_id":"01m09w6pz7dyvh5g6yaktffe5d","target":"User:01m09w6pz7dyvh5g6yaktffe5d","request_id":"2436776e-a7a1-44f3-a078-25ce88ae1ade"} 
[2026-08-18 13:11:05] testing.INFO: user.devices_reset {"audit_id":"01m09w6q30bfywh8fbetyyedqp","actor_id":"01m09w6q2gwpqkta96j19hsa0m","target":"User:01m09w6q2j84fpkn0c62fv3r0n","request_id":"9af96cc8-af8b-4b02-9b5c-01ed43d138ae"} 
[2026-08-18 13:11:05] testing.INFO: enrollment_request.approved {"audit_id":"01m09w6q71pqcvne7fzrzv5h2e","actor_id":"01m09w6q65xjf6ydvzd8txfx1j","target":"EnrollmentRequest:01m09w6q67hs8fgs52npzh6h3j","request_id":"33985146-a418-4cbb-b52e-ad577b03310d"} 
[2026-08-18 13:11:05] testing.INFO: enrollment_request.rejected {"audit_id":"01m09w6qapf4vk24ynn8ka4pwr","actor_id":"01m09w6qabq6t3yyyay11fczha","target":"EnrollmentRequest:01m09w6qacbx9xr4gj2dsb0t5v","request_id":"5a05d368-9fac-4214-9090-0abb7c91c696"} 
[2026-08-18 13:11:06] testing.INFO: settings.updated {"audit_id":"01m09w6qpd3q47veg4yqgjjy68","actor_id":"01m09w6qp3wkjyth0y71c3rxam","target":":","request_id":"634ed96b-defb-4582-9555-c6d11251cfcf"} 
[2026-08-18 13:11:06] testing.INFO: settings.updated {"audit_id":"01m09w6qt4thdkvw7xd8chzhc4","actor_id":"01m09w6qsm1nj7df2dx6810y8f","target":":","request_id":"5d96de25-d741-4da3-a2a4-106a99420b0c"} 
[2026-08-18 13:11:06] testing.INFO: settings.updated {"audit_id":"01m09w6qtk4htpnf61pn4dap1f","actor_id":"01m09w6qsm1nj7df2dx6810y8f","target":":","request_id":"b7986cf1-a365-4455-aaff-157e8ff8872c"} 
[2026-08-18 13:11:07] testing.INFO: payment.approved {"audit_id":"01m09w6rnfd0m06knmrxx3phtc","actor_id":"01m09w6rb0w08nkbbde7591241","target":"Payment:01m09w6rb2bn6xj607njkv0j5r","request_id":"c29fb49d-8691-4834-a0f8-d155a735bba4"} 
[2026-08-18 13:11:07] testing.INFO: payment.approved {"audit_id":"01m09w6ryjdy60wjrygshe0395","actor_id":"01m09w6rrnbktth5jqza9pvhm5","target":"Payment:01m09w6rrqrtkf5nx25mjyn7f5","request_id":"f0734303-a442-4d6d-bc6c-f4ba1bc580f5"} 
[2026-08-18 13:11:07] testing.INFO: payment.approved {"audit_id":"01m09w6sb3bpnsa1pq1spybbxm","actor_id":"01m09w6s5c0xb7g03yg3qv5sqb","target":"Payment:01m09w6s5ean0v1z75rt1aent1","request_id":"0e73c5ca-9048-4c0c-ac89-7ea10f23db7f"} 
[2026-08-18 13:11:07] testing.INFO: payment.rejected {"audit_id":"01m09w6seh1mtsf5v3e191e356","actor_id":"01m09w6se58fje47ew65d9ynxv","target":"Payment:01m09w6se6ghxq0ccqf92jpr24","request_id":"594fb3c9-dcb6-40bf-b57a-ce42f606f99c"} 
[2026-08-18 13:11:08] testing.INFO: refund.recorded {"audit_id":"01m09w6ssj0sjmsqcrzqba8g8q","actor_id":"01m09w6ss006h70p9ekavkrye6","target":"Refund:01m09w6ssh3rxeypaqby0c34y0","request_id":"87298016-9922-4c2f-a4ec-d318797244ed"} 
[2026-08-18 13:11:08] testing.INFO: refund.processed {"audit_id":"01m09w6st2gg8nkvvvy3hqmj36","actor_id":"01m09w6ss21ckj0n20whzxtnq9","target":"Refund:01m09w6ssh3rxeypaqby0c34y0","request_id":"008c8a01-8378-4f5b-bb0f-c67163a7833a"} 
[2026-08-18 13:11:09] testing.INFO: user.suspend {"audit_id":"01m09w6var4vaj0h1zhjahwpyh","actor_id":"01m09w6va0j8mr8c5wd3mqrafe","target":"User:01m09w6va4nvgzhrzd1kczqvz3","request_id":"fbc4ead1-d696-4d26-8062-e1aafea6b669"} 
[2026-08-18 13:11:09] testing.INFO: user.updated {"audit_id":"01m09w6vedxwhk7ppcg4k5naht","actor_id":"01m09w6vds4wc5ma8xmf4gd3v6","target":"User:01m09w6vdwseyq63vb0yq5gswp","request_id":"6b4d6ef9-c2b3-4554-83c9-bbf08d6380d3"} 
[2026-08-18 13:11:10] testing.INFO: recording.deleted {"audit_id":"01m09w6w9dcgremga5ybbj1xr4","actor_id":"01m09w6w8x5s0efrcp4ajm0ksx","target":"Recording:01m09w6w8z9sbfzpkrcsb3temm","request_id":"9b75f968-3205-4e52-8c30-f49779574ffd"} 
[2026-08-18 13:16:58] testing.INFO: settings.updated {"audit_id":"01m09whfxwpnps9by4ybhb66j3","actor_id":"01m09whfw23s82rm6w9k8vwgw9","target":":","request_id":"0c789788-29de-4597-91b5-ad7c7779677e"} 
[2026-08-18 13:16:58] testing.INFO: settings.updated {"audit_id":"01m09whg885edjjb39mcfj56gm","actor_id":"01m09whg7wazcztgf4yvvszyhw","target":":","request_id":"015981e4-6f61-4076-8a94-9b5c24f0a1f3"} 
[2026-08-18 13:16:59] testing.INFO: settings.payment_method_qr_updated {"audit_id":"01m09whgk1vwtkkwn1yw9rakcp","actor_id":"01m09whghcq5x9835txj3r4w78","target":"PaymentMethod:01m09whggb4n3fny6hq4exzs13","request_id":"7592f0fe-c2fa-4ebf-95c0-e1d96e1debf2"} 
[2026-08-18 13:16:59] testing.INFO: settings.payment_method_qr_removed {"audit_id":"01m09whgkcbgwv03d49fcrqm2n","actor_id":"01m09whghcq5x9835txj3r4w78","target":"PaymentMethod:01m09whggb4n3fny6hq4exzs13","request_id":"0b3a8c0d-8d4a-47bb-a1dc-878499b0219c"} 
[2026-08-18 13:16:59] testing.INFO: settings.updated {"audit_id":"01m09whgveg8sbcwhcpmetpxdd","actor_id":"01m09whgv2h8apev120wxk0f3n","target":":","request_id":"837ad04c-4c3c-4e95-a86e-c81799bafcbc"} 
[2026-08-18 13:16:59] testing.INFO: attempt.started {"audit_id":"01m09whh0hdcrxm3xhwdj2y2t8","actor_id":"01m09whgzm505q03bx6zj0cw65","target":"TestAttempt:01m09whh0f8ftgvbv57smb2pmd","request_id":"8dfebacd-36c2-457b-a4d4-7ef3702e131c"} 
[2026-08-18 13:16:59] testing.INFO: attempt.started {"audit_id":"01m09whha0634t5nxh8xxqv0t7","actor_id":"01m09whh9fcnm52af07r7zme8p","target":"TestAttempt:01m09whh9zsyzgdrfb4zzfek14","request_id":"7420af8d-6c18-4ed5-87d8-536f29f9416c"} 
[2026-08-18 13:16:59] testing.INFO: attempt.started {"audit_id":"01m09whhaak7zd5q5pmnvwcrk4","actor_id":"01m09whh9fcnm52af07r7zme8p","target":"TestAttempt:01m09whh9zsyzgdrfb4zzfek14","request_id":"01cdbe98-491b-4eb9-96b3-4e46da2937c7"} 
[2026-08-18 13:17:00] testing.INFO: attempt.started {"audit_id":"01m09whhet4x26rt5qp6gjanz3","actor_id":"01m09whhec1dcy6mjhef0vhnjj","target":"TestAttempt:01m09whhesan1hw2pw7ctdm3k6","request_id":"2d8c7d81-79f7-4ae5-b6b2-b5b9aaf0c6d4"} 
[2026-08-18 13:17:00] testing.INFO: attempt.started {"audit_id":"01m09whhm25p2m51t92qpntzq2","actor_id":"01m09whhkgva38x7rhq38befxv","target":"TestAttempt:01m09whhm00gfmgcvz2wsfekmm","request_id":"52b94b66-4458-4c3a-8912-6ef27abd8433"} 
[2026-08-18 13:17:00] testing.INFO: attempt.submitted {"audit_id":"01m09whhn7hp6yded45zpbvr1b","actor_id":"01m09whhkgva38x7rhq38befxv","target":"TestAttempt:01m09whhm00gfmgcvz2wsfekmm","request_id":"a8635aad-5374-4e4f-97b4-35ed3fdd182c"} 
[2026-08-18 13:17:00] testing.INFO: auth.logged_in {"audit_id":"01m09whhyd2c1vx64t6rzmax24","actor_id":"01m09whhy0t4n1zv7mykfnjvxp","target":"User:01m09whhy0t4n1zv7mykfnjvxp","request_id":"f62b4936-4470-466a-ab6c-6ed69165925a"} 
[2026-08-18 13:17:00] testing.INFO: auth.logged_out {"audit_id":"01m09whhz03mee0mkssfpq5da4","actor_id":"01m09whhy0t4n1zv7mykfnjvxp","target":"User:01m09whhy0t4n1zv7mykfnjvxp","request_id":"528dd959-0df0-4662-809a-0aacbc36113f"} 
[2026-08-18 13:17:00] testing.INFO: auth.logged_in {"audit_id":"01m09whhz5b8ea1e4r31mgx9ah","actor_id":"01m09whhy0t4n1zv7mykfnjvxp","target":"User:01m09whhy0t4n1zv7mykfnjvxp","request_id":"fc4f1326-0432-4eae-a40d-e95e4e212e7e"} 
[2026-08-18 13:17:00] testing.INFO: auth.account_locked {"audit_id":"01m09whj9afzhxx9pe3xn3n2d9","actor_id":"01m09whj8cat9g2v8ngdxb5819","target":"User:01m09whj8cat9g2v8ngdxb5819","request_id":"7690b106-dcd0-4fb7-8ae2-2e29bcf414cd"} 
[2026-08-18 13:17:01] testing.INFO: auth.password_changed {"audit_id":"01m09whjdn8t8fwz1qhqhetwpq","actor_id":"01m09whjd2pevbzk67xp0ccjej","target":"User:01m09whjd2pevbzk67xp0ccjej","request_id":"70904a8d-21df-4b24-958f-82977471c918"} 
[2026-08-18 13:17:01] testing.INFO: account.profile_updated {"audit_id":"01m09whjhwyazvmb6mpwbnwc82","actor_id":"01m09whjhh8nypqcj4p1f8dx61","target":"User:01m09whjhh8nypqcj4p1f8dx61","request_id":"c1654c7e-ad4f-4482-bb82-4b4caf584801"} 
[2026-08-18 13:17:01] testing.INFO: auth.logged_in {"audit_id":"01m09whjt9cbkj8r06a5jk9e7d","actor_id":"01m09whjsya5ax8t4w5keea583","target":"User:01m09whjsya5ax8t4w5keea583","request_id":"8e38abe3-cd9f-47b0-b1e4-7752e7330e27"} 
[2026-08-18 13:17:01] testing.INFO: auth.logged_out {"audit_id":"01m09whjtq1vz79vm0q3nae32a","actor_id":"01m09whjsya5ax8t4w5keea583","target":"User:01m09whjsya5ax8t4w5keea583","request_id":"f0b20d35-4c3d-47fd-8864-2b45bb302667"} 
[2026-08-18 13:17:01] testing.INFO: auth.logged_in {"audit_id":"01m09whjv3292wg2p3k79napxf","actor_id":"01m09whjsya5ax8t4w5keea583","target":"User:01m09whjsya5ax8t4w5keea583","request_id":"9f216e92-1dcb-4198-8aa3-752802c93601"} 
[2026-08-18 13:17:01] testing.INFO: auth.logged_in {"audit_id":"01m09whjzmanbvb71j6x0tn8nv","actor_id":"01m09whjzaz1bb50ewev8ccej8","target":"User:01m09whjzaz1bb50ewev8ccej8","request_id":"6be21d07-2f49-4665-bd1a-4f7506b5fae3"} 
[2026-08-18 13:17:01] testing.INFO: user.devices_reset {"audit_id":"01m09whk408v52pn1cbr2y6h9f","actor_id":"01m09whk3dxrkwn694vs1kt742","target":"User:01m09whk3gs0c282v0p2xeqnrf","request_id":"5f42c4b2-b332-411a-a0f1-cf89ac75e498"} 
[2026-08-18 13:17:01] testing.INFO: enrollment_request.approved {"audit_id":"01m09whk9w85byr6zqxptw11x2","actor_id":"01m09whk8a5284dx3vhdckgxwa","target":"EnrollmentRequest:01m09whk8e5854565aam88bqsx","request_id":"f274decb-62d5-45c4-8bb5-d2427d0294ec"} 
[2026-08-18 13:17:02] testing.INFO: enrollment_request.rejected {"audit_id":"01m09whkg0wmqtk9m0e5wn1b01","actor_id":"01m09whkff1ahh3216m7eeyn9s","target":"EnrollmentRequest:01m09whkfh4ssa5tsrr36j0x49","request_id":"271200ec-584c-48ea-8b8e-1bfbc2515cec"} 
[2026-08-18 13:17:02] testing.INFO: settings.updated {"audit_id":"01m09whm1pszbt8ffgqcm9fsq3","actor_id":"01m09whm17k8a412xvncv6457f","target":":","request_id":"6241a795-b76a-4991-bd9d-414cae2ec793"} 
[2026-08-18 13:17:02] testing.INFO: settings.updated {"audit_id":"01m09whm6ghz9zy8ftm3hbgn5h","actor_id":"01m09whm5tpxs0sw44538c6s1h","target":":","request_id":"07cec3fb-1320-46bd-aad8-74f3a5f8a24e"} 
[2026-08-18 13:17:02] testing.INFO: settings.updated {"audit_id":"01m09whm6z1ehzrjh96kd9wa57","actor_id":"01m09whm5tpxs0sw44538c6s1h","target":":","request_id":"d8b41794-ccb1-4fc0-9a4e-6911ef0f3cfa"} 
[2026-08-18 13:17:03] testing.INFO: payment.approved {"audit_id":"01m09whn8ks6bpzxvj08gh2rh5","actor_id":"01m09whmww4mzdn543xkf2d8s8","target":"Payment:01m09whmwz6n3gvcx7bhcy7744","request_id":"462415ef-6568-4aab-bc18-f8998663dd94"} 
[2026-08-18 13:17:04] testing.INFO: payment.approved {"audit_id":"01m09whnkeh3jq0vm3wvkr3y8k","actor_id":"01m09whncbepbjb23mm15zprke","target":"Payment:01m09whncd02x3gfs6yekfn8vg","request_id":"8a74c1a0-920f-4425-ba5c-41c0a74fe8eb"} 
[2026-08-18 13:17:04] testing.INFO: payment.approved {"audit_id":"01m09whp3xna02yhqvgne9dsv7","actor_id":"01m09whnwg1ev7q8cm65baws0k","target":"Payment:01m09whnwhbf797keyxvsf3m9k","request_id":"c3ab62ae-85d6-4670-8eec-8e10ff993844"} 
[2026-08-18 13:17:05] testing.INFO: payment.rejected {"audit_id":"01m09whp87zazjwqf6dkaw6ma5","actor_id":"01m09whp7rfmsyx5n1zkw8b3kf","target":"Payment:01m09whp7t6gd7kj9dmkknccqw","request_id":"5197d527-b005-4ea1-85a6-6b34a8815d7d"} 
[2026-08-18 13:17:05] testing.INFO: refund.recorded {"audit_id":"01m09whpnydq9sw2kgzhqc54jk","actor_id":"01m09whpn9vxnj34m6wvxnwrsf","target":"Refund:01m09whpnws9020nmy62mvf67p","request_id":"1c648c4f-4419-45e5-a862-4b212b6909cb"} 
[2026-08-18 13:17:05] testing.INFO: refund.processed {"audit_id":"01m09whppj4dq071w1h7170854","actor_id":"01m09whpnb3wjym0yv7x17b8cj","target":"Refund:01m09whpnws9020nmy62mvf67p","request_id":"397cebfd-d5f0-47bd-87f4-5e3114605578"} 
[2026-08-18 13:17:07] testing.INFO: user.suspend {"audit_id":"01m09whrv76fxynbzyg7kebsj1","actor_id":"01m09whrt9b6b13m1k5s6axnsd","target":"User:01m09whrteg3csdft44kvqe99x","request_id":"2c739900-efed-4f0a-ad2d-a77c3a5f449d"} 
[2026-08-18 13:17:07] testing.INFO: user.updated {"audit_id":"01m09whs0196pw45pgzfxvxtab","actor_id":"01m09whrzbp610v10tbt6hvegv","target":"User:01m09whrzey9edskvyzznea3zj","request_id":"4800286d-2661-4bfc-a3d2-5397b4fd5594"} 
[2026-08-18 13:17:08] testing.INFO: recording.deleted {"audit_id":"01m09wht2wbpvyvnh6cykmm384","actor_id":"01m09wht27xjf2sjp2v1jf4es5","target":"Recording:01m09wht29ydbt0kzavqhxq7qv","request_id":"59a4ccc4-020b-4317-84af-349cc62405a6"} 
[2026-08-18 13:21:18] testing.INFO: faq.created {"audit_id":"01m09wsdkff8t3ecktb115c0rv","actor_id":"01m09wsdhk5tmmeh42md72jgsh","target":"Faq:01m09wsdkda6nrb4egv4hea66p","request_id":"420b0411-4cc4-4827-b30f-e57257b2b6a7"} 
[2026-08-18 13:21:18] testing.INFO: faq.updated {"audit_id":"01m09wsdmc1mqdp7ba6vsry5rs","actor_id":"01m09wsdhk5tmmeh42md72jgsh","target":"Faq:01m09wsdkda6nrb4egv4hea66p","request_id":"b187b710-cc2b-48f1-aaa4-92411bddb0e4"} 
[2026-08-18 13:21:18] testing.INFO: faq.deleted {"audit_id":"01m09wsdne46brzawzvqcp86df","actor_id":"01m09wsdhk5tmmeh42md72jgsh","target":"Faq:01m09wsdkda6nrb4egv4hea66p","request_id":"bc412756-7906-406f-b1d4-5ac64bc87d93"} 
[2026-08-18 13:21:27] testing.INFO: settings.updated {"audit_id":"01m09wsp7w0acgh670qfanp4ex","actor_id":"01m09wsp6mp8rr0xj8fcxann27","target":":","request_id":"89dc7a42-62a7-4940-a8e9-1b61f5112b54"} 
[2026-08-18 13:21:27] testing.INFO: settings.updated {"audit_id":"01m09wspfbaqbb4bmacmxptrr5","actor_id":"01m09wspf3f77p8qw972z97b3m","target":":","request_id":"c65f637d-073b-45b6-9312-5831e99198e7"} 
[2026-08-18 13:21:27] testing.INFO: settings.payment_method_qr_updated {"audit_id":"01m09wspp02x401vft30jkp3cs","actor_id":"01m09wspnat9pj8hrb4bykq6e6","target":"PaymentMethod:01m09wspmxtma8apv1cn7rnj50","request_id":"a865b0b1-32bc-4183-a162-06729baf4b9b"} 
[2026-08-18 13:21:27] testing.INFO: settings.payment_method_qr_removed {"audit_id":"01m09wspp85r2rv6mgc42nesad","actor_id":"01m09wspnat9pj8hrb4bykq6e6","target":"PaymentMethod:01m09wspmxtma8apv1cn7rnj50","request_id":"ee61a36b-8404-4337-90e3-feeb10ff6542"} 
[2026-08-18 13:21:27] testing.INFO: settings.updated {"audit_id":"01m09wspwt30p8x0a63mzdb99x","actor_id":"01m09wspwghhtdx2pqywnh71vv","target":":","request_id":"a6dbe7bd-15f0-4c68-afa6-2588bd77acbd"} 
[2026-08-18 13:21:27] testing.INFO: faq.created {"audit_id":"01m09wsq0ct8wm4h8cqyqtf1r0","actor_id":"01m09wsq011jb6f1pv97dag7as","target":"Faq:01m09wsq0b6jq1v24gtdr2yg1w","request_id":"e0fb904e-72bb-4444-b96d-42961817b0f6"} 
[2026-08-18 13:21:27] testing.INFO: faq.updated {"audit_id":"01m09wsq0k6bhpc2xh1af62p85","actor_id":"01m09wsq011jb6f1pv97dag7as","target":"Faq:01m09wsq0b6jq1v24gtdr2yg1w","request_id":"3d42b48a-8b7d-4740-a235-481d31eaa0dc"} 
[2026-08-18 13:21:27] testing.INFO: faq.deleted {"audit_id":"01m09wsq0wxtv7rpytpa8aa36c","actor_id":"01m09wsq011jb6f1pv97dag7as","target":"Faq:01m09wsq0b6jq1v24gtdr2yg1w","request_id":"f1509337-e670-4efc-903a-3b4fb6a5db0a"} 
[2026-08-18 13:21:28] testing.INFO: attempt.started {"audit_id":"01m09wsqae7h3e7zkvgq8dkgnp","actor_id":"01m09wsq9z49wh5xefpv68zayc","target":"TestAttempt:01m09wsqadq5wvad6xd85q75dm","request_id":"e1d49e4f-d779-422f-ad70-557e2b846d1f"} 
[2026-08-18 13:21:28] testing.INFO: attempt.started {"audit_id":"01m09wsqh38yettx787n8ja0zx","actor_id":"01m09wsqgrhncrabe9cbkqsaqb","target":"TestAttempt:01m09wsqh2q3j3bgdmz0p0kfnj","request_id":"bfab4d7d-02ff-472e-bd09-013ec8bdf6d9"} 
[2026-08-18 13:21:28] testing.INFO: attempt.started {"audit_id":"01m09wsqhbtbsrqqxj5p123xqa","actor_id":"01m09wsqgrhncrabe9cbkqsaqb","target":"TestAttempt:01m09wsqh2q3j3bgdmz0p0kfnj","request_id":"13e4c05a-6d9a-413c-a60b-db040e8b44fa"} 
[2026-08-18 13:21:28] testing.INFO: attempt.started {"audit_id":"01m09wsqmg7mh3bgc22p0tvzgm","actor_id":"01m09wsqm4babk9nnt3fa2j6d3","target":"TestAttempt:01m09wsqmfstdjw4nq04b6rz5h","request_id":"725eb32b-0532-4b4e-847f-de9b2f08c1d1"} 
[2026-08-18 13:21:28] testing.INFO: attempt.started {"audit_id":"01m09wsqr15q78eh0cvmdc5y4h","actor_id":"01m09wsqqn459xq2vfy4kwa50z","target":"TestAttempt:01m09wsqr0dtjnjbvv7bgerh48","request_id":"5fa578a3-2412-4aea-96eb-2a3953344a8a"} 
[2026-08-18 13:21:28] testing.INFO: attempt.submitted {"audit_id":"01m09wsqrg25kyjdx4npcwmcva","actor_id":"01m09wsqqn459xq2vfy4kwa50z","target":"TestAttempt:01m09wsqr0dtjnjbvv7bgerh48","request_id":"f0c4206f-523e-43da-9ba1-ab030c542829"} 
[2026-08-18 13:21:28] testing.INFO: auth.logged_in {"audit_id":"01m09wsqz3pnts9054853gj7bk","actor_id":"01m09wsqyrcbydwbrwzra4g48m","target":"User:01m09wsqyrcbydwbrwzra4g48m","request_id":"81805802-5b77-4a1b-ba97-c5c079056f4f"} 
[2026-08-18 13:21:28] testing.INFO: auth.logged_out {"audit_id":"01m09wsqzd9b00k0bn134y5r5p","actor_id":"01m09wsqyrcbydwbrwzra4g48m","target":"User:01m09wsqyrcbydwbrwzra4g48m","request_id":"082f7b96-968a-46ec-90d3-fe17795898b6"} 
[2026-08-18 13:21:28] testing.INFO: auth.logged_in {"audit_id":"01m09wsqzj4hvbwae213pe6a0g","actor_id":"01m09wsqyrcbydwbrwzra4g48m","target":"User:01m09wsqyrcbydwbrwzra4g48m","request_id":"a3cdf931-b754-4f5a-9319-af85e6e5eb83"} 
[2026-08-18 13:21:29] testing.INFO: auth.account_locked {"audit_id":"01m09wsr5zyefrzxw8mewh1t52","actor_id":"01m09wsr596xqwhthkmpvbfxme","target":"User:01m09wsr596xqwhthkmpvbfxme","request_id":"7e88c8d2-4eb1-42ee-a689-2631c1db1486"} 
[2026-08-18 13:21:29] testing.INFO: auth.password_changed {"audit_id":"01m09wsr9dsf3kqrbv5dy1n8xm","actor_id":"01m09wsr8xefnwkb7ef9zqzcyq","target":"User:01m09wsr8xefnwkb7ef9zqzcyq","request_id":"5cc7fb26-657c-4882-a8f1-af85726ca63b"} 
[2026-08-18 13:21:29] testing.INFO: account.profile_updated {"audit_id":"01m09wsrch9b0wcqzsk80jw19w","actor_id":"01m09wsrc9kqr8y69yzdejcsqm","target":"User:01m09wsrc9kqr8y69yzdejcsqm","request_id":"fbc5cac1-81c8-400f-83f6-60980fa7c41a"} 
[2026-08-18 13:21:29] testing.INFO: auth.logged_in {"audit_id":"01m09wsrk2nmxpqsxm4m9fd10r","actor_id":"01m09wsrjsgcxbpkg881xd6hyv","target":"User:01m09wsrjsgcxbpkg881xd6hyv","request_id":"fdf84b31-8575-41cd-a94a-83bb4b9b112a"} 
[2026-08-18 13:21:29] testing.INFO: auth.logged_out {"audit_id":"01m09wsrk80byn6kz0nfas4msb","actor_id":"01m09wsrjsgcxbpkg881xd6hyv","target":"User:01m09wsrjsgcxbpkg881xd6hyv","request_id":"43f66d72-5f15-48f2-b3ec-e8ad22dbf593"} 
[2026-08-18 13:21:29] testing.INFO: auth.logged_in {"audit_id":"01m09wsrket47tnhq83s68pkmy","actor_id":"01m09wsrjsgcxbpkg881xd6hyv","target":"User:01m09wsrjsgcxbpkg881xd6hyv","request_id":"d1e72b84-4cdc-42a6-8a26-a5b1dfc76105"} 
[2026-08-18 13:21:29] testing.INFO: auth.logged_in {"audit_id":"01m09wsrpfnrfjtfv8e5ss2dy5","actor_id":"01m09wsrp7dk9eq7bnh5zd7msw","target":"User:01m09wsrp7dk9eq7bnh5zd7msw","request_id":"1a7d14eb-11ae-476c-844a-8ae04f5e01d3"} 
[2026-08-18 13:21:29] testing.INFO: user.devices_reset {"audit_id":"01m09wsrsvapkyz5a27asvvbt0","actor_id":"01m09wsrsczw22g3jtwavn0hc1","target":"User:01m09wsrse4v8mj8zqwpg0cvv8","request_id":"e2688630-a464-440a-90b5-867b4afc74cd"} 
[2026-08-18 13:21:29] testing.INFO: enrollment_request.approved {"audit_id":"01m09wsrxk2g5tacrjxm9rtkr1","actor_id":"01m09wsrx1rjsxxeanse8ytwph","target":"EnrollmentRequest:01m09wsrx37st3xyj9v9djm7eb","request_id":"57697ba7-a40f-464f-b45d-6141d5f28fbf"} 
[2026-08-18 13:21:29] testing.INFO: enrollment_request.rejected {"audit_id":"01m09wss0y6xkd1rt2x2nr6kmh","actor_id":"01m09wss0j7110v9fn9445q7r1","target":"EnrollmentRequest:01m09wss0m76e1fkm795cr9qrt","request_id":"19fc784d-fbe2-4516-a910-d5d3e21f5497"} 
[2026-08-18 13:21:30] testing.INFO: settings.updated {"audit_id":"01m09wssdwwcbgp4sdjzyshah5","actor_id":"01m09wssdkkextcefwab5ezgq9","target":":","request_id":"319f1b42-5fba-44df-a091-2117449c5679"} 
[2026-08-18 13:21:30] testing.INFO: settings.updated {"audit_id":"01m09wsshgjjd5ftstnhka7cam","actor_id":"01m09wssh7502mxp02y4j0j2b8","target":":","request_id":"4ccd4059-5461-4b0e-9fe3-4ffe67254bca"} 
[2026-08-18 13:21:30] testing.INFO: settings.updated {"audit_id":"01m09wsshrxgy192k37a1trzss","actor_id":"01m09wssh7502mxp02y4j0j2b8","target":":","request_id":"8e256fe0-03e5-41ff-ae37-b1d0484ce133"} 
[2026-08-18 13:21:31] testing.INFO: payment.approved {"audit_id":"01m09wst8c0b2jkw05y8t0ph55","actor_id":"01m09wst0xmf14pxahs7p7dd9m","target":"Payment:01m09wst0znkcvzztrqys36tf1","request_id":"72c52474-926b-46d6-aeb9-847a6ebe4da4"} 
[2026-08-18 13:21:31] testing.INFO: payment.approved {"audit_id":"01m09wsthamx6qf5gkgfkjc483","actor_id":"01m09wstbbknym8b1jhhv59vwr","target":"Payment:01m09wstbdhcg0ww731vtqz4tn","request_id":"927dfd82-b5e6-460c-a2bb-b78355777923"} 
[2026-08-18 13:21:31] testing.INFO: payment.approved {"audit_id":"01m09wsty002pj19kb2372e24p","actor_id":"01m09wstrbezyryz3j5s22ajkn","target":"Payment:01m09wstrcrxqmd83ggka5ppab","request_id":"7a7c288b-c97d-4177-abc2-c2d8ab4afb0c"} 
[2026-08-18 13:21:32] testing.INFO: payment.rejected {"audit_id":"01m09wsv1h39j7m9t4x27sszcd","actor_id":"01m09wsv142y4yc7qq39bcmg84","target":"Payment:01m09wsv1604jfbc623dsxtfa6","request_id":"10573ba1-b0ec-462c-b0c4-b90803e538f7"} 
[2026-08-18 13:21:32] testing.INFO: refund.recorded {"audit_id":"01m09wsvb06r7956g79a3nhqtx","actor_id":"01m09wsvagd62fz34mkkgn7kf8","target":"Refund:01m09wsvaz4t7xe7701tsq7f6z","request_id":"07143f9f-9822-4d40-a827-e37addb62f67"} 
[2026-08-18 13:21:32] testing.INFO: refund.processed {"audit_id":"01m09wsvbgnvcph218hg97r2n5","actor_id":"01m09wsvajrkjfqsnac4fwgmat","target":"Refund:01m09wsvaz4t7xe7701tsq7f6z","request_id":"10804824-3479-46e1-acad-83881689831d"} 
[2026-08-18 13:21:33] testing.INFO: user.suspend {"audit_id":"01m09wswwd9x3hfqvqs6jstwd6","actor_id":"01m09wswvnyv0zfgmbzn7y0xgd","target":"User:01m09wswvsphjy9ejz0ja0rzxs","request_id":"8990b0ad-63ac-4bb0-b40c-f835193552e4"} 
[2026-08-18 13:21:34] testing.INFO: user.updated {"audit_id":"01m09wswzqzq6ravrfw8dtracp","actor_id":"01m09wswzd3kr0kewttyz5s9rt","target":"User:01m09wswzfdmtv5qk0j89m07vm","request_id":"75245bf4-d97b-4b7f-8df6-6a50fa54aad9"} 
[2026-08-18 13:21:34] testing.INFO: recording.deleted {"audit_id":"01m09wsxv1wvvy5jxs22yyr9rx","actor_id":"01m09wsxtk89cmmp6fx7734j4d","target":"Recording:01m09wsxtnnrbccrt8c3r9s5mz","request_id":"e241ba1d-823e-43bf-a40c-ee87d28c4064"} 
[2026-08-18 13:24:41] testing.INFO: settings.updated {"audit_id":"01m09wzmfv6hqgj2ekpc6j9yk8","actor_id":"01m09wzmd97gc5zvq2th220ec3","target":":","request_id":"be7c582e-fa96-48d3-a36e-9364edec37b2"} 
[2026-08-18 13:24:42] testing.INFO: settings.updated {"audit_id":"01m09wzmsdxtpgjbq7qynfkjf9","actor_id":"01m09wzms3sswfsn31zmnn0fg8","target":":","request_id":"f4ba3a31-ada3-469d-b867-7c043137d85d"} 
[2026-08-18 13:24:42] testing.INFO: settings.payment_method_qr_updated {"audit_id":"01m09wzn1xnnhx27amnpn8341y","actor_id":"01m09wzn0wtcr5s1nr1ka8awra","target":"PaymentMethod:01m09wzn03jt76b3z33takhhry","request_id":"dfb54280-66ea-4b1e-a8ac-bc576d79fa39"} 
[2026-08-18 13:24:42] testing.INFO: settings.payment_method_qr_removed {"audit_id":"01m09wzn271v72ta86x4bg1x6z","actor_id":"01m09wzn0wtcr5s1nr1ka8awra","target":"PaymentMethod:01m09wzn03jt76b3z33takhhry","request_id":"78a09220-0f19-4aa2-bfa5-4d82aab427a8"} 
[2026-08-18 13:24:42] testing.INFO: settings.updated {"audit_id":"01m09wzn9xr20fjnwvrw0gjv7g","actor_id":"01m09wzn9d0935hk0qfzhjjjjq","target":":","request_id":"c91eb76f-ac76-4b25-8338-55666ef61b74"} 
[2026-08-18 13:24:42] testing.INFO: faq.created {"audit_id":"01m09wznectzj430z6phgnxdc9","actor_id":"01m09wzndxbqnve8p7b5e44v5g","target":"Faq:01m09wzneafntzh63nnyxbnvyn","request_id":"85315e52-d56c-4b5e-a8e3-ea74f49a5a3c"} 
[2026-08-18 13:24:42] testing.INFO: faq.updated {"audit_id":"01m09wznenbvck6renckgmqc4g","actor_id":"01m09wzndxbqnve8p7b5e44v5g","target":"Faq:01m09wzneafntzh63nnyxbnvyn","request_id":"637575c9-f43d-4975-a6c3-0c5e2431fea0"} 
[2026-08-18 13:24:42] testing.INFO: faq.deleted {"audit_id":"01m09wznf2mkrceah3cge4e1zh","actor_id":"01m09wzndxbqnve8p7b5e44v5g","target":"Faq:01m09wzneafntzh63nnyxbnvyn","request_id":"5fb4e5bc-2b55-4a5e-a6a3-69025688f4ff"} 
[2026-08-18 13:24:43] testing.INFO: attempt.started {"audit_id":"01m09wznv0d8hjvdz9tc8ahkrf","actor_id":"01m09wzntaffpnybz2b03hmp0v","target":"TestAttempt:01m09wzntzf1tj3dz0hvhbn5h3","request_id":"7175fc19-7110-4712-abeb-bebdc964df7e"} 
[2026-08-18 13:24:43] testing.INFO: attempt.started {"audit_id":"01m09wzp2txwkxx5976j8y2a8m","actor_id":"01m09wzp2bxfjaf5z80ev9v659","target":"TestAttempt:01m09wzp2se8dv3e76knc3w8hm","request_id":"7cda75f9-9d0d-43a6-8ac1-bc0f56e338eb"} 
[2026-08-18 13:24:43] testing.INFO: attempt.started {"audit_id":"01m09wzp34cqkm09rgv0ppwv6e","actor_id":"01m09wzp2bxfjaf5z80ev9v659","target":"TestAttempt:01m09wzp2se8dv3e76knc3w8hm","request_id":"ec77cbe4-13f9-45c8-8388-70dc57766a95"} 
[2026-08-18 13:24:43] testing.INFO: attempt.started {"audit_id":"01m09wzp6zs1pmrqcf6z3hz501","actor_id":"01m09wzp6ggvyzqc7jwvkxqfgt","target":"TestAttempt:01m09wzp6x67jnnz55qv4f6fb5","request_id":"798a9d40-c68b-408b-9753-d017d0624349"} 
[2026-08-18 13:24:43] testing.INFO: attempt.started {"audit_id":"01m09wzpbc70vr38qve1f52gsc","actor_id":"01m09wzpay08v906cw935g8ax8","target":"TestAttempt:01m09wzpbbkh6ybtab04rcdng6","request_id":"127c535d-8df8-4eed-a9d9-97e7ecbee977"} 
[2026-08-18 13:24:43] testing.INFO: attempt.submitted {"audit_id":"01m09wzpc04m7shzwy1672c7mq","actor_id":"01m09wzpay08v906cw935g8ax8","target":"TestAttempt:01m09wzpbbkh6ybtab04rcdng6","request_id":"c33d9d62-1ce7-43aa-8ea7-3b7d08df5715"} 
[2026-08-18 13:24:44] testing.INFO: auth.logged_in {"audit_id":"01m09wzpm47z22sbp5h1en4507","actor_id":"01m09wzpkjdnaqkmm2zx4w0nmn","target":"User:01m09wzpkjdnaqkmm2zx4w0nmn","request_id":"34a165d8-f13b-4e8f-8429-9dff97f441f3"} 
[2026-08-18 13:24:44] testing.INFO: auth.logged_out {"audit_id":"01m09wzpmve9wx05248x4rneyz","actor_id":"01m09wzpkjdnaqkmm2zx4w0nmn","target":"User:01m09wzpkjdnaqkmm2zx4w0nmn","request_id":"92e0664d-1f7e-4c74-bcec-75ff7cd47c5c"} 
[2026-08-18 13:24:44] testing.INFO: auth.logged_in {"audit_id":"01m09wzpn05k8arc67536668s4","actor_id":"01m09wzpkjdnaqkmm2zx4w0nmn","target":"User:01m09wzpkjdnaqkmm2zx4w0nmn","request_id":"5633970d-6a53-4de5-8c02-98797da5e32b"} 
[2026-08-18 13:24:44] testing.INFO: auth.account_locked {"audit_id":"01m09wzpwxfatnv364gfe79m85","actor_id":"01m09wzpw44vcqmwe4446wzjch","target":"User:01m09wzpw44vcqmwe4446wzjch","request_id":"626ab426-1868-4d9e-be33-e4835166b4f9"} 
[2026-08-18 13:24:44] testing.INFO: auth.password_changed {"audit_id":"01m09wzq0y6b76gc5r0srk00xk","actor_id":"01m09wzq0b36qfrqck6c9xthg7","target":"User:01m09wzq0b36qfrqck6c9xthg7","request_id":"05e65082-813d-40a5-bcea-4e72de507550"} 
[2026-08-18 13:24:44] testing.INFO: account.profile_updated {"audit_id":"01m09wzq4q877jx2n3hy5d0zsh","actor_id":"01m09wzq4dgyyg0zy4qnrv6zjc","target":"User:01m09wzq4dgyyg0zy4qnrv6zjc","request_id":"83b8c206-ed02-4f73-9bb2-9308706ba7eb"} 
[2026-08-18 13:24:44] testing.INFO: auth.logged_in {"audit_id":"01m09wzqc0j7da4t8zrez3cv85","actor_id":"01m09wzqbqm2x16s7c25540x9r","target":"User:01m09wzqbqm2x16s7c25540x9r","request_id":"dc2823d7-b99c-4129-a308-6c60193a0142"} 
[2026-08-18 13:24:44] testing.INFO: auth.logged_out {"audit_id":"01m09wzqc8dym0a07jfey87k63","actor_id":"01m09wzqbqm2x16s7c25540x9r","target":"User:01m09wzqbqm2x16s7c25540x9r","request_id":"ce14d369-4bdc-4c28-a60b-f4817eae0f42"} 
[2026-08-18 13:24:44] testing.INFO: auth.logged_in {"audit_id":"01m09wzqcebywmpkvfx08mr6jm","actor_id":"01m09wzqbqm2x16s7c25540x9r","target":"User:01m09wzqbqm2x16s7c25540x9r","request_id":"28a5515d-3774-4f4f-9b73-6e12b62e2731"} 
[2026-08-18 13:24:45] testing.INFO: auth.logged_in {"audit_id":"01m09wzqfztjhwc1mz871x4qp3","actor_id":"01m09wzqfpq0q2sd9x9f6jh4pp","target":"User:01m09wzqfpq0q2sd9x9f6jh4pp","request_id":"8c45fb46-30b9-467f-84c2-14c7d34cd659"} 
[2026-08-18 13:24:45] testing.INFO: user.devices_reset {"audit_id":"01m09wzqm2w1b743ks2f1g1sz4","actor_id":"01m09wzqkgp6z2sbde2d3j1ypw","target":"User:01m09wzqkj2tp3hkgm2tp8pfvc","request_id":"3aa17ec2-d954-43eb-9e14-c8badb79fd50"} 
[2026-08-18 13:24:45] testing.INFO: enrollment_request.approved {"audit_id":"01m09wzqrh77ywjdw1fm2v3waz","actor_id":"01m09wzqqpt4f490550fjxgb8k","target":"EnrollmentRequest:01m09wzqqs7n4rycxnfdrad9py","request_id":"54ec2fb5-c520-4229-b70c-bd7dbaa293c5"} 
[2026-08-18 13:24:45] testing.INFO: enrollment_request.rejected {"audit_id":"01m09wzqwgspqxqk0h36z7ykh5","actor_id":"01m09wzqw1t09j821nz8en8szm","target":"EnrollmentRequest:01m09wzqw2q60325rawhvxsh7c","request_id":"46f20965-dcb0-4b0f-89f0-d8ee551d6577"} 
[2026-08-18 13:24:45] testing.INFO: settings.updated {"audit_id":"01m09wzrb8btjtwerkym6d31wj","actor_id":"01m09wzrayycbqhfj6kkz2wd0v","target":":","request_id":"f27782c6-ed9f-42b5-ad8f-9ddeb4e0d134"} 
[2026-08-18 13:24:46] testing.INFO: settings.updated {"audit_id":"01m09wzretgns3bmy5dwhbccy3","actor_id":"01m09wzregkew7w4wkr83qtc3j","target":":","request_id":"01370e32-6ecd-487a-ad06-6ce35957987e"} 
[2026-08-18 13:24:46] testing.INFO: settings.updated {"audit_id":"01m09wzrf3mzwtt5c5sxehzgb7","actor_id":"01m09wzregkew7w4wkr83qtc3j","target":":","request_id":"d2532d73-1f27-40e9-afc7-e40c9b90a696"} 
[2026-08-18 13:24:46] testing.INFO: payment.approved {"audit_id":"01m09wzsbe05339yn87sbjf1g6","actor_id":"01m09wzs1b69fvsjv9c1ws2aay","target":"Payment:01m09wzs1d1cdpktp5r2f716qk","request_id":"33d9f697-1936-43cd-9ac2-fe87e2bc18e8"} 
[2026-08-18 13:24:47] testing.INFO: payment.approved {"audit_id":"01m09wzsnrspxfbytp5se75nf6","actor_id":"01m09wzsewe0hv31w6yjmjtms0","target":"Payment:01m09wzseytf2sp9gj6gj1v35m","request_id":"a837d5ab-13cd-4d4c-90cd-e9a0edb426d9"} 
[2026-08-18 13:24:47] testing.INFO: payment.approved {"audit_id":"01m09wzt4dfskn9pbkbzrrjv4j","actor_id":"01m09wzsxw07aphxg669yf8kv1","target":"Payment:01m09wzsxy8pbh7a9rhq7bsd5c","request_id":"cd196be7-75c3-4141-b5ac-f3f99dede63c"} 
[2026-08-18 13:24:47] testing.INFO: payment.rejected {"audit_id":"01m09wzt88hfhywrjtte4x08xc","actor_id":"01m09wzt7tqtmm182gr9ma9dvh","target":"Payment:01m09wzt7vpky7vy9fxk23f0xx","request_id":"4023464a-83b5-473f-9565-5b66782ae510"} 
[2026-08-18 13:24:48] testing.INFO: refund.recorded {"audit_id":"01m09wztk8m97x8v86j2pvye8r","actor_id":"01m09wztjk0rr4cajs7bf65j3j","target":"Refund:01m09wztk7xb0d46t66h9cde0n","request_id":"e8a0b071-7a6b-40e0-a0c9-216a68daa2ea"} 
[2026-08-18 13:24:48] testing.INFO: refund.processed {"audit_id":"01m09wztksby7w9ynnyzvcj4ny","actor_id":"01m09wztjnzqk4a6abpanj22vy","target":"Refund:01m09wztk7xb0d46t66h9cde0n","request_id":"5073e940-0d32-4e6c-b0f0-77fd2f493b22"} 
[2026-08-18 13:24:50] testing.INFO: user.suspend {"audit_id":"01m09wzwcvdxkt60hpg2y92wdv","actor_id":"01m09wzwc2tw7yd32425s9wrh7","target":"User:01m09wzwc6hg82hhv62zne1p20","request_id":"72bc6e06-e5b7-4b10-9a9d-87139c1dd7d8"} 
[2026-08-18 13:24:50] testing.INFO: user.updated {"audit_id":"01m09wzwge8bbnz5r0j92e8mjc","actor_id":"01m09wzwg3qhymw94v0th7yj0x","target":"User:01m09wzwg5czyd6mqmxvth50vz","request_id":"4d7c8cf9-a51d-4a2f-a945-d9e6102f8d29"} 
[2026-08-18 13:24:51] testing.INFO: recording.deleted {"audit_id":"01m09wzxfd5mapt6b0ewtfa00a","actor_id":"01m09wzxewq1jr3x9n4q49dd9z","target":"Recording:01m09wzxeyreff69q1x9f1djc4","request_id":"89972156-42f0-48c0-8bf5-739af6f3e85e"} 
[2026-08-18 13:24:54] testing.INFO: payment.approved {"audit_id":"01m09x00sgg08b8jt46tdg3c1p","actor_id":"01m09x00h0xbncykx57m08t8mw","target":"Payment:01m09x00h1jh20n98ryyf524z2","request_id":"790e40c7-b36a-4bb3-ad6a-b79a58108e66"} 
[2026-08-18 13:24:54] testing.INFO: payment.approved {"audit_id":"01m09x0145cn0mydka0kx4ta0g","actor_id":"01m09x00xg9z5zbt5565dxcpwt","target":"Payment:01m09x00xhve19na4ee2dd8mhb","request_id":"968cd550-c2ef-4057-abcd-930f760bb23f"} 
[2026-08-18 13:24:55] testing.INFO: refund.recorded {"audit_id":"01m09x01gv4tm31ayfgeyzv2k3","actor_id":"01m09x01g06wq468cr1r8k6fsx","target":"Refund:01m09x01gt0m1460b8m6xv6zb0","request_id":"fe6f0907-ebea-4270-8993-08d8ec30725d"} 
[2026-08-18 13:24:55] testing.INFO: refund.processed {"audit_id":"01m09x01heqcr7frcwsscfa8ny","actor_id":"01m09x01g6t4pz9y3qmhb5sqws","target":"Refund:01m09x01gt0m1460b8m6xv6zb0","request_id":"7b6f205a-69c6-404e-b518-7d1ca329b881"} 
[2026-08-18 13:24:55] testing.INFO: payment.rejected {"audit_id":"01m09x01n97ewkhsegke02erh1","actor_id":"01m09x01mvgz2qjy432by94nqw","target":"Payment:01m09x01mwqc61tdv2mv8n0ptp","request_id":"991392c8-7603-49ce-b3b0-30cf3536a085"} 
[2026-08-18 13:24:55] testing.INFO: payment.approved {"audit_id":"01m09x0236tbkxgedwj2dmc2kz","actor_id":"01m09x01wsz2bny6qjr8pd45cn","target":"Payment:01m09x01wt0cyxmfymsyx4y6x3","request_id":"ad2aca1b-99e9-4662-9df5-5e0d5398264e"} 
[2026-08-18 13:24:56] testing.INFO: attempt.started {"audit_id":"01m09x028fr0epcegwgctbwn1x","actor_id":"01m09x027y29wdhfwftwap0qgn","target":"TestAttempt:01m09x028dggtswzd5w08tqzp0","request_id":"d27c565a-545c-4c1a-8814-1bf8e2453008"} 
[2026-08-18 13:24:56] testing.INFO: attempt.started {"audit_id":"01m09x028sj42f3bwsnam54z8s","actor_id":"01m09x027y29wdhfwftwap0qgn","target":"TestAttempt:01m09x028dggtswzd5w08tqzp0","request_id":"2a59edcf-c8a9-429c-baea-960cd8b29e69"} 
[2026-08-18 13:24:56] testing.INFO: attempt.started {"audit_id":"01m09x02cb0y6cq2x9tszw5yt2","actor_id":"01m09x02byp74nh47erzrdm647","target":"TestAttempt:01m09x02cadjzm41qgh9fwg1jx","request_id":"0f17de87-3d5f-4896-a194-d2aae6594f4a"} 
[2026-08-18 13:24:56] testing.INFO: attempt.started {"audit_id":"01m09x02fzfe1xvawa596eckbk","actor_id":"01m09x02fhjgz7sd1w31x3ydzn","target":"TestAttempt:01m09x02fyfep8j1152z4yz7jf","request_id":"2db0b0e7-7d6c-43a7-a801-220feecf8d56"} 
[2026-08-18 13:24:56] testing.INFO: attempt.submitted {"audit_id":"01m09x02gf5djmxe6h4fj4d3vz","actor_id":"01m09x02fhjgz7sd1w31x3ydzn","target":"TestAttempt:01m09x02fyfep8j1152z4yz7jf","request_id":"f67d1e34-024f-40a6-acbc-16b098c78bb7"} 
[2026-08-18 13:24:56] testing.INFO: attempt.started {"audit_id":"01m09x02mhyhs9vnzw689aejhn","actor_id":"01m09x02m32yk7b2tzxfn8evwr","target":"TestAttempt:01m09x02mgfd1g2jjxs55axxe2","request_id":"860b19f0-5de8-4627-9c30-2dd51a085d6e"} 
[2026-08-18 13:24:56] testing.INFO: recording.deleted {"audit_id":"01m09x034cekbhfx38w3wzdsqd","actor_id":"01m09x033weyvsaasy80qyv166","target":"Recording:01m09x033yqg0a6vbzb9nj3vza","request_id":"4d654892-2826-40d1-a99f-8f685c87366d"} 
[2026-08-18 13:24:57] testing.INFO: settings.updated {"audit_id":"01m09x03c3q09c0jrvwjw0hj9b","actor_id":"01m09x03bpcg6dc5d4mhxdahc8","target":":","request_id":"c3eef568-fa71-45c2-ad73-252f47c2ca52"} 
[2026-08-18 13:24:57] testing.INFO: settings.updated {"audit_id":"01m09x03jw05x4jf5n3dks4sz7","actor_id":"01m09x03jf7yn8zxqb6g0kqakm","target":":","request_id":"715ba57c-9161-4e66-8363-d4e963267743"} 
[2026-08-18 13:24:57] testing.INFO: settings.updated {"audit_id":"01m09x03phwfyrgs1qqvrmepzq","actor_id":"01m09x03p6xwke95ce434kccjx","target":":","request_id":"da03d7c5-cae5-4728-a5fe-73a04b8a2c65"} 
[2026-08-18 13:24:57] testing.INFO: settings.payment_method_qr_updated {"audit_id":"01m09x03t4mssph4a6w1rd2azp","actor_id":"01m09x03sqy4v72h5haag2fdpg","target":"PaymentMethod:01m09x03skywzq8zwep4t2sfkw","request_id":"70af4616-2801-478b-b51e-c206f048328a"} 
[2026-08-18 13:24:57] testing.INFO: settings.payment_method_qr_removed {"audit_id":"01m09x03tc8yw31nm8bypn61j8","actor_id":"01m09x03sqy4v72h5haag2fdpg","target":"PaymentMethod:01m09x03skywzq8zwep4t2sfkw","request_id":"985c34bc-e42a-445e-95c6-06815fc8cdf1"} 
[2026-08-18 13:24:57] testing.INFO: enrollment_request.rejected {"audit_id":"01m09x043cy6j2v73b7fcm3bsk","actor_id":"01m09x042sgjy00bvsxxf2wm24","target":"EnrollmentRequest:01m09x042wcbv4gktqg33hpnkp","request_id":"ae13c76a-9f88-4762-b631-98aaa510fab3"} 
[2026-08-18 13:24:58] testing.INFO: enrollment_request.approved {"audit_id":"01m09x047ax0mzv91awerwaxnq","actor_id":"01m09x046sjscgznv9qnga8kwd","target":"EnrollmentRequest:01m09x046v5xmv2t76r2w1vteg","request_id":"56fe751f-2328-4a39-94f0-291a7f5e0436"} 
[2026-08-18 13:24:59] testing.INFO: user.updated {"audit_id":"01m09x05xjtwhyzswp51wmfrdq","actor_id":"01m09x05x5xvjzzf2epnhz5z55","target":"User:01m09x05x858pgqd8mhccs5dd2","request_id":"dc1c7fb0-b2d5-4612-bc3d-f84d2f499b6e"} 
[2026-08-18 13:25:00] testing.INFO: user.suspend {"audit_id":"01m09x065e4ka7a76tjwh679j6","actor_id":"01m09x064jcbf9vxyqr2pgpyqr","target":"User:01m09x064qz3beyewpyk6xfk3a","request_id":"6ff5dcf3-7585-4058-abce-0e08423970ac"} 
[2026-08-18 13:25:00] testing.INFO: auth.logged_in {"audit_id":"01m09x06cw5m5wdwhjkt25g34p","actor_id":"01m09x06cfqycg7ed9t1vk3pfx","target":"User:01m09x06cfqycg7ed9t1vk3pfx","request_id":"93a30515-2e6e-4c3c-8bca-c109b498ca95"} 
[2026-08-18 13:25:00] testing.INFO: auth.logged_out {"audit_id":"01m09x06d4bgcmwtdwh1bt1nfh","actor_id":"01m09x06cfqycg7ed9t1vk3pfx","target":"User:01m09x06cfqycg7ed9t1vk3pfx","request_id":"4a2efbc4-0ee4-4b6b-b9c2-56c7b5b6678b"} 
[2026-08-18 13:25:00] testing.INFO: auth.logged_in {"audit_id":"01m09x06dafrgs2945sfhz9c0x","actor_id":"01m09x06cfqycg7ed9t1vk3pfx","target":"User:01m09x06cfqycg7ed9t1vk3pfx","request_id":"24cd5ff2-a500-4950-8599-1d6ac7abadfd"} 
[2026-08-18 13:25:00] testing.INFO: user.devices_reset {"audit_id":"01m09x06gt1e3twn05n551v6qy","actor_id":"01m09x06gcgc6k079awerq9rvr","target":"User:01m09x06gejz5tcvpga4c957qv","request_id":"3207e5b3-41f3-4701-8b9a-d94ad69d876a"} 
[2026-08-18 13:25:00] testing.INFO: auth.logged_in {"audit_id":"01m09x06m33d1hc45bnddave3p","actor_id":"01m09x06kvyk7wda28hqcc77pn","target":"User:01m09x06kvyk7wda28hqcc77pn","request_id":"82deeffb-746f-4f1c-818e-71a476961e1d"} 
[2026-08-18 13:25:00] testing.INFO: account.profile_updated {"audit_id":"01m09x06vd52t5sbmy6w1kc7fb","actor_id":"01m09x06v4v5ek54tmm5wk3e9v","target":"User:01m09x06v4v5ek54tmm5wk3e9v","request_id":"bbb742a9-1024-4511-b373-2c90156ceb25"} 
[2026-08-18 13:25:00] testing.INFO: auth.account_locked {"audit_id":"01m09x06zgfj54yza0rsgzx8ye","actor_id":"01m09x06yp8d5x5ze32h1vtfxd","target":"User:01m09x06yp8d5x5ze32h1vtfxd","request_id":"c3edbe1f-a183-4401-b99c-5f902d80aa50"} 
[2026-08-18 13:25:00] testing.INFO: auth.logged_in {"audit_id":"01m09x0734hg05x3fgts3z4zk5","actor_id":"01m09x072wv8dc0eamk8f1ps9m","target":"User:01m09x072wv8dc0eamk8f1ps9m","request_id":"77181238-2257-4ec3-b25f-0b5d26a9773a"} 
[2026-08-18 13:25:01] testing.INFO: auth.logged_out {"audit_id":"01m09x073cpxnhhenwyje6dd7m","actor_id":"01m09x072wv8dc0eamk8f1ps9m","target":"User:01m09x072wv8dc0eamk8f1ps9m","request_id":"2d933f6a-7cd9-401b-8701-f0a857bebe57"} 
[2026-08-18 13:25:01] testing.INFO: auth.logged_in {"audit_id":"01m09x073jj25jkpdqz0xv8q49","actor_id":"01m09x072wv8dc0eamk8f1ps9m","target":"User:01m09x072wv8dc0eamk8f1ps9m","request_id":"56be4eb4-24f2-4657-a7c4-09acfc6d51d2"} 
[2026-08-18 13:25:01] testing.INFO: auth.password_changed {"audit_id":"01m09x077q5qp8h4ga6hzfvw1r","actor_id":"01m09x0774bmr610phj1ey8w26","target":"User:01m09x0774bmr610phj1ey8w26","request_id":"3eaee3d3-41fa-4055-b6dc-30239b09ac05"} 
[2026-08-18 13:25:01] testing.INFO: settings.updated {"audit_id":"01m09x07erv7c8zqqbz0439xgj","actor_id":"01m09x07ec900phtyt0ejqbrd5","target":":","request_id":"5189b61e-7809-44eb-867a-bc9734790751"} 
[2026-08-18 13:25:01] testing.INFO: settings.updated {"audit_id":"01m09x07jwsa2bkp4qgtgbk734","actor_id":"01m09x07jg6bkcc5zzzja6ecp2","target":":","request_id":"c9bedae3-b79b-4a7d-b571-4fe5166b57a7"} 
[2026-08-18 13:25:01] testing.INFO: settings.updated {"audit_id":"01m09x07k5qm2q07qk5vm8jcvd","actor_id":"01m09x07jg6bkcc5zzzja6ecp2","target":":","request_id":"83b9b61e-363d-4fa7-9ed5-f1e952b33ea7"} 
[2026-08-18 13:25:02] testing.INFO: faq.created {"audit_id":"01m09x08aj8acm2cdvvwh11541","actor_id":"01m09x08a5y0pj7ysh84p7vj8z","target":"Faq:01m09x08ah128ypnpwf012k2z8","request_id":"f1956401-bf23-450b-8913-323d7b96080a"} 
[2026-08-18 13:25:02] testing.INFO: faq.updated {"audit_id":"01m09x08awa9d5mxksr8yfhtyc","actor_id":"01m09x08a5y0pj7ysh84p7vj8z","target":"Faq:01m09x08ah128ypnpwf012k2z8","request_id":"7875a9a3-74a7-4e1e-be05-028cd9136a7d"} 
[2026-08-18 13:25:02] testing.INFO: faq.deleted {"audit_id":"01m09x08b5g6kn09qaf45mbpf8","actor_id":"01m09x08a5y0pj7ysh84p7vj8z","target":"Faq:01m09x08ah128ypnpwf012k2z8","request_id":"c843b137-e0ba-4bc5-be93-b123c010dc52"} 
[2026-08-18 13:41:56] local.INFO: auth.logged_in {"audit_id":"01m09xz75b458hq3g80k8smk5h","actor_id":"01m09q7v3xq02bgadbj9an0w3q","target":"User:01m09q7v3xq02bgadbj9an0w3q","request_id":"acb94c89-e032-4040-83b0-e8b918f87ae1"} 
[2026-08-18 13:42:02] testing.INFO: payment.approved {"audit_id":"01m09xzc7wns3dhh83hd308d0q","actor_id":"01m09xzbrh7nze1jjtk031ndxr","target":"Payment:01m09xzbrn5m8hky3jvtkg44qt","request_id":"aa50dff4-429b-4e4b-b93c-2b1ac3483045"} 
[2026-08-18 13:42:02] testing.INFO: payment.approved {"audit_id":"01m09xzcmkess1qce7dzrrenep","actor_id":"01m09xzcddt8fa8zmbzszjrp6j","target":"Payment:01m09xzcdes3rs33h78jayvx0k","request_id":"9f310cfc-cbc6-462d-890f-2e610d84fa17"} 
[2026-08-18 13:42:03] testing.INFO: payment.approved {"audit_id":"01m09xzd534w90f6qc2rrx98zx","actor_id":"01m09xzcyfkxc4yk7m63j667dg","target":"Payment:01m09xzcyhyv5tbnmed06x7b50","request_id":"9e96060e-589f-40f8-a3c9-b2958672ffbc"} 
[2026-08-18 13:42:03] testing.INFO: payment.rejected {"audit_id":"01m09xzd9a5mhkjgj2vrx5z4h3","actor_id":"01m09xzd8pj4m5ffqh4cgjmdt5","target":"Payment:01m09xzd8sabrsnarjm9ey41v4","request_id":"7721ad8e-5adc-40c4-9a8e-2509e670939c"} 
[2026-08-18 13:42:03] testing.INFO: refund.recorded {"audit_id":"01m09xzdp2b72xy3dfh32rfym2","actor_id":"01m09xzdnc2406zr5zqdpyjzj4","target":"Refund:01m09xzdp0zvg6b909a3ykwn5s","request_id":"b1d03021-a78d-4ebe-8ff6-a970adbd185f"} 
[2026-08-18 13:42:03] testing.INFO: refund.processed {"audit_id":"01m09xzdpnzt2ewcwndq1h8xdx","actor_id":"01m09xzdnffccrq0rrfz7eagpv","target":"Refund:01m09xzdp0zvg6b909a3ykwn5s","request_id":"db9a1622-1b33-44ea-b119-7b48bbc9c894"} 
[2026-08-18 13:42:12] local.INFO: payment.approved {"audit_id":"01m09xzpcff4jgdahdxdsgp1pg","actor_id":"01m09xzncg9y161hchhee5s22g","target":"Payment:01m09xzp2jvr1w1tbqd8w3xtwk","request_id":"4536f000-b3f3-449e-a707-263690dc0bda"} 
[2026-08-18 13:42:41] local.INFO: enrollment.free_self_service {"audit_id":"01m09y0j8mdnhvaj0eeajytfwa","actor_id":"01m09q7v3xq02bgadbj9an0w3q","target":"Enrollment:01m09y0j8aq5mjkpszxmdpgbqq","request_id":"e3f92e22-ddb6-4c28-809a-fdc1fdebb4b0"} 
[2026-08-18 13:43:32] local.INFO: payment.submitted {"audit_id":"01m09y24d3b1rbnznd4mr3vkz1","actor_id":"01m09q7v3xq02bgadbj9an0w3q","target":"Payment:01m09y24czrt5azxw1t7txdsmh","request_id":"b4264637-49e8-41ce-bc44-0d1a1af7c21e"} 
[2026-08-18 13:43:48] local.INFO: auth.logged_in {"audit_id":"01m09y2mc9kpcsnymd8xf7d9qf","actor_id":"01m09q7twwana37bsa40edjnt8","target":"User:01m09q7twwana37bsa40edjnt8","request_id":"5b6804df-ce59-4a45-8757-7aa7f456ebd5"} 
[2026-08-18 13:43:56] local.INFO: payment.approved {"audit_id":"01m09y2vr90106sg66hwg991jp","actor_id":"01m09q7tew3njjzstq74javh4k","target":"Payment:01m09y24czrt5azxw1t7txdsmh","request_id":"b5fa9cdd-90d9-4730-bce9-969eab7fb40f"} 
[2026-08-18 13:47:44] local.INFO: attempt.started {"audit_id":"01m09y9tdwxqs5madtxt48tw4f","actor_id":"01m09q7v3xq02bgadbj9an0w3q","target":"TestAttempt:01m09y9tdkfazt3b6d0j4nyjq4","request_id":"afc7ebe3-b6fd-4c5a-a349-3e06792a2e3f"} 
[2026-08-18 13:47:57] local.INFO: attempt.submitted {"audit_id":"01m09ya6w1kk6093dyew4qyczb","actor_id":"01m09q7v3xq02bgadbj9an0w3q","target":"TestAttempt:01m09y9tdkfazt3b6d0j4nyjq4","request_id":"c92124a4-15e5-4192-a939-40aa4f55dd15"} 
[2026-08-18 13:51:11] local.INFO: class.joined {"audit_id":"01m09yg4dg0y6smkw9hcrac12r","actor_id":"01m09q7v3xq02bgadbj9an0w3q","target":"ClassSession:01m09xznj0bv8s768p02reryy2","request_id":"d037945b-c7a8-433c-b236-e14b8d9139ba"} 
[2026-08-18 15:44:03] testing.INFO: user.suspend {"audit_id":"01m0a4ystkrb4x1cjcgtje6nvc","actor_id":"01m0a4ysradnwx3g09gdn93m9f","target":"User:01m0a4ysrek6wc4y2q4f040rfw","request_id":"fe934229-2f8f-4edb-8bd8-36a009ed7f61"} 
[2026-08-18 15:44:04] testing.INFO: user.archived {"audit_id":"01m0a4ytmjbk9p59jkxy7h2p2p","actor_id":"01m0a4ytjrh61ke8p3drd246p7","target":"User:01m0a4ytjyapsrgnnzx0gs992t","request_id":"e35e58e9-3c89-4bdc-8bef-76f11fd09287"} 
[2026-08-18 15:44:04] testing.INFO: user.archived {"audit_id":"01m0a4ytqxczt0cmcskqkk6n4z","actor_id":"01m0a4ytqr08z00904t5aqpyz2","target":"User:01m0a4ytqejh2v0p25ryjmrstx","request_id":"dc85338a-a952-499c-8233-728da950f4d6"} 
[2026-08-18 15:44:04] testing.INFO: user.updated {"audit_id":"01m0a4ytvqdtatrfr1jsw5fg67","actor_id":"01m0a4yttnwj3dd0c8963fgdce","target":"User:01m0a4yttq3tg7p55xxekm60te","request_id":"59d3a8c0-d335-4696-978a-b48d5333410f"} 
[2026-08-18 15:44:11] testing.INFO: settings.updated {"audit_id":"01m0a4z1vnwn7n8mt838xfgsg9","actor_id":"01m0a4z1s8w6krrshrhtse8c51","target":":","request_id":"b2509e66-cb07-43b6-98b5-4c6488ab0b31"} 
[2026-08-18 15:44:11] testing.INFO: settings.updated {"audit_id":"01m0a4z22w84fnekkwn508fs5m","actor_id":"01m0a4z22mpf599rr8k821ynt0","target":":","request_id":"8426441c-ac55-4719-8df9-4ddcd57ac739"} 
[2026-08-18 15:44:12] testing.INFO: settings.payment_method_qr_updated {"audit_id":"01m0a4z36zcar3jzq1m6hsyrkn","actor_id":"01m0a4z2w8atjcdnw6ap78rqqy","target":"PaymentMethod:01m0a4z28ggkazf8c3am3db5fb","request_id":"5bf81629-4a83-4b87-bf92-d1fe941ea7a8"} 
[2026-08-18 15:44:13] testing.INFO: settings.payment_method_qr_removed {"audit_id":"01m0a4z3bbn78n4kekqy1ekdt0","actor_id":"01m0a4z2w8atjcdnw6ap78rqqy","target":"PaymentMethod:01m0a4z28ggkazf8c3am3db5fb","request_id":"acc19cba-7590-4710-8252-5affdea8ce92"} 
[2026-08-18 15:44:13] testing.INFO: settings.updated {"audit_id":"01m0a4z3htp6jr9grywe4bnk5s","actor_id":"01m0a4z3hgm9npxz48k82xhcc4","target":":","request_id":"73df7770-283f-4f05-bb48-db3c17196494"} 
[2026-08-18 15:44:13] testing.INFO: faq.created {"audit_id":"01m0a4z3nb1da2jwjp6q0509bh","actor_id":"01m0a4z3mzgw7f71x3qgydx3ac","target":"Faq:01m0a4z3n95ffbh3r2e7h9bmhc","request_id":"366a85c8-116f-420d-aed7-c17e808e39cc"} 
[2026-08-18 15:44:13] testing.INFO: faq.updated {"audit_id":"01m0a4z3njsm1fg51vvpvve6he","actor_id":"01m0a4z3mzgw7f71x3qgydx3ac","target":"Faq:01m0a4z3n95ffbh3r2e7h9bmhc","request_id":"dca18cc5-766a-420e-b89e-9f06c5b1d6ed"} 
[2026-08-18 15:44:13] testing.INFO: faq.deleted {"audit_id":"01m0a4z3nveh6s823f1hfceqtc","actor_id":"01m0a4z3mzgw7f71x3qgydx3ac","target":"Faq:01m0a4z3n95ffbh3r2e7h9bmhc","request_id":"524a4ede-dd38-4c9b-8a7c-a19bb6ed0e18"} 
[2026-08-18 15:44:13] testing.INFO: attempt.started {"audit_id":"01m0a4z3z7x1d88j5v9vr73ke4","actor_id":"01m0a4z3yq34cccs9mbczdaq08","target":"TestAttempt:01m0a4z3z6gy33nz0q5gmzdg4m","request_id":"31d3709c-c64e-44b2-8d60-ac90d675e8e3"} 
[2026-08-18 15:44:13] testing.INFO: attempt.started {"audit_id":"01m0a4z46sw2qkw5pk5jmykrn6","actor_id":"01m0a4z46d05atethqv0v10s88","target":"TestAttempt:01m0a4z46rcnv5bcab3r1knk6n","request_id":"478c030d-f5d8-454c-9d2b-eae5a69ab0bf"} 
[2026-08-18 15:44:13] testing.INFO: attempt.started {"audit_id":"01m0a4z471440vdx0src9mfcbw","actor_id":"01m0a4z46d05atethqv0v10s88","target":"TestAttempt:01m0a4z46rcnv5bcab3r1knk6n","request_id":"ef79b912-cd97-40e2-8266-87699461ea4c"} 
[2026-08-18 15:44:13] testing.INFO: attempt.started {"audit_id":"01m0a4z4a97d9t0d20aj6jecjd","actor_id":"01m0a4z49x4jc5fn3s1f3ngs5r","target":"TestAttempt:01m0a4z4a80cvrgfzpsz4a5hnw","request_id":"0452da22-d15f-4ece-82c2-ec6edd76429b"} 
[2026-08-18 15:44:14] testing.INFO: attempt.started {"audit_id":"01m0a4z4g848vcw8mffv7esnwj","actor_id":"01m0a4z4fjfsb4z4rg5qeqz4vs","target":"TestAttempt:01m0a4z4g7wyqqbeeq4999bmc5","request_id":"82d145bc-679f-4f4e-8b23-38dcb26608c3"} 
[2026-08-18 15:44:14] testing.INFO: attempt.submitted {"audit_id":"01m0a4z4grkgqk6jhchb2v704r","actor_id":"01m0a4z4fjfsb4z4rg5qeqz4vs","target":"TestAttempt:01m0a4z4g7wyqqbeeq4999bmc5","request_id":"e5a2ebc7-d09f-42b5-8033-0d1c1f2b4b0d"} 
[2026-08-18 15:44:14] testing.INFO: auth.logged_in {"audit_id":"01m0a4z4xvrqh2q9mvdeahk3n8","actor_id":"01m0a4z4q1qq2n8n41ks39c312","target":"User:01m0a4z4q1qq2n8n41ks39c312","request_id":"7c8c8c65-594e-4593-893f-6b05e99ea9ad"} 
[2026-08-18 15:44:14] testing.INFO: auth.logged_out {"audit_id":"01m0a4z50fv5q754xa6z2cg2pb","actor_id":"01m0a4z4q1qq2n8n41ks39c312","target":"User:01m0a4z4q1qq2n8n41ks39c312","request_id":"2d54b0e0-9f08-4459-b004-4699048fd986"} 
[2026-08-18 15:44:14] testing.INFO: auth.logged_in {"audit_id":"01m0a4z50mqs86rd47y3t2ehw3","actor_id":"01m0a4z4q1qq2n8n41ks39c312","target":"User:01m0a4z4q1qq2n8n41ks39c312","request_id":"14a9c8f5-4f88-4dcf-a390-dfbf9c456522"} 
[2026-08-18 15:44:14] testing.INFO: auth.account_locked {"audit_id":"01m0a4z58pa8s707nqwjn1zmt9","actor_id":"01m0a4z580efga6csrdenerwb3","target":"User:01m0a4z580efga6csrdenerwb3","request_id":"61e4d620-8350-4292-aec9-ef60b4db8443"} 
[2026-08-18 15:44:15] testing.INFO: auth.password_changed {"audit_id":"01m0a4z5fny92ahynx2vnq07qm","actor_id":"01m0a4z5c0baa4pc1qrw26fbsw","target":"User:01m0a4z5c0baa4pc1qrw26fbsw","request_id":"53ae77ba-c370-45b4-833b-0333f43453c7"} 
[2026-08-18 15:44:15] testing.INFO: account.profile_updated {"audit_id":"01m0a4z5jpcawd00820yarrfd4","actor_id":"01m0a4z5jefqjbwp0q6w5fdry3","target":"User:01m0a4z5jefqjbwp0q6w5fdry3","request_id":"9affe0c9-e184-473b-bc30-be6bc1143eca"} 
[2026-08-18 15:44:15] testing.INFO: auth.logged_in {"audit_id":"01m0a4z5tzep6cgyk6t9xzqc8f","actor_id":"01m0a4z5tp3qgcvxzwaagefs37","target":"User:01m0a4z5tp3qgcvxzwaagefs37","request_id":"179950c1-bd9c-4b1d-bc2c-1c5a2bcc553f"} 
[2026-08-18 15:44:15] testing.INFO: auth.logged_out {"audit_id":"01m0a4z5v5amx2zn4v4339nkdy","actor_id":"01m0a4z5tp3qgcvxzwaagefs37","target":"User:01m0a4z5tp3qgcvxzwaagefs37","request_id":"61bfef3b-1379-495b-b698-07029ea3bdc8"} 
[2026-08-18 15:44:15] testing.INFO: auth.logged_in {"audit_id":"01m0a4z5vbgzq41d2y7y5cjqxb","actor_id":"01m0a4z5tp3qgcvxzwaagefs37","target":"User:01m0a4z5tp3qgcvxzwaagefs37","request_id":"3a6f912d-7c7c-434e-a02f-9ad8aa687b88"} 
[2026-08-18 15:44:15] testing.INFO: auth.logged_in {"audit_id":"01m0a4z5ycm17a30w2drcmb98j","actor_id":"01m0a4z5y5yr37y4t7mjc38e6m","target":"User:01m0a4z5y5yr37y4t7mjc38e6m","request_id":"d9d2675f-2b60-41dd-864c-297a0a1e2dc4"} 
[2026-08-18 15:44:15] testing.INFO: user.devices_reset {"audit_id":"01m0a4z61nt0hw7cp3yhs6r7vd","actor_id":"01m0a4z61701wxztw7v5zf7ghn","target":"User:01m0a4z6196mcksa9zq1yszx1v","request_id":"a459cdf3-4453-4721-8643-eefa469346c5"} 
[2026-08-18 15:44:16] testing.INFO: enrollment_request.approved {"audit_id":"01m0a4z6f5vxrwtjwn9r3p9gmw","actor_id":"01m0a4z64pewm37fdbehyz13p0","target":"EnrollmentRequest:01m0a4z64rhkn5xtmvdwabyg9m","request_id":"ee0bcefa-1b09-4597-b6dc-aea2944c6386"} 
[2026-08-18 15:44:16] testing.INFO: enrollment_request.rejected {"audit_id":"01m0a4z6jdzxdjdk0bh5majnqm","actor_id":"01m0a4z6j2d80t533m38eeh5ep","target":"EnrollmentRequest:01m0a4z6j301r2316d9x0xwcv4","request_id":"d1753bea-5268-4281-8839-c32539aa91cb"} 
[2026-08-18 15:44:16] testing.INFO: settings.updated {"audit_id":"01m0a4z6ynz45m37a61jjgnt8p","actor_id":"01m0a4z6ycc2g7dtps72hd47p0","target":":","request_id":"539cbf10-a2a2-482b-8c50-aa94ee593f05"} 
[2026-08-18 15:44:16] testing.INFO: settings.updated {"audit_id":"01m0a4z71qbn3kvaf1nmwm2e4f","actor_id":"01m0a4z71eyq0qw8nb4829md48","target":":","request_id":"325b1076-ec4c-4a92-b6de-49a60f134a6d"} 
[2026-08-18 15:44:16] testing.INFO: settings.updated {"audit_id":"01m0a4z71yczsf2ppxnsncq21p","actor_id":"01m0a4z71eyq0qw8nb4829md48","target":":","request_id":"90c19ad4-c035-4c1a-a9f9-c4fd89d8197c"} 
[2026-08-18 15:44:20] testing.INFO: payment.approved {"audit_id":"01m0a4zay3mzajnw3j6gtfsz05","actor_id":"01m0a4z7gm99s2vbxhx8yb7t07","target":"Payment:01m0a4z7gn4pm43w5wv8xh0d5f","request_id":"3fb9e6d6-3589-453f-b484-191f7d7f795f"} 
[2026-08-18 15:44:21] testing.INFO: payment.approved {"audit_id":"01m0a4zb6tvf8ty2z56tsefh41","actor_id":"01m0a4zb113c2g0md82347s0x9","target":"Payment:01m0a4zb12nyw7w8jzght94495","request_id":"b1f8678e-e026-4418-ac4b-7fe1a20b656c"} 
[2026-08-18 15:44:21] testing.INFO: payment.approved {"audit_id":"01m0a4zbtq21padhsjvznbdn8n","actor_id":"01m0a4zbn215zyxt8cr13sdvz0","target":"Payment:01m0a4zbn3eym9zhjfq7z818h3","request_id":"e130f3db-6c25-4046-a94c-ac1ed31d3d99"} 
[2026-08-18 15:44:21] testing.INFO: payment.rejected {"audit_id":"01m0a4zc1rn3803sv83d0mz8z4","actor_id":"01m0a4zc19rh82vpdcr0s1z02p","target":"Payment:01m0a4zc1bnjgf8026whhkwk9n","request_id":"73a67418-d6b5-4e26-930d-0a4157ceb9c4"} 
[2026-08-18 15:44:22] testing.INFO: refund.recorded {"audit_id":"01m0a4zcbvpm2xpkcgy26zpv46","actor_id":"01m0a4zcbbc09mjm1m05bmcqw0","target":"Refund:01m0a4zcbt3pq2v2ssn758q2te","request_id":"eeb6dfce-da80-436c-b551-49c006aac919"} 
[2026-08-18 15:44:22] testing.INFO: refund.processed {"audit_id":"01m0a4zccavgch5rf9n27phsva","actor_id":"01m0a4zcbd48pzqmxskv6m9jk2","target":"Refund:01m0a4zcbt3pq2v2ssn758q2te","request_id":"be012e42-ee2d-4ac4-8811-480730aada2c"} 
[2026-08-18 15:44:23] testing.INFO: user.suspend {"audit_id":"01m0a4zdv34mbe5yj0jhcqecyb","actor_id":"01m0a4zdtdvn18s862a99cvdzd","target":"User:01m0a4zdthkhtf9y053kmd609e","request_id":"fe1f2e8a-c397-41b5-8aaf-28b9dcebbe43"} 
[2026-08-18 15:44:23] testing.INFO: user.archived {"audit_id":"01m0a4zdys0y1xnh2cbcztpzpw","actor_id":"01m0a4zdxx3j0gx0bezbzd105b","target":"User:01m0a4zdy3npb7gahphhtn8e9f","request_id":"b02606e3-d1d1-4c9a-a2fb-6ab77d45a278"} 
[2026-08-18 15:44:23] testing.INFO: user.archived {"audit_id":"01m0a4ze1z9ght72yh7098wk3y","actor_id":"01m0a4ze1sg63pt8nh10k1zcs0","target":"User:01m0a4ze1gn4aa0ttnqpcd7hy2","request_id":"57977a51-fec2-475b-aad2-1058665a714e"} 
[2026-08-18 15:44:24] testing.INFO: user.updated {"audit_id":"01m0a4ze4zgqn612n56373z5db","actor_id":"01m0a4ze4nyr9wrdp4xkdwc04t","target":"User:01m0a4ze4q06mesyq6mftkjyf9","request_id":"83cd873d-8d30-4873-8f55-bfbaad3b6ff2"} 
[2026-08-18 15:44:25] testing.INFO: recording.deleted {"audit_id":"01m0a4zf4pd6v8m7d0xwps8f02","actor_id":"01m0a4zf46237wx9jsckj2p891","target":"Recording:01m0a4zf48xv5hh8ta4f6pc3tz","request_id":"347bd6de-787c-4a49-a590-131495eda0e7"} 
[2026-08-18 15:44:31] testing.INFO: refund.recorded {"audit_id":"01m0a4znhkzqthqj7pm50z1hx7","actor_id":"01m0a4zng135q0p8n1x09e9f11","target":"Refund:01m0a4znhj9sk0y74kbpkcv07y","request_id":"24ccf66c-fbad-46f4-a370-69694d38fee9"} 
[2026-08-18 15:44:31] testing.INFO: refund.processed {"audit_id":"01m0a4znjtgbk1qh9m0qcb7dhm","actor_id":"01m0a4zng3mj6a7v6sh93s792e","target":"Refund:01m0a4znhj9sk0y74kbpkcv07y","request_id":"3fdcd394-d37f-492d-a4c6-7702ff25f94e"} 
[2026-08-18 15:44:32] testing.INFO: payment.approved {"audit_id":"01m0a4zp44qvsmch1nyf6s227q","actor_id":"01m0a4znwp0x9w21x88hzyt5nc","target":"Payment:01m0a4znwqabx0r0gq2xp1pbez","request_id":"2838fd06-2a7e-4a68-a99f-4b43bb36d5ca"} 
[2026-08-18 15:44:32] testing.INFO: payment.approved {"audit_id":"01m0a4zpcragwhz89d35zgvbx8","actor_id":"01m0a4zp6z0qrwrbmspah6mftg","target":"Payment:01m0a4zp71fdf14vt2abte18b8","request_id":"5c7eb0de-44d8-4db1-8d47-30c802d39bcf"} 
[2026-08-18 15:44:32] testing.INFO: payment.rejected {"audit_id":"01m0a4zpg286kstmr8kxsj6anj","actor_id":"01m0a4zpfp4jpkskcmwszwbpf2","target":"Payment:01m0a4zpfqmac1wbcwv86nyqcf","request_id":"a74fb305-a6d4-4b69-8118-99fe00beb198"} 
[2026-08-18 15:44:32] testing.INFO: payment.approved {"audit_id":"01m0a4zpvvsp9ny662zyknj5na","actor_id":"01m0a4zpnty94sh6qee8zptj7a","target":"Payment:01m0a4zpnwm3netg1g87fmgd8w","request_id":"4c1ffb1d-ca73-4973-806c-39ff7abb39f0"} 
[2026-08-18 15:44:33] testing.INFO: attempt.started {"audit_id":"01m0a4zqhy42192bhdbjr45xkk","actor_id":"01m0a4zqhbabkw24bq4qwdchtr","target":"TestAttempt:01m0a4zqhxjp3m9p1r5xyfpfkr","request_id":"70dd4fbd-1345-4420-9a21-b1730f9024fd"} 
[2026-08-18 15:44:33] testing.INFO: attempt.started {"audit_id":"01m0a4zqj8kw7s646ft1me274w","actor_id":"01m0a4zqhbabkw24bq4qwdchtr","target":"TestAttempt:01m0a4zqhxjp3m9p1r5xyfpfkr","request_id":"d3f2ecc3-ca60-40ea-99d9-c9fbd7facd4d"} 
[2026-08-18 15:44:33] testing.INFO: attempt.started {"audit_id":"01m0a4zqnav035y9qjrnkc924w","actor_id":"01m0a4zqmyvdmfwy32t3mkf834","target":"TestAttempt:01m0a4zqn9qfk4fpem4g9bt2qt","request_id":"7dde92e3-6352-4d77-9a07-8f8eb860bf2d"} 
[2026-08-18 15:44:33] testing.INFO: attempt.started {"audit_id":"01m0a4zqrbywzgrcvpr6gzj2xa","actor_id":"01m0a4zqr0zb5v1jf8b34pkaqh","target":"TestAttempt:01m0a4zqra16htzvcxy5ft9zgz","request_id":"26e0634e-0741-458c-9b82-d80552f93573"} 
[2026-08-18 15:44:34] testing.INFO: attempt.started {"audit_id":"01m0a4zr2f9sw59w7whrv3z8yx","actor_id":"01m0a4zr235nfq5zngpg18msj7","target":"TestAttempt:01m0a4zr2ezwnk1195c0rbrcws","request_id":"fccebcad-554c-4233-a0e0-46ad7c940655"} 
[2026-08-18 15:44:34] testing.INFO: attempt.submitted {"audit_id":"01m0a4zr2y0hm9faprdw82kgdv","actor_id":"01m0a4zr235nfq5zngpg18msj7","target":"TestAttempt:01m0a4zr2ezwnk1195c0rbrcws","request_id":"51a193fa-2d88-4c35-ba91-af1c7e5ca00a"} 
[2026-08-18 15:44:34] testing.INFO: faq.created {"audit_id":"01m0a4zr69s7esm72p258h02ga","actor_id":"01m0a4zr5yd654vatta17j7kmc","target":"Faq:01m0a4zr68ttczc5e17jzvnx9g","request_id":"460deb64-821e-452e-847c-d16c9919db2a"} 
[2026-08-18 15:44:34] testing.INFO: faq.updated {"audit_id":"01m0a4zr6ga2f9p8q5ahmd3w1e","actor_id":"01m0a4zr5yd654vatta17j7kmc","target":"Faq:01m0a4zr68ttczc5e17jzvnx9g","request_id":"7836e7d7-eb38-4aaa-b8b3-051b8811beec"} 
[2026-08-18 15:44:34] testing.INFO: faq.deleted {"audit_id":"01m0a4zr6scsk12aw662ddrq7w","actor_id":"01m0a4zr5yd654vatta17j7kmc","target":"Faq:01m0a4zr68ttczc5e17jzvnx9g","request_id":"6a8b3c2d-aee8-4f66-aaf0-10e25ae729f4"} 
[2026-08-18 15:44:34] testing.INFO: account.profile_updated {"audit_id":"01m0a4zrfrkksztxtjfxzpn8dn","actor_id":"01m0a4zrfevn1fjbxhax8yy5ta","target":"User:01m0a4zrfevn1fjbxhax8yy5ta","request_id":"ff23a184-3f81-4843-9c68-f6e2a2be6057"} 
[2026-08-18 15:44:34] testing.INFO: auth.account_locked {"audit_id":"01m0a4zrp13asv72f1p3ma8j0b","actor_id":"01m0a4zrnbxdvhcergcb6c7439","target":"User:01m0a4zrnbxdvhcergcb6c7439","request_id":"2b7a2547-982a-497b-be20-55ebe53c7fa5"} 
[2026-08-18 15:44:34] testing.INFO: auth.password_changed {"audit_id":"01m0a4zrsawccgrq9gaaamg4j9","actor_id":"01m0a4zrrtamm3r6c6vetj2pv5","target":"User:01m0a4zrrtamm3r6c6vetj2pv5","request_id":"ff86b730-64cd-44cf-a7df-d6262dcf92af"} 
[2026-08-18 15:44:35] testing.INFO: auth.logged_in {"audit_id":"01m0a4zrw8vdbgp3kv87qv8c1p","actor_id":"01m0a4zrw1x6dg5cky6b2armqc","target":"User:01m0a4zrw1x6dg5cky6b2armqc","request_id":"ed6ce48c-888d-4950-bd46-be6f45dee60e"} 
[2026-08-18 15:44:35] testing.INFO: auth.logged_out {"audit_id":"01m0a4zrwf6gwnajxg559m9zr1","actor_id":"01m0a4zrw1x6dg5cky6b2armqc","target":"User:01m0a4zrw1x6dg5cky6b2armqc","request_id":"54882e44-9483-4e31-82a0-8a08ada06063"} 
[2026-08-18 15:44:35] testing.INFO: auth.logged_in {"audit_id":"01m0a4zrwmrsd8g3bkks47vvcf","actor_id":"01m0a4zrw1x6dg5cky6b2armqc","target":"User:01m0a4zrw1x6dg5cky6b2armqc","request_id":"124cb582-8b5b-4985-a790-6c5f9112c54a"} 
[2026-08-18 15:44:35] testing.INFO: recording.deleted {"audit_id":"01m0a4zs4b5pxxj8w0acaqr41b","actor_id":"01m0a4zs3w1cax9jthfm7h84c4","target":"Recording:01m0a4zs3y3c4wks0vk0w9s6mm","request_id":"d340600c-aa15-471f-bef5-2961b454f603"} 
[2026-08-18 15:44:35] testing.INFO: enrollment_request.approved {"audit_id":"01m0a4zsb47m54q1dv6tkxdd9d","actor_id":"01m0a4zsakae3d3s9x0h7s2pra","target":"EnrollmentRequest:01m0a4zsanykkfgr79z7cjtrzn","request_id":"9fc19abc-c909-46b7-8497-b7c3f18fddd4"} 
[2026-08-18 15:44:35] testing.INFO: enrollment_request.rejected {"audit_id":"01m0a4zse9w91sgjqntx1r3qa6","actor_id":"01m0a4zsdzgkb7t6tv0jhxph5r","target":"EnrollmentRequest:01m0a4zse01k1jfwzygdgfbgmc","request_id":"422f125f-7caa-4278-bdb8-bd798434c37c"} 
[2026-08-18 15:44:35] testing.INFO: auth.logged_in {"audit_id":"01m0a4zshed0ppfgenrs4pj6gd","actor_id":"01m0a4zsh7sfddzjw337gtrm31","target":"User:01m0a4zsh7sfddzjw337gtrm31","request_id":"86f428a0-0610-40a2-9f1b-3fcfa51555b7"} 
[2026-08-18 15:44:35] testing.INFO: user.devices_reset {"audit_id":"01m0a4zsmrerxcwenpdyqrk0zr","actor_id":"01m0a4zsmbpb54nhbwqts92wt0","target":"User:01m0a4zsmdadjv3fca88wfm4r3","request_id":"6a01de39-8b58-4ec8-92a2-9b05c8817bd4"} 
[2026-08-18 15:44:35] testing.INFO: auth.logged_in {"audit_id":"01m0a4zsr4pbprqztxd4kz5h0e","actor_id":"01m0a4zsqv6wrfgpaevptdrrmd","target":"User:01m0a4zsqv6wrfgpaevptdrrmd","request_id":"8e7071d2-e806-47e6-a804-7d01b1ce214f"} 
[2026-08-18 15:44:35] testing.INFO: auth.logged_out {"audit_id":"01m0a4zsrajypnt387v00dn72p","actor_id":"01m0a4zsqv6wrfgpaevptdrrmd","target":"User:01m0a4zsqv6wrfgpaevptdrrmd","request_id":"d331a146-915c-4840-ba3c-ba3c45cfb832"} 
[2026-08-18 15:44:35] testing.INFO: auth.logged_in {"audit_id":"01m0a4zsrg034909zn00yfnsg0","actor_id":"01m0a4zsqv6wrfgpaevptdrrmd","target":"User:01m0a4zsqv6wrfgpaevptdrrmd","request_id":"d9bcae9c-9053-4767-9e16-b7268a06c99b"} 
[2026-08-18 15:44:36] testing.INFO: user.suspend {"audit_id":"01m0a4zt04mm6pts85gerwhtb2","actor_id":"01m0a4zszaq3qds0hw7f54r95r","target":"User:01m0a4zszechct1za3ematw4rs","request_id":"238232df-0479-48f3-970e-3cebe06cc71b"} 
[2026-08-18 15:44:37] testing.INFO: user.updated {"audit_id":"01m0a4zv7j5zhwzcybz0n1p1de","actor_id":"01m0a4zv78ksdv7gx0ps4m748n","target":"User:01m0a4zv7a3bbh7yhcz3yd5e0b","request_id":"f714aa8a-2b0d-4691-a3b2-ef22c0f6d037"} 
[2026-08-18 15:44:37] testing.INFO: user.archived {"audit_id":"01m0a4zvmh4gegfkv7rk85w7de","actor_id":"01m0a4zvkmgeyq1rnekx1fe6j5","target":"User:01m0a4zvktybsw1c0rex3x559m","request_id":"5804daa8-804a-4934-b9b7-60a0e105b6de"} 
[2026-08-18 15:44:37] testing.INFO: user.archived {"audit_id":"01m0a4zvqsq86s33pn2w5gt7q5","actor_id":"01m0a4zvqj7xpnh6r8hprjp2wv","target":"User:01m0a4zvq89tcp128qv0msss76","request_id":"28be50fa-ed19-4666-8737-705d2d51539b"} 
[2026-08-18 15:44:38] testing.INFO: settings.updated {"audit_id":"01m0a4zvy6gxam6bsrrvw8dskd","actor_id":"01m0a4zvxxx0fft8rbk3ecspy9","target":":","request_id":"c20946be-a224-4614-ad86-cc69b98182f2"} 
[2026-08-18 15:44:38] testing.INFO: settings.payment_method_qr_updated {"audit_id":"01m0a4zw1keh13ny37egjmv1fm","actor_id":"01m0a4zw1030kebsxbskntr7hs","target":"PaymentMethod:01m0a4zw0wn1hcpbatc774a5y1","request_id":"21264ddc-66dd-46b5-884e-71f82de1e2bf"} 
[2026-08-18 15:44:38] testing.INFO: settings.payment_method_qr_removed {"audit_id":"01m0a4zw1tpmme1px6vxnxrb69","actor_id":"01m0a4zw1030kebsxbskntr7hs","target":"PaymentMethod:01m0a4zw0wn1hcpbatc774a5y1","request_id":"7fcc8400-b909-49a2-b20a-41829a52e285"} 
[2026-08-18 15:44:38] testing.INFO: settings.updated {"audit_id":"01m0a4zw57bs8j8pfks2ygf9dy","actor_id":"01m0a4zw4xexh94sqmrz4279z3","target":":","request_id":"402704e1-7190-4355-805c-6f4d1a3c10e1"} 
[2026-08-18 15:44:38] testing.INFO: settings.updated {"audit_id":"01m0a4zwf3k33jd1a5a6s2ka9k","actor_id":"01m0a4zwetdfe4j1jy85dnq8tx","target":":","request_id":"9e2b6fe0-3703-4396-9b8d-ddb2d132974c"} 
[2026-08-18 15:44:39] testing.INFO: settings.updated {"audit_id":"01m0a4zx2mfjrb8sg3hsgsz7cq","actor_id":"01m0a4zx2a2hr4y2k7jr01b4nw","target":":","request_id":"f4b9f763-95a2-4405-85d0-1941f8c40843"} 
[2026-08-18 15:44:39] testing.INFO: settings.updated {"audit_id":"01m0a4zx2wbttqfw8qs0t06g95","actor_id":"01m0a4zx2a2hr4y2k7jr01b4nw","target":":","request_id":"9e497059-b32a-48c4-9b06-69f44530276b"} 
[2026-08-18 15:44:39] testing.INFO: settings.updated {"audit_id":"01m0a4zxbpc422960aexdjcvtm","actor_id":"01m0a4zxbd85q19kq8201ta5w9","target":":","request_id":"7637a50a-81cd-49c0-ba06-e86a83f78434"} 
[2026-08-18 15:58:33] testing.INFO: settings.updated {"audit_id":"01m0a5sbevbkpwn4skdtvqgndn","actor_id":"01m0a5sbasc7j317bszgmrc38m","target":":","request_id":"754c1220-ff61-4467-8609-9d626a665aa7"} 
[2026-08-18 15:58:33] testing.INFO: settings.updated {"audit_id":"01m0a5sbs513yvcdrskfyrqbep","actor_id":"01m0a5sbrwad2tzz9f0wzwn2sq","target":":","request_id":"bfea9f6f-a46d-4314-8b85-f3ebb411d86b"} 
[2026-08-18 15:58:33] testing.INFO: role.updated {"audit_id":"01m0a5sbzmfnwgepxbz559mjr8","actor_id":"01m0a5sbz9e7g5bzngajcz137n","target":"Role:01m0a5sbxyw3ab2c4sj13rqter","request_id":"5c36bc88-d2a2-4b33-8782-9ec68ca7f081"} 
[2026-08-18 15:58:33] testing.INFO: settings.payment_method_qr_updated {"audit_id":"01m0a5sc4339e52gq6y9yb6smp","actor_id":"01m0a5sc338bxcf864jz7mz68x","target":"PaymentMethod:01m0a5sc275nw53xk5ednbtms1","request_id":"a6da53df-157f-4c01-96fb-1b82ba6dbcf9"} 
[2026-08-18 15:58:33] testing.INFO: settings.payment_method_qr_removed {"audit_id":"01m0a5sc4h694b0yec7jqmb8gg","actor_id":"01m0a5sc338bxcf864jz7mz68x","target":"PaymentMethod:01m0a5sc275nw53xk5ednbtms1","request_id":"bc81cb67-8f46-4762-8791-e0520c915065"} 
[2026-08-18 15:58:34] testing.INFO: settings.updated {"audit_id":"01m0a5scaxp2fmkqc8qbxz6f15","actor_id":"01m0a5scajfzx7z4n9v90r7h5n","target":":","request_id":"ba29ffe7-29f4-414c-b739-d0b7fee4a1cc"} 
[2026-08-18 16:02:09] testing.INFO: settings.updated {"audit_id":"01m0a5zyxphsz20eahq0ycy3z9","actor_id":"01m0a5zytq8kv9cstvfxjwxwza","target":":","request_id":"4bfa05d0-8230-4c90-90df-e74b15c34317"} 
[2026-08-18 16:02:10] testing.INFO: settings.updated {"audit_id":"01m0a5zz86895kz3ays91ev8wq","actor_id":"01m0a5zz7vqps2vjnstfwmyf88","target":":","request_id":"2f16e55a-8c9e-4b6c-8a51-5ba5421aa804"} 
[2026-08-18 16:02:10] testing.INFO: role.updated {"audit_id":"01m0a5zzfngz64kpnfsbmz5efp","actor_id":"01m0a5zzf74ncwstbhe3y8vmn4","target":"Role:01m0a5zzdgf4cjbtx4cnbqap9z","request_id":"d24761f4-019e-47eb-a737-ac32a79ac1e4"} 
[2026-08-18 16:02:10] testing.INFO: settings.payment_method_qr_updated {"audit_id":"01m0a5zzn9v8gsh9gq0w5esd81","actor_id":"01m0a5zzm7fs6qdrvkjpga6yff","target":"PaymentMethod:01m0a5zzkbbbpyjcaf434pr6cp","request_id":"9ee65a09-5850-4edf-bf9d-15a4c367d944"} 
[2026-08-18 16:02:10] testing.INFO: settings.payment_method_qr_removed {"audit_id":"01m0a5zzp077kzdmv77pe55tw3","actor_id":"01m0a5zzm7fs6qdrvkjpga6yff","target":"PaymentMethod:01m0a5zzkbbbpyjcaf434pr6cp","request_id":"50193fe7-e03c-429c-b360-b7789aa7695f"} 
[2026-08-18 16:02:10] testing.INFO: settings.updated {"audit_id":"01m0a5zzxa3x2f2qmg83rynaq2","actor_id":"01m0a5zzwy5hjv5djm7m6scbhk","target":":","request_id":"44ca68ac-dfd5-4f66-b728-f9a51d5b9dc7"} 
[2026-08-18 16:02:10] testing.INFO: faq.created {"audit_id":"01m0a6001gah12jbw8bpat5rrk","actor_id":"01m0a60011we0kks61w0p8f4hk","target":"Faq:01m0a6001f9p86a9be7cz9k2z9","request_id":"1f15013a-a779-4ac0-8aa1-5430f533dd22"} 
[2026-08-18 16:02:10] testing.INFO: faq.updated {"audit_id":"01m0a6001qbkhftg541zy4q38x","actor_id":"01m0a60011we0kks61w0p8f4hk","target":"Faq:01m0a6001f9p86a9be7cz9k2z9","request_id":"8f6e1bd9-29d2-46f8-bb65-a96cf7813c73"} 
[2026-08-18 16:02:10] testing.INFO: faq.deleted {"audit_id":"01m0a60024sxycs842yv922p6k","actor_id":"01m0a60011we0kks61w0p8f4hk","target":"Faq:01m0a6001f9p86a9be7cz9k2z9","request_id":"eb07e82c-88a7-40e0-be92-180db94e06ce"} 
[2026-08-18 16:02:11] testing.INFO: attempt.started {"audit_id":"01m0a600eew4zfd5zdhhbtev1a","actor_id":"01m0a600d3memd8044j672cyyd","target":"TestAttempt:01m0a600edmbak5x4ayzxvsg8r","request_id":"3413e485-0a39-4946-b7f0-2aaec737f9a7"} 
[2026-08-18 16:02:11] testing.INFO: attempt.started {"audit_id":"01m0a600r3071kbnq5c3810dre","actor_id":"01m0a600qmfm57f2gejgab2k3n","target":"TestAttempt:01m0a600r26hs3bdqtcgsmt48j","request_id":"7c71eebf-55e3-421d-b47a-046ffee52929"} 
[2026-08-18 16:02:11] testing.INFO: attempt.started {"audit_id":"01m0a600rdn3fyc2nserasr91f","actor_id":"01m0a600qmfm57f2gejgab2k3n","target":"TestAttempt:01m0a600r26hs3bdqtcgsmt48j","request_id":"9cbe825d-e143-4c53-afac-004a4710d418"} 
[2026-08-18 16:02:11] testing.INFO: attempt.started {"audit_id":"01m0a600xfa6crxm6rvjvc9bey","actor_id":"01m0a600wp1t6x7dv70xa2pvc5","target":"TestAttempt:01m0a600xdk4j39yx3kfpf218a","request_id":"8ac22898-7d10-4379-bace-5b8064036b75"} 
[2026-08-18 16:02:12] testing.INFO: attempt.started {"audit_id":"01m0a60134j1dyr9tt9vs5q0qq","actor_id":"01m0a6012pg2gccbthy7gffrmc","target":"TestAttempt:01m0a60133y2qwwfpw0dy23hy1","request_id":"c74f7f0d-a383-44fd-8618-8944709d8f86"} 
[2026-08-18 16:02:12] testing.INFO: attempt.submitted {"audit_id":"01m0a6013rbgaf4ggatry2z2eg","actor_id":"01m0a6012pg2gccbthy7gffrmc","target":"TestAttempt:01m0a60133y2qwwfpw0dy23hy1","request_id":"83887287-0cb8-41e6-bba7-6d3ddd77e65f"} 
[2026-08-18 16:02:12] testing.INFO: auth.logged_in {"audit_id":"01m0a601c8n7st65akytwcz77x","actor_id":"01m0a601b0eydg281wwx5fgxx8","target":"User:01m0a601b0eydg281wwx5fgxx8","request_id":"e28a91a1-6dca-4c7d-b5a5-bd70364f87e0"} 
[2026-08-18 16:02:12] testing.INFO: auth.logged_out {"audit_id":"01m0a601dh2e0df3t4e0xnf49f","actor_id":"01m0a601b0eydg281wwx5fgxx8","target":"User:01m0a601b0eydg281wwx5fgxx8","request_id":"4358c163-2480-4192-9644-04c666eb02b4"} 
[2026-08-18 16:02:12] testing.INFO: auth.logged_in {"audit_id":"01m0a601dpsjcrngzr5ajmdgv8","actor_id":"01m0a601b0eydg281wwx5fgxx8","target":"User:01m0a601b0eydg281wwx5fgxx8","request_id":"d4db1a8e-5065-4ee8-b2a9-b4a64825885d"} 
[2026-08-18 16:02:12] testing.INFO: auth.account_locked {"audit_id":"01m0a601qpycmwbsnznjbeggp2","actor_id":"01m0a601pwargfc07eeabr8q52","target":"User:01m0a601pwargfc07eeabr8q52","request_id":"71fad099-3de6-401c-bec0-722cdd85ad52"} 
[2026-08-18 16:02:12] testing.INFO: auth.password_changed {"audit_id":"01m0a601z9958fj713crsrem63","actor_id":"01m0a601vwbjn1dtzgy0r0mag3","target":"User:01m0a601vwbjn1dtzgy0r0mag3","request_id":"4fa56251-9212-4866-baca-1f209d10c501"} 
[2026-08-18 16:02:13] testing.INFO: account.profile_updated {"audit_id":"01m0a6022zkahfysg6gx4ngz67","actor_id":"01m0a6022npqy4fw95d15exfz1","target":"User:01m0a6022npqy4fw95d15exfz1","request_id":"ae1c8455-3a85-4744-9db8-3e30df8136f9"} 
[2026-08-18 16:02:13] testing.INFO: auth.logged_in {"audit_id":"01m0a602abxmft04q6trc8n8j4","actor_id":"01m0a602a2rfv6gqvwxhte48dz","target":"User:01m0a602a2rfv6gqvwxhte48dz","request_id":"55f54325-5c4c-49b8-b71b-73d3c7de5381"} 
[2026-08-18 16:02:13] testing.INFO: auth.logged_out {"audit_id":"01m0a602aj9bvcnsn0e86qwjas","actor_id":"01m0a602a2rfv6gqvwxhte48dz","target":"User:01m0a602a2rfv6gqvwxhte48dz","request_id":"e01f70ab-8db0-4dec-a3bf-f44987d1aba4"} 
[2026-08-18 16:02:13] testing.INFO: auth.logged_in {"audit_id":"01m0a602asdaz24ff4avcgrwdt","actor_id":"01m0a602a2rfv6gqvwxhte48dz","target":"User:01m0a602a2rfv6gqvwxhte48dz","request_id":"62b170aa-7862-48cf-ac42-6450c22e1732"} 
[2026-08-18 16:02:13] testing.INFO: auth.logged_in {"audit_id":"01m0a602e8vz0y2cbyc72a3jcd","actor_id":"01m0a602dz6x3yn750jxt1v3ka","target":"User:01m0a602dz6x3yn750jxt1v3ka","request_id":"41dcb81e-3fe5-43c9-a860-1f2deb36128b"} 
[2026-08-18 16:02:13] testing.INFO: user.devices_reset {"audit_id":"01m0a602j77jxgeegxf95q9wg3","actor_id":"01m0a602hm38j3tbnvzmghfe9g","target":"User:01m0a602hqpz1m1emzybcvf0vv","request_id":"67b12fda-38d9-4dc3-bd26-b5c5e22bdc58"} 
[2026-08-18 16:02:13] testing.INFO: enrollment_request.approved {"audit_id":"01m0a602zh8kess6849dgc74fx","actor_id":"01m0a602nngpnpa2b53a5zrm1k","target":"EnrollmentRequest:01m0a602nr7z7jqbsy9w7322bn","request_id":"c46fc9e2-7821-47b8-801e-850d6ce35b25"} 
[2026-08-18 16:02:14] testing.INFO: enrollment_request.rejected {"audit_id":"01m0a6033d0fynaf5e1c7qjwaq","actor_id":"01m0a60330hg3gcj9k9j7p9nxa","target":"EnrollmentRequest:01m0a603315aahx6bzmcm89wa6","request_id":"805d8feb-2c90-444b-b08d-9df886389e5f"} 
[2026-08-18 16:02:14] testing.INFO: settings.updated {"audit_id":"01m0a603jehjv9xty8h53vk00p","actor_id":"01m0a603j309qztf689ac8b4np","target":":","request_id":"6fb48aeb-a577-4c12-8540-9c4cc195a64b"} 
[2026-08-18 16:02:14] testing.INFO: settings.updated {"audit_id":"01m0a603p1c3pwfywvva5hf35z","actor_id":"01m0a603nq93f5d5fngwjhpx4p","target":":","request_id":"368db97d-e346-4222-8f71-7443310ed985"} 
[2026-08-18 16:02:14] testing.INFO: settings.updated {"audit_id":"01m0a603pawcev0y6ag7asw8dk","actor_id":"01m0a603nq93f5d5fngwjhpx4p","target":":","request_id":"19fe8c4f-1934-44dd-801c-b83a702e49a7"} 
[2026-08-18 16:02:19] testing.INFO: payment.approved {"audit_id":"01m0a6086q5an3ad89pyxjx16k","actor_id":"01m0a60497qmc6c44sd630rrn5","target":"Payment:01m0a60499g5z4fzvw5bytwg70","request_id":"bf8a6b44-7d1d-47e0-8008-052f77c5b158"} 
[2026-08-18 16:02:19] testing.INFO: payment.approved {"audit_id":"01m0a608gsam4cxt3xzb5b04qq","actor_id":"01m0a608a3s8r8a855c4drs0cj","target":"Payment:01m0a608a4n8m21jz2rr718nc6","request_id":"4be808c1-6c5b-4f41-8ae5-6f4f624abe26"} 
[2026-08-18 16:02:20] testing.INFO: payment.approved {"audit_id":"01m0a6095scygt4ds5eyh622f4","actor_id":"01m0a608zgm01e2mk37y7fb5ty","target":"Payment:01m0a608zj6e3y61yygy41dffy","request_id":"0339c8ef-6632-493e-89a0-773f18129151"} 
[2026-08-18 16:02:20] testing.INFO: payment.rejected {"audit_id":"01m0a609a1jc7c0xbkgq3hbzde","actor_id":"01m0a6099h792jrxfmk070ban2","target":"Payment:01m0a6099mfawm2ece94xamthh","request_id":"10f08fc4-436a-4aa9-bfcb-cead50c23faf"} 
[2026-08-18 16:02:20] testing.INFO: refund.recorded {"audit_id":"01m0a609pg2g7jmabcd70ekjvj","actor_id":"01m0a609nw7j8rphycvjd5h1d2","target":"Refund:01m0a609pedygk0qdpxyvsffak","request_id":"8aa769a6-e717-43e8-a098-b548443c05ce"} 
[2026-08-18 16:02:20] testing.INFO: refund.processed {"audit_id":"01m0a609q0d7qzjah72ghq71fd","actor_id":"01m0a609nygqky2r7b6n2y44qw","target":"Refund:01m0a609pedygk0qdpxyvsffak","request_id":"c15bb4c0-b44d-4916-8b50-24763cd67770"} 
[2026-08-18 16:02:22] testing.INFO: user.suspend {"audit_id":"01m0a60bgyfaapbn1f6gvwcxk7","actor_id":"01m0a60bg208j2jatg34801657","target":"User:01m0a60bg6tn3vbm89q3dmc68f","request_id":"0006cd48-3b07-48db-8adc-463dcb220f92"} 
[2026-08-18 16:02:22] testing.INFO: user.archived {"audit_id":"01m0a60bng4c58a5wyhvnrq349","actor_id":"01m0a60bmdcw36d1tz8qb5y2m3","target":"User:01m0a60bmn26brbgrtcx93t3eq","request_id":"f2e7bfc6-fd59-4ba7-af45-74191c83be86"} 
[2026-08-18 16:02:23] testing.INFO: user.archived {"audit_id":"01m0a60bsq5r9ff7v4f1y06acn","actor_id":"01m0a60bsh2q0fv9jp0eba0jhp","target":"User:01m0a60bs58pbejm6znyt2m9e7","request_id":"659158f7-ecd0-413e-a906-3d78606e6ac6"} 
[2026-08-18 16:02:23] testing.INFO: user.updated {"audit_id":"01m0a60bxdshw8hhd5kga1rqdp","actor_id":"01m0a60bx1yvp1j6t303n9kr8w","target":"User:01m0a60bx4snqmbcteckkv3vhj","request_id":"73c40626-2cae-422c-86ca-49e63358f2f8"} 
[2026-08-18 16:02:24] testing.INFO: recording.deleted {"audit_id":"01m0a60d6yk7qdffrkmq17mtpj","actor_id":"01m0a60d6chacte2dq40p8jx02","target":"Recording:01m0a60d6efw7ag8k592z5f47j","request_id":"b136d795-f1d0-4528-9467-83f21b77f402"} 
[2026-08-18 16:08:35] testing.INFO: recording.deleted {"audit_id":"01m0a6bqrvwt8m8pc614s452gr","actor_id":"01m0a6bqr3qpw6zfwb4p0enaw0","target":"Recording:01m0a6bqr7p775vt7mmrbwanj3","request_id":"b4c98393-fe3c-40ed-a6cc-9e74bd1b6e89"} 
[2026-08-18 16:08:35] testing.INFO: user.updated {"audit_id":"01m0a6br1qby927gm3ny6g05mx","actor_id":"01m0a6br0hsds1c4ehkk1rmqsv","target":"User:01m0a6br0mvhkm1b1x5c1hxmx1","request_id":"189cef43-e0b5-4d86-824a-16b72ce9b49b"} 
[2026-08-18 16:08:37] testing.INFO: user.suspend {"audit_id":"01m0a6bs94mspz5d87re8z7sfw","actor_id":"01m0a6bs89t19jbedne0zba8e7","target":"User:01m0a6bs8dj2c63sdqgxrk4wkp","request_id":"6055501f-adca-4787-8a71-5e5c63d4aceb"} 
[2026-08-18 16:08:37] testing.INFO: user.archived {"audit_id":"01m0a6bshvff1ssyym1185sy85","actor_id":"01m0a6bsgtpcynv8w70kt3zy8k","target":"User:01m0a6bsh1f9c3y31y004w8mt1","request_id":"fa059ddf-5702-4bcc-a28e-590605aa5ea8"} 
[2026-08-18 16:08:37] testing.INFO: user.archived {"audit_id":"01m0a6bsnfybr4r3vengbsm1kt","actor_id":"01m0a6bsn8dak9cpq0ck7kek7s","target":"User:01m0a6bsmxp35xp45q604pdmc7","request_id":"3f1e9301-22a2-4eb3-940b-7cc361d83a2b"} 
[2026-08-18 16:08:38] testing.INFO: attempt.started {"audit_id":"01m0a6bt5x3y0qa7chwtyz6df1","actor_id":"01m0a6bt5264kyk0mq77p0xrte","target":"TestAttempt:01m0a6bt5w8k77d2vh1z4akd70","request_id":"da0de8b3-91ef-4be5-a86d-62a629029a70"} 
[2026-08-18 16:08:38] testing.INFO: attempt.started {"audit_id":"01m0a6bt9z9hsp2j2923sqxrq8","actor_id":"01m0a6bt9j1fykt9pt2wcf6hv1","target":"TestAttempt:01m0a6bt9ymmjavzhrv0xnnty8","request_id":"f43ff7ed-bbbb-420e-9090-2ca9cca9d82c"} 
[2026-08-18 16:08:38] testing.INFO: attempt.started {"audit_id":"01m0a6btm9rhgsdhdh38wb9mtb","actor_id":"01m0a6btkv3f72d6k7fm0cs4db","target":"TestAttempt:01m0a6btm80zjt8bswgmetfvmy","request_id":"33a522b4-6c0d-4a8b-89d9-d61fcb10ff2f"} 
[2026-08-18 16:08:38] testing.INFO: attempt.started {"audit_id":"01m0a6btmjm4gby1yae11x2mgf","actor_id":"01m0a6btkv3f72d6k7fm0cs4db","target":"TestAttempt:01m0a6btm80zjt8bswgmetfvmy","request_id":"2000def3-7342-42fa-91cd-d85e6869889c"} 
[2026-08-18 16:08:38] testing.INFO: attempt.started {"audit_id":"01m0a6btr83rp5nkp22g64sbdk","actor_id":"01m0a6btqs3zgxxscqwwdyknpt","target":"TestAttempt:01m0a6btr6paph8vfjfyxtc4ny","request_id":"90d7a352-2679-4e4e-ae07-4053f1248f8b"} 
[2026-08-18 16:08:38] testing.INFO: attempt.submitted {"audit_id":"01m0a6btrr9t894n8anqv14pt3","actor_id":"01m0a6btqs3zgxxscqwwdyknpt","target":"TestAttempt:01m0a6btr6paph8vfjfyxtc4ny","request_id":"8788889a-aa1e-4a78-8541-4087e5257639"} 
[2026-08-18 16:08:38] testing.INFO: enrollment_request.approved {"audit_id":"01m0a6btxkwmmb89e074s456py","actor_id":"01m0a6btwqq6ytphnz21acgfz1","target":"EnrollmentRequest:01m0a6btwt88kqhwpkgdxfeqm7","request_id":"7f820db8-277e-4017-b559-8decf34a8021"} 
[2026-08-18 16:08:39] testing.INFO: enrollment_request.rejected {"audit_id":"01m0a6bv1w8eyk9dbb0fzg7098","actor_id":"01m0a6bv1gj7bexvban0yy1gcr","target":"EnrollmentRequest:01m0a6bv1jhef8d8aam2dc20pv","request_id":"0963fd2d-dc58-458f-b964-291339e59cca"} 
[2026-08-18 16:08:39] testing.INFO: settings.updated {"audit_id":"01m0a6bv5t0h3hsy88pn3dy9r6","actor_id":"01m0a6bv511be9kyhjxae20np4","target":":","request_id":"4947f936-89da-431c-9470-9ccf882ac4ed"} 
[2026-08-18 16:08:39] testing.INFO: settings.updated {"audit_id":"01m0a6bv63knp5cerdzyhmxbc7","actor_id":"01m0a6bv511be9kyhjxae20np4","target":":","request_id":"ae41a1ed-0b39-4568-8073-8b9259b83295"} 
[2026-08-18 16:08:39] testing.INFO: settings.updated {"audit_id":"01m0a6bvjvmcjtvewynfb4zs2k","actor_id":"01m0a6bvjghzeqfpa3cg7yempk","target":":","request_id":"47b2d774-d90e-46cd-9a03-489740c4709b"} 
[2026-08-18 16:08:39] testing.INFO: settings.updated {"audit_id":"01m0a6bvyxqdmc8npbr7we2eh3","actor_id":"01m0a6bvyjfpafrk0rjezfdd4c","target":":","request_id":"9f19c1f2-2aa7-4026-b8f0-717a0cf42549"} 
[2026-08-18 16:08:40] testing.INFO: settings.payment_method_qr_updated {"audit_id":"01m0a6bwa8j7jnsqfrtxr8a5fa","actor_id":"01m0a6bw9stkjnmg15aprxp7er","target":"PaymentMethod:01m0a6bw9p3mk49tdvkr01aq85","request_id":"9e02d906-9793-495b-8cea-337b96fbbbfb"} 
[2026-08-18 16:08:40] testing.INFO: settings.payment_method_qr_removed {"audit_id":"01m0a6bwaf40d39aqm74naaqtg","actor_id":"01m0a6bw9stkjnmg15aprxp7er","target":"PaymentMethod:01m0a6bw9p3mk49tdvkr01aq85","request_id":"18486909-6d89-44df-9264-8a168d776698"} 
[2026-08-18 16:08:40] testing.INFO: settings.updated {"audit_id":"01m0a6bwe377wn0mqm6tj7h6h2","actor_id":"01m0a6bwdrcm4985wtewwbvg3f","target":":","request_id":"e3a58533-46e6-4ede-a4cb-f6b942ea29a1"} 
[2026-08-18 16:08:40] testing.INFO: settings.updated {"audit_id":"01m0a6bwhx5r5ard5njz66wq09","actor_id":"01m0a6bwhjsk5pshrhea88fgqf","target":":","request_id":"80d40225-0928-4b8c-8ac1-c362b3f3a606"} 
[2026-08-18 16:08:40] testing.INFO: role.updated {"audit_id":"01m0a6bwnhve8916jwahck3s78","actor_id":"01m0a6bwn6t5r1tsr45vqm0y0v","target":"Role:01m0a6bwknq15rkantjvkmbnmz","request_id":"dcf8abcf-2c79-4cda-97f3-dbbca7cdfcfd"} 
[2026-08-18 16:08:40] testing.INFO: auth.logged_in {"audit_id":"01m0a6bwsbthy7y3f3d371dp0s","actor_id":"01m0a6bwrtat8qk71264c5egcc","target":"User:01m0a6bwrtat8qk71264c5egcc","request_id":"76b05ba0-15b0-4c79-8824-18436f7f256f"} 
[2026-08-18 16:08:40] testing.INFO: auth.logged_out {"audit_id":"01m0a6bwsqx6m4y8krg73ekhfn","actor_id":"01m0a6bwrtat8qk71264c5egcc","target":"User:01m0a6bwrtat8qk71264c5egcc","request_id":"69409202-d8d1-49a9-ba65-c22afb868c0f"} 
[2026-08-18 16:08:40] testing.INFO: auth.logged_in {"audit_id":"01m0a6bwsx5msn47tz5z04f4j5","actor_id":"01m0a6bwrtat8qk71264c5egcc","target":"User:01m0a6bwrtat8qk71264c5egcc","request_id":"faeb9f7f-c0d9-40e4-98b7-cb0d0d8b2222"} 
[2026-08-18 16:08:40] testing.INFO: auth.password_changed {"audit_id":"01m0a6bwy3y2jyjn1mahmbs29e","actor_id":"01m0a6bwxfwvm2skhs73krhfej","target":"User:01m0a6bwxfwvm2skhs73krhfej","request_id":"ddff09ca-a882-4c09-b54f-7ef82bf5122f"} 
[2026-08-18 16:08:41] testing.INFO: account.profile_updated {"audit_id":"01m0a6bx1nwn2d8ztt8xhj5585","actor_id":"01m0a6bx1bfc9gz68t5e3yjzaa","target":"User:01m0a6bx1bfc9gz68t5e3yjzaa","request_id":"120a32b6-ffdc-4459-956a-46e3b4f61bf1"} 
[2026-08-18 16:08:41] testing.INFO: auth.account_locked {"audit_id":"01m0a6bx5jm2mbepjqv99r55pb","actor_id":"01m0a6bx4rrwk7wvwjy3edscat","target":"User:01m0a6bx4rrwk7wvwjy3edscat","request_id":"ee5ca881-4a6d-47b4-99cc-9b7826169507"} 
[2026-08-18 16:08:42] testing.INFO: faq.created {"audit_id":"01m0a6bymwy1abdtrqnh5s60c1","actor_id":"01m0a6bym6jfzxcp4vyczaqyqc","target":"Faq:01m0a6bymtz9wkrjhqx8jcmcwq","request_id":"1bd3d445-8b8a-4d49-967d-30a48ab498ee"} 
[2026-08-18 16:08:42] testing.INFO: faq.updated {"audit_id":"01m0a6bynaqx28b3dfxsvhsrrs","actor_id":"01m0a6bym6jfzxcp4vyczaqyqc","target":"Faq:01m0a6bymtz9wkrjhqx8jcmcwq","request_id":"76ac0576-924b-4ff8-83c7-0a81fce886c4"} 
[2026-08-18 16:08:42] testing.INFO: faq.deleted {"audit_id":"01m0a6bynskct36ke9es7mj5tb","actor_id":"01m0a6bym6jfzxcp4vyczaqyqc","target":"Faq:01m0a6bymtz9wkrjhqx8jcmcwq","request_id":"fa67003d-f2a5-48f0-b127-bc7440edddc3"} 
[2026-08-18 16:08:43] testing.INFO: user.devices_reset {"audit_id":"01m0a6bz0jewe0wwfegqyfacha","actor_id":"01m0a6bz0260vxp0fa65qhpwqw","target":"User:01m0a6bz050cfwk28e8wybbjsm","request_id":"d331ceeb-d5e0-4a5b-9d52-a6e219d495e5"} 
[2026-08-18 16:08:43] testing.INFO: auth.logged_in {"audit_id":"01m0a6bz3xjv53gxw8kft38421","actor_id":"01m0a6bz3mwvwjynbwc3fawg2p","target":"User:01m0a6bz3mwvwjynbwc3fawg2p","request_id":"a220b36e-b791-43b7-9eff-08aeef20d440"} 
[2026-08-18 16:08:43] testing.INFO: auth.logged_out {"audit_id":"01m0a6bz43vxh2826rqkadntwr","actor_id":"01m0a6bz3mwvwjynbwc3fawg2p","target":"User:01m0a6bz3mwvwjynbwc3fawg2p","request_id":"ad9f28b5-c07f-4b46-a0d5-04e87ea34f30"} 
[2026-08-18 16:08:43] testing.INFO: auth.logged_in {"audit_id":"01m0a6bz4amq3mwbm5jfdfc7se","actor_id":"01m0a6bz3mwvwjynbwc3fawg2p","target":"User:01m0a6bz3mwvwjynbwc3fawg2p","request_id":"ce8f3e0e-6835-4710-9ae1-669ca9210f6c"} 
[2026-08-18 16:08:43] testing.INFO: auth.logged_in {"audit_id":"01m0a6bz7jak73br7r3ppn2yqj","actor_id":"01m0a6bz7bm68bd15j2r8dscej","target":"User:01m0a6bz7bm68bd15j2r8dscej","request_id":"9b642109-8108-4ae1-910b-8b6545bfcad6"} 
[2026-08-18 16:08:43] testing.INFO: payment.rejected {"audit_id":"01m0a6bzbwwd9dcnabx2s4bkm1","actor_id":"01m0a6bzbc7vzvv8xyep39an44","target":"Payment:01m0a6bzbepe95f46zrcvaxe3y","request_id":"9efbe9d9-4e92-44c2-a345-e6ec150d0e46"} 
[2026-08-18 16:08:43] testing.INFO: payment.approved {"audit_id":"01m0a6bzse8zc091tsq8ajdxny","actor_id":"01m0a6bzf3mry8bknw1csav5dr","target":"Payment:01m0a6bzf4df19n85bgpphmfe7","request_id":"69e4549f-b9ef-4712-ac63-bcf291b7a645"} 
[2026-08-18 16:08:44] testing.INFO: refund.recorded {"audit_id":"01m0a6c01h62ewh50kdf8ce3kc","actor_id":"01m0a6c00w4msjw59g1axvd9hb","target":"Refund:01m0a6c01fa9f2qcp5bvt56ehr","request_id":"b3587876-d1c5-451e-b906-06b3a092fcd4"} 
[2026-08-18 16:08:44] testing.INFO: refund.processed {"audit_id":"01m0a6c023kxjhc1eb9r5xjatz","actor_id":"01m0a6c00z39n8ezbv0kpmckdr","target":"Refund:01m0a6c01fa9f2qcp5bvt56ehr","request_id":"554eedfb-f7a9-4033-bfa9-fd8e9463b964"} 
[2026-08-18 16:08:44] testing.INFO: payment.approved {"audit_id":"01m0a6c0f6g7qds90pmagpzk4e","actor_id":"01m0a6c08zvyr75gm35x10fx34","target":"Payment:01m0a6c091jjgm5b8zwgczd1s4","request_id":"8b38b9f8-556c-49cf-aa04-97051bad8061"} 
[2026-08-18 16:08:45] testing.INFO: payment.approved {"audit_id":"01m0a6c10592gx69pvja07eq87","actor_id":"01m0a6c0skd9m5yheph472x11x","target":"Payment:01m0a6c0snfyrek395sa22rqe9","request_id":"7f258afb-2113-4a1d-b5d7-b54f35909ba7"} 
[2026-08-18 16:11:58] testing.INFO: course.updated {"audit_id":"01m0a6hxw3vzbn4aqd7cqdm92p","actor_id":"01m0a6hxsbs8fhy0gtb2sp4gyt","target":"Course:01m0a6hxse5pqxx4a7v9zt2751","request_id":"960d25ae-1acf-4bfb-a840-18ae8c52d551"} 
[2026-08-18 16:11:58] testing.INFO: course.updated {"audit_id":"01m0a6hy0qqqx66paf6zjqzsmv","actor_id":"01m0a6hy0b96r93rh3z2j75znf","target":"Course:01m0a6hy0d714bc44ehbss3rkq","request_id":"aa2548c4-8230-416c-83c0-3cd0125da7e9"} 
[2026-08-18 16:13:19] testing.INFO: settings.updated {"audit_id":"01m0a6mcp2qntdhfqs2qh8tqyg","actor_id":"01m0a6mcmy9e3tyhsrc4tssa5s","target":":","request_id":"b8be909a-9995-4c29-b9be-b4cf75a2f7d6"} 
[2026-08-18 16:13:19] testing.INFO: settings.updated {"audit_id":"01m0a6mcx8wcqxtr1bsxqxwjf5","actor_id":"01m0a6mcx0d6n4p723swjz3xdg","target":":","request_id":"2f375153-e6e7-410d-84b8-7fad0700a7a9"} 
[2026-08-18 16:13:19] testing.INFO: role.updated {"audit_id":"01m0a6md3fnbf083cdq9tf2837","actor_id":"01m0a6md35xr7knvzzqpkqabrk","target":"Role:01m0a6md1txcfd0gy0fam2e023","request_id":"c323a939-0df1-482e-bdbf-7337b2d69601"} 
[2026-08-18 16:13:19] testing.INFO: settings.payment_method_qr_updated {"audit_id":"01m0a6md7cdw3enz32w0x2qws3","actor_id":"01m0a6md6sav69fcmx8yn34yv8","target":"PaymentMethod:01m0a6md6c0carzjj1bqa60a14","request_id":"2d40b4bb-9f21-4bed-91e7-dd3ffb55c2b0"} 
[2026-08-18 16:13:19] testing.INFO: settings.payment_method_qr_removed {"audit_id":"01m0a6md7medadqz7c7hg3jfej","actor_id":"01m0a6md6sav69fcmx8yn34yv8","target":"PaymentMethod:01m0a6md6c0carzjj1bqa60a14","request_id":"f7fb0fdb-f24b-41e2-9d95-6246aedce6c4"} 
[2026-08-18 16:13:20] testing.INFO: settings.updated {"audit_id":"01m0a6mde81sq233py29n93yes","actor_id":"01m0a6mddwz70y2ebdt7a71hsd","target":":","request_id":"321e494e-81a3-4f03-8fb4-6c335434144f"} 
[2026-08-18 16:13:20] testing.INFO: faq.created {"audit_id":"01m0a6mdhwfgtrh0x654t6t1bq","actor_id":"01m0a6mdhh0qwzqxeedtz0e3f2","target":"Faq:01m0a6mdhvq6ha7rqzaw3hhey5","request_id":"a46b90ea-ab7a-42b4-83c3-83b635d947de"} 
[2026-08-18 16:13:20] testing.INFO: faq.updated {"audit_id":"01m0a6mdj3ehc97frq3w2xrtxq","actor_id":"01m0a6mdhh0qwzqxeedtz0e3f2","target":"Faq:01m0a6mdhvq6ha7rqzaw3hhey5","request_id":"0312d385-8c8a-4717-bea6-19b82098e1ca"} 
[2026-08-18 16:13:20] testing.INFO: faq.deleted {"audit_id":"01m0a6mdjcs1e7kyt2rg0c7gse","actor_id":"01m0a6mdhh0qwzqxeedtz0e3f2","target":"Faq:01m0a6mdhvq6ha7rqzaw3hhey5","request_id":"65673d6c-3131-4c91-8239-c3a39bc5d7d0"} 
[2026-08-18 16:13:20] testing.INFO: attempt.started {"audit_id":"01m0a6mdw45zk0q9xjhazkswcj","actor_id":"01m0a6mdvmx4q9wssxdjk72vjr","target":"TestAttempt:01m0a6mdw3qvzn4yv77wxkq7mt","request_id":"4eb953bd-cef1-4c27-82bc-79173473d968"} 
[2026-08-18 16:13:20] testing.INFO: attempt.started {"audit_id":"01m0a6me330svjd6vwhqdv393d","actor_id":"01m0a6me2pmdwtbk3myysng78x","target":"TestAttempt:01m0a6me32xqtp1xpjwbf8ge3y","request_id":"517c8d6b-594c-4b02-ab0f-c6ce8c802e25"} 
[2026-08-18 16:13:20] testing.INFO: attempt.started {"audit_id":"01m0a6me3djhz3e35s2evv14nj","actor_id":"01m0a6me2pmdwtbk3myysng78x","target":"TestAttempt:01m0a6me32xqtp1xpjwbf8ge3y","request_id":"10c5abb5-05cc-4f29-802a-cc6ca0f20f5b"} 
[2026-08-18 16:13:20] testing.INFO: attempt.started {"audit_id":"01m0a6me6rz67kd1v03dbvb3b7","actor_id":"01m0a6me6bj80fbzncxgk7ps5w","target":"TestAttempt:01m0a6me6qrmx18awtqhtyjx4k","request_id":"104d7517-a127-4c25-9023-738cf219af00"} 
[2026-08-18 16:13:20] testing.INFO: attempt.started {"audit_id":"01m0a6mead9qeaqe2w7gymxgs8","actor_id":"01m0a6mea04ckggshd51hbwk8a","target":"TestAttempt:01m0a6meaczwhv2j85y1hwwcpv","request_id":"519c2ad0-e5a2-40f6-8aa3-a60138972aff"} 
[2026-08-18 16:13:20] testing.INFO: attempt.submitted {"audit_id":"01m0a6meaw82kwn5gkysvdqqty","actor_id":"01m0a6mea04ckggshd51hbwk8a","target":"TestAttempt:01m0a6meaczwhv2j85y1hwwcpv","request_id":"9a70e5c7-e5fd-4d6a-9b51-80ea24e91371"} 
[2026-08-18 16:13:21] testing.INFO: auth.logged_in {"audit_id":"01m0a6mehrgwf5755adxx03fz0","actor_id":"01m0a6mehd7v3w4kr7ysghq57y","target":"User:01m0a6mehd7v3w4kr7ysghq57y","request_id":"8e262f56-459f-4fb7-bda4-6e741d3d4dbd"} 
[2026-08-18 16:13:21] testing.INFO: auth.logged_out {"audit_id":"01m0a6mej5j3h6a51fgdm3d39a","actor_id":"01m0a6mehd7v3w4kr7ysghq57y","target":"User:01m0a6mehd7v3w4kr7ysghq57y","request_id":"c8a1fdfa-9f55-4aa7-a341-21138b806b40"} 
[2026-08-18 16:13:21] testing.INFO: auth.logged_in {"audit_id":"01m0a6mej9gcfnf9jnq5x5ct54","actor_id":"01m0a6mehd7v3w4kr7ysghq57y","target":"User:01m0a6mehd7v3w4kr7ysghq57y","request_id":"50414021-efd0-4cc4-874f-d5ac1e650441"} 
[2026-08-18 16:13:21] testing.INFO: auth.account_locked {"audit_id":"01m0a6mes74mk370r66xe13hn6","actor_id":"01m0a6mergny8wmtm9jp821nfp","target":"User:01m0a6mergny8wmtm9jp821nfp","request_id":"f3b75174-d579-4cd0-8ea2-990967b82261"} 
[2026-08-18 16:13:21] testing.INFO: auth.password_changed {"audit_id":"01m0a6mewnrce05bg6maxn0yw4","actor_id":"01m0a6mew5wp3b8f8k60tvz9m3","target":"User:01m0a6mew5wp3b8f8k60tvz9m3","request_id":"1371428d-5056-4596-99e5-e2e5f7d5fc21"} 
[2026-08-18 16:13:21] testing.INFO: account.profile_updated {"audit_id":"01m0a6mezt2bb3qtnxw6c8g03n","actor_id":"01m0a6mezjmqmsaq8bms1d7vyv","target":"User:01m0a6mezjmqmsaq8bms1d7vyv","request_id":"15814e1a-2e23-4d3d-9bcf-09de8e53f74c"} 
[2026-08-18 16:13:21] testing.INFO: course.updated {"audit_id":"01m0a6mf6d1kaf8wv5k6z7zfj4","actor_id":"01m0a6mf5xjz34e8wwrwjs8nqs","target":"Course:01m0a6mf5y1pjm55k8c5b4mv6j","request_id":"6ddb0861-e0e6-4bb3-8691-f1bae2b7f7ef"} 
[2026-08-18 16:13:21] testing.INFO: course.updated {"audit_id":"01m0a6mf9w0jrv7756sce4ad0j","actor_id":"01m0a6mf9hr8zvz8ftk3nhzw5s","target":"Course:01m0a6mf9j6hwm9kzpta6kp7er","request_id":"f400784e-f333-4260-8b7e-1927ce86b4d7"} 
[2026-08-18 16:13:22] testing.INFO: auth.logged_in {"audit_id":"01m0a6mfd4ebsnf2dd074etp25","actor_id":"01m0a6mfcvm5xxqhsew3dz3r07","target":"User:01m0a6mfcvm5xxqhsew3dz3r07","request_id":"b3cc00f3-dffc-4b71-bae6-860b0a6ed51d"} 
[2026-08-18 16:13:22] testing.INFO: auth.logged_out {"audit_id":"01m0a6mfdahfyabkq8eqkb100r","actor_id":"01m0a6mfcvm5xxqhsew3dz3r07","target":"User:01m0a6mfcvm5xxqhsew3dz3r07","request_id":"0134c579-6447-4077-937a-b193e7b274af"} 
[2026-08-18 16:13:22] testing.INFO: auth.logged_in {"audit_id":"01m0a6mfdf43h7rsfm2rqkwfmw","actor_id":"01m0a6mfcvm5xxqhsew3dz3r07","target":"User:01m0a6mfcvm5xxqhsew3dz3r07","request_id":"1a303025-c13a-4167-baf2-9cdeddf7404d"} 
[2026-08-18 16:13:22] testing.INFO: auth.logged_in {"audit_id":"01m0a6mfgny23ejse6g0hqtxyp","actor_id":"01m0a6mfgdnk6yjavd60wds4yh","target":"User:01m0a6mfgdnk6yjavd60wds4yh","request_id":"1dba1806-10a8-4c26-8768-6d69b7030720"} 
[2026-08-18 16:13:22] testing.INFO: user.devices_reset {"audit_id":"01m0a6mfm089fkjvd1cqrtpyyv","actor_id":"01m0a6mfkjqkjag6cnydn9fzs4","target":"User:01m0a6mfkm1xm4nkdgebbtctep","request_id":"65bd7704-0784-46f3-9432-e996caf31e9f"} 
[2026-08-18 16:13:22] testing.INFO: enrollment_request.approved {"audit_id":"01m0a6mfqwjcv971e9awp2eywy","actor_id":"01m0a6mfqb5k7e31ckj3k2yf46","target":"EnrollmentRequest:01m0a6mfqdyf2ke662y1a9rj05","request_id":"d37b72ed-87ba-4a56-98a1-eee9182cde78"} 
[2026-08-18 16:13:22] testing.INFO: enrollment_request.rejected {"audit_id":"01m0a6mfv6rk0ar9cx2pek446t","actor_id":"01m0a6mftvaxqqv935752cnbfq","target":"EnrollmentRequest:01m0a6mftwf8qyfj3shqf7tffy","request_id":"a9dc0b21-1b9a-49d2-bbee-4c38acf2f40f"} 
[2026-08-18 16:13:22] testing.INFO: settings.updated {"audit_id":"01m0a6mg6x8vzf51xme6fg3z7a","actor_id":"01m0a6mg6m6gyjbq9zhgsd87n6","target":":","request_id":"e108e7e5-68f3-4ee1-95c1-267f2f2c82c8"} 
[2026-08-18 16:13:23] testing.INFO: settings.updated {"audit_id":"01m0a6mgasw4q3a8kazbmyj9ts","actor_id":"01m0a6mgae7fgnbdbfcmp29xmg","target":":","request_id":"b9cec87b-df42-4033-945f-1eebc5f5e643"} 
[2026-08-18 16:13:23] testing.INFO: settings.updated {"audit_id":"01m0a6mgb4rtnqa725cd6g2f3c","actor_id":"01m0a6mgae7fgnbdbfcmp29xmg","target":":","request_id":"da4c1ded-be21-4e47-b5be-85e3faa40bb2"} 
[2026-08-18 16:13:23] testing.INFO: payment.approved {"audit_id":"01m0a6mh1xskrt0p4fzgj3t4nk","actor_id":"01m0a6mgtj9eb45trrn6y1wwjx","target":"Payment:01m0a6mgtkv1fv6788s7hbbt24","request_id":"0b0a3886-bc48-4ff5-9f15-91f0f83dd313"} 
[2026-08-18 16:13:24] testing.INFO: payment.approved {"audit_id":"01m0a6mhaksbn9cc99xa5m0b8y","actor_id":"01m0a6mh4tsmr1njtf8tr4qv97","target":"Payment:01m0a6mh4wb19v6hzwhsvza9vn","request_id":"0f76dd9a-06fc-40d1-b7d8-4ba4b0fd1e09"} 
[2026-08-18 16:13:24] testing.INFO: payment.approved {"audit_id":"01m0a6mhpz7fce1wb2wy1q30qa","actor_id":"01m0a6mhhb6r7wyy7v4npzaq51","target":"Payment:01m0a6mhhct8sq52vybs7g0c7w","request_id":"d4440cb3-b0cc-4ad3-b446-1b1fad27ed04"} 
[2026-08-18 16:13:24] testing.INFO: payment.rejected {"audit_id":"01m0a6mht9xq6gpqfv67ckpqn4","actor_id":"01m0a6mhsxzdhr3ca0ytgbf2m6","target":"Payment:01m0a6mhsyzg2rc665w29bebyc","request_id":"7eafc9fe-9ec1-4e7e-a33e-1bec5cb87b05"} 
[2026-08-18 16:13:24] testing.INFO: refund.recorded {"audit_id":"01m0a6mj4aqge3xke3w605pmbt","actor_id":"01m0a6mj3syr2mc24393v6zqcw","target":"Refund:01m0a6mj4908qd7xcrcbvpv6d0","request_id":"69f386ea-3a16-4876-9acb-85bdb7f16446"} 
[2026-08-18 16:13:24] testing.INFO: refund.processed {"audit_id":"01m0a6mj4vzkce4ph4e397h4xe","actor_id":"01m0a6mj3vp2s74wj5ac86ezga","target":"Refund:01m0a6mj4908qd7xcrcbvpv6d0","request_id":"359ad33b-d537-4f91-b7f2-1182e4514bae"} 
[2026-08-18 16:13:26] testing.INFO: user.suspend {"audit_id":"01m0a6mkpqmf80jykk2am12wjy","actor_id":"01m0a6mknqaq52b64cxmaqcwx2","target":"User:01m0a6mknv4qr5bsy2akqyxt6k","request_id":"bc397824-af2b-4196-9f80-c9d048b9679f"} 
[2026-08-18 16:13:26] testing.INFO: user.archived {"audit_id":"01m0a6mkthrhs8e57nah5gtv34","actor_id":"01m0a6mksn71ev0gpgkvswcgrc","target":"User:01m0a6mksva30p6p3t8sersjmm","request_id":"2971a747-f544-4b4a-88d6-3b59c90c176b"} 
[2026-08-18 16:13:26] testing.INFO: user.archived {"audit_id":"01m0a6mkxps2hcewghmmrjf2g8","actor_id":"01m0a6mkxhc7daqj6pj1bnpxbm","target":"User:01m0a6mkx8wagpd7whmdmdrvbm","request_id":"2166c889-966c-430c-b401-2741d6767e16"} 
[2026-08-18 16:13:26] testing.INFO: user.updated {"audit_id":"01m0a6mm0x6n5ebeafgy05ab6f","actor_id":"01m0a6mm0jmvef38ck0qhe0tgm","target":"User:01m0a6mm0nthv9cb7af6dn73z0","request_id":"7fc772e4-2404-4d02-aa9b-9bff49b020c4"} 
[2026-08-18 16:13:27] testing.INFO: recording.deleted {"audit_id":"01m0a6mn1mk27bpsyn9cx7y7xt","actor_id":"01m0a6mn17ax6x16j8c5vyc4gg","target":"Recording:01m0a6mn18hyyygc9jrmdzct9b","request_id":"14a5477e-1a0b-4333-bfb1-75fce46e4d7c"} 
[2026-08-18 16:19:44] testing.INFO: recording.deleted {"audit_id":"01m0a704gazs13rxjz8yqq8ntr","actor_id":"01m0a704e9r333p5bhawh2yvba","target":"Recording:01m0a704egxwdjhjysv830j7r6","request_id":"1e7a7732-7206-46b3-9e05-8d332856f2bc"} 
[2026-08-18 16:19:45] testing.INFO: user.updated {"audit_id":"01m0a705fbfjq7g3fp996ngqeq","actor_id":"01m0a705eh30j1b1m7vaed0bpv","target":"User:01m0a705em4s3s0kg4jtmqkw35","request_id":"dd76272c-fb6c-4218-91ff-ce771e8a3bc5"} 
[2026-08-18 16:19:47] testing.INFO: user.archived {"audit_id":"01m0a707js0s4xwrz9czz5qrmc","actor_id":"01m0a707he5sk1zz5vpr7q735q","target":"User:01m0a707hq1tgnte4m626egrh3","request_id":"aa6f7a91-1198-44c6-ad9c-96d13e6caab6"} 
[2026-08-18 16:19:47] testing.INFO: user.suspend {"audit_id":"01m0a707qry698g0bv5c9km1wr","actor_id":"01m0a707pqc73dn097x1137p9m","target":"User:01m0a707pxsa6ne2k0x3danwzn","request_id":"424bcc32-b36e-4556-9806-c6e37c6ee6c5"} 
[2026-08-18 16:19:47] testing.INFO: user.archived {"audit_id":"01m0a7081d1kfgd11cdmpz5n6a","actor_id":"01m0a70814vn3x9fsc1qezexq3","target":"User:01m0a7080pkaadqqhqnt6pxr2z","request_id":"b50a9898-5b41-4d8e-85ad-fd34e60a66e3"} 
[2026-08-18 16:19:48] testing.INFO: auth.logged_in {"audit_id":"01m0a708dg1ryr3x78enm6dneq","actor_id":"01m0a708ctmt6m76rkktc22y3d","target":"User:01m0a708ctmt6m76rkktc22y3d","request_id":"cd051e3f-bb65-4f88-90a5-ea65689a42c7"} 
[2026-08-18 16:19:48] testing.INFO: auth.logged_out {"audit_id":"01m0a708e5n1z8cr997xwkyzeq","actor_id":"01m0a708ctmt6m76rkktc22y3d","target":"User:01m0a708ctmt6m76rkktc22y3d","request_id":"b36af3d0-c6e7-4467-869c-0d4caa3056b7"} 
[2026-08-18 16:19:48] testing.INFO: auth.logged_in {"audit_id":"01m0a708eesxc34recd4hjy76r","actor_id":"01m0a708ctmt6m76rkktc22y3d","target":"User:01m0a708ctmt6m76rkktc22y3d","request_id":"f1c51be3-bc28-4742-a2d0-f6ff30a2bd48"} 
[2026-08-18 16:19:48] testing.INFO: auth.logged_in {"audit_id":"01m0a708k220sv9hprsz3x5mqs","actor_id":"01m0a708jpphvybw781ccbbj17","target":"User:01m0a708jpphvybw781ccbbj17","request_id":"28be9a3f-5e57-4fa1-868c-edaaf6fd5bcc"} 
[2026-08-18 16:19:48] testing.INFO: user.devices_reset {"audit_id":"01m0a708rk4979c7ja34nc4ga2","actor_id":"01m0a708qz8tcyvc6cxfz134ev","target":"User:01m0a708r3jwawcf46fpmje3e7","request_id":"5afd1a15-667c-4441-a073-7edc40b00a2e"} 
[2026-08-18 16:19:49] testing.INFO: settings.updated {"audit_id":"01m0a709c56fvvjg1vhaap2m4g","actor_id":"01m0a709bq0njjjb5h3pb2bm6t","target":":","request_id":"73f912ac-054a-4c9d-a33a-c080b58fb565"} 
[2026-08-18 16:19:49] testing.INFO: settings.updated {"audit_id":"01m0a709p2pgazb6b2nyqd0ejn","actor_id":"01m0a709nkk0hwxa8rx2dy2jwv","target":":","request_id":"57e20d43-fe59-4cea-9290-db93bb32dda3"} 
[2026-08-18 16:19:49] testing.INFO: settings.updated {"audit_id":"01m0a709pdwfty1g6gwrjw3fvp","actor_id":"01m0a709nkk0hwxa8rx2dy2jwv","target":":","request_id":"7b33ebcf-7b74-48f2-98ff-6c765c8feeb8"} 
[2026-08-18 16:19:49] testing.INFO: attempt.started {"audit_id":"01m0a70a6hna100wjexfwfmqjt","actor_id":"01m0a70a5vv09jcqnf508znn9p","target":"TestAttempt:01m0a70a6fgg81svpkjq0b7e1k","request_id":"0dd7a597-3f86-4dd5-aa2b-201ce8199dab"} 
[2026-08-18 16:19:49] testing.INFO: attempt.submitted {"audit_id":"01m0a70a7ctcmj4f2qzbkycvj5","actor_id":"01m0a70a5vv09jcqnf508znn9p","target":"TestAttempt:01m0a70a6fgg81svpkjq0b7e1k","request_id":"f4b92c37-aa4b-4e43-93be-7b170de64653"} 
[2026-08-18 16:19:50] testing.INFO: attempt.started {"audit_id":"01m0a70abzqtcf6sc3y3h0dn7t","actor_id":"01m0a70abee30e7kmx9mwtd91r","target":"TestAttempt:01m0a70abx46zwvc8a4v89wytk","request_id":"fdcdd8fd-7787-4c8f-a574-22f31d7f1965"} 
[2026-08-18 16:19:50] testing.INFO: attempt.started {"audit_id":"01m0a70ah44rq4sd2eqm7vjpca","actor_id":"01m0a70aghez3e9tz4zmzq1m1c","target":"TestAttempt:01m0a70ah3aq8t6a2cym3mmx14","request_id":"1701fd97-f830-438c-805d-c9c0753aaaaf"} 
[2026-08-18 16:19:50] testing.INFO: attempt.started {"audit_id":"01m0a70apf1syr5st37qrhhq9s","actor_id":"01m0a70anzqg0x7zmg60vw43ge","target":"TestAttempt:01m0a70apew168w7wa6jdpxf8e","request_id":"6c02ce91-d2d8-4f5d-8b0d-120e41ea304c"} 
[2026-08-18 16:19:50] testing.INFO: attempt.started {"audit_id":"01m0a70apw9e5ws1mjycb1zts5","actor_id":"01m0a70anzqg0x7zmg60vw43ge","target":"TestAttempt:01m0a70apew168w7wa6jdpxf8e","request_id":"489fed4b-c0e1-47f3-9864-bdf635a71b1b"} 
[2026-08-18 16:19:51] testing.INFO: payment.approved {"audit_id":"01m0a70bzzs4kaef5zb7z4fa3q","actor_id":"01m0a70bg1ccr0faf6mrr90hrm","target":"Payment:01m0a70bg4vbd2rch9g0az00ft","request_id":"5d4ed6d6-27b7-4f96-adce-56164e30787b"} 
[2026-08-18 16:19:51] testing.INFO: payment.rejected {"audit_id":"01m0a70c4tv318gbm28g9vabba","actor_id":"01m0a70c495z016gnjjg8ksq15","target":"Payment:01m0a70c4b55x10jnvq34qqmzx","request_id":"1fa3ccfc-d583-46bc-8003-3615eb05c1aa"} 
[2026-08-18 16:19:52] testing.INFO: refund.recorded {"audit_id":"01m0a70caftqckd02pn1exrg51","actor_id":"01m0a70c9stkfjsm7k97n1vwd1","target":"Refund:01m0a70caek05djd3p8fknqhcy","request_id":"d8e21f0c-bc12-4eac-a867-cbdb63ffa619"} 
[2026-08-18 16:19:52] testing.INFO: refund.processed {"audit_id":"01m0a70cb5yp9fygpv458a9gb6","actor_id":"01m0a70c9xr0j1yxt47t6ghemk","target":"Refund:01m0a70caek05djd3p8fknqhcy","request_id":"433e24dd-7c36-491c-9fa3-ae491134a5e2"} 
[2026-08-18 16:19:52] testing.INFO: payment.approved {"audit_id":"01m0a70cpwv22pe9ebr7gnxdda","actor_id":"01m0a70cfh70zyjsfc870aeskx","target":"Payment:01m0a70cfkgr3wbw8bg625jqdt","request_id":"253c1a52-9e2b-4647-b1ae-a6d9a92330ea"} 
[2026-08-18 16:19:52] testing.INFO: payment.approved {"audit_id":"01m0a70d2w33qey97xp90ntbv4","actor_id":"01m0a70cv3zdhe7c8m0ej2dpza","target":"Payment:01m0a70cv5z5p5aq2ta5grrh3r","request_id":"2988ecce-3ba7-430b-a2af-fb9129782a7b"} 
[2026-08-18 16:19:53] testing.INFO: enrollment_request.approved {"audit_id":"01m0a70d9a9edtdr0t10f2yhwb","actor_id":"01m0a70d85397q028mpaqt19vb","target":"EnrollmentRequest:01m0a70d88g1jdxv65p36drsfh","request_id":"018e6cf0-4c96-4ea9-9ca7-a1ed4c1c2357"} 
[2026-08-18 16:19:53] testing.INFO: enrollment_request.rejected {"audit_id":"01m0a70df6tqy1540vecm555tk","actor_id":"01m0a70defvp0v3mtkemmmh7nd","target":"EnrollmentRequest:01m0a70dehcp0xsy252anrjc1f","request_id":"bcc711ad-a7e4-42ea-822b-abb535de9385"} 
[2026-08-18 16:19:53] testing.INFO: settings.payment_method_qr_updated {"audit_id":"01m0a70dmfsewe4vh9dvdxr108","actor_id":"01m0a70dkbgdqnre2dr1aqzeb9","target":"PaymentMethod:01m0a70dk5cgm9gdb2vz31rj79","request_id":"d70eb804-6c20-4bce-84e7-8f83dd4444ec"} 
[2026-08-18 16:19:53] testing.INFO: settings.payment_method_qr_removed {"audit_id":"01m0a70dms9znx40sbw6kqf33d","actor_id":"01m0a70dkbgdqnre2dr1aqzeb9","target":"PaymentMethod:01m0a70dk5cgm9gdb2vz31rj79","request_id":"4527a527-7ef5-4236-9ff6-45021e76488c"} 
[2026-08-18 16:19:53] testing.INFO: settings.updated {"audit_id":"01m0a70drv9jmmmtmkrsjhvrrp","actor_id":"01m0a70drcwckhdwgw87jbp3y6","target":":","request_id":"3ecdc9bb-906e-49dc-abcf-bf5d7c8503cc"} 
[2026-08-18 16:19:53] testing.INFO: settings.updated {"audit_id":"01m0a70dxgbqxf7rj8sh8p12sn","actor_id":"01m0a70dx327h1wsfdjh364hde","target":":","request_id":"d22591a0-a9de-487c-b5b2-2b9298fb87fb"} 
[2026-08-18 16:19:53] testing.INFO: role.updated {"audit_id":"01m0a70e22hwk61g698g68w154","actor_id":"01m0a70e1ktdy6w788xnp6m6z5","target":"Role:01m0a70dzrt4mq1ste92hzrtq1","request_id":"10ff6304-e56b-407b-b63a-eb8fcfadb26a"} 
[2026-08-18 16:19:54] testing.INFO: settings.updated {"audit_id":"01m0a70emqe40g5rmqj5pry6vy","actor_id":"01m0a70em9kd266wq171d8bf8s","target":":","request_id":"4b67172f-248a-4605-9e66-38b4f5ff1eaf"} 
[2026-08-18 16:19:55] testing.INFO: course.updated {"audit_id":"01m0a70f9qbsqemdq190h9r364","actor_id":"01m0a70f94vb53r0gr3c2dsqmj","target":"Course:01m0a70f9640wrhaxpf0nqbgty","request_id":"bd7b45ea-46a8-4461-832f-30af6fa0758b"} 
[2026-08-18 16:19:55] testing.INFO: course.updated {"audit_id":"01m0a70fdv459n0s0mwjsvdkj8","actor_id":"01m0a70fd8wahn099khkzsax7p","target":"Course:01m0a70fdavm74ka3m2013vqdb","request_id":"25c8a0a8-4bd4-4b61-96e0-8360bcf861ca"} 
[2026-08-18 16:19:55] testing.INFO: account.profile_updated {"audit_id":"01m0a70fk2qmyq1tqfp1zbnb0v","actor_id":"01m0a70fj9sczpxhqqj4m82syn","target":"User:01m0a70fj9sczpxhqqj4m82syn","request_id":"43449704-375d-445e-84a1-5eb6fa13727d"} 
[2026-08-18 16:19:55] testing.INFO: auth.password_changed {"audit_id":"01m0a70fxnb3whfx4v8zmmsn42","actor_id":"01m0a70fwvqjynye9e1s6vx5mj","target":"User:01m0a70fwvqjynye9e1s6vx5mj","request_id":"a79ecaf5-158e-4e0d-9276-1d91cfaf38d9"} 
[2026-08-18 16:19:56] testing.INFO: auth.logged_in {"audit_id":"01m0a70g732n118zeq453tf7kb","actor_id":"01m0a70g6sfyc1w22j57f60sm0","target":"User:01m0a70g6sfyc1w22j57f60sm0","request_id":"f40c29b3-ad23-4a5d-83c6-943a378dc1de"} 
[2026-08-18 16:19:56] testing.INFO: auth.logged_out {"audit_id":"01m0a70g7c667387400y1k9bj7","actor_id":"01m0a70g6sfyc1w22j57f60sm0","target":"User:01m0a70g6sfyc1w22j57f60sm0","request_id":"a6476c6b-3868-4daf-bca5-09e24137436f"} 
[2026-08-18 16:19:56] testing.INFO: auth.logged_in {"audit_id":"01m0a70g7hmvbn1tx96f6dwmrk","actor_id":"01m0a70g6sfyc1w22j57f60sm0","target":"User:01m0a70g6sfyc1w22j57f60sm0","request_id":"5f9cbe72-57cf-4b42-b664-29077878e027"} 
[2026-08-18 16:19:56] testing.INFO: auth.account_locked {"audit_id":"01m0a70gcem4jcbw1w35yyrfxk","actor_id":"01m0a70gbg1bcf11gvb2wy41b1","target":"User:01m0a70gbg1bcf11gvb2wy41b1","request_id":"600bdfe1-2a88-4e0c-a144-09981e1e28f6"} 
[2026-08-18 16:19:56] testing.INFO: faq.created {"audit_id":"01m0a70gt607tcd9ebvkzad66x","actor_id":"01m0a70gsbkqcm7wzg2qptyrg5","target":"Faq:01m0a70gt5w4evxk7g5njk9sjb","request_id":"2d771435-2176-4d5a-aeeb-711f666dc74f"} 
[2026-08-18 16:19:56] testing.INFO: faq.updated {"audit_id":"01m0a70gtjct5v7h86wd8hk1wg","actor_id":"01m0a70gsbkqcm7wzg2qptyrg5","target":"Faq:01m0a70gt5w4evxk7g5njk9sjb","request_id":"4aa4b15f-e3db-4ca8-97ac-979c0624e019"} 
[2026-08-18 16:19:56] testing.INFO: faq.deleted {"audit_id":"01m0a70gv15n5hf04y326h8yt0","actor_id":"01m0a70gsbkqcm7wzg2qptyrg5","target":"Faq:01m0a70gt5w4evxk7g5njk9sjb","request_id":"4da70ee5-93ad-4142-85aa-833d63c1590a"} 
[2026-08-18 16:23:28] testing.INFO: attempt.started {"audit_id":"01m0a76znhsdcdf922hb45he3v","actor_id":"01m0a76zkra211q1b5pbg2r10t","target":"TestAttempt:01m0a76zne3mcbc99jmmd9xqhj","request_id":"a621fba5-c872-494d-bb73-1ab8374a34b5"} 
[2026-08-18 16:23:28] testing.INFO: attempt.started {"audit_id":"01m0a76zvrdkkdrpbk966zkecp","actor_id":"01m0a76zvcq792yqtcqhk7xfht","target":"TestAttempt:01m0a76zvqgzm4w4pa3eby3c08","request_id":"3bed34f4-de71-417b-9905-94b41b19141f"} 
[2026-08-18 16:23:28] testing.INFO: attempt.submitted {"audit_id":"01m0a76zwbcezarsmzb8h6sjyd","actor_id":"01m0a76zvcq792yqtcqhk7xfht","target":"TestAttempt:01m0a76zvqgzm4w4pa3eby3c08","request_id":"aa0249e1-aaea-418a-9d4c-7c463392e101"} 
[2026-08-18 16:23:28] testing.INFO: attempt.started {"audit_id":"01m0a76zzrhwd3apj9fx5exbg6","actor_id":"01m0a76zzbb5e7fmpcje5nr3yw","target":"TestAttempt:01m0a76zzq76pxxxd96t2wz3gk","request_id":"113a8a5e-7e81-4b07-9770-ad1d308c8619"} 
[2026-08-18 16:23:29] testing.INFO: attempt.started {"audit_id":"01m0a7706ers8gvxchwx6qs235","actor_id":"01m0a770627s38mtxjs5kj920n","target":"TestAttempt:01m0a7706d0gxj37f7r2vsm33f","request_id":"34cdcdac-cbfe-43c1-921a-a516e782d767"} 
[2026-08-18 16:23:29] testing.INFO: attempt.started {"audit_id":"01m0a7706pqpset983jbsh7pkh","actor_id":"01m0a770627s38mtxjs5kj920n","target":"TestAttempt:01m0a7706d0gxj37f7r2vsm33f","request_id":"81e789eb-977e-4540-a13b-b121305997da"} 
[2026-08-18 16:23:29] testing.INFO: role.updated {"audit_id":"01m0a770hhn6ymk6xr11sptdn3","actor_id":"01m0a770h2pm5rbytt3hf46j12","target":"Role:01m0a770fq0hq11qsg5fw0k0ph","request_id":"49bc06aa-51ce-4670-b8c0-9b0b68356653"} 
[2026-08-18 16:23:29] testing.INFO: settings.payment_method_qr_updated {"audit_id":"01m0a770s9rnerse6k9ayb247q","actor_id":"01m0a770rbe0kp93882mkqbdp7","target":"PaymentMethod:01m0a770qfs1p9qb8nbhkxstqn","request_id":"fa375cb6-eff6-4252-9d8b-bd311e88ac55"} 
[2026-08-18 16:23:29] testing.INFO: settings.payment_method_qr_removed {"audit_id":"01m0a770shtrb4vv0rp5e9q5vt","actor_id":"01m0a770rbe0kp93882mkqbdp7","target":"PaymentMethod:01m0a770qfs1p9qb8nbhkxstqn","request_id":"75b065dc-a553-4ef2-9a34-08a1984f5bd3"} 
[2026-08-18 16:23:29] testing.INFO: settings.updated {"audit_id":"01m0a770wxsbx2gwygdqpc92g3","actor_id":"01m0a770wdj5dew7nkbngnbrjp","target":":","request_id":"bf2983a3-b2d7-4e03-b984-a10838817a10"} 
[2026-08-18 16:23:29] testing.INFO: settings.updated {"audit_id":"01m0a77102483qpesn5nfdkhtn","actor_id":"01m0a770zrtpa6fv60h8d5qtag","target":":","request_id":"22a87a57-e3d9-4bbd-9339-6d88abcde4b0"} 
[2026-08-18 16:23:29] testing.INFO: settings.updated {"audit_id":"01m0a7713dpnfpk4qg6fc2escp","actor_id":"01m0a771338gkgrf3tcaff1yd9","target":":","request_id":"5687d194-60ee-469e-b48e-b5a7d1dd5dfe"} 
[2026-08-18 16:23:30] testing.INFO: recording.deleted {"audit_id":"01m0a771dvdeehjfdb9rf8865h","actor_id":"01m0a771dd5kht45q15h8n28nn","target":"Recording:01m0a771de6n598v2djqe6wz7z","request_id":"24762308-aba0-49ec-8de5-1799de77ca1c"} 
[2026-08-18 16:23:30] testing.INFO: course.updated {"audit_id":"01m0a771hcb999qkvhtejh817c","actor_id":"01m0a771gx9ne3w12z7eqqh678","target":"Course:01m0a771gyg2eja7vvqjht0kfp","request_id":"e99526cc-8e4e-410c-adc3-9ff9163daf47"} 
[2026-08-18 16:23:30] testing.INFO: course.updated {"audit_id":"01m0a771mxgjr8dt9wz5y25s6t","actor_id":"01m0a771mh5jnkmfj87y7ppqws","target":"Course:01m0a771mkdsns99f9np867yf2","request_id":"9bda5501-429b-4ae6-a6b4-c48d683c9ac9"} 
[2026-08-18 16:23:30] testing.INFO: auth.password_changed {"audit_id":"01m0a771vpmc5kj085dhkf4zpb","actor_id":"01m0a771v4hqxv0pvt807msftc","target":"User:01m0a771v4hqxv0pvt807msftc","request_id":"91cb2bfb-d943-41ad-bff5-6edc28cea1ce"} 
[2026-08-18 16:23:30] testing.INFO: auth.account_locked {"audit_id":"01m0a771zhpy9j1kmd3tk078nj","actor_id":"01m0a771yq691wzyqh98ckz320","target":"User:01m0a771yq691wzyqh98ckz320","request_id":"76290929-1322-468e-8577-dea31724939e"} 
[2026-08-18 16:23:31] testing.INFO: account.profile_updated {"audit_id":"01m0a7722sf28dk0wjx31w6v9d","actor_id":"01m0a7722hha226wfgnka5fvkq","target":"User:01m0a7722hha226wfgnka5fvkq","request_id":"547e8133-6d78-4251-a45d-493b54cfae59"} 
[2026-08-18 16:23:31] testing.INFO: auth.logged_in {"audit_id":"01m0a772640ysj55mp0zx83eqn","actor_id":"01m0a7725vwx0d4qqkjcgaym2x","target":"User:01m0a7725vwx0d4qqkjcgaym2x","request_id":"544d1bb5-5bdc-4946-8dd0-935be3c9d894"} 
[2026-08-18 16:23:31] testing.INFO: auth.logged_out {"audit_id":"01m0a7726ebjn5fmebxss9cd1m","actor_id":"01m0a7725vwx0d4qqkjcgaym2x","target":"User:01m0a7725vwx0d4qqkjcgaym2x","request_id":"b58b9265-2a74-4b0d-ad18-6adca3dc73cc"} 
[2026-08-18 16:23:31] testing.INFO: auth.logged_in {"audit_id":"01m0a7726j8wqrwm0t35cmbwwf","actor_id":"01m0a7725vwx0d4qqkjcgaym2x","target":"User:01m0a7725vwx0d4qqkjcgaym2x","request_id":"4659754e-f488-4e57-aaca-26b1302aafaa"} 
[2026-08-18 16:23:31] testing.INFO: payment.approved {"audit_id":"01m0a772pmdwsv2xca0ankkbe5","actor_id":"01m0a772cwx921vk1p2efmsw3j","target":"Payment:01m0a772cx9w8j1bq61nq86g01","request_id":"f52c3a69-ff1b-4808-892b-c7d18ec289df"} 
[2026-08-18 16:23:31] testing.INFO: refund.recorded {"audit_id":"01m0a772y0m7xy3zqktw733cjj","actor_id":"01m0a772xf1fb0hanktyb7e703","target":"Refund:01m0a772xzx6fv765wtpj1957c","request_id":"f6f0542b-3e48-4260-9f87-99dd9da21d76"} 
[2026-08-18 16:23:31] testing.INFO: refund.processed {"audit_id":"01m0a772yggx3cwxx3hsabb9fd","actor_id":"01m0a772xh7bxnw1td7ktv78td","target":"Refund:01m0a772xzx6fv765wtpj1957c","request_id":"c73ea117-037c-4103-8d6b-b87a4cfc82f8"} 
[2026-08-18 16:23:32] testing.INFO: payment.approved {"audit_id":"01m0a7737emf9twjz0w8vyz8y8","actor_id":"01m0a7731cd76f99ds9tv14qr6","target":"Payment:01m0a7731e2aydzkjv0bhnhar0","request_id":"a469b689-e67c-4690-9344-ebb1d46c797c"} 
[2026-08-18 16:23:32] testing.INFO: payment.rejected {"audit_id":"01m0a773b184hg2xxj2phv61gz","actor_id":"01m0a773akjjfb86y6ap8p47rj","target":"Payment:01m0a773anhrq8xq1tx1z84fs6","request_id":"b4e42571-4f36-4f77-a976-7e2d98402988"} 
[2026-08-18 16:23:32] testing.INFO: payment.approved {"audit_id":"01m0a773yesbwr2x66p7bx8cmr","actor_id":"01m0a773rgmktzmbjwfav8esbn","target":"Payment:01m0a773rh1vdba6k0yn5ch6f3","request_id":"a8f8c743-f798-4e23-ba1b-9e8b7d0d1ab9"} 
[2026-08-18 16:23:33] testing.INFO: enrollment_request.approved {"audit_id":"01m0a7742jrwfdh6z5bjf33fxh","actor_id":"01m0a7741tnbvgn5jjtfcksxqs","target":"EnrollmentRequest:01m0a7741w18radb39mwtywa9z","request_id":"f6f56c82-7587-43af-b3af-1da380578338"} 
[2026-08-18 16:23:33] testing.INFO: enrollment_request.rejected {"audit_id":"01m0a7745vf992bxydmbfvgkrx","actor_id":"01m0a7745fyte3t34f0nj9r7vj","target":"EnrollmentRequest:01m0a7745h09k2e0y9js1h5bfq","request_id":"3c2ad469-8fd3-40c2-87a5-1c1feb864a5a"} 
[2026-08-18 16:23:33] testing.INFO: user.suspend {"audit_id":"01m0a774n92jqp1r5y43rwq3r7","actor_id":"01m0a774meyfdvftc3ftf4z27n","target":"User:01m0a774mjhbpxkced26ydvcmj","request_id":"15e7b608-2919-4174-96ca-97777030cd3b"} 
[2026-08-18 16:23:35] testing.INFO: user.archived {"audit_id":"01m0a7763gnaykehxddyh0059f","actor_id":"01m0a7762j3fps7qw6v4vpawzc","target":"User:01m0a7762sz2gyy5sepjyyqssq","request_id":"3bff15a8-344e-446f-b1a5-0c46549c4280"} 
[2026-08-18 16:23:35] testing.INFO: user.archived {"audit_id":"01m0a7766xgfwrn5mm4h6wf5q1","actor_id":"01m0a7766r8tavrcgr9skns37d","target":"User:01m0a7766e6t7xpwxzazkyxkkr","request_id":"81a98ae9-629b-4d86-80fe-352810cbb255"} 
[2026-08-18 16:23:35] testing.INFO: user.updated {"audit_id":"01m0a776ac5q1yazwpx5b640x6","actor_id":"01m0a776a2992dw1kpbtn2gkr3","target":"User:01m0a776a44m2zbv1y23pc2bzz","request_id":"b170dd8c-8461-4e5e-92a1-2c33c9ad411e"} 
[2026-08-18 16:23:35] testing.INFO: auth.logged_in {"audit_id":"01m0a776gxa3e7dp7xn1dp8mdm","actor_id":"01m0a776gnjne001440ykx9kj8","target":"User:01m0a776gnjne001440ykx9kj8","request_id":"e14bb1fc-b163-41cd-9700-7ddef281dff7"} 
[2026-08-18 16:23:35] testing.INFO: user.devices_reset {"audit_id":"01m0a776mbh630p63713k794kg","actor_id":"01m0a776kx3ttswqre01b9an5w","target":"User:01m0a776kzem2qhhm0xzmrs0x4","request_id":"2c6cbb38-c456-4eac-960e-a5b867c5b4b5"} 
[2026-08-18 16:23:35] testing.INFO: auth.logged_in {"audit_id":"01m0a776qgh2hj9mrdkpjpv9eg","actor_id":"01m0a776q70amm8t56rarx4fky","target":"User:01m0a776q70amm8t56rarx4fky","request_id":"4a2b845c-54c9-40f6-923e-ffe1a3917f07"} 
[2026-08-18 16:23:35] testing.INFO: auth.logged_out {"audit_id":"01m0a776qqrb3zst2d8h25kxeq","actor_id":"01m0a776q70amm8t56rarx4fky","target":"User:01m0a776q70amm8t56rarx4fky","request_id":"482db1ad-93a2-4a3f-8907-d26b4f91e1ac"} 
[2026-08-18 16:23:35] testing.INFO: auth.logged_in {"audit_id":"01m0a776qwjzzfgdj9td4we6fh","actor_id":"01m0a776q70amm8t56rarx4fky","target":"User:01m0a776q70amm8t56rarx4fky","request_id":"5f4964e6-42d7-4317-816b-90022ef72731"} 
[2026-08-18 16:23:36] testing.INFO: faq.created {"audit_id":"01m0a777b2zra11t4edv18nypz","actor_id":"01m0a777ar4rq06wj5g630zyex","target":"Faq:01m0a777b1xry3yeeg9anh3t0f","request_id":"3451921b-1f45-48e1-8fb3-ca8453dd98eb"} 
[2026-08-18 16:23:36] testing.INFO: faq.updated {"audit_id":"01m0a777b96qpvt2wzzbj5a49k","actor_id":"01m0a777ar4rq06wj5g630zyex","target":"Faq:01m0a777b1xry3yeeg9anh3t0f","request_id":"ee777c8d-0c11-4ead-a7fd-2ccdd394855a"} 
[2026-08-18 16:23:36] testing.INFO: faq.deleted {"audit_id":"01m0a777bkhe14ptd83j1t4c0g","actor_id":"01m0a777ar4rq06wj5g630zyex","target":"Faq:01m0a777b1xry3yeeg9anh3t0f","request_id":"22960efe-b27c-4c5c-b439-bf4584635219"} 
[2026-08-18 16:23:36] testing.INFO: settings.updated {"audit_id":"01m0a777mk126wnpvj5kc9zf59","actor_id":"01m0a777m81hjmec7x2fs1jtsj","target":":","request_id":"464bcbfe-3ca1-4ac6-99ec-e555b853d0cf"} 
[2026-08-18 16:23:36] testing.INFO: settings.updated {"audit_id":"01m0a777r3xjsy094688rek06s","actor_id":"01m0a777qtqypt2p8629ab3v06","target":":","request_id":"41ca6df8-c2e4-4cce-8ea4-85334e8c51ba"} 
[2026-08-18 16:23:36] testing.INFO: settings.updated {"audit_id":"01m0a777rcy1tpqgtnekg4xz78","actor_id":"01m0a777qtqypt2p8629ab3v06","target":":","request_id":"5d42162d-928f-4c80-a3ae-d676cbdeabc4"} 
[2026-08-18 16:27:25] local.INFO: attendance.finalized {"audit_id":"01m0a7e6phf2ret97cxqypqmrt","actor_id":"01m09q7tew3njjzstq74javh4k","target":"ClassSession:01m09xznj0bv8s768p02reryy2","request_id":"96bdc9f9-1600-4190-a52f-2479b45ccb6e"} 
[2026-08-18 16:28:28] local.INFO: auth.logged_out {"audit_id":"01m0a7g4v8fdrrp1tkw1afs1dj","actor_id":"01m09q7tew3njjzstq74javh4k","target":"User:01m09q7tew3njjzstq74javh4k","request_id":"1577946f-a1e2-4641-aee5-2bdfde89d074"} 
[2026-08-18 16:28:40] local.INFO: auth.logged_in {"audit_id":"01m0a7ggp9gk9qjhj27hzgzwm2","actor_id":"01m09q7twwana37bsa40edjnt8","target":"User:01m09q7twwana37bsa40edjnt8","request_id":"2a128774-0778-4b5c-b057-618a49b5a422"} 
[2026-08-18 16:29:30] local.INFO: auth.logged_out {"audit_id":"01m0a7j14z6m26jfdpx5tsbx4v","actor_id":"01m09q7twwana37bsa40edjnt8","target":"User:01m09q7twwana37bsa40edjnt8","request_id":"194c97bf-e1a0-4aee-a23b-85ec2c61c4a5"} 
[2026-08-18 16:29:52] local.INFO: auth.logged_in {"audit_id":"01m0a7jpgdhrdjmq903rqc86wn","actor_id":"01m09q7tew3njjzstq74javh4k","target":"User:01m09q7tew3njjzstq74javh4k","request_id":"125a99fd-8331-4004-9eb0-6d6cb1e7b214"} 
[2026-08-18 16:55:32] testing.INFO: enrollment_request.approved {"audit_id":"01m0a91phh7azbbw85fme3dda7","actor_id":"01m0a91pej1h1rkmjnbr1h01cn","target":"EnrollmentRequest:01m0a91penn6094nhx8x1ntqny","request_id":"7f467c41-7025-4c67-9d58-3c45e0274646"} 
[2026-08-18 16:55:32] testing.INFO: enrollment_request.approved {"audit_id":"01m0a91ptrs795vcpwjnjrgnfn","actor_id":"01m0a91ptcn4ndpbmaepgm38pr","target":"EnrollmentRequest:01m0a91pted4edtev11zsyabs0","request_id":"8af5c3cd-93ee-43ce-8f91-f17c613bd47b"} 
[2026-08-18 16:55:32] testing.INFO: enrollment_request.rejected {"audit_id":"01m0a91pxyrmy227dm30vpq9gw","actor_id":"01m0a91pxmsw1pfbqrfg97dvgp","target":"EnrollmentRequest:01m0a91pxnqc31ya0k6tgz9eam","request_id":"2ad21059-b269-4977-a50f-06740c5809d7"} 
[2026-08-18 16:55:40] testing.INFO: settings.updated {"audit_id":"01m0a91xx9k36tcfd90egb7h2v","actor_id":"01m0a91xvteyhzj0zca7nx0mkg","target":":","request_id":"53ddf6d9-1b66-47d1-802c-98feae4ef217"} 
[2026-08-18 16:55:40] testing.INFO: settings.updated {"audit_id":"01m0a91y4w77cg0gr474q54yjd","actor_id":"01m0a91y4mjmnew87necxwkgd3","target":":","request_id":"f0f7b946-fa9e-438f-a969-17c431731a5a"} 
[2026-08-18 16:55:40] testing.INFO: role.updated {"audit_id":"01m0a91yb3p1st8xs1btmb04ms","actor_id":"01m0a91yas2q2b1vkaz9s2mj89","target":"Role:01m0a91y9feypx341cjktg8xjt","request_id":"71e5ca56-7c7c-4f70-be4a-a4c029c5abbe"} 
[2026-08-18 16:55:40] testing.INFO: settings.payment_method_qr_updated {"audit_id":"01m0a91yg13jx4r4932nstsarm","actor_id":"01m0a91yes59gkv96e8pz58cdt","target":"PaymentMethod:01m0a91ydykmmw570ge1h1n44h","request_id":"6dfca4c6-468b-446f-afd9-45427a017556"} 
[2026-08-18 16:55:40] testing.INFO: settings.payment_method_qr_removed {"audit_id":"01m0a91ygbfj1ne8r9jbswqr9t","actor_id":"01m0a91yes59gkv96e8pz58cdt","target":"PaymentMethod:01m0a91ydykmmw570ge1h1n44h","request_id":"37b66405-ed47-4d7c-bbc6-0518eade9a89"} 
[2026-08-18 16:55:40] testing.INFO: settings.updated {"audit_id":"01m0a91ypyemej5bx1y0mzyw8z","actor_id":"01m0a91ypkper5c2btk7k060dy","target":":","request_id":"d45ed635-0dcf-46c7-87f5-f6d44e1533f4"} 
[2026-08-18 16:55:40] testing.INFO: faq.created {"audit_id":"01m0a91ytr3cpvtdt7y499fvsc","actor_id":"01m0a91ytb655kj622363shtnd","target":"Faq:01m0a91ytq2gagkczjhqm6ptt6","request_id":"4440592d-f4ef-42e0-b52f-aee5fe134773"} 
[2026-08-18 16:55:40] testing.INFO: faq.updated {"audit_id":"01m0a91yv095ha6krb6435zd94","actor_id":"01m0a91ytb655kj622363shtnd","target":"Faq:01m0a91ytq2gagkczjhqm6ptt6","request_id":"a745c573-2db9-4e04-aa85-41a42db8e991"} 
[2026-08-18 16:55:41] testing.INFO: faq.deleted {"audit_id":"01m0a91yvbh3v163br310dmvr5","actor_id":"01m0a91ytb655kj622363shtnd","target":"Faq:01m0a91ytq2gagkczjhqm6ptt6","request_id":"aa1a84cd-92b2-48e5-9ebb-716cffd87fd9"} 
[2026-08-18 16:55:41] testing.INFO: attempt.started {"audit_id":"01m0a91z5dncjxf38h9dq0q5a0","actor_id":"01m0a91z4ng993cdx63zfahfwr","target":"TestAttempt:01m0a91z5ch0qsp03nv0sbys4s","request_id":"901f3a09-637a-4cd6-b20f-587379e99d96"} 
[2026-08-18 16:55:41] testing.INFO: attempt.started {"audit_id":"01m0a91zc56qc9sqpa6etpgwfp","actor_id":"01m0a91zbrsqvhpjhj6n7z4bm5","target":"TestAttempt:01m0a91zc31qp6gkjx0e7da13w","request_id":"4c235e72-9380-4c41-be69-134cfbcf398e"} 
[2026-08-18 16:55:41] testing.INFO: attempt.started {"audit_id":"01m0a91zcd5ccmpbakzfemae81","actor_id":"01m0a91zbrsqvhpjhj6n7z4bm5","target":"TestAttempt:01m0a91zc31qp6gkjx0e7da13w","request_id":"f7ce4b3b-2aa8-4f6f-91b7-d887a18b344c"} 
[2026-08-18 16:55:41] testing.INFO: attempt.started {"audit_id":"01m0a91zfk76t7ag7gymf4ch11","actor_id":"01m0a91zf7wt6ttfpj40jh0z4e","target":"TestAttempt:01m0a91zfjt6fk5nfcr28fbfx8","request_id":"a4522b88-3ac2-4015-b702-f273d7ed5c40"} 
[2026-08-18 16:55:41] testing.INFO: attempt.started {"audit_id":"01m0a91zkb4jy0qwgz8ebkrc7c","actor_id":"01m0a91zjz0s976vq5c97kqrxa","target":"TestAttempt:01m0a91zkadegcv9j9tvbb77s9","request_id":"38686417-c62e-4ff9-90f6-4800a662ec77"} 
[2026-08-18 16:55:41] testing.INFO: attempt.submitted {"audit_id":"01m0a91zkwmbs8sdcdc9yy873y","actor_id":"01m0a91zjz0s976vq5c97kqrxa","target":"TestAttempt:01m0a91zkadegcv9j9tvbb77s9","request_id":"a9437b79-8546-4d9c-a1f9-1f58fdcbe2e1"} 
[2026-08-18 16:55:42] testing.INFO: auth.logged_in {"audit_id":"01m0a91ztpdwwepj2pv1pq5w0t","actor_id":"01m0a91zt70jc5qre29f2bsj67","target":"User:01m0a91zt70jc5qre29f2bsj67","request_id":"b591c9b9-dc57-450c-9ecd-05676aad0c55"} 
[2026-08-18 16:55:42] testing.INFO: auth.logged_out {"audit_id":"01m0a91zv96xrgxvqz2ey1ahgf","actor_id":"01m0a91zt70jc5qre29f2bsj67","target":"User:01m0a91zt70jc5qre29f2bsj67","request_id":"6ea72fa2-7ab0-4d8b-94cb-4119c3391654"} 
[2026-08-18 16:55:42] testing.INFO: auth.logged_in {"audit_id":"01m0a91zvdtr01at5e4203x752","actor_id":"01m0a91zt70jc5qre29f2bsj67","target":"User:01m0a91zt70jc5qre29f2bsj67","request_id":"f26f8b68-6f61-44f7-8108-7f56b2191466"} 
[2026-08-18 16:55:42] testing.INFO: auth.account_locked {"audit_id":"01m0a92023jkn2kd8de298db5z","actor_id":"01m0a9201cyfzr56sd7vhbjsds","target":"User:01m0a9201cyfzr56sd7vhbjsds","request_id":"7b794d16-f392-44f1-aba9-71ed021d38f4"} 
[2026-08-18 16:55:42] testing.INFO: auth.password_changed {"audit_id":"01m0a9205prn9yt11y15n9b47p","actor_id":"01m0a92054z278k66afcfa0nap","target":"User:01m0a92054z278k66afcfa0nap","request_id":"97c53f7c-bab4-43b7-a228-fdab7d2ee494"} 
[2026-08-18 16:55:42] testing.INFO: account.profile_updated {"audit_id":"01m0a9208x9kv5dmwgmhss5fn5","actor_id":"01m0a9208nfnc4bz2ypstmycs9","target":"User:01m0a9208nfnc4bz2ypstmycs9","request_id":"8dce4ae0-2f6b-4d83-9ca4-667cbc6633e6"} 
[2026-08-18 16:55:42] testing.INFO: course.updated {"audit_id":"01m0a920fr9dx7avsyc4bt8h3d","actor_id":"01m0a920f8a6w3rkz6qd4gryex","target":"Course:01m0a920f9rtbwza5vpehcpfsg","request_id":"5f5885e4-b6c3-4a8b-b651-eb8fa5387958"} 
[2026-08-18 16:55:42] testing.INFO: course.updated {"audit_id":"01m0a920kbtfrx4dvppekgpyqg","actor_id":"01m0a920jyvhxhxt18q7z08erh","target":"Course:01m0a920jzv8qsmh03w0r12zxg","request_id":"67712fb0-167e-4112-8d54-dcbdf911a9ad"} 
[2026-08-18 16:55:42] testing.INFO: auth.logged_in {"audit_id":"01m0a920pk07p355jj5kfy4qsa","actor_id":"01m0a920pb2t31kpp5jwxsqkta","target":"User:01m0a920pb2t31kpp5jwxsqkta","request_id":"c6ac64a5-a669-4067-b0ee-99ac767f82f1"} 
[2026-08-18 16:55:42] testing.INFO: auth.logged_out {"audit_id":"01m0a920ptgtc5zk4nsv1caas4","actor_id":"01m0a920pb2t31kpp5jwxsqkta","target":"User:01m0a920pb2t31kpp5jwxsqkta","request_id":"1bf0093d-677a-44f1-8d12-7fb9d4ce789c"} 
[2026-08-18 16:55:42] testing.INFO: auth.logged_in {"audit_id":"01m0a920q1cws3tefdw9k02pf8","actor_id":"01m0a920pb2t31kpp5jwxsqkta","target":"User:01m0a920pb2t31kpp5jwxsqkta","request_id":"dd469520-f55f-49d1-9c8e-f98402f352e2"} 
[2026-08-18 16:55:43] testing.INFO: auth.logged_in {"audit_id":"01m0a920t2rgq80dzje6p8ebqw","actor_id":"01m0a920ste80d9qb0ztajpw5t","target":"User:01m0a920ste80d9qb0ztajpw5t","request_id":"03bc90df-df3c-4da6-a493-f9d1d132dd0e"} 
[2026-08-18 16:55:43] testing.INFO: user.devices_reset {"audit_id":"01m0a920yj6k0qyrf4jkb7swsf","actor_id":"01m0a920y3y30vte4s8hq6mjmx","target":"User:01m0a920y58h3vwx5qg6k5a8dv","request_id":"a7dd38be-8fa7-4fed-8177-9eb48016a74d"} 
[2026-08-18 16:55:43] testing.INFO: enrollment_request.approved {"audit_id":"01m0a9212b5j3b97n12agx3fhw","actor_id":"01m0a9211vwp5z7g85hq48wjqj","target":"EnrollmentRequest:01m0a9211xh91e0kmt4psz26he","request_id":"34a0e496-90f2-4036-8094-3b687223d60e"} 
[2026-08-18 16:55:43] testing.INFO: enrollment_request.approved {"audit_id":"01m0a9218tq6twmjz1qwhnnexw","actor_id":"01m0a9218d9excvbrr6n09586q","target":"EnrollmentRequest:01m0a9218fe76bsaqfq5waf8dj","request_id":"8dda6167-19ed-4b48-8320-3119d58f7027"} 
[2026-08-18 16:55:43] testing.INFO: enrollment_request.rejected {"audit_id":"01m0a921c0xe55xfwm02qvfqbz","actor_id":"01m0a921bn6mcr4gqg7xq6qvb9","target":"EnrollmentRequest:01m0a921bp4qtsgedab3dc5fgf","request_id":"eb272559-844d-4bdd-b73e-a9c8ff6b2c4b"} 
[2026-08-18 16:55:43] testing.INFO: settings.updated {"audit_id":"01m0a921r6nemrjhbpsnfsccsb","actor_id":"01m0a921qxzne470501p3zhve7","target":":","request_id":"639ac752-cfc9-4045-9c72-2a18a6736b3e"} 
[2026-08-18 16:55:44] testing.INFO: settings.updated {"audit_id":"01m0a921vt6dyc8br77vfgv423","actor_id":"01m0a921vhts366zc31phvfgzq","target":":","request_id":"ed5cba0e-6676-492b-9462-e773bec6c38e"} 
[2026-08-18 16:55:44] testing.INFO: settings.updated {"audit_id":"01m0a921w25geg9e0jqqhz964c","actor_id":"01m0a921vhts366zc31phvfgzq","target":":","request_id":"330d52b3-5298-4522-b711-6f56deed54b5"} 
[2026-08-18 16:55:44] testing.INFO: payment.approved {"audit_id":"01m0a922mwfnjp2nqcbg2tgq3e","actor_id":"01m0a922b7wpxzq85w7z7k9gw9","target":"Payment:01m0a922b88es8zjtftzk66mce","request_id":"549333a1-cbda-4d34-842c-caf10081ad5a"} 
[2026-08-18 16:55:45] testing.INFO: payment.approved {"audit_id":"01m0a922xnf6277a3npn3svsnj","actor_id":"01m0a922qsgcej0t8akte4pjq0","target":"Payment:01m0a922qtsemnaqja92hysxvj","request_id":"88295d40-5713-4876-938b-fc0d650b9527"} 
[2026-08-18 16:55:45] testing.INFO: payment.approved {"audit_id":"01m0a923aa84j2pvg90am7swzn","actor_id":"01m0a9234qpy322bt1sfarz2z3","target":"Payment:01m0a9234rq5g6j8w44twcdftx","request_id":"5b6ee396-7739-45f0-829a-a8e43af0a81c"} 
[2026-08-18 16:55:45] testing.INFO: payment.rejected {"audit_id":"01m0a923dt0azq1gc2m67x2465","actor_id":"01m0a923ddw96474kj9hg8tdd8","target":"Payment:01m0a923dfebv0xcv97j6z4evz","request_id":"49199867-186e-4812-b0ef-f29896a8febe"} 
[2026-08-18 16:55:46] testing.INFO: refund.recorded {"audit_id":"01m0a923qg6k11whzhjfcja497","actor_id":"01m0a923pzjw340ta05c3emyhh","target":"Refund:01m0a923qfpxx5d74cxwa6gn14","request_id":"20e47952-7e26-4adb-83fb-d8823e7230cc"} 
[2026-08-18 16:55:46] testing.INFO: refund.processed {"audit_id":"01m0a923r0m3je2r4z3h3xvdkt","actor_id":"01m0a923q0zs5vmy801x0mb0jc","target":"Refund:01m0a923qfpxx5d74cxwa6gn14","request_id":"b3d9d45a-d70b-4c2e-882e-a0f507c72ed6"} 
[2026-08-18 16:55:47] testing.INFO: user.suspend {"audit_id":"01m0a92590qrwb12vk7hky39zc","actor_id":"01m0a92589e8c35vtws876yk1z","target":"User:01m0a9258dzp7myjcdhmghmnk9","request_id":"6b7ef1de-6699-41fe-8191-f5c04445946c"} 
[2026-08-18 16:55:47] testing.INFO: user.archived {"audit_id":"01m0a925cy076jdjnafbkp1s3s","actor_id":"01m0a925c2ysfyy9j6f8j85e8n","target":"User:01m0a925c8fv0y7k94nbb889e9","request_id":"caa24565-7550-4d81-8c01-dd4662d4dab1"} 
[2026-08-18 16:55:47] testing.INFO: user.archived {"audit_id":"01m0a925g4tx67zk4k505w4afc","actor_id":"01m0a925fzg4ba97kh9xkcsa0g","target":"User:01m0a925fnwqtba677xygwzt33","request_id":"92da541a-4628-4513-b056-e551eea46d17"} 
[2026-08-18 16:55:47] testing.INFO: user.updated {"audit_id":"01m0a925k4yw1925q88rj66svz","actor_id":"01m0a925jtxev2q09ykqycz19w","target":"User:01m0a925jwbs68neaswv9zcwh5","request_id":"c52b31e3-1df3-444e-95a0-c66eb0676626"} 
[2026-08-18 16:55:49] testing.INFO: recording.deleted {"audit_id":"01m0a926qtt2ebfyeqsk5wytqa","actor_id":"01m0a926qah6a4d590dhcpw84x","target":"Recording:01m0a926qc220q6yg6avn824bn","request_id":"14efc9dc-453d-4a7d-a52d-8db860f75169"} 
[2026-08-18 17:02:08] testing.INFO: user.suspend {"audit_id":"01m0a9dsfwr4fs3fkq9ghkh8g1","actor_id":"01m0a9dseqhvqzqxyj12jqvyzm","target":"User:01m0a9dsewdk6nvcgv8zec7wng","request_id":"08f52039-2f85-44a2-91e0-4d5ef5e177e7"} 
[2026-08-18 17:02:08] testing.INFO: user.archived {"audit_id":"01m0a9dspkj0bxn8vm4mrx0zvf","actor_id":"01m0a9dsn783d48g96b2rr8rwa","target":"User:01m0a9dsnfpxp41yga33cnarfp","request_id":"f44e2ab4-ade8-43bf-9457-989cef302d43"} 
[2026-08-18 17:02:09] testing.INFO: user.archived {"audit_id":"01m0a9dstph2tnj4pgbdqnk9w7","actor_id":"01m0a9dstg8nvk2ax7x6n1sf7y","target":"User:01m0a9dst6zpsbp1b8ympbm4y7","request_id":"81506fc0-f851-468c-990e-df07f20b3b1f"} 
[2026-08-18 17:02:09] testing.INFO: user.updated {"audit_id":"01m0a9dsyqvj49w6nabp4ae2d4","actor_id":"01m0a9dsyb8c8q87s8d4xtrwcv","target":"User:01m0a9dsyecxv030w048dyac86","request_id":"f986a647-b1b3-48dd-928d-7479a8bea0f8"} 
[2026-08-18 17:02:09] testing.INFO: test.published {"audit_id":"01m0a9dthhc7z3na93q9cnm36k","actor_id":"01m0a9dtgc9tp0wfx5ph7gwx7f","target":"Test:01m0a9dtgj39see7fanrk857nq","request_id":"8164d0d1-bc34-48cd-92ba-7006ad361674"} 
[2026-08-18 17:02:18] testing.INFO: settings.updated {"audit_id":"01m0a9e314vhd0qswm1092e35c","actor_id":"01m0a9e2zsezyryp6aq9ser7bb","target":":","request_id":"3b82bce1-53aa-4f06-8557-9adc504070e4"} 
[2026-08-18 17:02:18] testing.INFO: settings.updated {"audit_id":"01m0a9e3azvb5h3s65r1dq1hw4","actor_id":"01m0a9e3akq6qvqgejtxb24164","target":":","request_id":"9e905489-96ef-4594-880d-6ba812c0609a"} 
[2026-08-18 17:02:19] testing.INFO: role.updated {"audit_id":"01m0a9e3jv22w6krjdcqkn9h8j","actor_id":"01m0a9e3jeq3phgwk30wgtqzc0","target":"Role:01m0a9e3gqns6t0156ewjy3a71","request_id":"e77cecb5-958f-4f35-9a27-ca5a51d950bf"} 
[2026-08-18 17:02:19] testing.INFO: settings.payment_method_qr_updated {"audit_id":"01m0a9e3re0tr9qwx92zw7qv2t","actor_id":"01m0a9e3qa9h994zq1rtee49nv","target":"PaymentMethod:01m0a9e3peb3q91f0fdn6j1gsw","request_id":"3359d6ed-bbb1-45c9-ad4a-a78d3cdebbbb"} 
[2026-08-18 17:02:19] testing.INFO: settings.payment_method_qr_removed {"audit_id":"01m0a9e3rvfszrsmgr7c7cvxby","actor_id":"01m0a9e3qa9h994zq1rtee49nv","target":"PaymentMethod:01m0a9e3peb3q91f0fdn6j1gsw","request_id":"e28941f2-587b-4fc0-bf3f-421f2625d566"} 
[2026-08-18 17:02:19] testing.INFO: settings.updated {"audit_id":"01m0a9e40wtvwp03q5z6sgkr63","actor_id":"01m0a9e40fq9s3rgz8g7nnwnsc","target":":","request_id":"0d4c2950-c3a7-41cc-9c6f-c14c3eba7c11"} 
[2026-08-18 17:02:19] testing.INFO: faq.created {"audit_id":"01m0a9e45jmdr13hzvb0439k5s","actor_id":"01m0a9e4556jw7cz9aj13bf0th","target":"Faq:01m0a9e45hdqv98vk8gcw7pdz3","request_id":"ddfb96af-7f8b-4ee4-a6f7-6fc79e016a74"} 
[2026-08-18 17:02:19] testing.INFO: faq.updated {"audit_id":"01m0a9e45tttxpdbsqvxj5y6ew","actor_id":"01m0a9e4556jw7cz9aj13bf0th","target":"Faq:01m0a9e45hdqv98vk8gcw7pdz3","request_id":"9f2f4004-e09e-44b4-95ee-eb9ee3b1725b"} 
[2026-08-18 17:02:19] testing.INFO: faq.deleted {"audit_id":"01m0a9e46674ca1bj9sgphn950","actor_id":"01m0a9e4556jw7cz9aj13bf0th","target":"Faq:01m0a9e45hdqv98vk8gcw7pdz3","request_id":"943965be-b01a-48db-ad71-ad5e20afb292"} 
[2026-08-18 17:02:20] testing.INFO: attempt.started {"audit_id":"01m0a9e4k6hff5pd3gjvrs1qby","actor_id":"01m0a9e4jejxcwgyqxwhy2pzr9","target":"TestAttempt:01m0a9e4k4x2p4ws8fed5r487m","request_id":"abde36d7-d7a6-4a1e-8c8b-dde4d3cac632"} 
[2026-08-18 17:02:20] testing.INFO: attempt.started {"audit_id":"01m0a9e4vkzjnaak4sjxrttevh","actor_id":"01m0a9e4v0bffw1dwwffvx52sw","target":"TestAttempt:01m0a9e4vjzsyj38cy5fygadky","request_id":"1c9ac6bc-d882-424d-9b0e-25c9cc99e62d"} 
[2026-08-18 17:02:20] testing.INFO: attempt.started {"audit_id":"01m0a9e4w0bd154cjysvkjqja6","actor_id":"01m0a9e4v0bffw1dwwffvx52sw","target":"TestAttempt:01m0a9e4vjzsyj38cy5fygadky","request_id":"d659439c-c7b8-45f1-8ac2-6a712ae9bf17"} 
[2026-08-18 17:02:20] testing.INFO: attempt.started {"audit_id":"01m0a9e50k0xz2zmhr4100sby4","actor_id":"01m0a9e505327n0gb9x7ct4sca","target":"TestAttempt:01m0a9e50jnvemne64h4qe0w4m","request_id":"7999861b-c68d-4460-a3e1-c0c0fdbf5a9c"} 
[2026-08-18 17:02:20] testing.INFO: attempt.started {"audit_id":"01m0a9e54zx2jj5hkyzqrsnfqv","actor_id":"01m0a9e54hxwc54q9ezqtt4712","target":"TestAttempt:01m0a9e54y03vcspgsvqmtrn9j","request_id":"7175a0d9-aeef-4cf7-ac9c-8932d7ec70a4"} 
[2026-08-18 17:02:20] testing.INFO: attempt.submitted {"audit_id":"01m0a9e55hrwwxym642kk5kzbt","actor_id":"01m0a9e54hxwc54q9ezqtt4712","target":"TestAttempt:01m0a9e54y03vcspgsvqmtrn9j","request_id":"496ce87d-fc4d-405e-8dfc-6bb4ce3165e7"} 
[2026-08-18 17:02:20] testing.INFO: auth.logged_in {"audit_id":"01m0a9e5emk81bpahenjz85bke","actor_id":"01m0a9e5e5kva5t9yd8w44wa3h","target":"User:01m0a9e5e5kva5t9yd8w44wa3h","request_id":"4e32af1d-9dec-4d9b-8b3e-68dd0829e5f3"} 
[2026-08-18 17:02:20] testing.INFO: auth.logged_out {"audit_id":"01m0a9e5f6fb77kpcqs0b3974t","actor_id":"01m0a9e5e5kva5t9yd8w44wa3h","target":"User:01m0a9e5e5kva5t9yd8w44wa3h","request_id":"947471e2-bde4-4990-9bef-3b4c87978075"} 
[2026-08-18 17:02:21] testing.INFO: auth.logged_in {"audit_id":"01m0a9e5fcysq9vrw9bybtzts3","actor_id":"01m0a9e5e5kva5t9yd8w44wa3h","target":"User:01m0a9e5e5kva5t9yd8w44wa3h","request_id":"41f84e35-5c82-411c-a86c-ce47e018d563"} 
[2026-08-18 17:02:21] testing.INFO: auth.account_locked {"audit_id":"01m0a9e5qeayx6796q2bjpksq6","actor_id":"01m0a9e5pk3tzd3m7rg9gszd7g","target":"User:01m0a9e5pk3tzd3m7rg9gszd7g","request_id":"3ea54b0e-2089-4225-850b-d6ff11d19600"} 
[2026-08-18 17:02:21] testing.INFO: auth.password_changed {"audit_id":"01m0a9e5w17gt21xqjbbb0pg5d","actor_id":"01m0a9e5v6qv6gjmcmdfwvzzn2","target":"User:01m0a9e5v6qv6gjmcmdfwvzzn2","request_id":"fcc5c3bb-68b5-4432-9cf6-dfc2770bb40b"} 
[2026-08-18 17:02:21] testing.INFO: account.profile_updated {"audit_id":"01m0a9e60w5ydz99m027kevg2h","actor_id":"01m0a9e60jwnarqqsb8nfzw3zb","target":"User:01m0a9e60jwnarqqsb8nfzw3zb","request_id":"1be27ba9-0197-407b-9454-523f0dc6a857"} 
[2026-08-18 17:02:21] testing.INFO: course.updated {"audit_id":"01m0a9e69cfq7rwjv10djp2qvn","actor_id":"01m0a9e68r8jhem1cfc8znsybn","target":"Course:01m0a9e68tabxk1dcmfmn4fm5v","request_id":"3eb7f1b4-f946-442b-af79-45959e78aac2"} 
[2026-08-18 17:02:21] testing.INFO: course.updated {"audit_id":"01m0a9e6dvafv43j8wbg6a0afr","actor_id":"01m0a9e6d71jk7rk807hc842pt","target":"Course:01m0a9e6d9k105yk35pn0ey9he","request_id":"0e681112-cdee-46dc-bfd3-38d18a9885e3"} 
[2026-08-18 17:02:22] testing.INFO: auth.logged_in {"audit_id":"01m0a9e6j26vew9969497vzjak","actor_id":"01m0a9e6hq0jh59zqnzthxh4se","target":"User:01m0a9e6hq0jh59zqnzthxh4se","request_id":"ac116a6c-b0a2-4975-9f8a-285355eb79b6"} 
[2026-08-18 17:02:22] testing.INFO: auth.logged_out {"audit_id":"01m0a9e6j9mgqjtrf1w9m591w6","actor_id":"01m0a9e6hq0jh59zqnzthxh4se","target":"User:01m0a9e6hq0jh59zqnzthxh4se","request_id":"96838daa-6cea-49f5-834f-1fa0455c072d"} 
[2026-08-18 17:02:22] testing.INFO: auth.logged_in {"audit_id":"01m0a9e6jhkd5k1amzeaxa8fzx","actor_id":"01m0a9e6hq0jh59zqnzthxh4se","target":"User:01m0a9e6hq0jh59zqnzthxh4se","request_id":"015376cc-8573-4141-86e5-929e32c34f20"} 
[2026-08-18 17:02:22] testing.INFO: auth.logged_in {"audit_id":"01m0a9e6p8j89jbhaz3c4279ps","actor_id":"01m0a9e6nz31dv3qb9qawj4pxa","target":"User:01m0a9e6nz31dv3qb9qawj4pxa","request_id":"1f718713-5369-4268-9287-69eca472770c"} 
[2026-08-18 17:02:22] testing.INFO: user.devices_reset {"audit_id":"01m0a9e6th57remgtv2etb87d7","actor_id":"01m0a9e6t2kapxan05p5g42s7d","target":"User:01m0a9e6t4xct0kgxtkrgcq8ek","request_id":"36cf39ea-1e88-4125-8363-ffcfa3951fb2"} 
[2026-08-18 17:02:22] testing.INFO: enrollment_request.approved {"audit_id":"01m0a9e706qx7ewwkjrh81pebx","actor_id":"01m0a9e6z6sc40xw4kddq7p4cz","target":"EnrollmentRequest:01m0a9e6z91msf00zbaehz954g","request_id":"e56312ec-67e9-4fb8-a7cc-e54b7d372220"} 
[2026-08-18 17:02:22] testing.INFO: enrollment_request.approved {"audit_id":"01m0a9e79e1zr857713n6986c1","actor_id":"01m0a9e78yp87pg6sn9t509yx9","target":"EnrollmentRequest:01m0a9e790t6nkph1xxw237cqk","request_id":"e3c1a583-c565-4895-84ae-a8e7cbdeca54"} 
[2026-08-18 17:02:22] testing.INFO: enrollment_request.rejected {"audit_id":"01m0a9e7dpfgmmqq9femgde9kv","actor_id":"01m0a9e7d836tyx6nypanf6gpd","target":"EnrollmentRequest:01m0a9e7da785tnxzmqbx0m1gm","request_id":"20343105-7142-4c7d-b6cd-93745bd0014a"} 
[2026-08-18 17:02:23] testing.INFO: settings.updated {"audit_id":"01m0a9e7yhd6g5krd44dxaf2cv","actor_id":"01m0a9e7y5wqn23t2dad75rxby","target":":","request_id":"bbd8142b-a802-45e2-9788-ce024dd6bf59"} 
[2026-08-18 17:02:23] testing.INFO: settings.updated {"audit_id":"01m0a9e830z0gxgfqjcb9r1fxe","actor_id":"01m0a9e82h63r1aqtp9wnq4cwp","target":":","request_id":"8edc4180-3e9c-4894-b34d-c5a3538db421"} 
[2026-08-18 17:02:23] testing.INFO: settings.updated {"audit_id":"01m0a9e83g481xg16va69tb37p","actor_id":"01m0a9e82h63r1aqtp9wnq4cwp","target":":","request_id":"87e0374f-b626-49f5-b469-a4d6329c9a97"} 
[2026-08-18 17:02:24] testing.INFO: payment.approved {"audit_id":"01m0a9e93fhwjf8bsn53pbfypr","actor_id":"01m0a9e8rv2v4mzq68xp2vjwgn","target":"Payment:01m0a9e8rxykp0eam9rpyp0dnc","request_id":"5ef42a26-39c3-42d8-9925-5021ec59712c"} 
[2026-08-18 17:02:25] testing.INFO: payment.approved {"audit_id":"01m0a9e9f9ew8pqj7tbmryyx0x","actor_id":"01m0a9e987n8mxnmcrbhyjmh1t","target":"Payment:01m0a9e989hjxpmb8me3v0f50h","request_id":"461a75cf-90d4-42b0-a2c3-22f538ced736"} 
[2026-08-18 17:02:25] testing.INFO: payment.approved {"audit_id":"01m0a9e9zt3fj62ek4m6qc59wv","actor_id":"01m0a9e9rz1tww0etf2kd61tsb","target":"Payment:01m0a9e9s15ggy4j08dcy5ns1g","request_id":"bd2211be-29c4-42f1-bf33-93d73ee4d716"} 
[2026-08-18 17:02:25] testing.INFO: payment.rejected {"audit_id":"01m0a9ea3x78c2s60q9ennhx41","actor_id":"01m0a9ea3dwexdh45tg05smr8b","target":"Payment:01m0a9ea3fq85y74c3pmbxsbgr","request_id":"93dd9d56-8097-45f6-bef2-db1ddde15743"} 
[2026-08-18 17:02:26] testing.INFO: refund.recorded {"audit_id":"01m0a9eagzax2jt24hn9bpb8gb","actor_id":"01m0a9eag6s0qefwh42xk89wrf","target":"Refund:01m0a9eagxqxnd45b14x8byyfx","request_id":"805ae1ea-4a10-4f9f-bdde-b64ffdf8070c"} 
[2026-08-18 17:02:26] testing.INFO: refund.processed {"audit_id":"01m0a9eahnpze1wam52txagxy3","actor_id":"01m0a9eag96j8zvx81pxpyjvyd","target":"Refund:01m0a9eagxqxnd45b14x8byyfx","request_id":"8d5abb35-ed86-4dde-8181-78fbbaee4bb4"} 
[2026-08-18 17:02:28] testing.INFO: user.suspend {"audit_id":"01m0a9ecj0c84fyhtcz46ks5n4","actor_id":"01m0a9ech2t4px07f0z6vkmw0m","target":"User:01m0a9ech7e50h4q8wfap777x3","request_id":"7e9414af-8089-4bdc-b748-388472e40d5d"} 
[2026-08-18 17:02:28] testing.INFO: user.archived {"audit_id":"01m0a9ecq4tan2fywfx7jcmhbk","actor_id":"01m0a9ecnxcvkqzk3epwmrxmcr","target":"User:01m0a9ecp5fbf5pffwwxg93v53","request_id":"177f5d09-591b-4a12-ba54-41f39b1f84c5"} 
[2026-08-18 17:02:28] testing.INFO: user.archived {"audit_id":"01m0a9ecv8mmk4zp68jc7vg1ve","actor_id":"01m0a9ecv0ye6xtt3nrar48ntk","target":"User:01m0a9ectmk1ce6q3yagyrd59f","request_id":"88dc7d93-5914-4afe-b227-75885eec668b"} 
[2026-08-18 17:02:28] testing.INFO: user.updated {"audit_id":"01m0a9ed0971s01rt8bsx4e53f","actor_id":"01m0a9eczw15ndjxv33vt4wngm","target":"User:01m0a9eczzk5w39kcavemjafbk","request_id":"13bf8536-c8e9-4202-b940-00ffce25e6fb"} 
[2026-08-18 17:02:29] testing.INFO: test.published {"audit_id":"01m0a9edjtnvtj9y4pb2xthb8j","actor_id":"01m0a9edhshrjawvxfcx7vk95j","target":"Test:01m0a9edhxefpag7hpxpbg92eh","request_id":"650197ab-bcc7-45df-b3f8-beeccf35da2a"} 
[2026-08-18 17:02:30] testing.INFO: recording.deleted {"audit_id":"01m0a9eew2sm6vd98bsr4dnv7p","actor_id":"01m0a9eevf5nw5w1fg2n9gw1es","target":"Recording:01m0a9eevjezhdwgepxx9x9xtm","request_id":"eba27659-3e22-4086-a107-158d41c32a08"} 
[2026-08-18 17:07:54] testing.INFO: faq.created {"audit_id":"01m0a9rb1jk0gz4tc0mfqds3xp","actor_id":"01m0a9rb0sswwbggrznvqs0e4h","target":"Faq:01m0a9rb1gv9nqjwszbszwfmk8","request_id":"80d839c0-8322-4d98-b6a2-63d0ad74f549"} 
[2026-08-18 17:07:54] testing.INFO: faq.updated {"audit_id":"01m0a9rb2sap4ce45jtms37xqj","actor_id":"01m0a9rb0sswwbggrznvqs0e4h","target":"Faq:01m0a9rb1gv9nqjwszbszwfmk8","request_id":"8736f511-480f-49c0-96fd-53266108fd23"} 
[2026-08-18 17:07:54] testing.INFO: faq.deleted {"audit_id":"01m0a9rb371s7ephg77r1mg3nc","actor_id":"01m0a9rb0sswwbggrznvqs0e4h","target":"Faq:01m0a9rb1gv9nqjwszbszwfmk8","request_id":"b8b29bb7-1f91-47c6-9d9e-40cb46827b8e"} 
[2026-08-18 17:07:54] testing.INFO: settings.updated {"audit_id":"01m0a9rbg0hdg6dz9hxjy59krq","actor_id":"01m0a9rbf8yv4yk0620jaecz1h","target":":","request_id":"aaf541b9-4487-4639-9012-0d39111d2317"} 
[2026-08-18 17:07:54] testing.INFO: settings.updated {"audit_id":"01m0a9rbg9wee3g8wf35gs6yhr","actor_id":"01m0a9rbf8yv4yk0620jaecz1h","target":":","request_id":"46d8e95a-ece3-4a84-bac4-45a2bd5afba5"} 
[2026-08-18 17:07:55] testing.INFO: settings.updated {"audit_id":"01m0a9rbnfjtban6bejferfkgy","actor_id":"01m0a9rbmzsh5z09qp1yvy3r2b","target":":","request_id":"3b8626c3-adc7-463f-8c91-98c404b285da"} 
[2026-08-18 17:07:55] testing.INFO: enrollment_request.rejected {"audit_id":"01m0a9rc9z70c8pfwdxfpft00x","actor_id":"01m0a9rc9964z7xgtec1frw57x","target":"EnrollmentRequest:01m0a9rc9bm3rc2jpfk592gx0n","request_id":"28e84627-7851-4024-8973-190aa2c05f6b"} 
[2026-08-18 17:07:55] testing.INFO: enrollment_request.approved {"audit_id":"01m0a9rcgce6bvwa29x47mrtnh","actor_id":"01m0a9rcg0afqjq5zywmqhpjv0","target":"EnrollmentRequest:01m0a9rcg2jzb4epxg1s2rrpxy","request_id":"b8f44b5a-9e38-4b2f-b6c8-30db32f50d57"} 
[2026-08-18 17:07:55] testing.INFO: enrollment_request.approved {"audit_id":"01m0a9rcknq5fbnk1rgwtwjnkv","actor_id":"01m0a9rck9ce7y3g0fj1k6pvef","target":"EnrollmentRequest:01m0a9rckb2cstg1zsf0f2hy9b","request_id":"60ffa7b8-50b4-4578-a3fd-d983c3de30f8"} 
[2026-08-18 17:07:56] testing.INFO: role.updated {"audit_id":"01m0a9rcq8kzgx6srv3d3cb8e5","actor_id":"01m0a9rcpt6ecmhq9my7h86qsh","target":"Role:01m0a9rcng1ajqk6rpm7bz3fg5","request_id":"ce7dbe3f-ae34-4376-9dc0-e4e9c961f3e3"} 
[2026-08-18 17:07:56] testing.INFO: settings.payment_method_qr_updated {"audit_id":"01m0a9rcvtbkzh2arsknn4947m","actor_id":"01m0a9rcttnq4yyz2yhstqvwqg","target":"PaymentMethod:01m0a9rcsxmr21y7sfhvk83z27","request_id":"043b21a2-afd2-440f-b2b0-37e761ab1226"} 
[2026-08-18 17:07:56] testing.INFO: settings.payment_method_qr_removed {"audit_id":"01m0a9rcw23fj7tyqx0w57rn61","actor_id":"01m0a9rcttnq4yyz2yhstqvwqg","target":"PaymentMethod:01m0a9rcsxmr21y7sfhvk83z27","request_id":"a61f4482-6472-462c-aac4-86c3cb8df8b0"} 
[2026-08-18 17:07:56] testing.INFO: settings.updated {"audit_id":"01m0a9rcz798s74n43j6xp2kq8","actor_id":"01m0a9rcywr0edwrgw0736hqft","target":":","request_id":"8f02d83f-5364-44f2-be5b-7700a8815403"} 
[2026-08-18 17:07:56] testing.INFO: settings.updated {"audit_id":"01m0a9rd9nze2x6vyae5gercmv","actor_id":"01m0a9rd9bdqvv6amv2r54nhmp","target":":","request_id":"6ccea4a5-a78c-4dd1-9b3b-7d47ca0ed841"} 
[2026-08-18 17:07:56] testing.INFO: settings.updated {"audit_id":"01m0a9rddhpbzs6c4ms5hkmznv","actor_id":"01m0a9rdd75rh0yvnbag1q5pvn","target":":","request_id":"d1358fee-5765-47dc-b971-bbb4c01f8bed"} 
[2026-08-18 17:07:57] testing.INFO: course.updated {"audit_id":"01m0a9re5rh13a6yjs4zzyjf9t","actor_id":"01m0a9re57xf1swyvxdsdam2vb","target":"Course:01m0a9re58de95vtpmkwdv5f5h","request_id":"e56ddb6d-a8e1-4708-be24-8f65dc2d225c"} 
[2026-08-18 17:07:57] testing.INFO: course.updated {"audit_id":"01m0a9re9cn38cf977x747ra2c","actor_id":"01m0a9re8zspyry2g0b4as1126","target":"Course:01m0a9re91txz5rd8ncgpezmg6","request_id":"fe17682c-35fb-4a0c-824a-48c7d5b4450c"} 
[2026-08-18 17:07:57] testing.INFO: recording.deleted {"audit_id":"01m0a9reg26m47a8d73z83er46","actor_id":"01m0a9refjb6cmgkfgdah10s5e","target":"Recording:01m0a9refmmq6sc3r1fmsa5btm","request_id":"daa899dd-b5c5-494c-add0-53f41bdee7da"} 
[2026-08-18 17:07:58] testing.INFO: user.archived {"audit_id":"01m0a9rerfn1q9whcbn9wp9e9v","actor_id":"01m0a9req6ecr1vxgy7ke8hg07","target":"User:01m0a9reqfnske90ktyygd8b9s","request_id":"aec02b31-f189-49fa-bd31-0dddbb2dafce"} 
[2026-08-18 17:07:58] testing.INFO: user.archived {"audit_id":"01m0a9reyjmzy5y89e47zx0695","actor_id":"01m0a9reydvppb6kt2v4j86gq3","target":"User:01m0a9rey2ymxdwyxfx9z1nhj5","request_id":"563f6f20-99c9-4e45-8276-c78fea7402ba"} 
[2026-08-18 17:07:59] testing.INFO: test.published {"audit_id":"01m0a9rg2ymb12aw1x7d8g8h3g","actor_id":"01m0a9rg24evswed8wa5x8bc1g","target":"Test:01m0a9rg28y770qp2scypmxwv6","request_id":"1b82c95f-f749-4380-bef0-cf419d4ae016"} 
[2026-08-18 17:07:59] testing.INFO: user.updated {"audit_id":"01m0a9rg9n2ng97qsmy814t25f","actor_id":"01m0a9rg9btxteg8rkrgssfszc","target":"User:01m0a9rg9d9vwcz0hrr3hyw6vr","request_id":"3f1570b7-9aff-4127-a9e9-ed862614bb60"} 
[2026-08-18 17:08:00] testing.INFO: user.suspend {"audit_id":"01m0a9rgtzgy6pbtcpj5tsemj7","actor_id":"01m0a9rgt83hbnan0s288hprt8","target":"User:01m0a9rgtc6fsasw4qns1akmp9","request_id":"05bdc029-6a5a-4e2f-9e32-7ea669daffeb"} 
[2026-08-18 17:08:01] testing.INFO: payment.approved {"audit_id":"01m0a9rhrvw3amxd5v5pya2kta","actor_id":"01m0a9rhf5hgtk0cqx8ay837tj","target":"Payment:01m0a9rhf7pjtrbh1vkfjptcfv","request_id":"a3bfb017-db64-4cd5-895c-22b7827e47e0"} 
[2026-08-18 17:08:01] testing.INFO: payment.rejected {"audit_id":"01m0a9rj01nd5x7xbzh4q9wmb6","actor_id":"01m0a9rhznaza1955pczp6pmj6","target":"Payment:01m0a9rhzp7zge1x30hdzaf291","request_id":"049c7eb2-068a-48a5-960e-6aeeb58ea070"} 
[2026-08-18 17:08:01] testing.INFO: payment.approved {"audit_id":"01m0a9rjc5530ate7n2bmjkjqe","actor_id":"01m0a9rj68w90nesb5yax2v3k1","target":"Payment:01m0a9rj6a2krn3ry78jn5k2mc","request_id":"b3b69a1c-9cc6-4bf8-82f5-e5b316b06878"} 
[2026-08-18 17:08:02] testing.INFO: payment.approved {"audit_id":"01m0a9rjr4j8yy38sv9t07m6bz","actor_id":"01m0a9rjjg881edt887pj3wt7a","target":"Payment:01m0a9rjjhry0y2a2yf79wn00t","request_id":"89d2e878-9f62-44d4-a963-4d48f526bf4d"} 
[2026-08-18 17:08:02] testing.INFO: refund.recorded {"audit_id":"01m0a9rjw56xs2a9s9xh3vh6gs","actor_id":"01m0a9rjvk0htpjy1tjwf2h5a9","target":"Refund:01m0a9rjw42gcq33m24186d49d","request_id":"48058098-5d81-461d-8231-6072fac50881"} 
[2026-08-18 17:08:02] testing.INFO: refund.processed {"audit_id":"01m0a9rjwpeg0r4m6nyxrhgpva","actor_id":"01m0a9rjvpx9qqgc31k4tv090q","target":"Refund:01m0a9rjw42gcq33m24186d49d","request_id":"35f5c608-d3be-4d81-9765-c5259e597b9b"} 
[2026-08-18 17:08:02] testing.INFO: auth.logged_in {"audit_id":"01m0a9rk3anbx5g7qhtq19xzgf","actor_id":"01m0a9rk2vzmb430gnhgx6brqf","target":"User:01m0a9rk2vzmb430gnhgx6brqf","request_id":"4d3854f5-b614-44e8-ba4a-b362708b9437"} 
[2026-08-18 17:08:02] testing.INFO: user.devices_reset {"audit_id":"01m0a9rk6kbv7shk7jth1pa8pq","actor_id":"01m0a9rk6662qcpxpm8j25sz60","target":"User:01m0a9rk68rnh7f9frk90aktt9","request_id":"8c5b95e9-429f-4083-bb50-502082abd0c8"} 
[2026-08-18 17:08:02] testing.INFO: auth.logged_in {"audit_id":"01m0a9rk9kcntpqym90sceezvm","actor_id":"01m0a9rk9ac8se6dtt609q2ryb","target":"User:01m0a9rk9ac8se6dtt609q2ryb","request_id":"7346880b-461f-4710-8672-c4ec291cbc74"} 
[2026-08-18 17:08:02] testing.INFO: auth.logged_out {"audit_id":"01m0a9rk9sv2t8bttbf61r9q01","actor_id":"01m0a9rk9ac8se6dtt609q2ryb","target":"User:01m0a9rk9ac8se6dtt609q2ryb","request_id":"157c4c64-3c94-4197-99d4-6cc3c08f3bd8"} 
[2026-08-18 17:08:02] testing.INFO: auth.logged_in {"audit_id":"01m0a9rk9z653gzw7a3nbsxxnk","actor_id":"01m0a9rk9ac8se6dtt609q2ryb","target":"User:01m0a9rk9ac8se6dtt609q2ryb","request_id":"2aeb851b-b0e7-4494-b9da-5835957e3be1"} 
[2026-08-18 17:08:03] testing.INFO: attempt.started {"audit_id":"01m0a9rkky31sq2q98h0hyn7nc","actor_id":"01m0a9rkkhn2p1vz3edgxwyhm0","target":"TestAttempt:01m0a9rkkxkwjy7b1anqrbge2n","request_id":"d498957c-fb00-464c-a6c8-b9de57a8e51a"} 
[2026-08-18 17:08:03] testing.INFO: attempt.submitted {"audit_id":"01m0a9rkmcjetq5tkgfpz9zm08","actor_id":"01m0a9rkkhn2p1vz3edgxwyhm0","target":"TestAttempt:01m0a9rkkxkwjy7b1anqrbge2n","request_id":"37019463-e92d-41ad-8823-bccb2d213a8c"} 
[2026-08-18 17:08:03] testing.INFO: attempt.started {"audit_id":"01m0a9rkqm2558fcxe3s2bhmkf","actor_id":"01m0a9rkq8mr8jkw5s8yxaeyct","target":"TestAttempt:01m0a9rkqk9trqv99jj9nw73az","request_id":"94731fe0-3513-4f7d-a16b-fcc29d471754"} 
[2026-08-18 17:08:03] testing.INFO: attempt.started {"audit_id":"01m0a9rktv08ybpz5k76g0xfba","actor_id":"01m0a9rktfns1jdsp1x10ys5rq","target":"TestAttempt:01m0a9rkttqw7k8hdpfbxm7jk7","request_id":"8b8441e7-b8df-4792-b199-673733dc1e5f"} 
[2026-08-18 17:08:03] testing.INFO: attempt.started {"audit_id":"01m0a9rkv3vxw1m4zkmy0jjr2a","actor_id":"01m0a9rktfns1jdsp1x10ys5rq","target":"TestAttempt:01m0a9rkttqw7k8hdpfbxm7jk7","request_id":"4e391349-846c-4ac0-b679-c7ca08a5013c"} 
[2026-08-18 17:08:03] testing.INFO: attempt.started {"audit_id":"01m0a9rky8y2fxdbp1hw1p3dv8","actor_id":"01m0a9rkxw1en2rwzfsk6atkdf","target":"TestAttempt:01m0a9rky71340vvr6dsffhqg6","request_id":"c7d930ba-3535-4e99-afcc-1c680aa4db5f"} 
[2026-08-18 17:08:03] testing.INFO: auth.password_changed {"audit_id":"01m0a9rm2dfhvpt0hk9jrf6rn9","actor_id":"01m0a9rm1v6zr2k7hqqqcq1f60","target":"User:01m0a9rm1v6zr2k7hqqqcq1f60","request_id":"66b1c1c8-5564-4d1d-bbec-8674bd536c8d"} 
[2026-08-18 17:08:03] testing.INFO: account.profile_updated {"audit_id":"01m0a9rm8e3ecnpzr6r3rjdav2","actor_id":"01m0a9rm8557ehkp0drvy951wx","target":"User:01m0a9rm8557ehkp0drvy951wx","request_id":"846bf865-0265-4efe-81ac-12b9558b477b"} 
[2026-08-18 17:08:04] testing.INFO: auth.logged_in {"audit_id":"01m0a9rmehhtr09bqg28vnas5k","actor_id":"01m0a9rmeaswtwx2bm5msk1tq3","target":"User:01m0a9rmeaswtwx2bm5msk1tq3","request_id":"8da2f96d-a9e1-4e6c-aef8-087144f7b0d9"} 
[2026-08-18 17:08:04] testing.INFO: auth.logged_out {"audit_id":"01m0a9rmeqbv5yd5eq1qfheqy0","actor_id":"01m0a9rmeaswtwx2bm5msk1tq3","target":"User:01m0a9rmeaswtwx2bm5msk1tq3","request_id":"cc90e04a-d1de-4a80-8791-77639cefcc87"} 
[2026-08-18 17:08:04] testing.INFO: auth.logged_in {"audit_id":"01m0a9rmewed6y78rmb7zerzq3","actor_id":"01m0a9rmeaswtwx2bm5msk1tq3","target":"User:01m0a9rmeaswtwx2bm5msk1tq3","request_id":"b50e9e99-a012-4406-86e9-163c9201e8f3"} 
[2026-08-18 17:08:04] testing.INFO: auth.account_locked {"audit_id":"01m0a9rmjpf90ksjaj0h0krpq5","actor_id":"01m0a9rmhxfnf30f93wh6wscgk","target":"User:01m0a9rmhxfnf30f93wh6wscgk","request_id":"409aead9-14a0-4d04-aca2-bfb1f3908b69"} 
[2026-08-18 18:18:53] testing.INFO: course.updated {"audit_id":"01m0adt9xck386smesyghz9qka","actor_id":"01m0adt9mbxqse4ftyw4kjf11d","target":"Course:01m0adt9mdcqn0wxn8qptm9cr6","request_id":"4c63e1c4-8838-4b22-bd53-9dfa54ab7f69"} 
[2026-08-18 18:18:53] testing.INFO: course.updated {"audit_id":"01m0adtaajs0f9qafz0nem0rvm","actor_id":"01m0adta91zmqe87ndx1rmpwra","target":"Course:01m0adta94db7bpym1qww768jy","request_id":"9865b0ed-5012-43d4-9005-802c750167fa"} 
[2026-08-18 18:18:54] testing.INFO: faq.created {"audit_id":"01m0adtavwm28dzhvk2pqv7px1","actor_id":"01m0adtasfm1ztjjz0ag5jvy14","target":"Faq:01m0adtavtwkwbqw5grpmd09fp","request_id":"d9e592a4-7f5e-4796-ba27-83f36c41b006"} 
[2026-08-18 18:18:54] testing.INFO: faq.updated {"audit_id":"01m0adtax5n17avs71r6dezjjj","actor_id":"01m0adtasfm1ztjjz0ag5jvy14","target":"Faq:01m0adtavtwkwbqw5grpmd09fp","request_id":"06c426d8-6f96-45c9-a3eb-94c1c917b548"} 
[2026-08-18 18:18:54] testing.INFO: faq.deleted {"audit_id":"01m0adtazs3n96wyq378p5nga4","actor_id":"01m0adtasfm1ztjjz0ag5jvy14","target":"Faq:01m0adtavtwkwbqw5grpmd09fp","request_id":"30e79729-bbde-41eb-b5d4-3bcceca9f074"} 
[2026-08-18 18:18:54] testing.INFO: recording.deleted {"audit_id":"01m0adtbhw4hyd2ehdpc6pa6qb","actor_id":"01m0adtbdw6tkzp0b558069n85","target":"Recording:01m0adtbfrjzd3wsy85r5xn27e","request_id":"30c2046e-98cc-4805-8bf5-80bfa1cad78a"} 
[2026-08-18 18:18:55] testing.INFO: auth.logged_in {"audit_id":"01m0adtbzyd08dryp3ewbv3qf3","actor_id":"01m0adtbwdq88jhb9vp1f8t3d0","target":"User:01m0adtbwdq88jhb9vp1f8t3d0","request_id":"8077da9c-123a-4265-8cd0-5f7579506af2"} 
[2026-08-18 18:18:55] testing.INFO: auth.logged_out {"audit_id":"01m0adtc1frzr82qz2m4j6czwz","actor_id":"01m0adtbwdq88jhb9vp1f8t3d0","target":"User:01m0adtbwdq88jhb9vp1f8t3d0","request_id":"bd4b7e72-adea-4109-953a-1bb7e57d0d10"} 
[2026-08-18 18:18:55] testing.INFO: auth.logged_in {"audit_id":"01m0adtc1n1dq4bn7zcrp9fk09","actor_id":"01m0adtbwdq88jhb9vp1f8t3d0","target":"User:01m0adtbwdq88jhb9vp1f8t3d0","request_id":"c7b3a2cd-5268-4e63-8301-8e812b5b78b8"} 
[2026-08-18 18:18:55] testing.INFO: user.devices_reset {"audit_id":"01m0adtcax8jsca26cgdb24sgz","actor_id":"01m0adtc5bhgqwbdcvxj2wrzma","target":"User:01m0adtc5dxzrwzgnc8vfe6d9s","request_id":"bf09bfdf-077a-4969-a12f-13e954c2c58e"} 
[2026-08-18 18:18:55] testing.INFO: auth.logged_in {"audit_id":"01m0adtcfbh8ytk1g1qpk8474m","actor_id":"01m0adtcf0gqr07aszrpzv96x8","target":"User:01m0adtcf0gqr07aszrpzv96x8","request_id":"edfbadad-0f8d-4786-87ea-97b2f93556bd"} 
[2026-08-18 18:18:55] testing.INFO: settings.updated {"audit_id":"01m0adtcnp66vc744vav0fxm0s","actor_id":"01m0adtck4sgedepar5cp6a1at","target":":","request_id":"9c436888-5970-4a94-9004-8f216bb40456"} 
[2026-08-18 18:18:57] testing.INFO: settings.updated {"audit_id":"01m0adteg37nmcb2jxp4cs2sgk","actor_id":"01m0adtef0dm4smm6kr6k5xx6z","target":":","request_id":"8547c48c-5178-45a9-9c39-c974328415e8"} 
[2026-08-18 18:18:57] testing.INFO: role.updated {"audit_id":"01m0adtem8ansjbyr2r1qfd0fn","actor_id":"01m0adtekv27ccd90tq69wrgms","target":"Role:01m0adtej6b6p0368gsa4jaf7t","request_id":"73a2bc30-b24d-4f65-979e-d5a2fcf31e68"} 
[2026-08-18 18:18:58] testing.INFO: settings.updated {"audit_id":"01m0adteynkt6pfqtm4a6wpyn3","actor_id":"01m0adter4et8z657r23b7j28n","target":":","request_id":"77d1b2ea-ba78-4b66-a05d-74694733ed4b"} 
[2026-08-18 18:18:58] testing.INFO: settings.payment_method_qr_updated {"audit_id":"01m0adtf8954zk9w1b7eksrj8m","actor_id":"01m0adtf77tzra9f4cfjpctx2z","target":"PaymentMethod:01m0adtf736kfa32ac6n9x7gaw","request_id":"de1eb793-fdbd-4365-bb9a-c069974be6f1"} 
[2026-08-18 18:18:58] testing.INFO: settings.payment_method_qr_removed {"audit_id":"01m0adtf9eayzvz886rm8cq5r3","actor_id":"01m0adtf77tzra9f4cfjpctx2z","target":"PaymentMethod:01m0adtf736kfa32ac6n9x7gaw","request_id":"189b805a-be6f-4d68-b9d6-976c79bc5071"} 
[2026-08-18 18:19:01] testing.INFO: test.published {"audit_id":"01m0adtj8jydn57rqt8kq8pqp5","actor_id":"01m0adtj7hmqddf6gb0ycercvk","target":"Test:01m0adtj7p6dy5ypss06ng27wr","request_id":"9cae27f2-6c1d-4422-8dd0-502853987722"} 
[2026-08-18 18:19:01] testing.INFO: user.suspend {"audit_id":"01m0adtjem516cq859w7tqjys1","actor_id":"01m0adtjcp51efbnxeymfpk4a7","target":"User:01m0adtjcv0qd30mac79adgnmb","request_id":"5d6a3005-3fc6-486e-88e8-3646c80cc642"} 
[2026-08-18 18:19:02] testing.INFO: user.updated {"audit_id":"01m0adtjv0em55zytbv83rt2kx","actor_id":"01m0adtjtm3yhw93wf1qkx1ad7","target":"User:01m0adtjtq2ezxd4b0x3t2bf7z","request_id":"96cd2087-1cc8-4086-a1cc-2e1438ad5b35"} 
[2026-08-18 18:19:03] testing.INFO: user.archived {"audit_id":"01m0adtkr7dshr4wan96sgeaaj","actor_id":"01m0adtkq3kqrerx0tvjac61ya","target":"User:01m0adtkqaf0v3exnttd1p627s","request_id":"b3538fbd-c454-4530-a4d4-3f6292a8bf14"} 
[2026-08-18 18:19:03] testing.INFO: user.archived {"audit_id":"01m0adtkx0ne9tepkxwr64cxxf","actor_id":"01m0adtkwrnrwb4zbvgav73ahj","target":"User:01m0adtkwd6ym01amgv5dv1w4q","request_id":"a351ffc7-b2de-4783-96d8-a8bbcf1c4516"} 
[2026-08-18 18:19:03] testing.INFO: account.profile_updated {"audit_id":"01m0adtmbhh9mcr5ax1a544mk1","actor_id":"01m0adtma3jdknqrvradd1x0w8","target":"User:01m0adtma3jdknqrvradd1x0w8","request_id":"437d9b8e-d727-4dc0-9ee1-e22c8875c46e"} 
[2026-08-18 18:19:03] testing.INFO: auth.logged_in {"audit_id":"01m0adtmf670bay2a0d2xanxq8","actor_id":"01m0adtmey2gc4jragr075dejg","target":"User:01m0adtmey2gc4jragr075dejg","request_id":"91b597a9-9468-481e-b845-ec03f85f2db4"} 
[2026-08-18 18:19:03] testing.INFO: auth.logged_out {"audit_id":"01m0adtmffqctgy9h8te38yc98","actor_id":"01m0adtmey2gc4jragr075dejg","target":"User:01m0adtmey2gc4jragr075dejg","request_id":"c1f27043-0ddc-4add-bcd8-301be01453bf"} 
[2026-08-18 18:19:03] testing.INFO: auth.logged_in {"audit_id":"01m0adtmfnqnbfqjgxxwwwew2k","actor_id":"01m0adtmey2gc4jragr075dejg","target":"User:01m0adtmey2gc4jragr075dejg","request_id":"800db484-f6fc-4da7-8d7f-6d2c2fb0a524"} 
[2026-08-18 18:19:04] testing.INFO: auth.password_changed {"audit_id":"01m0adtmrj4896kjs0nkmgn8pf","actor_id":"01m0adtmkgkvq2ehyjz3jmv9zq","target":"User:01m0adtmkgkvq2ehyjz3jmv9zq","request_id":"e753ceb6-6bc5-4117-a839-9c4a0f342474"} 
[2026-08-18 18:19:04] testing.INFO: auth.account_locked {"audit_id":"01m0adtn5q4yqtjqhpkkd2r04p","actor_id":"01m0adtn3sfgkqj3n4gbp3c0eq","target":"User:01m0adtn3sfgkqj3n4gbp3c0eq","request_id":"57a8f473-6217-4c89-9e12-6dc2da28fd29"} 
[2026-08-18 18:19:05] testing.INFO: refund.recorded {"audit_id":"01m0adtny4c6kcqp1691cchf4f","actor_id":"01m0adtnv7yt1vjrfpzgnrscm2","target":"Refund:01m0adtny3jtw6fsc6e3b5bybd","request_id":"4550af6a-bf72-439d-a89d-5733afdebb9b"} 
[2026-08-18 18:19:05] testing.INFO: refund.processed {"audit_id":"01m0adtnyvfmrjf7d4pt5mjtc5","actor_id":"01m0adtnvagnbdm7pgqaf4twp4","target":"Refund:01m0adtny3jtw6fsc6e3b5bybd","request_id":"5dc7bec1-c424-4c0e-9811-29d279d6cf0e"} 
[2026-08-18 18:19:09] testing.INFO: payment.approved {"audit_id":"01m0adttc1hzx1prs1nk7tddqp","actor_id":"01m0adtpaaf1n4vf57m40j8q93","target":"Payment:01m0adtpacsdf3rctd7f2xcvvc","request_id":"eb099675-0d00-4120-832e-1450bdf76348"} 
[2026-08-18 18:19:10] testing.INFO: payment.rejected {"audit_id":"01m0adtth51m294199rwegdc5a","actor_id":"01m0adttgfc620zjyw84yc3d9m","target":"Payment:01m0adttgh3g634tyjswfc1bvx","request_id":"719b7dae-96d0-4042-aa63-dc21ad3ff45e"} 
[2026-08-18 18:19:10] testing.INFO: payment.approved {"audit_id":"01m0adttwch8jdam7f4f7my5qe","actor_id":"01m0adttnkkedp049s5xxhfj9x","target":"Payment:01m0adttnmhtd12h17wg8359wc","request_id":"81e3bc94-96d3-4726-a758-921e4d8678d7"} 
[2026-08-18 18:19:10] testing.INFO: payment.approved {"audit_id":"01m0adtv9zc8w1t1rfkzykqch2","actor_id":"01m0adtv2t8thrcd6ef5kavjnb","target":"Payment:01m0adtv2v7hw7z4cc8d08p630","request_id":"18b05eae-6a03-4aaf-82a5-f24b77be14b2"} 
[2026-08-18 18:19:11] testing.INFO: attempt.started {"audit_id":"01m0adtwbs7vj0v8tfk13dk5n5","actor_id":"01m0adtw811zzvwc9rcy40mp91","target":"TestAttempt:01m0adtwbrfhdntcv2sna3zk3a","request_id":"61187779-72a9-411f-8b48-9a4baa287355"} 
[2026-08-18 18:19:11] testing.INFO: attempt.started {"audit_id":"01m0adtwc333jedj7sejf4trdd","actor_id":"01m0adtw811zzvwc9rcy40mp91","target":"TestAttempt:01m0adtwbrfhdntcv2sna3zk3a","request_id":"8de3d575-c3de-4025-ada5-475194e68c3c"} 
[2026-08-18 18:19:12] testing.INFO: attempt.started {"audit_id":"01m0adtwg5hspbaedyqmbbcqf5","actor_id":"01m0adtwfp7sv6zk569gdssv8x","target":"TestAttempt:01m0adtwg4xvkgfj4n45z8t6pw","request_id":"bbcab619-400c-40ac-81e3-f540ebcac70a"} 
[2026-08-18 18:19:12] testing.INFO: attempt.submitted {"audit_id":"01m0adtwhgjjra68dzydqx8qeh","actor_id":"01m0adtwfp7sv6zk569gdssv8x","target":"TestAttempt:01m0adtwg4xvkgfj4n45z8t6pw","request_id":"a0a94b2b-f8bc-4502-8421-8c3e395a238e"} 
[2026-08-18 18:19:12] testing.INFO: attempt.started {"audit_id":"01m0adtwtt8qg4wqcyf0exhrxp","actor_id":"01m0adtwt18efdnckjnpkj4f8h","target":"TestAttempt:01m0adtwtq9yt2n6982rv5m551","request_id":"adbd86d1-930b-4554-8d2f-9335370f6105"} 
[2026-08-18 18:19:12] testing.INFO: attempt.started {"audit_id":"01m0adtx4f2gamqa2q2xny6h84","actor_id":"01m0adtx3z34d70xagdhak4r8h","target":"TestAttempt:01m0adtx4ey3z7wk7f00md1xy2","request_id":"a75fbe35-d5a2-4693-9158-f92d1b73889f"} 
[2026-08-18 18:19:13] testing.INFO: settings.updated {"audit_id":"01m0adtxpz1qyhdc2pqw19mxpq","actor_id":"01m0adtxpm8veg9qm1dkvd25zf","target":":","request_id":"51b7a87e-84c4-4057-ba33-d1470a705b7c"} 
[2026-08-18 18:19:13] testing.INFO: settings.updated {"audit_id":"01m0adtxvbhj12n3fx93xp03n0","actor_id":"01m0adtxtv1r9t14164smq7gfg","target":":","request_id":"885c1992-0f2c-4f1a-8b46-ae177b654e3f"} 
[2026-08-18 18:19:13] testing.INFO: settings.updated {"audit_id":"01m0adtxvrdvyatrbj8affqx62","actor_id":"01m0adtxtv1r9t14164smq7gfg","target":":","request_id":"4bb7a43f-ca43-4898-97d0-a68607efdfbb"} 
[2026-08-18 18:19:14] testing.INFO: enrollment_request.approved {"audit_id":"01m0adtytx4d7jtyka7g42r7a6","actor_id":"01m0adtyetptchgt1xbfg2pqp9","target":"EnrollmentRequest:01m0adtyexp6v20bx96fxmay7v","request_id":"03c708a9-e604-489e-ac1b-30497787e74f"} 
[2026-08-18 18:19:14] testing.INFO: enrollment_request.approved {"audit_id":"01m0adtyz1tqxrd38r634dmymv","actor_id":"01m0adtyykewx6p9gbp12p2xnh","target":"EnrollmentRequest:01m0adtyym28c07a7tkcc5dz81","request_id":"dcfc3145-cb38-4d49-9009-b07f45df0618"} 
[2026-08-18 18:19:14] testing.INFO: enrollment_request.rejected {"audit_id":"01m0adtz36d2420mwbja8rmrs3","actor_id":"01m0adtz2qwe53m7g8tky9b7xn","target":"EnrollmentRequest:01m0adtz2t3sk76vr0mnsszagk","request_id":"2d52a75a-641c-44c5-8b6c-ffb9bef93c47"} 
[2026-08-18 18:25:53] local.INFO: payment.proof_viewed {"audit_id":"01m0ae749fn3n347pnccysj5vd","actor_id":"01m09q7tew3njjzstq74javh4k","target":"Payment:01m09y24czrt5azxw1t7txdsmh","request_id":"d5256d0e-78e8-4624-8bba-0cd1db5a3ae8"} 
[2026-08-18 18:25:53] local.INFO: payment.proof_viewed {"audit_id":"01m0ae74pqzrx28smtmt83w0s9","actor_id":"01m09q7tew3njjzstq74javh4k","target":"Payment:01m09y24czrt5azxw1t7txdsmh","request_id":"6254ff69-d392-4d8e-8277-8be0761e7b57"} 
[2026-08-18 18:26:00] local.INFO: payment.proof_viewed {"audit_id":"01m0ae7bax6gxjgfwqh63k4sya","actor_id":"01m09q7tew3njjzstq74javh4k","target":"Payment:01m09y24czrt5azxw1t7txdsmh","request_id":"8d5c4477-6ed0-489a-bbdf-ccbfd702fb86"} 
[2026-08-18 18:26:35] local.INFO: auth.logged_out {"audit_id":"01m0ae8dd7xn4r3b0b68vr74me","actor_id":"01m09q7tew3njjzstq74javh4k","target":"User:01m09q7tew3njjzstq74javh4k","request_id":"c53aef81-4400-4f2c-8bd4-32a97e52a921"} 
[2026-08-18 18:27:09] local.INFO: auth.logged_in {"audit_id":"01m0ae9e9x6csdmy5s4j0c1jbj","actor_id":"01m09q7kvqfnm27cyeyww19n7h","target":"User:01m09q7kvqfnm27cyeyww19n7h","request_id":"73a6b4b8-57f9-4f09-9283-f0ae09b85b1e"} 
[2026-08-18 18:27:36] local.INFO: integration.connect {"audit_id":"01m0aea9az3g26bbmt8xp499p3","actor_id":"01m09q7kvqfnm27cyeyww19n7h","target":":","request_id":"d0df9544-c41d-4268-a29c-c6112f47e7ff"} 
[2026-08-18 18:28:17] local.INFO: settings.updated {"audit_id":"01m0aebgsadjdjrpqpq4r3rsk2","actor_id":"01m09q7kvqfnm27cyeyww19n7h","target":":","request_id":"69d82efd-43a7-49b1-bb46-01b4f8c565f5"} 
[2026-08-18 19:33:16] testing.INFO: settings.updated {"audit_id":"01m0aj2g6kfrx6p724msr1pdmy","actor_id":"01m0aj2fn8tqtjagtekjv6zr56","target":":","request_id":"78384950-c705-494b-bdfa-4d635f074785"} 
[2026-08-18 19:33:17] testing.INFO: settings.updated {"audit_id":"01m0aj2h8a9nmy67w88543jzaq","actor_id":"01m0aj2h81vnnmkb5cthbec3gz","target":":","request_id":"0504be5d-3d3c-4ad3-8e74-818d3ece8659"} 
[2026-08-18 19:33:17] testing.INFO: role.updated {"audit_id":"01m0aj2hfexsnrs4c87xpkjdb9","actor_id":"01m0aj2hf2hg6b0z6pj2m97073","target":"Role:01m0aj2hdnqfbr8b88gx4m7gg3","request_id":"0bdfe6ca-49ba-4604-864a-f0b202686954"} 
[2026-08-18 19:33:18] testing.INFO: settings.payment_method_qr_updated {"audit_id":"01m0aj2jgxdh9r666pnmq4k26m","actor_id":"01m0aj2j6gkk4ev4ddcwskwxxb","target":"PaymentMethod:01m0aj2hjb6rf6rc9kvxehjb7g","request_id":"ce0a8c54-aafe-47bc-b2ef-aaafd56b9ad6"} 
[2026-08-18 19:33:18] testing.INFO: settings.payment_method_qr_removed {"audit_id":"01m0aj2jn8ts5vz8bgesyctksx","actor_id":"01m0aj2j6gkk4ev4ddcwskwxxb","target":"PaymentMethod:01m0aj2hjb6rf6rc9kvxehjb7g","request_id":"7f7f5907-e3ac-4fee-a952-8463c021b56a"} 
[2026-08-18 19:33:18] testing.INFO: settings.updated {"audit_id":"01m0aj2jxefsswqh8jsfzw9prv","actor_id":"01m0aj2jwdnyee6gtefrr7161j","target":":","request_id":"16a8e04d-f12b-4540-8fbc-996ea11fdbb0"} 
[2026-08-18 19:33:18] testing.INFO: faq.created {"audit_id":"01m0aj2k12sch3j1jq3he05chg","actor_id":"01m0aj2k0pjq6w45q5934h5ffr","target":"Faq:01m0aj2k1134n3m1z07wpfpe56","request_id":"6e2a77ee-eb39-4618-b48a-6a562aed0295"} 
[2026-08-18 19:33:18] testing.INFO: faq.updated {"audit_id":"01m0aj2k1a45k7t05zn1hfm3r4","actor_id":"01m0aj2k0pjq6w45q5934h5ffr","target":"Faq:01m0aj2k1134n3m1z07wpfpe56","request_id":"c77d3196-58ed-44f8-94fa-2a583fad2b87"} 
[2026-08-18 19:33:18] testing.INFO: faq.deleted {"audit_id":"01m0aj2k1nhe0fgrm6xy24tzdm","actor_id":"01m0aj2k0pjq6w45q5934h5ffr","target":"Faq:01m0aj2k1134n3m1z07wpfpe56","request_id":"3207e3fa-213d-40d6-8a67-984ea9493c89"} 
[2026-08-18 19:33:19] testing.INFO: attempt.started {"audit_id":"01m0aj2kdgcgyywxas53nvtca8","actor_id":"01m0aj2kandf1rmfgcs4d8nmbt","target":"TestAttempt:01m0aj2kdfrrtev11931cv0avq","request_id":"98a6939d-0b17-43b3-91f2-1a7ae34a0a9b"} 
[2026-08-18 19:33:19] testing.INFO: attempt.started {"audit_id":"01m0aj2krd8t9rj4d17e2nsybh","actor_id":"01m0aj2kr0ygmmkzd0stfm5qbg","target":"TestAttempt:01m0aj2krcm5qesxms0748wffp","request_id":"e0c2d096-6d9a-41c5-8dfc-d1b08f69130b"} 
[2026-08-18 19:33:19] testing.INFO: attempt.started {"audit_id":"01m0aj2krnhe9gx0s2anpxew4y","actor_id":"01m0aj2kr0ygmmkzd0stfm5qbg","target":"TestAttempt:01m0aj2krcm5qesxms0748wffp","request_id":"ae4e13ac-2943-481a-b906-268495c8b187"} 
[2026-08-18 19:33:19] testing.INFO: attempt.started {"audit_id":"01m0aj2kvx1bnfgpwjkrscwgmg","actor_id":"01m0aj2kvhfndg6j5t69dazqzc","target":"TestAttempt:01m0aj2kvwvrmj8xp7y3z1wtvn","request_id":"6a8ccafa-180c-4277-aa46-c22dc2ca8fe6"} 
[2026-08-18 19:33:19] testing.INFO: attempt.started {"audit_id":"01m0aj2m0a1jmxgyrwq2q5ya0s","actor_id":"01m0aj2kzxp3enavcpdgn1c91g","target":"TestAttempt:01m0aj2m099fjvtf0nprbvb6kc","request_id":"fb92bc0d-8442-4880-9623-8813ba98605e"} 
[2026-08-18 19:33:19] testing.INFO: attempt.submitted {"audit_id":"01m0aj2m0t1ktr0qr22qzz6js8","actor_id":"01m0aj2kzxp3enavcpdgn1c91g","target":"TestAttempt:01m0aj2m099fjvtf0nprbvb6kc","request_id":"7b0febac-3b76-4db1-8760-df9f142df34f"} 
[2026-08-18 19:33:20] testing.INFO: auth.logged_in {"audit_id":"01m0aj2m8asyakwh0z0sdrafzk","actor_id":"01m0aj2m7g116jeakcn2abc1js","target":"User:01m0aj2m7g116jeakcn2abc1js","request_id":"bca900e2-ba2c-41f1-9a32-76a607a62928"} 
[2026-08-18 19:33:20] testing.INFO: auth.logged_out {"audit_id":"01m0aj2ma2v623z5ya0cq4yd1k","actor_id":"01m0aj2m7g116jeakcn2abc1js","target":"User:01m0aj2m7g116jeakcn2abc1js","request_id":"01e15a60-caf6-4549-98b2-c53a7cda369e"} 
[2026-08-18 19:33:20] testing.INFO: auth.logged_in {"audit_id":"01m0aj2ma7nq7php4zmns7v6bx","actor_id":"01m0aj2m7g116jeakcn2abc1js","target":"User:01m0aj2m7g116jeakcn2abc1js","request_id":"b675fc4e-5406-439f-9097-c3acef025a50"} 
[2026-08-18 19:33:20] testing.INFO: auth.account_locked {"audit_id":"01m0aj2mjmnhb3007w7yrw00yt","actor_id":"01m0aj2mhybm8p9w6mjz0xsgkt","target":"User:01m0aj2mhybm8p9w6mjz0xsgkt","request_id":"030afad5-663a-4cf5-9e1c-98ea6233de76"} 
[2026-08-18 19:33:20] testing.INFO: auth.password_changed {"audit_id":"01m0aj2mt241d6dnkq5dtppsjx","actor_id":"01m0aj2mp4w7dh1x8qzqr81p1b","target":"User:01m0aj2mp4w7dh1x8qzqr81p1b","request_id":"003391b8-5492-463b-8e5b-513dc0998e30"} 
[2026-08-18 19:33:20] testing.INFO: account.profile_updated {"audit_id":"01m0aj2mx5v45rpegp8ex7tvrq","actor_id":"01m0aj2mwxn1qbqc15mx5htmng","target":"User:01m0aj2mwxn1qbqc15mx5htmng","request_id":"82f5add4-21ca-4cab-9345-1906fdc8091b"} 
[2026-08-18 19:33:21] testing.INFO: course.updated {"audit_id":"01m0aj2n7k37n8mwyt8g3sn6d6","actor_id":"01m0aj2n673an86xz831jmj51z","target":"Course:01m0aj2n69kxseh2n73ewqrc6f","request_id":"e8588929-4237-49ac-9648-fc4f8e91cba5"} 
[2026-08-18 19:33:21] testing.INFO: course.updated {"audit_id":"01m0aj2nb5mrdmdtywn6vngtpg","actor_id":"01m0aj2narwnsr06xmj4qvravh","target":"Course:01m0aj2natts86138h731skd95","request_id":"0b6ca60b-5061-4ae3-9d08-6ad6d92a6c07"} 
[2026-08-18 19:33:21] testing.INFO: auth.logged_in {"audit_id":"01m0aj2nedwvqyjbkjye5x1zff","actor_id":"01m0aj2ne43em89e6b4719807k","target":"User:01m0aj2ne43em89e6b4719807k","request_id":"145f5354-4887-4b6c-8e8b-04376bace557"} 
[2026-08-18 19:33:21] testing.INFO: auth.logged_out {"audit_id":"01m0aj2nekp7jrge3ev65d6z3b","actor_id":"01m0aj2ne43em89e6b4719807k","target":"User:01m0aj2ne43em89e6b4719807k","request_id":"81cf55ae-e5bc-4305-963c-b2b94013c8e7"} 
[2026-08-18 19:33:21] testing.INFO: auth.logged_in {"audit_id":"01m0aj2nes9xas0wdz44rwk0np","actor_id":"01m0aj2ne43em89e6b4719807k","target":"User:01m0aj2ne43em89e6b4719807k","request_id":"98c14ef4-569a-45e6-93bb-08bf37b3e9f1"} 
[2026-08-18 19:33:21] testing.INFO: auth.logged_in {"audit_id":"01m0aj2nhvq074yhm6khas2hp7","actor_id":"01m0aj2nhk8f86krjhyt54yj6y","target":"User:01m0aj2nhk8f86krjhyt54yj6y","request_id":"54919a16-2882-42ae-ac48-5b9de04c1a9b"} 
[2026-08-18 19:33:21] testing.INFO: user.devices_reset {"audit_id":"01m0aj2nn7em06vw0zbrm7semz","actor_id":"01m0aj2nmrnfb7rjthgyachm2h","target":"User:01m0aj2nmtmkrq8zd3am6f3xe5","request_id":"d4f028c4-8943-4f73-9949-f5ff7d5777c0"} 
[2026-08-18 19:33:22] testing.INFO: enrollment_request.approved {"audit_id":"01m0aj2p3m51bq4xye901avde5","actor_id":"01m0aj2nrpptsz9y5gjvtqmjvf","target":"EnrollmentRequest:01m0aj2nsf92889azkkr455qhr","request_id":"2c7c197b-4ef0-4e0b-b1e3-212250fab3e1"} 
[2026-08-18 19:33:22] testing.INFO: enrollment_request.approved {"audit_id":"01m0aj2paygsjd66w3s71qnvzy","actor_id":"01m0aj2pajybx5fhpef5nmf8dm","target":"EnrollmentRequest:01m0aj2pakzxbbcezpt7f2tf04","request_id":"773d6636-c6f9-4814-ad0d-05f34ca24194"} 
[2026-08-18 19:33:22] testing.INFO: enrollment_request.rejected {"audit_id":"01m0aj2pe8hsptce6kc114ds9x","actor_id":"01m0aj2pdycraxqaz57ew0ndfy","target":"EnrollmentRequest:01m0aj2pdzf7scp4j2q9ehtrde","request_id":"b501fe1f-6d4b-4f27-af92-599ba138bb5c"} 
[2026-08-18 19:33:22] testing.INFO: settings.updated {"audit_id":"01m0aj2ptzxjvw9ywhz1cqp169","actor_id":"01m0aj2ptpz0xqz5ms9csyfwmg","target":":","request_id":"fa638b32-92ac-49cf-9d6e-c68a6d4b5e47"} 
[2026-08-18 19:33:22] testing.INFO: settings.updated {"audit_id":"01m0aj2pyd758mw5cmcezjv3w5","actor_id":"01m0aj2py3s533cv7phhwm27x6","target":":","request_id":"743643cc-6e48-4004-803c-9f78ec1190e2"} 
[2026-08-18 19:33:22] testing.INFO: settings.updated {"audit_id":"01m0aj2pyp68vx1jmqq6rdb77q","actor_id":"01m0aj2py3s533cv7phhwm27x6","target":":","request_id":"8f991dcf-059c-434d-8578-6307e39f37b9"} 
[2026-08-18 19:33:27] testing.INFO: payment.approved {"audit_id":"01m0aj2v06mm1gzkewswkcxvgz","actor_id":"01m0aj2qery3mkz0k5g15mymnh","target":"Payment:01m0aj2qesew0e0tcpr9gvkcnp","request_id":"d8d22631-6a44-46bc-b981-9a6868b02642"} 
[2026-08-18 19:33:27] testing.INFO: payment.approved {"audit_id":"01m0aj2v94x5wwxbsmyhmk7jkp","actor_id":"01m0aj2v38hdna342tenr2svhw","target":"Payment:01m0aj2v3a9btcmqa3wz0rwmcf","request_id":"e0f46e51-ccb4-4b7a-87df-38cb884223ca"} 
[2026-08-18 19:33:27] testing.INFO: payment.approved {"audit_id":"01m0aj2vxv6r9nawq8vhgp47c7","actor_id":"01m0aj2vr6r805gz513vj8twyk","target":"Payment:01m0aj2vr7gqpsh2h3vpprxr7v","request_id":"d179452b-cc59-4fb3-a615-5c7ecf9d6324"} 
[2026-08-18 19:33:28] testing.INFO: payment.rejected {"audit_id":"01m0aj2w4nb92vek1g8jcgh6vt","actor_id":"01m0aj2w482hbfde5tv5f1vyfq","target":"Payment:01m0aj2w4asz62nvbnpnr0dgan","request_id":"2a14b61e-bbe9-40f8-baa1-490e5a965870"} 
[2026-08-18 19:33:28] testing.INFO: refund.recorded {"audit_id":"01m0aj2wgbxbzg12qy29ta3r6e","actor_id":"01m0aj2weytatc89zth3f1vxd3","target":"Refund:01m0aj2wgawbbwt5n2qhpvvwp9","request_id":"d6523ddb-07b2-4463-bd36-566038fd600b"} 
[2026-08-18 19:33:28] testing.INFO: refund.processed {"audit_id":"01m0aj2wgvk0s9yp129rftm5w3","actor_id":"01m0aj2wf1zr586ddsc8g5pwep","target":"Refund:01m0aj2wgawbbwt5n2qhpvvwp9","request_id":"f9da10ba-93c6-4776-a883-545239595490"} 
[2026-08-18 19:33:30] testing.INFO: user.suspend {"audit_id":"01m0aj2y6731p7qqhc099b4zn8","actor_id":"01m0aj2y5e3s3ez9b49qkzvejf","target":"User:01m0aj2y5jds1az70qq8eshrjj","request_id":"453d5485-682a-47bd-8fbf-2f4f7ff31975"} 
[2026-08-18 19:33:30] testing.INFO: user.archived {"audit_id":"01m0aj2ya5247zhf7bfzkjrvdz","actor_id":"01m0aj2y98c83jz93e855r563n","target":"User:01m0aj2y9e04ydqy15nss1af1f","request_id":"10cf10ca-f69c-44ed-bdb8-61a1dd651551"} 
[2026-08-18 19:33:30] testing.INFO: user.archived {"audit_id":"01m0aj2yddc3h8dtnm7ht9wqg1","actor_id":"01m0aj2yd8kapfcmrd2z5sghme","target":"User:01m0aj2ycyackb790hv1cdgnag","request_id":"acb0cce7-9300-4f50-aa6c-69cb547b6dec"} 
[2026-08-18 19:33:30] testing.INFO: user.updated {"audit_id":"01m0aj2ygp04kbkgx1tg6gf4ta","actor_id":"01m0aj2ygccm30247rcdakgj9c","target":"User:01m0aj2ygek2rbhnqz1za1n7zt","request_id":"f54e1b3d-aa79-4c0a-ac51-a2058b05685c"} 
[2026-08-18 19:33:31] testing.INFO: test.published {"audit_id":"01m0aj2z0tb87ym8sxsgk6gpxj","actor_id":"01m0aj2yzzk1hy4vwdjytb5pnf","target":"Test:01m0aj2z03cbz3j5cndq3c8sw3","request_id":"34efefdf-7162-4bcf-9257-dde19d48aa93"} 
[2026-08-18 19:33:32] testing.INFO: recording.deleted {"audit_id":"01m0aj30782rmjqrk7dwmrbga4","actor_id":"01m0aj3062t2q7sp8dthqmt8z5","target":"Recording:01m0aj30642qg7v00jxev8qnt5","request_id":"9149458d-3c7d-42c5-9a58-9344eefe14a0"} 
[2026-08-18 19:37:01] testing.INFO: settings.updated {"audit_id":"01m0aj9cak8adf8bqm0mtcnwcp","actor_id":"01m0aj9c94t3776mehhb8ehca8","target":":","request_id":"0aba3b07-e765-4a1c-8b4c-f210f7913f75"} 
[2026-08-18 19:37:01] testing.INFO: settings.updated {"audit_id":"01m0aj9cjj4ctqmg8q9tqebs0f","actor_id":"01m0aj9cjacah8vvwjxd241ydz","target":":","request_id":"583e89f3-c119-4419-b69a-8ca60c6d7ca2"} 
[2026-08-18 19:37:01] testing.INFO: role.updated {"audit_id":"01m0aj9crxp78y2nh8v1q4czks","actor_id":"01m0aj9crfet17cw2ja5685xd7","target":"Role:01m0aj9cq5pp2bns7qjrhn9ggw","request_id":"ac05134f-ab66-4595-b596-d8a16f0d25b3"} 
[2026-08-18 19:37:02] testing.INFO: settings.payment_method_qr_updated {"audit_id":"01m0aj9cza08zxjjgkm11n3s07","actor_id":"01m0aj9cy1zew5a359y24zp1d9","target":"PaymentMethod:01m0aj9cwzk6gj1kk5tmf4c4fq","request_id":"1383069d-afaa-44e4-8699-ffb22205c072"} 
[2026-08-18 19:37:02] testing.INFO: settings.payment_method_qr_removed {"audit_id":"01m0aj9czs5ym6jhxpjq5nj917","actor_id":"01m0aj9cy1zew5a359y24zp1d9","target":"PaymentMethod:01m0aj9cwzk6gj1kk5tmf4c4fq","request_id":"c54d24d1-bcf7-4685-9218-64a0d10bead5"} 
[2026-08-18 19:37:02] testing.INFO: settings.updated {"audit_id":"01m0aj9d68s0a6ac5m36p46fmb","actor_id":"01m0aj9d5yh4gn1s0z3eexwg3c","target":":","request_id":"9568c283-0134-40db-aab6-c91e981a5600"} 
[2026-08-18 19:37:02] testing.INFO: faq.created {"audit_id":"01m0aj9d9yhc1fjgqr44fh63d8","actor_id":"01m0aj9d9hjj36w3yc70sf37rw","target":"Faq:01m0aj9d9xc8an78m50gsyncwy","request_id":"f40104ca-af51-4045-a118-f504de6468ef"} 
[2026-08-18 19:37:02] testing.INFO: faq.updated {"audit_id":"01m0aj9da61t860shkv36q9kj2","actor_id":"01m0aj9d9hjj36w3yc70sf37rw","target":"Faq:01m0aj9d9xc8an78m50gsyncwy","request_id":"80b285e2-90ea-49cf-8d60-a4a50d4db80a"} 
[2026-08-18 19:37:02] testing.INFO: faq.deleted {"audit_id":"01m0aj9dafkxqc8kdkaghnkgxj","actor_id":"01m0aj9d9hjj36w3yc70sf37rw","target":"Faq:01m0aj9d9xc8an78m50gsyncwy","request_id":"d1d985a3-900f-4926-8b0f-d2905a7544cb"} 
[2026-08-18 19:37:02] testing.INFO: attempt.started {"audit_id":"01m0aj9dkzdqbxbhdy20894c3j","actor_id":"01m0aj9dkde6kn9czkyh8jgqzx","target":"TestAttempt:01m0aj9dkyqat4e8ss5hbj5gg6","request_id":"2b3988fa-fc0b-45b9-8c2c-dc48af95aca5"} 
[2026-08-18 19:37:02] testing.INFO: attempt.started {"audit_id":"01m0aj9dtntw9322x0e8qwvfgz","actor_id":"01m0aj9dtae4f7zzbav38jfsk2","target":"TestAttempt:01m0aj9dtmne4wzg87m31jjs0d","request_id":"12e4f1b0-3390-41ed-b9be-e0d432b3e27b"} 
[2026-08-18 19:37:02] testing.INFO: attempt.started {"audit_id":"01m0aj9dtyrkn0gq7y7cqbmzvm","actor_id":"01m0aj9dtae4f7zzbav38jfsk2","target":"TestAttempt:01m0aj9dtmne4wzg87m31jjs0d","request_id":"6f98601f-3867-4565-a614-05669dc65ef8"} 
[2026-08-18 19:37:03] testing.INFO: attempt.started {"audit_id":"01m0aj9dy92snta031p2d1v26r","actor_id":"01m0aj9dxy69kcp9cfdkqpnba9","target":"TestAttempt:01m0aj9dy8d6xz0q4qttkx50f7","request_id":"51636aed-cdce-4acc-9f75-4d1ed7bcdff9"} 
[2026-08-18 19:37:03] testing.INFO: attempt.started {"audit_id":"01m0aj9e22jbrndxq7fkdykq5x","actor_id":"01m0aj9e1p046r4fq656rn23yz","target":"TestAttempt:01m0aj9e217arzgdd2jh8hye29","request_id":"b30924f1-dde3-4c19-a9ab-602a1b5e7aa5"} 
[2026-08-18 19:37:03] testing.INFO: attempt.submitted {"audit_id":"01m0aj9e2mn1g68nythcm3d6t6","actor_id":"01m0aj9e1p046r4fq656rn23yz","target":"TestAttempt:01m0aj9e217arzgdd2jh8hye29","request_id":"fddcfdab-2629-4a68-9678-56f41e9e4be8"} 
[2026-08-18 19:37:03] testing.INFO: auth.logged_in {"audit_id":"01m0aj9ea5w6hpng5xy00vab20","actor_id":"01m0aj9e9p1q478a5jwmejy8aa","target":"User:01m0aj9e9p1q478a5jwmejy8aa","request_id":"77ab79ba-aec6-41fc-b31d-76d562e580cc"} 
[2026-08-18 19:37:03] testing.INFO: auth.logged_out {"audit_id":"01m0aj9eaqxfqssg3nbhz53xmj","actor_id":"01m0aj9e9p1q478a5jwmejy8aa","target":"User:01m0aj9e9p1q478a5jwmejy8aa","request_id":"3ea20fcb-31b8-4b80-a12b-08aa1cae4cc0"} 
[2026-08-18 19:37:03] testing.INFO: auth.logged_in {"audit_id":"01m0aj9eaxr2r5q3sjeargdf5e","actor_id":"01m0aj9e9p1q478a5jwmejy8aa","target":"User:01m0aj9e9p1q478a5jwmejy8aa","request_id":"aeb02d9b-4e80-40ad-974c-c66b9296293c"} 
[2026-08-18 19:37:03] testing.INFO: auth.account_locked {"audit_id":"01m0aj9ejbyzzbkykd9c5ktew1","actor_id":"01m0aj9ehkt0e1rdz59ehde1x0","target":"User:01m0aj9ehkt0e1rdz59ehde1x0","request_id":"6c3c60f8-3868-4b06-b836-9c9b28895b7d"} 
[2026-08-18 19:37:03] testing.INFO: auth.password_changed {"audit_id":"01m0aj9ep0av9wew9ct0v9fxyt","actor_id":"01m0aj9enfsajsapwb1k519jsb","target":"User:01m0aj9enfsajsapwb1k519jsb","request_id":"e18e3562-5e93-4425-8f41-16f9acdd314c"} 
[2026-08-18 19:37:03] testing.INFO: account.profile_updated {"audit_id":"01m0aj9escakzsnrx4b1ky7zz5","actor_id":"01m0aj9es3arzw0n8g7666dzz3","target":"User:01m0aj9es3arzw0n8g7666dzz3","request_id":"7808e977-0bbd-4b8d-8533-18b0bab807b0"} 
[2026-08-18 19:37:04] testing.INFO: course.updated {"audit_id":"01m0aj9f0pj978ewjh6xvcepvg","actor_id":"01m0aj9f05hzq4bz4rfszgn85x","target":"Course:01m0aj9f06pafeqn17ghdtxay5","request_id":"a971b5eb-0269-4744-a29d-93570df636fe"} 
[2026-08-18 19:37:04] testing.INFO: course.updated {"audit_id":"01m0aj9f4f1gw1thpwt7bp03n8","actor_id":"01m0aj9f42bcvpfvn7y0x1hgd1","target":"Course:01m0aj9f446trqahcasy50tebz","request_id":"bf8c6263-1a7e-487b-b5c0-4676d259b8fc"} 
[2026-08-18 19:37:04] testing.INFO: auth.logged_in {"audit_id":"01m0aj9f8fbkas50dt4sadsqnr","actor_id":"01m0aj9f85ryhtmgq3q749kyb7","target":"User:01m0aj9f85ryhtmgq3q749kyb7","request_id":"cd6614d3-fe5a-48ad-954d-c586c3af2643"} 
[2026-08-18 19:37:04] testing.INFO: auth.logged_out {"audit_id":"01m0aj9f8qydcg5rk2y9jwvvfk","actor_id":"01m0aj9f85ryhtmgq3q749kyb7","target":"User:01m0aj9f85ryhtmgq3q749kyb7","request_id":"3bd85089-d2e1-43ad-ad1d-2fdd85333f84"} 
[2026-08-18 19:37:04] testing.INFO: auth.logged_in {"audit_id":"01m0aj9f8ychf3vdanb34ew6cf","actor_id":"01m0aj9f85ryhtmgq3q749kyb7","target":"User:01m0aj9f85ryhtmgq3q749kyb7","request_id":"567ec4b2-c155-4a1c-9ead-fd94b97469aa"} 
[2026-08-18 19:37:04] testing.INFO: auth.logged_in {"audit_id":"01m0aj9fcps443jcr0tk6gs6pn","actor_id":"01m0aj9fce0jjqc3gxwfj6aaz1","target":"User:01m0aj9fce0jjqc3gxwfj6aaz1","request_id":"ea955d4e-6bb4-43cd-b7c4-878eb461d4e4"} 
[2026-08-18 19:37:04] testing.INFO: user.devices_reset {"audit_id":"01m0aj9fhw9dhvcny4cqq62fte","actor_id":"01m0aj9fh71jrkrpn99q3x9q7y","target":"User:01m0aj9fha8p2sxjpfahjtk7kw","request_id":"04587a03-1707-4af7-be86-3dcf7324a834"} 
[2026-08-18 19:37:04] testing.INFO: enrollment_request.approved {"audit_id":"01m0aj9fqcvwa4y5re6pbrn7sq","actor_id":"01m0aj9fphkzkqw64xajv9a8ap","target":"EnrollmentRequest:01m0aj9fpncttd3wbaygcq55g1","request_id":"929eda3d-098a-4b43-a3fe-35ded6475181"} 
[2026-08-18 19:37:05] testing.INFO: enrollment_request.approved {"audit_id":"01m0aj9g0jx02snfys60e90vc5","actor_id":"01m0aj9g03qrmpcgvherwhcz5q","target":"EnrollmentRequest:01m0aj9g05rqpryb30wm4s018e","request_id":"aeac5556-bdb7-4a71-95ee-60b8a0142451"} 
[2026-08-18 19:37:05] testing.INFO: enrollment_request.rejected {"audit_id":"01m0aj9g4cy6w2n1f17znhtaah","actor_id":"01m0aj9g3x8rd8e5pnqqc17p22","target":"EnrollmentRequest:01m0aj9g3yh6xxb8gbwt1qxnxr","request_id":"6d686e9c-b1e2-4f15-9d8c-557b2b364347"} 
[2026-08-18 19:37:05] testing.INFO: settings.updated {"audit_id":"01m0aj9gjv7dtkswenjb6jwrfv","actor_id":"01m0aj9gjcq103g71y6za40jcc","target":":","request_id":"cb44f76a-c624-47d9-99e6-03ec97074d9d"} 
[2026-08-18 19:37:05] testing.INFO: settings.updated {"audit_id":"01m0aj9gpfnh8gkdjynkbq0zvn","actor_id":"01m0aj9gp59bkrfabnjremsjfk","target":":","request_id":"9ddde314-b96d-49f6-b37a-07afbfca61e1"} 
[2026-08-18 19:37:05] testing.INFO: settings.updated {"audit_id":"01m0aj9gpreqjn1m4edbvewmvf","actor_id":"01m0aj9gp59bkrfabnjremsjfk","target":":","request_id":"612420b3-b637-4245-affb-5e751c8255bd"} 
[2026-08-18 19:37:06] testing.INFO: payment.approved {"audit_id":"01m0aj9hkpv3wx36cx00wa2hvj","actor_id":"01m0aj9h9sjr17aj2ekc0kerft","target":"Payment:01m0aj9h9vqxgdr9h01kfrwfxm","request_id":"0df67d3a-4fc5-408f-99bd-0bceb294f434"} 
[2026-08-18 19:37:07] testing.INFO: payment.approved {"audit_id":"01m0aj9hxqbgjc4x5fwgmtxgjq","actor_id":"01m0aj9hqh53pkkz5sbtvrxkew","target":"Payment:01m0aj9hqkx1xw2xzxkdaxayy1","request_id":"ac221ad6-0b5b-40ff-b4d7-8ab3294f293e"} 
[2026-08-18 19:37:07] testing.INFO: payment.approved {"audit_id":"01m0aj9jbrr37t7jbfbx9dx3dw","actor_id":"01m0aj9j5qagt7svzr23583fy2","target":"Payment:01m0aj9j5sx9degq824z71r051","request_id":"134fd892-d25b-4630-96b8-1d9394cb8222"} 
[2026-08-18 19:37:07] testing.INFO: payment.rejected {"audit_id":"01m0aj9jfjm8rqg0c7m1c9ydjp","actor_id":"01m0aj9jf50rvs9eaq11wtpb84","target":"Payment:01m0aj9jf74kmk4v19sevkwe3w","request_id":"54dd6c20-7bb3-4edb-b513-9f95fb9c1ad3"} 
[2026-08-18 19:37:08] testing.INFO: refund.recorded {"audit_id":"01m0aj9jw0vdwhq20ed58da8j9","actor_id":"01m0aj9jv8yjxqgx9a4dgks8sv","target":"Refund:01m0aj9jvyfqfgp8d84ksj8txg","request_id":"073b20df-d5e3-470b-93f9-b5e6a1c6ccea"} 
[2026-08-18 19:37:08] testing.INFO: refund.processed {"audit_id":"01m0aj9jwrwhfc3y0ttxzp1nk3","actor_id":"01m0aj9jva01vh0wcedxwjn47w","target":"Refund:01m0aj9jvyfqfgp8d84ksj8txg","request_id":"5da3eaa2-fd99-4bb9-8a91-7b7ac71dcaad"} 
[2026-08-18 19:37:10] testing.INFO: user.suspend {"audit_id":"01m0aj9n02pz41p6fbpbm70xvg","actor_id":"01m0aj9myypadet206j39ccnp3","target":"User:01m0aj9mz47hsgbpk2k1w2s9vb","request_id":"b7d1c8b6-f54e-45dd-b2f0-87e48fc77c33"} 
[2026-08-18 19:37:10] testing.INFO: user.archived {"audit_id":"01m0aj9n4d44sft3babwp86kha","actor_id":"01m0aj9n3d4dcw4a4z7m36gy3x","target":"User:01m0aj9n3kx51gf6wexhjaxfqj","request_id":"a9d198bb-6009-4b1c-95c8-8ca5a6d225a9"} 
[2026-08-18 19:37:10] testing.INFO: user.archived {"audit_id":"01m0aj9n834aj2p6v16jgm1hna","actor_id":"01m0aj9n7yx1keq5wg378bwc1x","target":"User:01m0aj9n7k9be87291zb6kx9ch","request_id":"72b28581-4ca4-40b0-b483-7223ae323213"} 
[2026-08-18 19:37:10] testing.INFO: user.updated {"audit_id":"01m0aj9nc1hrqjpz97x45kj5g4","actor_id":"01m0aj9nbngw5tw0tgdt421mv0","target":"User:01m0aj9nbqgqdrr542zkarczvn","request_id":"ca9eeeea-c456-4116-bf9e-3f3bab044322"} 
[2026-08-18 19:37:11] testing.INFO: test.published {"audit_id":"01m0aj9nzskc7qjet2g71akjb1","actor_id":"01m0aj9nyetvfxb8bb5zcn81nd","target":"Test:01m0aj9nyk7jdjvawj7brfkv52","request_id":"46595330-a932-4115-b8d8-c37e9c37f377"} 
[2026-08-18 19:37:12] testing.INFO: recording.deleted {"audit_id":"01m0aj9qg38b1n0yjzsjpzcrba","actor_id":"01m0aj9qf7vqjxjkrag96bmdxs","target":"Recording:01m0aj9qfbbaq8mrfezzy01jsc","request_id":"24857b5f-ac90-4d27-92ba-be340d1bbcf0"} 
[2026-08-18 19:52:47] testing.INFO: settings.updated {"audit_id":"01m0ak68mnwv40f1mgcmjyxr3v","actor_id":"01m0ak68hs991bhjyv6aph2b3k","target":":","request_id":"f36050c6-b263-460a-9ecb-b02ffa33dd4a"} 
[2026-08-18 19:52:48] testing.INFO: settings.updated {"audit_id":"01m0ak692dtqj8z3d7qmsv2dew","actor_id":"01m0ak69210krazjbvvhtbdqjk","target":":","request_id":"c5269252-6252-42f9-9cbb-d5a1648879ee"} 
[2026-08-18 19:52:48] testing.INFO: role.updated {"audit_id":"01m0ak69dxw59m34ev5c03hcj2","actor_id":"01m0ak69de892mvdhhrwnt26er","target":"Role:01m0ak69azq2qmbp7xynd5xjdm","request_id":"aed73ae1-2730-4869-b046-c2ee0741f1ef"} 
[2026-08-18 19:52:48] testing.INFO: settings.payment_method_qr_updated {"audit_id":"01m0ak69n949wh97xc4njyeevp","actor_id":"01m0ak69ks2v0zshp453y111wv","target":"PaymentMethod:01m0ak69jdsvz4zfkk716tq9yz","request_id":"98c58ebd-6a5a-45c3-9ec0-5c61a529e0d2"} 
[2026-08-18 19:52:48] testing.INFO: settings.payment_method_qr_removed {"audit_id":"01m0ak69p0v14hfrg3y45s6kkr","actor_id":"01m0ak69ks2v0zshp453y111wv","target":"PaymentMethod:01m0ak69jdsvz4zfkk716tq9yz","request_id":"6120c74f-973b-4073-95fc-cbda27287963"} 
[2026-08-18 19:52:49] testing.INFO: settings.updated {"audit_id":"01m0ak6a2ckwhqnyr969g34yee","actor_id":"01m0ak6a1x79sndjr86zst6ajt","target":":","request_id":"5a7f3164-b427-46a2-a2fe-99dcce67a85a"} 
[2026-08-18 19:52:49] testing.INFO: faq.created {"audit_id":"01m0ak6a87e9w22s64ejhpzwa4","actor_id":"01m0ak6a7rynfxrb43j885r0eh","target":"Faq:01m0ak6a861rq54bg4hbk3tbye","request_id":"b9d7d331-39fc-4369-99ab-12f1f99321a4"} 
[2026-08-18 19:52:49] testing.INFO: faq.updated {"audit_id":"01m0ak6a8h9sgk5nqv638j5ak4","actor_id":"01m0ak6a7rynfxrb43j885r0eh","target":"Faq:01m0ak6a861rq54bg4hbk3tbye","request_id":"dc46b234-8005-4029-bcbc-ccf7dbadb8d3"} 
[2026-08-18 19:52:49] testing.INFO: faq.deleted {"audit_id":"01m0ak6a8zfkh01yf7nvkwbb83","actor_id":"01m0ak6a7rynfxrb43j885r0eh","target":"Faq:01m0ak6a861rq54bg4hbk3tbye","request_id":"aa19ee23-8ede-4872-a60d-ecd597606aad"} 
[2026-08-18 19:52:50] testing.INFO: attempt.started {"audit_id":"01m0ak6as169b51zqt6arb4gpk","actor_id":"01m0ak6ar593tcnptpnracbga9","target":"TestAttempt:01m0ak6as0s1scdw93nmfpycnz","request_id":"bcd85dfe-c937-46f8-9569-2a8b9b949e0c"} 
[2026-08-18 19:52:50] testing.INFO: attempt.started {"audit_id":"01m0ak6b54qmnqwd4cgnmz5pa0","actor_id":"01m0ak6b4hsxxns2e0s2hn49a8","target":"TestAttempt:01m0ak6b53servbv1m073qajet","request_id":"c1954eb2-a779-4519-bfbe-1d135e4f443a"} 
[2026-08-18 19:52:50] testing.INFO: attempt.started {"audit_id":"01m0ak6b5gjw6yzw4d35ysj3xq","actor_id":"01m0ak6b4hsxxns2e0s2hn49a8","target":"TestAttempt:01m0ak6b53servbv1m073qajet","request_id":"c9ad2a68-887b-4218-a15f-53d8b08a445e"} 
[2026-08-18 19:52:50] testing.INFO: attempt.started {"audit_id":"01m0ak6bbzw8m36bfz5d6g9je6","actor_id":"01m0ak6bbcmxwhms9cbtxw4134","target":"TestAttempt:01m0ak6bbybjxzr60e4p7ty5nm","request_id":"df5fda8e-c7fd-4c1c-b329-eefc0fbcebf8"} 
[2026-08-18 19:52:50] testing.INFO: attempt.started {"audit_id":"01m0ak6bhpbc9wrxqfvwbawff5","actor_id":"01m0ak6bh01ydvb43vrnxh75xt","target":"TestAttempt:01m0ak6bhnga9mygavq1d8j1v8","request_id":"1d35d139-457d-4a4c-9fd5-0c030e64fa11"} 
[2026-08-18 19:52:50] testing.INFO: attempt.submitted {"audit_id":"01m0ak6bjfwm3hvexyqx3bx039","actor_id":"01m0ak6bh01ydvb43vrnxh75xt","target":"TestAttempt:01m0ak6bhnga9mygavq1d8j1v8","request_id":"82668d52-5f09-4327-8600-ff3a493efe66"} 
[2026-08-18 19:52:51] testing.INFO: auth.logged_in {"audit_id":"01m0ak6bwwhprj8em5qt38tfbx","actor_id":"01m0ak6bwch1yzy3s09fx8xt4t","target":"User:01m0ak6bwch1yzy3s09fx8xt4t","request_id":"9d7618de-f238-4812-81c7-59a19c5adce2"} 
[2026-08-18 19:52:51] testing.INFO: auth.logged_out {"audit_id":"01m0ak6bxhpbzngk0gdmhz97aj","actor_id":"01m0ak6bwch1yzy3s09fx8xt4t","target":"User:01m0ak6bwch1yzy3s09fx8xt4t","request_id":"aa938203-e7ee-4efc-a001-98cf376e2fea"} 
[2026-08-18 19:52:51] testing.INFO: auth.logged_in {"audit_id":"01m0ak6bxq8mx5hb9nt70esv2c","actor_id":"01m0ak6bwch1yzy3s09fx8xt4t","target":"User:01m0ak6bwch1yzy3s09fx8xt4t","request_id":"3830a705-aaa2-4d71-a2fd-d37057ad2692"} 
[2026-08-18 19:52:51] testing.INFO: auth.account_locked {"audit_id":"01m0ak6cakvcc6kvh8f6dm94s7","actor_id":"01m0ak6c9gtbt0ad532x3vwjnv","target":"User:01m0ak6c9gtbt0ad532x3vwjnv","request_id":"f03b0ed1-64fe-4d78-9f07-9ca43290759e"} 
[2026-08-18 19:52:51] testing.INFO: auth.password_changed {"audit_id":"01m0ak6cgsabq68v8cxx0yexvr","actor_id":"01m0ak6cfsn884rk802xjrshhm","target":"User:01m0ak6cfsn884rk802xjrshhm","request_id":"48627dea-2fbb-406a-bb7b-74650691802c"} 
[2026-08-18 19:52:52] testing.INFO: account.profile_updated {"audit_id":"01m0ak6cpatvgf44f0a3yr86w1","actor_id":"01m0ak6cnwbv8h6enq2crtv1qr","target":"User:01m0ak6cnwbv8h6enq2crtv1qr","request_id":"67f701b2-7662-4297-9a6c-051c3b53d980"} 
[2026-08-18 19:52:52] testing.INFO: course.updated {"audit_id":"01m0ak6d34rx9jtfzrve3cmt0y","actor_id":"01m0ak6d1ze4q9st9gwptccd4f","target":"Course:01m0ak6d23g9pkz33g6g9v7zxt","request_id":"5a7c5032-66c6-4ac3-803a-3237308c3939"} 
[2026-08-18 19:52:52] testing.INFO: course.updated {"audit_id":"01m0ak6d956nt55jeqs5kvcwjn","actor_id":"01m0ak6d8jwbgt8zrt46pzgkgv","target":"Course:01m0ak6d8mzge41ejqkky22kfp","request_id":"0793a5ef-dfb6-4281-b2e7-7516c6b8e075"} 
[2026-08-18 19:52:52] testing.INFO: auth.logged_in {"audit_id":"01m0ak6depxd6n09setzgt5y7j","actor_id":"01m0ak6de8448t22m5fpkp2p4t","target":"User:01m0ak6de8448t22m5fpkp2p4t","request_id":"d6481b31-ba5c-402c-bf22-661ab9eebf6e"} 
[2026-08-18 19:52:52] testing.INFO: auth.logged_out {"audit_id":"01m0ak6dez97zxjj82jpqvv085","actor_id":"01m0ak6de8448t22m5fpkp2p4t","target":"User:01m0ak6de8448t22m5fpkp2p4t","request_id":"f4bec2b6-6002-460c-8a3b-89b544eb4b30"} 
[2026-08-18 19:52:52] testing.INFO: auth.logged_in {"audit_id":"01m0ak6df78vswptjwepa0h1k2","actor_id":"01m0ak6de8448t22m5fpkp2p4t","target":"User:01m0ak6de8448t22m5fpkp2p4t","request_id":"80e1e4c6-38d9-44cb-bcd3-60d3d4f1ded1"} 
[2026-08-18 19:52:52] testing.INFO: auth.logged_in {"audit_id":"01m0ak6dkcry040x4r5y8f7vmr","actor_id":"01m0ak6dk280xwmrr7bcpbcf9g","target":"User:01m0ak6dk280xwmrr7bcpbcf9g","request_id":"04cbfcf4-7cc3-435d-902f-bdeec334998b"} 
[2026-08-18 19:52:53] testing.INFO: user.devices_reset {"audit_id":"01m0ak6drj8pmdn15n4mx1jse9","actor_id":"01m0ak6dqy37dd54twn3x26re3","target":"User:01m0ak6dr1k5smm8sj3xdkkh6j","request_id":"c8248cdf-eeac-466d-a543-9530b3390158"} 
[2026-08-18 19:52:53] testing.INFO: enrollment_request.approved {"audit_id":"01m0ak6dy8hk25tw8ayacymhax","actor_id":"01m0ak6dx3ya2ddeb9kmthrssk","target":"EnrollmentRequest:01m0ak6dx72z847rz8y5jdz1kk","request_id":"cb51fc83-30b0-4e8f-b830-e2f45f81ebe9"} 
[2026-08-18 19:52:53] testing.INFO: enrollment_request.approved {"audit_id":"01m0ak6e87zzp856ptprxgpen0","actor_id":"01m0ak6e7mjwewhn02k13y2pbg","target":"EnrollmentRequest:01m0ak6e7qvepw87ef0yrp62ns","request_id":"d3ff8a46-87aa-4126-a828-ec7aece65438"} 
[2026-08-18 19:52:53] testing.INFO: enrollment_request.rejected {"audit_id":"01m0ak6edjmgnkke72x4gcvvdn","actor_id":"01m0ak6ed11sasqxme60ysqdxq","target":"EnrollmentRequest:01m0ak6ed4rex4ezv6rjhje3dh","request_id":"42888c92-fec4-450d-b9b4-f28d3165595f"} 
[2026-08-18 19:52:54] testing.INFO: settings.updated {"audit_id":"01m0ak6f22xttqjfdje6xckdyw","actor_id":"01m0ak6f1m6x548ek0vh0vdpkj","target":":","request_id":"4ed72e84-b843-47fe-81f3-f10b8e75843c"} 
[2026-08-18 19:52:54] testing.INFO: settings.updated {"audit_id":"01m0ak6f753vybv0336d9fnnzp","actor_id":"01m0ak6f6qd10rztdekn9tt8ya","target":":","request_id":"74ddfe76-33ff-4897-b974-ac4ba3598d6a"} 
[2026-08-18 19:52:54] testing.INFO: settings.updated {"audit_id":"01m0ak6f7gjt7ehn45v84mfnj5","actor_id":"01m0ak6f6qd10rztdekn9tt8ya","target":":","request_id":"ea1266ba-730e-4695-bf5f-c9be9d677429"} 
[2026-08-18 19:52:55] testing.INFO: payment.approved {"audit_id":"01m0ak6gdta97zbkwwcskf6ywy","actor_id":"01m0ak6g0qq0hr386wq3h7rfhz","target":"Payment:01m0ak6g0sx4r5a9s2e1cwr9bp","request_id":"95b759f6-af3d-441c-b1d3-e6045f839bac"} 
[2026-08-18 19:52:56] testing.INFO: payment.approved {"audit_id":"01m0ak6h3fzcs5szr68xcx1kp2","actor_id":"01m0ak6gqd1an8m03zk945p5fs","target":"Payment:01m0ak6gqhds3p10jaznfky8pp","request_id":"81a1075c-2d05-44f3-a887-95161eeec503"} 
[2026-08-18 19:52:57] testing.INFO: payment.approved {"audit_id":"01m0ak6hvrfc9qvmtqjdmyjnv2","actor_id":"01m0ak6hmbxbkhav25r2k0qnr5","target":"Payment:01m0ak6hmejfkwf2gtn2155j3e","request_id":"5ff60ab7-db8d-466f-9e69-4cff7f0db2c1"} 
[2026-08-18 19:52:57] testing.INFO: payment.rejected {"audit_id":"01m0ak6j2fz0nje6tjf6gc9wkj","actor_id":"01m0ak6j1n30hb03raxcj7yxj7","target":"Payment:01m0ak6j1rbnfh1ra8fatchg7t","request_id":"53ba7ef9-1263-4c0e-9c28-05ac21a4f492"} 
[2026-08-18 19:52:58] testing.INFO: refund.recorded {"audit_id":"01m0ak6jpdddndz53ctenha5hw","actor_id":"01m0ak6jnc59hxcv2spakm96vg","target":"Refund:01m0ak6jpb0tme7rrxp64017pb","request_id":"9d071a5e-3310-43bb-ac4e-94bee0c2a47c"} 
[2026-08-18 19:52:58] testing.INFO: refund.processed {"audit_id":"01m0ak6jqb5mqa3sftr54jvxje","actor_id":"01m0ak6jngevd41x9e7gnfhs4z","target":"Refund:01m0ak6jpb0tme7rrxp64017pb","request_id":"fd4a7403-0a92-4137-839e-6ef32793aeed"} 
[2026-08-18 19:53:00] testing.INFO: user.suspend {"audit_id":"01m0ak6nf1p3xg9en2c3xq0c5c","actor_id":"01m0ak6ndvae0adrc9kvz09jah","target":"User:01m0ak6ne1kryyfcp7p0nxkv8n","request_id":"afcc19b9-ca84-40bc-ae16-2b0ee36ccefc"} 
[2026-08-18 19:53:01] testing.INFO: user.archived {"audit_id":"01m0ak6nmy2wc8zzeksch75j5m","actor_id":"01m0ak6nkr2mg2x3jcz31ssyzh","target":"User:01m0ak6nm0snqj9a82hn762ep5","request_id":"df5f0288-350e-47b6-b8b1-3ea1671977cb"} 
[2026-08-18 19:53:01] testing.INFO: user.archived {"audit_id":"01m0ak6nshj4ehxydf80kmaepv","actor_id":"01m0ak6ns8cfzwz5v7c4fh9zb3","target":"User:01m0ak6nrwv7agthften8dtwda","request_id":"dd696f4a-da4b-4db0-aca4-e01f129950d2"} 
[2026-08-18 19:53:01] testing.INFO: user.updated {"audit_id":"01m0ak6nydphjt6gwbv7m0axpv","actor_id":"01m0ak6nxyv16fy02jaebpf1wj","target":"User:01m0ak6ny0q154w3thj6qkbdtz","request_id":"4b874174-0f7c-4b78-ad67-6fc14132de72"} 
[2026-08-18 19:53:02] testing.INFO: test.published {"audit_id":"01m0ak6pn6kfvbyknbykhmp3b6","actor_id":"01m0ak6pkcxmngrkywxs5x134z","target":"Test:01m0ak6pkk7t9k8c4f0ys7fkax","request_id":"7a914bf4-7131-4cc9-a550-a4b913baaeff"} 
[2026-08-18 19:53:04] testing.INFO: recording.deleted {"audit_id":"01m0ak6rh6psgc4zcdmqp1qcwb","actor_id":"01m0ak6rgby7b93dde6qs3f5rb","target":"Recording:01m0ak6rgesysjvzya8dbsdshy","request_id":"2eba55e4-7c37-470c-808e-7a3e81c7dc26"} 
[2026-08-18 19:54:10] testing.INFO: payment.approved {"audit_id":"01m0ak8rw94z9pmbj67atqb9ed","actor_id":"01m0ak8r2dsg3ycqkdfzw05mtf","target":"Payment:01m0ak8r2wac5day0ydmsa6z7c","request_id":"d073a7c7-adf1-4090-9e92-b3af4e730caa"} 
[2026-08-18 19:54:43] testing.INFO: payment.approved {"audit_id":"01m0ak9sgcxt56gwcv22g006jw","actor_id":"01m0ak9rx82dvmvx3scavsr3sc","target":"Payment:01m0ak9rxmbj3h2svtw5nax5nq","request_id":"61a21c4b-fd49-47ee-824a-a4e34a92bf29"} 
[2026-08-18 19:55:19] testing.INFO: payment.approved {"audit_id":"01m0akax2ycwvab0fv0ggk197s","actor_id":"01m0akawkm6hbrvfjdby22dbfj","target":"Payment:01m0akawm47p3fyz7vvqn0tf37","request_id":"39286519-f8c0-4391-838b-925855da70cc"} 
[2026-08-18 19:55:44] testing.INFO: auth.logged_in {"audit_id":"01m0akbmy850qrvj5f4ndqsh6y","actor_id":"01m0akbmvk28bdmrbd1e8wegc6","target":"User:01m0akbmvk28bdmrbd1e8wegc6","request_id":"96bf9e6a-1b85-4210-b820-8e3275eb3d75"} 
[2026-08-18 19:55:44] testing.INFO: auth.logged_in {"audit_id":"01m0akbn5z5mqzzmsj9wbf78ng","actor_id":"01m0akbn5e89dghw00ysck4yrg","target":"User:01m0akbn5e89dghw00ysck4yrg","request_id":"fa819975-e3f3-402c-825b-42fbd39628af"} 
[2026-08-18 19:55:44] testing.INFO: auth.logged_out {"audit_id":"01m0akbn6d8pnr91zn6nrtqb63","actor_id":"01m0akbn5e89dghw00ysck4yrg","target":"User:01m0akbn5e89dghw00ysck4yrg","request_id":"8f4fab15-7240-4f3b-bdd1-a94221602a89"} 
[2026-08-18 19:55:44] testing.INFO: auth.logged_in {"audit_id":"01m0akbn6p10hxa5cr3gr0avv2","actor_id":"01m0akbn5e89dghw00ysck4yrg","target":"User:01m0akbn5e89dghw00ysck4yrg","request_id":"1ad7dbac-1ff8-4191-b17a-3eb9c4f95063"} 
[2026-08-18 19:55:44] testing.INFO: user.devices_reset {"audit_id":"01m0akbnchczk4r6h82p6g3z10","actor_id":"01m0akbnbspqajghhysxem77mn","target":"User:01m0akbnbwpztfspxsanha2gje","request_id":"f9ed647f-3c90-4a6b-80e7-08e8d84f677f"} 
[2026-08-18 19:55:44] testing.INFO: settings.updated {"audit_id":"01m0akbnjm73pbb45y72veaj5g","actor_id":"01m0akbnj0m26gkxmhcmsx38dr","target":":","request_id":"eedc4977-541f-4d7e-a3cd-9ac4d997950c"} 
[2026-08-18 19:55:45] testing.INFO: settings.updated {"audit_id":"01m0akbp3y0warzerpn147yx88","actor_id":"01m0akbp38wbtpknvvzwz3svh7","target":":","request_id":"d627a029-dc68-45f0-9bfa-71c5308a5017"} 
[2026-08-18 19:55:45] testing.INFO: role.updated {"audit_id":"01m0akbp96xg57cnyb99qfavr8","actor_id":"01m0akbp8nhr97pk3xyjxjkkcc","target":"Role:01m0akbp6af0bw7zafyegff8tf","request_id":"6cc16e93-5f98-40a9-b769-1aaf13362244"} 
[2026-08-18 19:55:45] testing.INFO: settings.updated {"audit_id":"01m0akbpf97kek5vzez5afc0zv","actor_id":"01m0akbpepf0vybg8syyrtsgwe","target":":","request_id":"9483beba-8e65-4f4d-b4ed-48cd2020db8b"} 
[2026-08-18 19:55:46] testing.INFO: settings.payment_method_qr_updated {"audit_id":"01m0akbpnbjkf7mwnjkpdak349","actor_id":"01m0akbpmn67ahvzx8v2djbeg9","target":"PaymentMethod:01m0akbpmgr5xgcwz54r0wskqq","request_id":"35ef14f3-cbe6-4125-aabf-619e667237a8"} 
[2026-08-18 19:55:46] testing.INFO: settings.payment_method_qr_removed {"audit_id":"01m0akbpntvr15ef0qmf3z90nm","actor_id":"01m0akbpmn67ahvzx8v2djbeg9","target":"PaymentMethod:01m0akbpmgr5xgcwz54r0wskqq","request_id":"a0a2efcb-8d1d-480b-b145-cbfff2822e61"} 
[2026-08-18 19:55:46] testing.INFO: faq.created {"audit_id":"01m0akbqcmfe85mx8n727dprve","actor_id":"01m0akbqbw6bj4serdjvy9y2gk","target":"Faq:01m0akbqcjmqqe8tj5kjaxahr9","request_id":"5e9450fe-4b5a-4e92-966b-d0d5ea5ddae1"} 
[2026-08-18 19:55:46] testing.INFO: faq.updated {"audit_id":"01m0akbqd36pvgfpr1sqyf8fqe","actor_id":"01m0akbqbw6bj4serdjvy9y2gk","target":"Faq:01m0akbqcjmqqe8tj5kjaxahr9","request_id":"2b58cef6-64ef-40ff-be55-8eb221bbf2c2"} 
[2026-08-18 19:55:46] testing.INFO: faq.deleted {"audit_id":"01m0akbqdhmxxytrx6r6cwesne","actor_id":"01m0akbqbw6bj4serdjvy9y2gk","target":"Faq:01m0akbqcjmqqe8tj5kjaxahr9","request_id":"e6b8025c-49e8-4592-b304-ec7bd29988f3"} 
[2026-08-18 19:55:47] testing.INFO: course.updated {"audit_id":"01m0akbr24d1z7ydfybqgbqtf4","actor_id":"01m0akbr1dnhv7e723egdy6cvf","target":"Course:01m0akbr1gdqjamnkghjn21jzs","request_id":"c59b4fd5-947d-4953-9329-c1c8f2527df6"} 
[2026-08-18 19:55:47] testing.INFO: course.updated {"audit_id":"01m0akbr7ye83by92n4z96aaps","actor_id":"01m0akbr6tevdbvx3z981e2jj1","target":"Course:01m0akbr6wqqhqjshetw2vhk0q","request_id":"26e897c3-b5c1-494f-a2ab-bc94537fab4e"} 
[2026-08-18 19:55:48] testing.INFO: user.updated {"audit_id":"01m0akbrmesa9fkw2092g1xjga","actor_id":"01m0akbrkyahaxqxkc9r8n5pyy","target":"User:01m0akbrm1xkyrc06rgf9h40d5","request_id":"bbe0ca23-89d7-4dc4-af22-6026694ea38d"} 
[2026-08-18 19:55:48] testing.INFO: user.archived {"audit_id":"01m0akbrt3kkz19a180rhv6sec","actor_id":"01m0akbrstgtgh0w4eqeek5hbx","target":"User:01m0akbrsbdyqxhebq2a9xkrnw","request_id":"8a1a24c7-e631-4ba6-9f44-075346b4fcc6"} 
[2026-08-18 19:55:48] testing.INFO: test.published {"audit_id":"01m0akbs2598sry96y4q2145rc","actor_id":"01m0akbrz4m0qqp3ddk9jhtqcv","target":"Test:01m0akbrzj78vk5vhf576hz5nq","request_id":"116048de-0ea1-40cb-ba8c-37dd6769f52c"} 
[2026-08-18 19:55:48] testing.INFO: user.suspend {"audit_id":"01m0akbs93ef7qzp05kcfmh691","actor_id":"01m0akbs7z11w3k9zhgb2sy23c","target":"User:01m0akbs86pg3jwzrv7emtj3vt","request_id":"145e75ca-132d-437d-9b56-675eeb4d7431"} 
[2026-08-18 19:55:49] testing.INFO: user.archived {"audit_id":"01m0akbss3b51y9bknex8d95km","actor_id":"01m0akbsqqnq30hvrvtye7gp28","target":"User:01m0akbsr0sa2174fcfb7jb3p9","request_id":"4ef0bf63-8741-4f25-85af-20f3949b6902"} 
[2026-08-18 19:55:52] testing.INFO: payment.approved {"audit_id":"01m0akbwxtqs8mdj4xbx076j8g","actor_id":"01m0akbwgxdh6v7ps7h55zkyy5","target":"Payment:01m0akbwh5t9a1rqx3zkbq4g3f","request_id":"a28f3e36-e87d-4c67-8887-0f805eaf6d3e"} 
[2026-08-18 19:55:53] testing.INFO: payment.approved {"audit_id":"01m0akbxtb9kxzn8bbrcsby28g","actor_id":"01m0akbxhb0bawvrcbtgmhhd8j","target":"Payment:01m0akbxhdd02r0y3hk6vxaa8q","request_id":"b225765e-4697-4a12-bf3c-722b44be0438"} 
[2026-08-18 19:55:53] testing.INFO: payment.approved {"audit_id":"01m0akbyd53fy3bjfcnwpqhyyk","actor_id":"01m0akby580nz6mdctrjqb6e45","target":"Payment:01m0akby5dea0g7de2v06fmtn9","request_id":"c19a35ea-363f-443e-aa81-a0be31a86043"} 
[2026-08-18 19:55:54] testing.INFO: refund.recorded {"audit_id":"01m0akbyrj51yfx7j8b0v446gs","actor_id":"01m0akbyqgm6mnk3f7xckeqv5m","target":"Refund:01m0akbyrgtjrr946nzq83z9k3","request_id":"48ecf342-f905-4af3-a329-48b332670655"} 
[2026-08-18 19:55:54] testing.INFO: refund.processed {"audit_id":"01m0akbys9jgzjrdkv14a74qz3","actor_id":"01m0akbyqkqddaynbc16k86vxr","target":"Refund:01m0akbyrgtjrr946nzq83z9k3","request_id":"b28b49c8-96fc-444e-a0ca-9c31c00ec22e"} 
[2026-08-18 19:55:54] testing.INFO: payment.rejected {"audit_id":"01m0akbz3s7g7tk69a60mqcadt","actor_id":"01m0akbz37yzwewp2rjk1fzbmj","target":"Payment:01m0akbz3949b3gr6n10mjw4xm","request_id":"d241eeef-b18b-48f8-9eaa-809ac97ce3ed"} 
[2026-08-18 19:55:55] testing.INFO: payment.approved {"audit_id":"01m0akbzghhv9eyyjza4cq4c61","actor_id":"01m0akbz8d40mv25qbg444c90g","target":"Payment:01m0akbz8g67k940mrxgff30c9","request_id":"25eb6e9f-e040-4ae3-a2df-31de47235396"} 
[2026-08-18 19:55:55] testing.INFO: attempt.started {"audit_id":"01m0akbzpg2970r9ek2g3yeen8","actor_id":"01m0akbznxr4sff5n8kcsmgsr7","target":"TestAttempt:01m0akbzpfw2kv04n3vzf5smjd","request_id":"630858a4-afc8-4c66-902a-c211799411e4"} 
[2026-08-18 19:55:55] testing.INFO: attempt.started {"audit_id":"01m0akbzpzbx4wx1ejq37w9078","actor_id":"01m0akbznxr4sff5n8kcsmgsr7","target":"TestAttempt:01m0akbzpfw2kv04n3vzf5smjd","request_id":"5599aecb-69ba-4547-9e9d-6b87372d400a"} 
[2026-08-18 19:55:55] testing.INFO: attempt.started {"audit_id":"01m0akbzw44q9nj92aprbcnf9v","actor_id":"01m0akbzvjg6mkbenjzvn8m321","target":"TestAttempt:01m0akbzw3h518q7tr7p3yzqj0","request_id":"5af2bed0-3970-4d22-a70d-39a92a210de8"} 
[2026-08-18 19:55:55] testing.INFO: attempt.started {"audit_id":"01m0akc0a23dy6ja2jna20gxkd","actor_id":"01m0akc09ksywnsz2rsahfk0b0","target":"TestAttempt:01m0akc0a1vafyek2rg705pj67","request_id":"fb9df9e6-3f35-4688-8f08-ffc82698303d"} 
[2026-08-18 19:55:55] testing.INFO: attempt.submitted {"audit_id":"01m0akc0aphxdfq88t4kf2x1mm","actor_id":"01m0akc09ksywnsz2rsahfk0b0","target":"TestAttempt:01m0akc0a1vafyek2rg705pj67","request_id":"542ae63e-2e7e-4ca3-8735-a93be3ea0aeb"} 
[2026-08-18 19:55:56] testing.INFO: attempt.started {"audit_id":"01m0akc0f3exk6rspwrhk37j5f","actor_id":"01m0akc0ejnt0etzkcegeqjstf","target":"TestAttempt:01m0akc0f2p4gc2wyt9r2t08k7","request_id":"0252808a-739e-41ce-bc97-14a23fbf017f"} 
[2026-08-18 19:55:56] testing.INFO: auth.password_changed {"audit_id":"01m0akc0sdyhrh81e4g1fbzzgh","actor_id":"01m0akc0rq9hhpy7zpvsmna875","target":"User:01m0akc0rq9hhpy7zpvsmna875","request_id":"ded43d29-8251-43e5-95de-8e6dc71393eb"} 
[2026-08-18 19:55:56] testing.INFO: account.profile_updated {"audit_id":"01m0akc13aatsqxkst0pcshtf0","actor_id":"01m0akc12w8ts6z236hp7k1bda","target":"User:01m0akc12w8ts6z236hp7k1bda","request_id":"5073fc34-47cb-4efc-acb3-60cedf3d2f1c"} 
[2026-08-18 19:55:56] testing.INFO: auth.logged_in {"audit_id":"01m0akc198zt452sw3fgfa7z9j","actor_id":"01m0akc18y7k0mtk3n4addbwkx","target":"User:01m0akc18y7k0mtk3n4addbwkx","request_id":"3571e59a-e528-4f31-ae89-b322fb56785a"} 
[2026-08-18 19:55:56] testing.INFO: auth.logged_out {"audit_id":"01m0akc19kwewrmyt810fa0q8z","actor_id":"01m0akc18y7k0mtk3n4addbwkx","target":"User:01m0akc18y7k0mtk3n4addbwkx","request_id":"2444ec8d-a50e-4ebb-8088-d5cd001d51d7"} 
[2026-08-18 19:55:56] testing.INFO: auth.logged_in {"audit_id":"01m0akc19st6tf2f18wadyn0r8","actor_id":"01m0akc18y7k0mtk3n4addbwkx","target":"User:01m0akc18y7k0mtk3n4addbwkx","request_id":"f3af19e1-dba1-4718-bd21-4228a6551f24"} 
[2026-08-18 19:55:57] testing.INFO: auth.account_locked {"audit_id":"01m0akc1exdppe3vdztvxdrff8","actor_id":"01m0akc1e07se2wvh82gp1sctj","target":"User:01m0akc1e07se2wvh82gp1sctj","request_id":"ab1f8f4f-d88c-49a0-86f1-1dc04a8880c0"} 
[2026-08-18 19:55:57] testing.INFO: enrollment_request.approved {"audit_id":"01m0akc1msfpf1bzt5nknrqbft","actor_id":"01m0akc1m3sj8z6k3wq9573bg1","target":"EnrollmentRequest:01m0akc1m6qpzkdqyqc4zg370e","request_id":"0ffd72b0-647e-4a74-ac17-f3d544dd5d49"} 
[2026-08-18 19:55:57] testing.INFO: enrollment_request.rejected {"audit_id":"01m0akc1zcde2pxdr5fwb5kphw","actor_id":"01m0akc1yjypvk8tvny0jvaq52","target":"EnrollmentRequest:01m0akc1ymga6x3zwjyvavjqm8","request_id":"9cf55ca8-86a1-4488-8539-37a873386f69"} 
[2026-08-18 19:55:57] testing.INFO: enrollment_request.approved {"audit_id":"01m0akc23zdxz3r3dk3sxtppjd","actor_id":"01m0akc23bzk34f0cmkyqss59t","target":"EnrollmentRequest:01m0akc23e2bg4vrfs0p9nbkns","request_id":"1112d043-f32c-4e59-af24-acec37af8697"} 
[2026-08-18 19:55:58] testing.INFO: recording.deleted {"audit_id":"01m0akc2fz32c2mjdhw5059cxq","actor_id":"01m0akc2f8gyqbt971xqq77fe9","target":"Recording:01m0akc2fbazjc5czgxysebs91","request_id":"53d5694d-7f6e-45cd-ba92-c3eadccb60bc"} 
[2026-08-18 19:56:00] testing.INFO: settings.updated {"audit_id":"01m0akc4jvp9tstj4sfscpehy9","actor_id":"01m0akc4je0wprca8cy2a9yxyr","target":":","request_id":"6c431a96-8103-4adf-b245-1c5e4545d38e"} 
[2026-08-18 19:56:00] testing.INFO: settings.updated {"audit_id":"01m0akc52yr5axwme7dc5v3t0a","actor_id":"01m0akc52jr277jq3es0nbdr18","target":":","request_id":"4dbd1d6e-4ce4-4fc0-9e8f-127477198232"} 
[2026-08-18 19:56:00] testing.INFO: settings.updated {"audit_id":"01m0akc539b3kh88dvar0x5h4m","actor_id":"01m0akc52jr277jq3es0nbdr18","target":":","request_id":"e522ee17-9a1e-480b-ac34-0545b7b05169"} 
[2026-08-18 20:17:30] testing.INFO: course.thumbnail_updated {"audit_id":"01m0amkfjdyvryeyz90aasnw51","actor_id":"01m0amkbsjzp2pnmmda4e3mnwy","target":"Course:01m0amkbsrg0fd0cvtkpv5hcge","request_id":"33302cc2-82d5-4816-94df-d3128197ab82"} 
[2026-08-18 20:17:31] testing.INFO: course.thumbnail_updated {"audit_id":"01m0amkhbm5fy8pbawk02fhgt8","actor_id":"01m0amkbsjzp2pnmmda4e3mnwy","target":"Course:01m0amkbsrg0fd0cvtkpv5hcge","request_id":"fdf7438a-bf2e-470d-ac27-96e7a2366f92"} 
[2026-08-18 20:17:32] testing.INFO: course.thumbnail_updated {"audit_id":"01m0amkjeav2r1jk8j3f1ewn3d","actor_id":"01m0amkjdnferwbbdc0qwgv0sy","target":"Course:01m0amkjdpf9n218m2965mqxk6","request_id":"e8134fd2-0f0a-425b-8419-3b779fdf3a8a"} 
[2026-08-18 20:17:32] testing.INFO: course.thumbnail_removed {"audit_id":"01m0amkjek0xh43wncwq380h5y","actor_id":"01m0amkjdnferwbbdc0qwgv0sy","target":"Course:01m0amkjdpf9n218m2965mqxk6","request_id":"74bbc642-25ff-459a-9c53-5a3fa5a9644f"} 
[2026-08-18 20:17:32] testing.INFO: course.thumbnail_updated {"audit_id":"01m0amkjjs6z4v4fhz5ap5ejan","actor_id":"01m0amkjj6vdgp29mp7sp3mce7","target":"Course:01m0amkjj75bxyknhx7v4x5g07","request_id":"35ad53ee-1df3-476f-9ba7-effdf14f6f2f"} 
[2026-08-18 20:17:48] testing.INFO: settings.updated {"audit_id":"01m0amm2dm0z21s4xrykbgv8mk","actor_id":"01m0amm22hnh8yfavs8byrhy48","target":":","request_id":"07bf4115-56f4-4869-87d4-a8760d9e7b05"} 
[2026-08-18 20:17:49] testing.INFO: settings.updated {"audit_id":"01m0amm2qx1q7m7gm22ndfdysj","actor_id":"01m0amm2qmv4cd1c3kgtzc2ywj","target":":","request_id":"5ee5aea8-6c12-4e4e-b031-6e6bc2f23552"} 
[2026-08-18 20:17:49] testing.INFO: role.updated {"audit_id":"01m0amm30msjnnnzdzkk3z7dgq","actor_id":"01m0amm309p7ghttcpekb6w09z","target":"Role:01m0amm2yjrdzh3hkvdrbhkn3y","request_id":"537da9ee-1f7a-40d0-a1f7-2aed2f7bdd8d"} 
[2026-08-18 20:17:49] testing.INFO: settings.payment_method_qr_updated {"audit_id":"01m0amm353swxyzyww9qdgwvp9","actor_id":"01m0amm3416981kwr4spgvm2nd","target":"PaymentMethod:01m0amm33npevt41krxn8g9gzx","request_id":"7e1ebbc2-41f7-4490-b61e-d9f7b25e0952"} 
[2026-08-18 20:17:49] testing.INFO: settings.payment_method_qr_removed {"audit_id":"01m0amm35dyp1jmajqpx040bx9","actor_id":"01m0amm3416981kwr4spgvm2nd","target":"PaymentMethod:01m0amm33npevt41krxn8g9gzx","request_id":"0f4239c5-1c8d-4319-be0d-b4fca3459d36"} 
[2026-08-18 20:17:49] testing.INFO: settings.updated {"audit_id":"01m0amm3c8whvp3yg36v66y0bm","actor_id":"01m0amm3bw0r7d760h2zf3yppt","target":":","request_id":"4dd37e8a-4dd1-42e7-8f78-8b6775068d49"} 
[2026-08-18 20:17:49] testing.INFO: faq.created {"audit_id":"01m0amm3g602tjxgmp07hkvvw2","actor_id":"01m0amm3ft2e1a1tg1td69aamj","target":"Faq:01m0amm3g5531ea86bq1xdkp0b","request_id":"669c8723-ce1c-439c-b8d3-8d66e3a0cf81"} 
[2026-08-18 20:17:49] testing.INFO: faq.updated {"audit_id":"01m0amm3ge30s7mnker8thr44h","actor_id":"01m0amm3ft2e1a1tg1td69aamj","target":"Faq:01m0amm3g5531ea86bq1xdkp0b","request_id":"3c976145-31e3-4bfa-99c2-75c4f63b2a9d"} 
[2026-08-18 20:17:50] testing.INFO: faq.deleted {"audit_id":"01m0amm3k2v6bh6kf22pd04ca0","actor_id":"01m0amm3ft2e1a1tg1td69aamj","target":"Faq:01m0amm3g5531ea86bq1xdkp0b","request_id":"57557e0e-d0f0-4db5-908e-7c0dee3e4bc9"} 
[2026-08-18 20:17:50] testing.INFO: attempt.started {"audit_id":"01m0amm3wzfzyp81yr8gx3vdx8","actor_id":"01m0amm3wdd95saf82j0z9tnn1","target":"TestAttempt:01m0amm3wytbnbdqa9bsqmc7st","request_id":"0f852554-8bca-498d-bac0-d195b9719aad"} 
[2026-08-18 20:17:50] testing.INFO: attempt.started {"audit_id":"01m0amm48d65xxaxkkm1ds0fck","actor_id":"01m0amm481gqx512y9xgb4k7gk","target":"TestAttempt:01m0amm48c5cex3rt4tsxw4887","request_id":"8562f980-2797-4160-88af-1aeaffb313b4"} 
[2026-08-18 20:17:50] testing.INFO: attempt.started {"audit_id":"01m0amm48n6m67pa8mvphg8hgc","actor_id":"01m0amm481gqx512y9xgb4k7gk","target":"TestAttempt:01m0amm48c5cex3rt4tsxw4887","request_id":"606c0307-a661-49cc-9ce0-6d10c08dac74"} 
[2026-08-18 20:17:50] testing.INFO: attempt.started {"audit_id":"01m0amm4c1kypbwyv0fnymvjz3","actor_id":"01m0amm4bnzfp3ggtbbrr4n10n","target":"TestAttempt:01m0amm4c0bnvyby3456qyteye","request_id":"d5997486-c4cf-4fea-bacf-524d7248f4af"} 
[2026-08-18 20:17:50] testing.INFO: attempt.started {"audit_id":"01m0amm4gx0e7drq8afqta62bj","actor_id":"01m0amm4ggktb1k4s8pjg6j6cj","target":"TestAttempt:01m0amm4gweaz22rxttx9gz157","request_id":"4f3c6d64-ecf6-4a4a-b8f8-369f9ae80ce0"} 
[2026-08-18 20:17:50] testing.INFO: attempt.submitted {"audit_id":"01m0amm4hfbkt0zg1hw66skprp","actor_id":"01m0amm4ggktb1k4s8pjg6j6cj","target":"TestAttempt:01m0amm4gweaz22rxttx9gz157","request_id":"e56e18c4-cde5-482c-8e0e-26da3d4a94d7"} 
[2026-08-18 20:17:51] testing.INFO: auth.logged_in {"audit_id":"01m0amm4zq4y714gwk7mvrynmr","actor_id":"01m0amm4rm1d098q96mm7at35b","target":"User:01m0amm4rm1d098q96mm7at35b","request_id":"021dc716-f20f-48d0-906b-803f85dd4db7"} 
[2026-08-18 20:17:51] testing.INFO: auth.logged_out {"audit_id":"01m0amm52p7cd522e1c4mns8f9","actor_id":"01m0amm4rm1d098q96mm7at35b","target":"User:01m0amm4rm1d098q96mm7at35b","request_id":"9f5ee504-9aac-4767-b39c-c7c0d11cffec"} 
[2026-08-18 20:17:51] testing.INFO: auth.logged_in {"audit_id":"01m0amm52vns1hdhgsp26kmcqj","actor_id":"01m0amm4rm1d098q96mm7at35b","target":"User:01m0amm4rm1d098q96mm7at35b","request_id":"b7c699f8-4c47-4820-bd91-9a2553e107a8"} 
[2026-08-18 20:17:51] testing.INFO: auth.account_locked {"audit_id":"01m0amm5bshc2w3qyp36003t3a","actor_id":"01m0amm5b1vw69s077z71e1tgd","target":"User:01m0amm5b1vw69s077z71e1tgd","request_id":"1815adbe-a84b-406f-b2f5-dea40449199e"} 
[2026-08-18 20:17:52] testing.INFO: auth.password_changed {"audit_id":"01m0amm5k06cve2n1bcm92fh9z","actor_id":"01m0amm5ff097awdqb84et7zfb","target":"User:01m0amm5ff097awdqb84et7zfb","request_id":"63268af7-ff0f-4342-809e-950ab5512076"} 
[2026-08-18 20:17:52] testing.INFO: account.profile_updated {"audit_id":"01m0amm5p5yteta9wpywha0n4q","actor_id":"01m0amm5nwb9hswy656v4yv6g5","target":"User:01m0amm5nwb9hswy656v4yv6g5","request_id":"abe80aad-6804-45a0-bb2a-caebe38b80f6"} 
[2026-08-18 20:17:52] testing.INFO: course.updated {"audit_id":"01m0amm5zc405eyvyfp8039n2q","actor_id":"01m0amm5yxy9agr6nsq4f7jd5y","target":"Course:01m0amm5yyr7gp9zmnr6ejwxhs","request_id":"6bbeecb4-d209-4b41-accb-90daac2c3814"} 
[2026-08-18 20:17:52] testing.INFO: course.updated {"audit_id":"01m0amm668ad069bwstjnf8645","actor_id":"01m0amm65vv8rmj1nshqkxzsw4","target":"Course:01m0amm65xndp0tdnzr1t41a5n","request_id":"a9311e83-6dc5-484a-9016-7a29ec721db7"} 
[2026-08-18 20:17:52] testing.INFO: course.thumbnail_updated {"audit_id":"01m0amm6achthdfqg4p5r1kp28","actor_id":"01m0amm69qy17gdfmcdzmaktsb","target":"Course:01m0amm69sqcvf9gsry9mx029m","request_id":"50de9749-04c1-4683-9585-e4dc4414d33b"} 
[2026-08-18 20:17:52] testing.INFO: course.thumbnail_updated {"audit_id":"01m0amm6aw73pfr4fg7krnsydx","actor_id":"01m0amm69qy17gdfmcdzmaktsb","target":"Course:01m0amm69sqcvf9gsry9mx029m","request_id":"031cb72e-a0b4-4229-8b63-fd6e207db7ad"} 
[2026-08-18 20:17:52] testing.INFO: course.thumbnail_updated {"audit_id":"01m0amm6ek1faf35rpjpkr31z2","actor_id":"01m0amm6e1zx6fchzayxznm86n","target":"Course:01m0amm6e3cn6gzrqw0j945r64","request_id":"faeac8a7-28ad-4b3f-92e0-ebd2e3cdf16d"} 
[2026-08-18 20:17:52] testing.INFO: course.thumbnail_removed {"audit_id":"01m0amm6ewn4szeeyzh8fb57qv","actor_id":"01m0amm6e1zx6fchzayxznm86n","target":"Course:01m0amm6e3cn6gzrqw0j945r64","request_id":"efc1e227-e725-4bae-bedf-0f4331df4734"} 
[2026-08-18 20:17:53] testing.INFO: course.thumbnail_updated {"audit_id":"01m0amm6jpp005egmqkv2z5fsb","actor_id":"01m0amm6j56rqhdpee04tyrpze","target":"Course:01m0amm6j7gyprbhpay176kkv5","request_id":"5837cb84-2f07-4c50-964a-c9a129778a07"} 
[2026-08-18 20:17:57] testing.INFO: payment.approved {"audit_id":"01m0ammagbk846ew3hsmbzg1qh","actor_id":"01m0amm6xr1mszrkxxza6t6bkk","target":"Payment:01m0amm6xxy6p86vb2wq97fjvq","request_id":"a76a3d95-4c9e-4507-84ba-73a10e848875"} 
[2026-08-18 20:17:57] testing.INFO: auth.logged_in {"audit_id":"01m0ammame5kwc9wafzvpdsq9a","actor_id":"01m0ammam4ngm4t4mrscypj08j","target":"User:01m0ammam4ngm4t4mrscypj08j","request_id":"939b49e2-36a2-45dc-ab54-316ceadaa583"} 
[2026-08-18 20:17:57] testing.INFO: auth.logged_out {"audit_id":"01m0amman3zgr088t1r16f4r1p","actor_id":"01m0ammam4ngm4t4mrscypj08j","target":"User:01m0ammam4ngm4t4mrscypj08j","request_id":"79c00904-89e1-4d5e-8e7d-aba82eefd959"} 
[2026-08-18 20:17:57] testing.INFO: auth.logged_in {"audit_id":"01m0amman9f012srjetvbeqdnp","actor_id":"01m0ammam4ngm4t4mrscypj08j","target":"User:01m0ammam4ngm4t4mrscypj08j","request_id":"97fe97d9-fcef-4804-84eb-adc15b371603"} 
[2026-08-18 20:17:57] testing.INFO: auth.logged_in {"audit_id":"01m0ammarry78ks9w31k4cbtna","actor_id":"01m0ammarg8qt9ra1mk4fbthjf","target":"User:01m0ammarg8qt9ra1mk4fbthjf","request_id":"e21a9e89-8876-4095-a9c4-07367517527e"} 
[2026-08-18 20:17:57] testing.INFO: user.devices_reset {"audit_id":"01m0ammawc8afrjbcbnpv2m0fj","actor_id":"01m0ammavv6ve81qk10ttf017s","target":"User:01m0ammavxw7tcvdmca1m7nbk4","request_id":"a6ce682a-a595-4688-aaa1-2e773896be7c"} 
[2026-08-18 20:17:57] testing.INFO: enrollment_request.approved {"audit_id":"01m0ammb9tt3m19s7smxwp4k38","actor_id":"01m0ammazq5ba637b4hebhgzha","target":"EnrollmentRequest:01m0ammazsw43s85tn61h6pn4s","request_id":"e3cb299f-e79f-4d4e-b5e8-02fce1a84ffa"} 
[2026-08-18 20:17:58] testing.INFO: enrollment_request.approved {"audit_id":"01m0ammbgv5xm3chd9e5yjj8dj","actor_id":"01m0ammbgfm3b32rm4dn894ymt","target":"EnrollmentRequest:01m0ammbgg5f8cb6rv8mjf227z","request_id":"24b7084f-ffd1-4b61-8009-49d3014df145"} 
[2026-08-18 20:17:58] testing.INFO: enrollment_request.rejected {"audit_id":"01m0ammbmnmdm83margd2merxr","actor_id":"01m0ammbm9h8pasngtfyntbxap","target":"EnrollmentRequest:01m0ammbmagpmcxptvz4fthqtp","request_id":"0742dee4-852b-4028-8524-0272dddf2a0a"} 
[2026-08-18 20:17:58] testing.INFO: settings.updated {"audit_id":"01m0ammc2f23qzt9cxygr2bc9v","actor_id":"01m0ammc25wyxqqfrk9a7w62b4","target":":","request_id":"86817764-dd6b-4d0b-98c5-7ce035524c8c"} 
[2026-08-18 20:17:58] testing.INFO: settings.updated {"audit_id":"01m0ammc5zcv7ade9r0x2js4c7","actor_id":"01m0ammc5n8fxe11yj91eavhr3","target":":","request_id":"72c1d8df-4a77-4d8e-b698-33365d9009ad"} 
[2026-08-18 20:17:58] testing.INFO: settings.updated {"audit_id":"01m0ammc6815s7706dr660wcy3","actor_id":"01m0ammc5n8fxe11yj91eavhr3","target":":","request_id":"ab635a02-3dc0-47fb-8bb9-ab05d115dc01"} 
[2026-08-18 20:17:59] testing.INFO: payment.approved {"audit_id":"01m0ammcxqfbxvkc4epkyw4wzr","actor_id":"01m0ammcq2d4ak4j3nhm7smppc","target":"Payment:01m0ammcq3gfbx95ymm3jf48wb","request_id":"c0917eb7-3277-48e0-893a-073f8f51111e"} 
[2026-08-18 20:17:59] testing.INFO: payment.approved {"audit_id":"01m0ammd6wynp3rvx633mwghxk","actor_id":"01m0ammd0vvcxn717qavk596nx","target":"Payment:01m0ammd0wphjrn9rza7fameat","request_id":"95a9bd4b-cf85-4d09-a12b-e45696d041ec"} 
[2026-08-18 20:18:00] testing.INFO: payment.approved {"audit_id":"01m0ammdvy9y2zv9jcg8mq5kqy","actor_id":"01m0ammdnz07krm0x34ssbtdr6","target":"Payment:01m0ammdp1cnqkj4mcfrb2t5xc","request_id":"43d47dd4-e319-4507-a5a2-6fc9f28137bb"} 
[2026-08-18 20:18:00] testing.INFO: payment.rejected {"audit_id":"01m0amme474wwwhn2f0gvxft81","actor_id":"01m0amme3shmcqqagx6rqhcra6","target":"Payment:01m0amme3v9yd12hnfg3gxyc26","request_id":"6aa909ed-2035-4b1f-8577-2483c85988a7"} 
[2026-08-18 20:18:01] testing.INFO: refund.recorded {"audit_id":"01m0ammefw2ha6njdavmakt6pd","actor_id":"01m0ammefansxjrh5q9e4hdp5w","target":"Refund:01m0ammefv19m8arhzy8c0hrva","request_id":"e4db0160-55fc-47c6-90bf-2abc78ecc53c"} 
[2026-08-18 20:18:01] testing.INFO: refund.processed {"audit_id":"01m0ammegdmks8f8534mnz3dhs","actor_id":"01m0ammefc1hjg1xr94xc4zffp","target":"Refund:01m0ammefv19m8arhzy8c0hrva","request_id":"c7bd8907-1f38-40c8-8480-a24159d1d476"} 
[2026-08-18 20:18:02] testing.INFO: user.suspend {"audit_id":"01m0ammg8mf9hfmkjmee5hprdw","actor_id":"01m0ammg7j5pp62g6pv9ztmryk","target":"User:01m0ammg7p32wnwsjvqxezy8eh","request_id":"7a2112e0-7195-4f5d-8364-88ebbbafd5f5"} 
[2026-08-18 20:18:03] testing.INFO: user.archived {"audit_id":"01m0ammgcvpyv6ezdssmz18qat","actor_id":"01m0ammgbwhsh9frftnky4y314","target":"User:01m0ammgc3pprcv1g63j29hfqs","request_id":"3231d42f-5eda-4dec-8d3f-a711931825d5"} 
[2026-08-18 20:18:03] testing.INFO: user.archived {"audit_id":"01m0ammggb5q3ghgkagq47hbhb","actor_id":"01m0ammgg5v877d1hb381k1fr0","target":"User:01m0ammgfv0p13q45t85w072fp","request_id":"202be8bc-0bab-4bfe-9a82-cde129b6dd05"} 
[2026-08-18 20:18:03] testing.INFO: user.updated {"audit_id":"01m0ammgkpqp9twt4mkeddx1gg","actor_id":"01m0ammgkb0krtpgje8vgjts3r","target":"User:01m0ammgkdzrygqe8nywvgyyf3","request_id":"9f290dbd-c8f8-4a3f-bfff-bd43ced7e0c1"} 
[2026-08-18 20:18:03] testing.INFO: test.published {"audit_id":"01m0ammh3kkmt9s610mt20v852","actor_id":"01m0ammh2qphsemc1y8cydp89h","target":"Test:01m0ammh2v3jd47gbrvq1538xz","request_id":"de5add66-45f4-4f68-9aa0-5512c6a32ef2"} 
[2026-08-18 20:18:05] testing.INFO: recording.deleted {"audit_id":"01m0ammjde3qab6bsy5jdap5fe","actor_id":"01m0ammjcxxpenz2wdzgp85eka","target":"Recording:01m0ammjcznshxqm1219ftdgkx","request_id":"de4c5ca2-d7e1-46ee-9111-8e8e99498976"} 
[2026-08-18 20:25:12] testing.INFO: payment.approved {"audit_id":"01m0an1kghmc65h8yty83ehq7m","actor_id":"01m0an1k783fjcpqj2mpqt0aqq","target":"Payment:01m0an1k7ene1z463xptxzbnpm","request_id":"c1849064-9773-43aa-b538-229a91e8fcb4"} 
[2026-08-18 20:30:29] testing.INFO: settings.updated {"audit_id":"01m0anb8vp9jp9c50164phy33b","actor_id":"01m0anb8tbbqm3d4c01v5ywfkk","target":":","request_id":"07aec7d2-a0a6-43ed-bcae-b3516cd4c53c"} 
[2026-08-18 20:30:29] testing.INFO: settings.updated {"audit_id":"01m0anb93ypmtyas2anecz8t2a","actor_id":"01m0anb93nxspf0hagqd1rd7sf","target":":","request_id":"3cba2c73-0c50-414e-9d46-714b9e3660cb"} 
[2026-08-18 20:30:29] testing.INFO: role.updated {"audit_id":"01m0anb9b5tfwv1qccy2s27xbc","actor_id":"01m0anb9atgfv1y921ey70tjb4","target":"Role:01m0anb99bhdz2w0c3wbkxa68q","request_id":"f9a4d829-eb1c-4d8a-8ef5-7d37fb4439bd"} 
[2026-08-18 20:30:29] testing.INFO: settings.payment_method_qr_updated {"audit_id":"01m0anb9fva54d4n3bxt5y253p","actor_id":"01m0anb9f17ttcv0t6tg219551","target":"PaymentMethod:01m0anb9ekd5hn6wtg4e7cjbfx","request_id":"6cb9670f-09bc-4b02-9b10-054801ad5138"} 
[2026-08-18 20:30:29] testing.INFO: settings.payment_method_qr_removed {"audit_id":"01m0anb9g5dn2y7bxzwywsjb5m","actor_id":"01m0anb9f17ttcv0t6tg219551","target":"PaymentMethod:01m0anb9ekd5hn6wtg4e7cjbfx","request_id":"d7648329-eccc-4c36-b9f8-a011ae38c869"} 
[2026-08-18 20:30:29] testing.INFO: settings.updated {"audit_id":"01m0anb9qnppqsvr2k3f2jddxq","actor_id":"01m0anb9q8xjxaqs0hwwhwb90r","target":":","request_id":"9e0f118e-8b0d-451a-b5a4-e9b57c3a2d8c"} 
[2026-08-18 20:30:30] testing.INFO: faq.created {"audit_id":"01m0anb9weqeqhx2wn27s9zhk8","actor_id":"01m0anb9vtbdyrb30t5vjxzqqz","target":"Faq:01m0anb9wcyg2aa9h3atxabnwh","request_id":"7f5de973-2cff-4229-b82e-80055a2ca049"} 
[2026-08-18 20:30:30] testing.INFO: faq.updated {"audit_id":"01m0anb9wtwq1dgby1g2tvq9p2","actor_id":"01m0anb9vtbdyrb30t5vjxzqqz","target":"Faq:01m0anb9wcyg2aa9h3atxabnwh","request_id":"c4bda571-0766-4c33-b374-e415b3189402"} 
[2026-08-18 20:30:30] testing.INFO: faq.deleted {"audit_id":"01m0anb9x7yymn4nxjrz1be98c","actor_id":"01m0anb9vtbdyrb30t5vjxzqqz","target":"Faq:01m0anb9wcyg2aa9h3atxabnwh","request_id":"e7b25a09-85b0-4946-8b91-a8c7713a5739"} 
[2026-08-18 20:30:30] testing.INFO: attempt.started {"audit_id":"01m0anba8e3p01bbgvpsr5x5wr","actor_id":"01m0anba7x9rdeam1e05kav5pr","target":"TestAttempt:01m0anba8drpt30c5dvj4ts749","request_id":"74ffe639-ceee-4720-b691-e3f045e0e236"} 
[2026-08-18 20:30:30] testing.INFO: attempt.started {"audit_id":"01m0anbagme4rnk5nd2p7bdscw","actor_id":"01m0anbag64jcjda98hpz287a5","target":"TestAttempt:01m0anbagkkaew4vnes79zqtzw","request_id":"3cae8b47-e8b0-499d-9ff4-24dff934fd9a"} 
[2026-08-18 20:30:30] testing.INFO: attempt.started {"audit_id":"01m0anbagyhhhgy5hss3xh5jmt","actor_id":"01m0anbag64jcjda98hpz287a5","target":"TestAttempt:01m0anbagkkaew4vnes79zqtzw","request_id":"69bb683a-bc1e-4de0-857c-a166cce61896"} 
[2026-08-18 20:30:30] testing.INFO: attempt.started {"audit_id":"01m0anbamywvh5wnhkkfk6c4zb","actor_id":"01m0anbamfcbp8nn32pteyhy8x","target":"TestAttempt:01m0anbamx1124f8zyd2kcsz3t","request_id":"59747ebd-3217-4bb2-b817-f26d1a47bdc4"} 
[2026-08-18 20:30:31] testing.INFO: attempt.started {"audit_id":"01m0anbasqt35v5bps06d2qtam","actor_id":"01m0anbas9dvf5t59m7hy3zws8","target":"TestAttempt:01m0anbasn9hfxqkgsp1cgsrrb","request_id":"a3d405bd-a74f-420d-b9a6-bab0e6c5ffec"} 
[2026-08-18 20:30:31] testing.INFO: attempt.submitted {"audit_id":"01m0anbatatd35d1wx8zatv6j3","actor_id":"01m0anbas9dvf5t59m7hy3zws8","target":"TestAttempt:01m0anbasn9hfxqkgsp1cgsrrb","request_id":"b9213361-b3ce-4d39-adc6-d2955c86a991"} 
[2026-08-18 20:30:31] testing.INFO: auth.logged_in {"audit_id":"01m0anbb3cn2x0m9gxrwrcpc27","actor_id":"01m0anbb2ybeb2q0ndtx7pe52p","target":"User:01m0anbb2ybeb2q0ndtx7pe52p","request_id":"d413bf4a-c646-4047-8f7b-e86ac5bf98e9"} 
[2026-08-18 20:30:31] testing.INFO: auth.logged_out {"audit_id":"01m0anbb3s04bs37mgx2yt5xdg","actor_id":"01m0anbb2ybeb2q0ndtx7pe52p","target":"User:01m0anbb2ybeb2q0ndtx7pe52p","request_id":"8a51de10-b30f-4d85-ac91-7c2290e488b6"} 
[2026-08-18 20:30:31] testing.INFO: auth.logged_in {"audit_id":"01m0anbb3y9zmjn7nfhwzx8av6","actor_id":"01m0anbb2ybeb2q0ndtx7pe52p","target":"User:01m0anbb2ybeb2q0ndtx7pe52p","request_id":"9add451a-6c6f-41b5-a259-8d621c9ca301"} 
[2026-08-18 20:30:31] testing.INFO: auth.account_locked {"audit_id":"01m0anbbcvery0z8p2xywg5w1m","actor_id":"01m0anbbc1v4ccwtzm92gxmnga","target":"User:01m0anbbc1v4ccwtzm92gxmnga","request_id":"474fc1b9-0fdd-40b2-b616-7d4730bc1b7e"} 
[2026-08-18 20:30:31] testing.INFO: auth.password_changed {"audit_id":"01m0anbbhbf9bctzt0ffrmn4yv","actor_id":"01m0anbbgsjwc1per81pdw97sv","target":"User:01m0anbbgsjwc1per81pdw97sv","request_id":"5cf34b5a-08f2-448f-83a0-30f84e021903"} 
[2026-08-18 20:30:31] testing.INFO: account.profile_updated {"audit_id":"01m0anbbnh1crer5hv75grag9f","actor_id":"01m0anbbn8r1cqwtnmpzt7b5g1","target":"User:01m0anbbn8r1cqwtnmpzt7b5g1","request_id":"31338cb8-2444-4a7d-9767-f070012dbef0"} 
[2026-08-18 20:30:32] testing.INFO: course.updated {"audit_id":"01m0anbbyfbmmg40jvh7j9bpb1","actor_id":"01m0anbbxrn3efh0hvzwsbj415","target":"Course:01m0anbbxtdct5phmwxsrp67hr","request_id":"3879d66f-5edf-4898-90d9-6d54dd9cea0b"} 
[2026-08-18 20:30:32] testing.INFO: course.updated {"audit_id":"01m0anbc3q79917jnapgc01b9p","actor_id":"01m0anbc394mnmmpmq8q3yx78r","target":"Course:01m0anbc3ap53s7zbmbefaqjs4","request_id":"8218138a-7d9a-4535-b79c-afcff0027a5d"} 
[2026-08-18 20:30:32] testing.INFO: course.thumbnail_updated {"audit_id":"01m0anbc8h5xagk97v0mknc1f3","actor_id":"01m0anbc7sxmvhbvv39wdfmj6t","target":"Course:01m0anbc7wkhpj2pmj4gkxadga","request_id":"511689f6-02ea-40ff-96a3-548c0fff58f6"} 
[2026-08-18 20:30:32] testing.INFO: course.thumbnail_updated {"audit_id":"01m0anbc9pp35qxt52jvwwhxkg","actor_id":"01m0anbc7sxmvhbvv39wdfmj6t","target":"Course:01m0anbc7wkhpj2pmj4gkxadga","request_id":"d6878545-a117-4fb6-a385-950d5e1b5729"} 
[2026-08-18 20:30:32] testing.INFO: course.thumbnail_updated {"audit_id":"01m0anbcf5q1xfx9jkqb4wv7kg","actor_id":"01m0anbceffmnenvq5t5tgpas0","target":"Course:01m0anbcehsx7m9eg9xv4t9xvp","request_id":"da7e2aae-7535-4158-98a2-03b39234be5a"} 
[2026-08-18 20:30:32] testing.INFO: course.thumbnail_removed {"audit_id":"01m0anbcfg90zxmtk48mbsk04s","actor_id":"01m0anbceffmnenvq5t5tgpas0","target":"Course:01m0anbcehsx7m9eg9xv4t9xvp","request_id":"34c65ec7-75d7-4d69-9d03-ae0d0ba0e777"} 
[2026-08-18 20:30:32] testing.INFO: course.thumbnail_updated {"audit_id":"01m0anbcmqh06r2a2k90062pej","actor_id":"01m0anbckkh0j52d6m85gvwyry","target":"Course:01m0anbckqpzx7d88q165k5skw","request_id":"9662e619-6a5a-4229-a210-9d199a204d49"} 
[2026-08-18 20:30:33] testing.INFO: payment.approved {"audit_id":"01m0anbdfbx177bnr8t5mgckxz","actor_id":"01m0anbd31j6bg9wank3jh8efx","target":"Payment:01m0anbd3cxcpsqdgdqfctek0z","request_id":"58a99fbd-33ec-4ffc-9be6-da93bb72e856"} 
[2026-08-18 20:30:33] testing.INFO: auth.logged_in {"audit_id":"01m0anbdn7awk2nehxk67fev0p","actor_id":"01m0anbdmgbax1t8g9k221sb2f","target":"User:01m0anbdmgbax1t8g9k221sb2f","request_id":"b377f7a6-944b-4497-a366-774885ebc3f5"} 
[2026-08-18 20:30:34] testing.INFO: auth.logged_out {"audit_id":"01m0anbdngypehqyn5fncqc40t","actor_id":"01m0anbdmgbax1t8g9k221sb2f","target":"User:01m0anbdmgbax1t8g9k221sb2f","request_id":"072e7b4e-6df8-4c60-bba3-af737c2cf513"} 
[2026-08-18 20:30:34] testing.INFO: auth.logged_in {"audit_id":"01m0anbdnsnaydgmweqc761ts3","actor_id":"01m0anbdmgbax1t8g9k221sb2f","target":"User:01m0anbdmgbax1t8g9k221sb2f","request_id":"1642ac39-58ee-4c86-a53c-f2f79bdabb65"} 
[2026-08-18 20:30:34] testing.INFO: auth.logged_in {"audit_id":"01m0anbdswzw24g8pb22n9nf57","actor_id":"01m0anbdsmrbkt45p5vkzykpc0","target":"User:01m0anbdsmrbkt45p5vkzykpc0","request_id":"61daf281-47b6-4350-a150-ee770c2c0e26"} 
[2026-08-18 20:30:34] testing.INFO: user.devices_reset {"audit_id":"01m0anbdxy3zvdk5tmvc1m3prn","actor_id":"01m0anbdxfx37bt7t8aznb7fgb","target":"User:01m0anbdxh3wgh5pax4r47cg5g","request_id":"2c36ed14-2344-46fe-8d38-bde1ce6cf2e6"} 
[2026-08-18 20:30:34] testing.INFO: enrollment_request.approved {"audit_id":"01m0anbe28hfn48jka6kxvhwe9","actor_id":"01m0anbe1nvyq3sv2r2a6p4f7c","target":"EnrollmentRequest:01m0anbe1qcn1a6rekgg69zc1h","request_id":"0d99ed18-7158-4cd9-b61a-0dd6bf2f82b2"} 
[2026-08-18 20:30:34] testing.INFO: enrollment_request.approved {"audit_id":"01m0anbebgn8vn2mnszy5hw5fr","actor_id":"01m0anbeb2wh1b46kwvtf60amx","target":"EnrollmentRequest:01m0anbeb4eb8s72wfqh81m5pw","request_id":"550db917-814b-4154-ac49-7e61739081a6"} 
[2026-08-18 20:30:34] testing.INFO: enrollment_request.rejected {"audit_id":"01m0anbefpm7ymb77eactxqyfc","actor_id":"01m0anbef97ngp0dc9pk57c65a","target":"EnrollmentRequest:01m0anbefbx08b2g93hs74b1ge","request_id":"4f9e33c6-2809-4d38-a412-592d38815b0f"} 
[2026-08-18 20:30:35] testing.INFO: settings.updated {"audit_id":"01m0anbez2ywfhe7pqd1smdmkc","actor_id":"01m0anbeyq8r73jser1vw2jyw2","target":":","request_id":"d09cc6fd-bba6-4cdf-b606-6912543b012d"} 
[2026-08-18 20:30:35] testing.INFO: settings.updated {"audit_id":"01m0anbf37jw971e5ec1vh90d8","actor_id":"01m0anbf2vwn85ccv925ee5q84","target":":","request_id":"822befbe-0eac-4f03-b882-c135825f106e"} 
[2026-08-18 20:30:35] testing.INFO: settings.updated {"audit_id":"01m0anbf3g9ma3c7m0rk5z5ghy","actor_id":"01m0anbf2vwn85ccv925ee5q84","target":":","request_id":"14206204-1c99-4fa8-b79e-cefed5c81ad0"} 
[2026-08-18 20:30:36] testing.INFO: payment.approved {"audit_id":"01m0anbfyf26vja03fwx44ret1","actor_id":"01m0anbfqeyx6c8pm8zpx16ae8","target":"Payment:01m0anbfqhsh5zkwq2sr4q2ve5","request_id":"eaeb3f29-9f24-46ee-ab73-72a47703c004"} 
[2026-08-18 20:30:36] testing.INFO: payment.approved {"audit_id":"01m0anbg8sq2cjnxghbf7t7za0","actor_id":"01m0anbg257fs0jf61kmp42zsp","target":"Payment:01m0anbg2637bqx26s7j5p8kde","request_id":"4114d7ec-d154-40ed-8d12-50f1a2a74bc1"} 
[2026-08-18 20:30:37] testing.INFO: payment.approved {"audit_id":"01m0anbgs7jssbv9xkqbskszk7","actor_id":"01m0anbgjdbw95ewwesj21qjat","target":"Payment:01m0anbgjfq9emvv4g6jhxdgv7","request_id":"7e194675-a9a8-4e17-a8e2-034345a0f401"} 
[2026-08-18 20:30:37] testing.INFO: payment.rejected {"audit_id":"01m0anbgxwxzc77r6r2thngs9w","actor_id":"01m0anbgxb9dpr93ff0epbre7r","target":"Payment:01m0anbgxdc1e3218mchcdf01t","request_id":"3fbcc09b-f511-466b-bd7f-0dc0defb4b53"} 
[2026-08-18 20:30:37] testing.INFO: refund.recorded {"audit_id":"01m0anbh9pwt6b1e4m8c3fhzw9","actor_id":"01m0anbh93ms68d0ksfvmeeg6d","target":"Refund:01m0anbh9ntzm2bnwj3kp237p0","request_id":"30db6981-5edd-408a-8c17-bf707bd7ace2"} 
[2026-08-18 20:30:37] testing.INFO: refund.processed {"audit_id":"01m0anbha9pxh0gh1cjecadp1y","actor_id":"01m0anbh95c9e29wa8zqem9q0d","target":"Refund:01m0anbh9ntzm2bnwj3kp237p0","request_id":"40c5a174-154d-448f-9c92-3111f50e9830"} 
[2026-08-18 20:30:39] testing.INFO: user.suspend {"audit_id":"01m0anbkbmdty7amg2ap7rkwdk","actor_id":"01m0anbkasp3thh5q54peysbtk","target":"User:01m0anbkaxathqhjzarp1tj99s","request_id":"e804c115-ddbf-4d13-9b07-ebd2882464ac"} 
[2026-08-18 20:30:40] testing.INFO: user.archived {"audit_id":"01m0anbkhhgqankgm4387z5qat","actor_id":"01m0anbkg8yja3ryfg3n1ar9wc","target":"User:01m0anbkghfk3n3qatntqqrqkj","request_id":"6fec9956-faf0-44a6-bcd0-e0351080b349"} 
[2026-08-18 20:30:40] testing.INFO: user.archived {"audit_id":"01m0anbkp49qbv6ac7zjcveha3","actor_id":"01m0anbknv4f8c143xfg4jh7ne","target":"User:01m0anbkn9csn0tnpvx0gten88","request_id":"d12b8d56-b373-402a-bc92-d00f5b998866"} 
[2026-08-18 20:30:40] testing.INFO: user.updated {"audit_id":"01m0anbktkj132hwc7qggfp2ek","actor_id":"01m0anbkt750dh5c6svg6dfnje","target":"User:01m0anbktaqkw36fy5wamrbdt5","request_id":"cf9d8f82-0ceb-4e79-8a1e-d2671e33e636"} 
[2026-08-18 20:30:40] testing.INFO: test.published {"audit_id":"01m0anbmc1591da0dfckvh8xzr","actor_id":"01m0anbmb0rzy48hv5hb67c2mv","target":"Test:01m0anbmb4pekp14me0byynzey","request_id":"60dcf7d2-c067-4a22-bf17-a348889baceb"} 
[2026-08-18 20:30:42] testing.INFO: recording.deleted {"audit_id":"01m0anbnwxnb59scqzbgg6s74a","actor_id":"01m0anbnw9kqxq9hqsnx5kjbcz","target":"Recording:01m0anbnwbwqv6yqjhmqqthehv","request_id":"4a423149-274f-4a40-94d5-49b11b00d182"} 
[2026-08-18 20:31:39] testing.INFO: settings.updated {"audit_id":"01m0anddr4h2ecphbx07nzpkvy","actor_id":"01m0anddpmpwrtyp1pbk3wed7m","target":":","request_id":"d9811bdc-dccb-484e-be20-eceba356700e"} 
[2026-08-18 20:31:39] testing.INFO: settings.updated {"audit_id":"01m0ande1ctd4sgz707cf6zgzg","actor_id":"01m0ande100kqgqq2pvht442xa","target":":","request_id":"2ba7e2a2-bf03-448f-b14e-e6a6e56658cd"} 
[2026-08-18 20:31:40] testing.INFO: role.updated {"audit_id":"01m0ande98j01geg4szv4843y1","actor_id":"01m0ande8mzj7jn69xwpyd8tta","target":"Role:01m0ande6wdgxbv5hnesf91mh1","request_id":"2fc6044b-021c-4b46-8684-9d67ae79cfec"} 
[2026-08-18 20:31:40] testing.INFO: settings.payment_method_qr_updated {"audit_id":"01m0andedr6dtspewpdt4cne15","actor_id":"01m0andecz6hhdvmjy29nprp6x","target":"PaymentMethod:01m0andech70r8m4xqhxaa13b5","request_id":"bb9b2875-6aa2-471e-9c72-e75f3b4b8c52"} 
[2026-08-18 20:31:40] testing.INFO: settings.payment_method_qr_removed {"audit_id":"01m0andee14st306d6ee5gnk2v","actor_id":"01m0andecz6hhdvmjy29nprp6x","target":"PaymentMethod:01m0andech70r8m4xqhxaa13b5","request_id":"e1573a1a-90e1-44cf-8883-ff3fa4d292d6"} 
[2026-08-18 20:31:40] testing.INFO: settings.updated {"audit_id":"01m0anden7e1dc2gqxzpb3496t","actor_id":"01m0andemw0vewskfsb0m5v8fn","target":":","request_id":"dd443066-7896-4b5b-801a-87cdac78ff39"} 
[2026-08-18 20:31:40] testing.INFO: faq.created {"audit_id":"01m0andes8h5987hnyde5m1he0","actor_id":"01m0andervpj2egmxp52qpty7w","target":"Faq:01m0andes7v6d7yn72ffm9p5eg","request_id":"53c310cf-cb2d-46b3-9fbf-6cf031f6b953"} 
[2026-08-18 20:31:40] testing.INFO: faq.updated {"audit_id":"01m0andesf3kffqygkg4ywh6es","actor_id":"01m0andervpj2egmxp52qpty7w","target":"Faq:01m0andes7v6d7yn72ffm9p5eg","request_id":"32e24e2a-5377-446b-b25c-72b9b5f5a213"} 
[2026-08-18 20:31:40] testing.INFO: faq.deleted {"audit_id":"01m0andesttercanw5s7qn4my9","actor_id":"01m0andervpj2egmxp52qpty7w","target":"Faq:01m0andes7v6d7yn72ffm9p5eg","request_id":"8916c442-eb8c-4995-9341-1d466e07cb80"} 
[2026-08-18 20:31:41] testing.INFO: attempt.started {"audit_id":"01m0andf5fgjvmj5kkxzc18ygm","actor_id":"01m0andf4p80qyj02qg68ncc91","target":"TestAttempt:01m0andf5ejyzpne672v68rdzc","request_id":"f5171f97-db23-4102-b250-eb8afa71f5bf"} 
[2026-08-18 20:31:41] testing.INFO: attempt.started {"audit_id":"01m0andfekkm0erk6a9v5r8pjg","actor_id":"01m0andfe481t7s8qzt1rdfhx7","target":"TestAttempt:01m0andfejzjstxd2rq637vj5m","request_id":"3def82ca-bc82-4808-aab5-5ed2cf08b1f7"} 
[2026-08-18 20:31:41] testing.INFO: attempt.started {"audit_id":"01m0andfeydczv9j7qw1zvf5f4","actor_id":"01m0andfe481t7s8qzt1rdfhx7","target":"TestAttempt:01m0andfejzjstxd2rq637vj5m","request_id":"7bc5a81b-eb4a-4c3e-8da6-3e6a7eb8ed57"} 
[2026-08-18 20:31:41] testing.INFO: attempt.started {"audit_id":"01m0andfkbebny2t0n8pd1kvyb","actor_id":"01m0andfjy4ymxpjdvt468btnv","target":"TestAttempt:01m0andfkayctq1nhm3fcscnag","request_id":"42d86db6-c555-420f-b834-ed336c09a78e"} 
[2026-08-18 20:31:41] testing.INFO: attempt.started {"audit_id":"01m0andfr1h8dm53hw6d0atrmj","actor_id":"01m0andfqjymjc3pwpc6t6fdjw","target":"TestAttempt:01m0andfqzxy0hnf37wbj7hmf5","request_id":"3250be8a-accd-4f62-98cf-7d2d8faddcf0"} 
[2026-08-18 20:31:41] testing.INFO: attempt.submitted {"audit_id":"01m0andfrkemaw8xd4dqhpjfw5","actor_id":"01m0andfqjymjc3pwpc6t6fdjw","target":"TestAttempt:01m0andfqzxy0hnf37wbj7hmf5","request_id":"b9401698-b901-460f-ad87-b5a7a7b6f5db"} 
[2026-08-18 20:31:41] testing.INFO: auth.logged_in {"audit_id":"01m0andg0ahgtx5f6n2e3t5md9","actor_id":"01m0andfztj6f95j0r35276nj6","target":"User:01m0andfztj6f95j0r35276nj6","request_id":"51bb2a13-8c0b-40ff-9164-1905968124a8"} 
[2026-08-18 20:31:41] testing.INFO: auth.logged_out {"audit_id":"01m0andg0pp1q8b9wkp6635kmg","actor_id":"01m0andfztj6f95j0r35276nj6","target":"User:01m0andfztj6f95j0r35276nj6","request_id":"746f8702-1560-4c43-8dcc-67ed08e6dfa9"} 
[2026-08-18 20:31:41] testing.INFO: auth.logged_in {"audit_id":"01m0andg0x42wze52qeh9fwvce","actor_id":"01m0andfztj6f95j0r35276nj6","target":"User:01m0andfztj6f95j0r35276nj6","request_id":"6ee6c105-9aaf-42ff-8eb4-612ff4f9a52a"} 
[2026-08-18 20:31:42] testing.INFO: auth.account_locked {"audit_id":"01m0andgacknzvpvmsxevby5ya","actor_id":"01m0andg9dv2reecvf5ddp67p6","target":"User:01m0andg9dv2reecvf5ddp67p6","request_id":"591bd66f-5fc7-4ab5-8446-9b2dc4b69ed2"} 
[2026-08-18 20:31:42] testing.INFO: auth.password_changed {"audit_id":"01m0andgf1n5hkhy4qr997sav4","actor_id":"01m0andgef4kbp33cryx4wtt0d","target":"User:01m0andgef4kbp33cryx4wtt0d","request_id":"cf820268-8757-4ba1-a376-53d2ecc2deeb"} 
[2026-08-18 20:31:42] testing.INFO: account.profile_updated {"audit_id":"01m0andgkx9hsy2egh4efqc2yj","actor_id":"01m0andgkmcn5qwv44n905pyea","target":"User:01m0andgkmcn5qwv44n905pyea","request_id":"ff6d2ede-880e-4550-9c26-96c37812dfda"} 
[2026-08-18 20:31:42] testing.INFO: course.updated {"audit_id":"01m0andgvxas04e95nttn3xaz7","actor_id":"01m0andgvbdncbwakbbavewc7b","target":"Course:01m0andgvdsbsya74m33p2bmn1","request_id":"e970c1f2-61aa-46b4-b43d-049e5875b2eb"} 
[2026-08-18 20:31:42] testing.INFO: course.updated {"audit_id":"01m0andh0enee21h5bbgcp9mqg","actor_id":"01m0andh004hpw4bw68av4cpt6","target":"Course:01m0andh03kpvefr6eyw65frzm","request_id":"b4ba7f7e-043d-49a0-b02a-f305cf7c2e1b"} 
[2026-08-18 20:31:43] testing.INFO: course.thumbnail_updated {"audit_id":"01m0andh5g87rwvqdq8wr1tpn4","actor_id":"01m0andh4mrm4pejkdmds4swhb","target":"Course:01m0andh4q6mbx5kt23bc8mqs6","request_id":"b98ec469-cbbd-4ab0-ab9a-d8bd1d800454"} 
[2026-08-18 20:31:43] testing.INFO: course.thumbnail_updated {"audit_id":"01m0andh6d9y63e42h6yjvc3qx","actor_id":"01m0andh4mrm4pejkdmds4swhb","target":"Course:01m0andh4q6mbx5kt23bc8mqs6","request_id":"fbfa2eb0-9eb0-4516-831b-2aa097a02d70"} 
[2026-08-18 20:31:43] testing.INFO: course.thumbnail_updated {"audit_id":"01m0andhchbxt8r5tbaw4rj6aq","actor_id":"01m0andhbf2t8xepfnsj7cdkat","target":"Course:01m0andhbjbxw2zg2st6przfk1","request_id":"7bc02836-2cd8-47ba-8f82-b2649db5a22a"} 
[2026-08-18 20:31:43] testing.INFO: course.thumbnail_removed {"audit_id":"01m0andhcy8af7vmp8by4wxvcg","actor_id":"01m0andhbf2t8xepfnsj7cdkat","target":"Course:01m0andhbjbxw2zg2st6przfk1","request_id":"a082468b-84b3-4392-9b43-4c84a20493be"} 
[2026-08-18 20:31:43] testing.INFO: course.thumbnail_updated {"audit_id":"01m0andhhxwh4dgdhwcqrs3av6","actor_id":"01m0andhh47kwsb5exnk6q1522","target":"Course:01m0andhh7w1ha1sg1gsv7jj87","request_id":"1913760d-6695-4e1b-a217-aea8a47e7194"} 
[2026-08-18 20:31:44] testing.INFO: payment.approved {"audit_id":"01m0andj979j3fcb5z15gkrxpz","actor_id":"01m0andhze66ec4cat21ptasfq","target":"Payment:01m0andhzmdafa46bp1zzjstjx","request_id":"7ae0371a-5084-475f-87c7-2c63b3727d2d"} 
[2026-08-18 20:31:44] testing.INFO: auth.logged_in {"audit_id":"01m0andjep90ahvdxpkj9t9khz","actor_id":"01m0andjecrs3hrbj4k1sx9f72","target":"User:01m0andjecrs3hrbj4k1sx9f72","request_id":"04063399-a805-473c-b7d9-7e5f9fda1c6a"} 
[2026-08-18 20:31:44] testing.INFO: auth.logged_out {"audit_id":"01m0andjeyd7q1raa4qbe1yd0z","actor_id":"01m0andjecrs3hrbj4k1sx9f72","target":"User:01m0andjecrs3hrbj4k1sx9f72","request_id":"689b4874-63ab-4164-b04d-dd3785ca5b4b"} 
[2026-08-18 20:31:44] testing.INFO: auth.logged_in {"audit_id":"01m0andjf5x6060v8nes9dnvwk","actor_id":"01m0andjecrs3hrbj4k1sx9f72","target":"User:01m0andjecrs3hrbj4k1sx9f72","request_id":"76b6f2f5-420a-4b83-8c8c-4229d7f3838e"} 
[2026-08-18 20:31:44] testing.INFO: auth.logged_in {"audit_id":"01m0andjknd71s8wt49wp55741","actor_id":"01m0andjkb9s6a7b75hpvgfat9","target":"User:01m0andjkb9s6a7b75hpvgfat9","request_id":"2068edc3-f73f-468e-827c-7b87ea78723b"} 
[2026-08-18 20:31:44] testing.INFO: user.devices_reset {"audit_id":"01m0andjqts12hjzrwn7xfsb7r","actor_id":"01m0andjq99c1xnjxqm8xkcpk5","target":"User:01m0andjqbamn8nma8saxe16rk","request_id":"c58608c0-fe44-4268-999d-eddeb3452699"} 
[2026-08-18 20:31:44] testing.INFO: enrollment_request.approved {"audit_id":"01m0andjwfg06m93f9ax3fhfr4","actor_id":"01m0andjvrc4ey34mrt8e2v7qj","target":"EnrollmentRequest:01m0andjvv4wbzba6af4anj88e","request_id":"c2da158f-a477-45f8-8417-ce94a76d2819"} 
[2026-08-18 20:31:45] testing.INFO: enrollment_request.approved {"audit_id":"01m0andk5abd7fdnf4gxj9mn04","actor_id":"01m0andk4vctf12y2rqm9xaenf","target":"EnrollmentRequest:01m0andk4xgytw7j4b2504vhyw","request_id":"65643abb-5abd-4769-87e4-a941f0483c0f"} 
[2026-08-18 20:31:45] testing.INFO: enrollment_request.rejected {"audit_id":"01m0andk9m66p42gqc3garvpv5","actor_id":"01m0andk931mwybjtxpk0qjk20","target":"EnrollmentRequest:01m0andk96bvctmg299874rfjx","request_id":"05feea14-c72e-476a-8937-3f0a620027e9"} 
[2026-08-18 20:31:45] testing.INFO: settings.updated {"audit_id":"01m0andktpcj1hj7zkja36mywb","actor_id":"01m0andkta3qpm01cdcc21z1wc","target":":","request_id":"305cd35d-0eed-4ae5-9d65-ba802e9943dc"} 
[2026-08-18 20:31:45] testing.INFO: settings.updated {"audit_id":"01m0andkz6e9jp4s9fwa2e3h9w","actor_id":"01m0andkyvcfv8dcsq4q6r7nmf","target":":","request_id":"976782d5-4d35-49de-841e-ec9ab2c13fe1"} 
[2026-08-18 20:31:46] testing.INFO: settings.updated {"audit_id":"01m0andkzjnehf30vzj5wb4s12","actor_id":"01m0andkyvcfv8dcsq4q6r7nmf","target":":","request_id":"0549984a-bb2b-45ee-a29c-a641c530acd0"} 
[2026-08-18 20:31:46] testing.INFO: payment.approved {"audit_id":"01m0andmth1fh12ppyk8eyck0r","actor_id":"01m0andmk685n6mxdpke7ghaxm","target":"Payment:01m0andmk8c7c60z5t4jad69bz","request_id":"eb01cb7d-b118-4a12-be69-2b1c1e3df39d"} 
[2026-08-18 20:31:47] testing.INFO: payment.approved {"audit_id":"01m0andn6dmdc4q53ekkh7hvdx","actor_id":"01m0andmzhbpwaxyepyk0yydvd","target":"Payment:01m0andmzn9ba8qp9admqf2pg0","request_id":"a64d4eb4-5e38-43f7-ada9-10243fb2e792"} 
[2026-08-18 20:31:47] testing.INFO: payment.approved {"audit_id":"01m0andnnjb0799ka6pt9yd3c3","actor_id":"01m0andnf49s4kqp3w0n5h09sa","target":"Payment:01m0andnf85bp18g5js9zhkn50","request_id":"81069281-de93-4664-b1ea-24074f3aed33"} 
[2026-08-18 20:31:47] testing.INFO: payment.rejected {"audit_id":"01m0andntns3cd6mqvejfbe06h","actor_id":"01m0andnsx81qj5rhx1btr2akn","target":"Payment:01m0andnt0xszyt7vv8wbryk52","request_id":"3138af25-6d20-43c5-8c8e-27b8e8c3f469"} 
[2026-08-18 20:31:48] testing.INFO: refund.recorded {"audit_id":"01m0andp8jq9rr3rv87gr6bs9m","actor_id":"01m0andp7y3kkrvyzzn8haw5k2","target":"Refund:01m0andp8hp6mzdttyvny7ad4x","request_id":"b1e82b3f-e1aa-4b5c-9096-7f719fb4fe51"} 
[2026-08-18 20:31:48] testing.INFO: refund.processed {"audit_id":"01m0andp9anjg37tepanxvarmk","actor_id":"01m0andp8003j718mdzder88tw","target":"Refund:01m0andp8hp6mzdttyvny7ad4x","request_id":"04cca96c-af69-40ef-b690-10287b9578e7"} 
[2026-08-18 20:31:50] testing.INFO: user.suspend {"audit_id":"01m0andragxfre49kqhwwf3js1","actor_id":"01m0andr9mb2dkrp2bb2vtby1g","target":"User:01m0andr9sm745x3yjxjav3qt5","request_id":"accc0c60-ee4d-4d20-9397-fd3107bf315c"} 
[2026-08-18 20:31:50] testing.INFO: user.archived {"audit_id":"01m0andrf7gh3rgsyskhwa0216","actor_id":"01m0andre46sc64nwwbexv5sxp","target":"User:01m0andreamgp163a5vx5z3kta","request_id":"4427ea91-94c5-480f-b122-8aff347f1ca3"} 
[2026-08-18 20:31:50] testing.INFO: user.archived {"audit_id":"01m0andrkba7vrt9ycwwmw0a6p","actor_id":"01m0andrk4cgeckkw7ka2g9mh7","target":"User:01m0andrjtag5hhdakh2t5qnr3","request_id":"ac48b43a-8213-4733-b408-15da9b6cbe10"} 
[2026-08-18 20:31:50] testing.INFO: user.updated {"audit_id":"01m0andrq89zmb2c1cgnt8hdz3","actor_id":"01m0andrpxrg3yhys3kafvr4ck","target":"User:01m0andrpzb4ezssknnqkra6z9","request_id":"521080d5-c866-4698-8b2f-4ec288bd9371"} 
[2026-08-18 20:31:51] testing.INFO: test.published {"audit_id":"01m0andsa6jgtptppw29h3r2zg","actor_id":"01m0ands99f4trmg1vtcmgkg95","target":"Test:01m0ands9c8shg0pgd938314qh","request_id":"02096e0a-1977-472c-aeaf-5cbfc8dcf173"} 
[2026-08-18 20:31:53] testing.INFO: recording.deleted {"audit_id":"01m0andve2pjmyqt2d77z6ybc4","actor_id":"01m0andvdfpm6w6gvxbw4vah96","target":"Recording:01m0andvdhxb3fc980xyyrcxwm","request_id":"05634423-3a14-45ca-8c0f-4a69ad0c17a1"} 
[2026-08-18 20:41:14] testing.INFO: course.updated {"audit_id":"01m0anyzg9r1swhtq24rh26sja","actor_id":"01m0anyzfat0bsvjwd9tm9da0e","target":"Course:01m0anyzfc0hwb0pdm41yhjxh8","request_id":"ff92d421-853f-46c2-86f4-db4663798f4a"} 
[2026-08-18 20:41:15] testing.INFO: course.updated {"audit_id":"01m0anyznvxspjyzb2826xap6c","actor_id":"01m0anyzndbw9sg2ean6dpet2h","target":"Course:01m0anyznens3bjedcv7x2pmca","request_id":"98c17acf-8a25-427c-acd0-ec28fb907eeb"} 
[2026-08-18 20:41:15] testing.INFO: auth.password_changed {"audit_id":"01m0anyzts6nvbxef2w88k3x7b","actor_id":"01m0anyzsdagp8cza6thj2mthe","target":"User:01m0anyzsdagp8cza6thj2mthe","request_id":"a3e311f6-c40d-4a87-b2d9-f2306fe6c261"} 
[2026-08-18 20:41:15] testing.INFO: auth.logged_in {"audit_id":"01m0anyzyc3ete8vqh3hw0rmmh","actor_id":"01m0anyzy2me0whw67nqmae8np","target":"User:01m0anyzy2me0whw67nqmae8np","request_id":"a4edb4c7-2ec2-412c-bff7-3af9c72d52fb"} 
[2026-08-18 20:41:15] testing.INFO: auth.logged_out {"audit_id":"01m0anyzyp7rgmgnmyjan980f8","actor_id":"01m0anyzy2me0whw67nqmae8np","target":"User:01m0anyzy2me0whw67nqmae8np","request_id":"8ebfb5a7-9b47-404e-b0b3-639ef1b7a914"} 
[2026-08-18 20:41:15] testing.INFO: auth.logged_in {"audit_id":"01m0anyzyveftv2zmq0ym4j90y","actor_id":"01m0anyzy2me0whw67nqmae8np","target":"User:01m0anyzy2me0whw67nqmae8np","request_id":"7802d5b9-d61c-4d44-968a-014007be8a20"} 
[2026-08-18 20:41:15] testing.INFO: account.profile_updated {"audit_id":"01m0anz074h9vckd5revqcgvbx","actor_id":"01m0anz06t4jd1b57s98v7qr42","target":"User:01m0anz06t4jd1b57s98v7qr42","request_id":"b973b844-d711-4a43-ba56-fd288d44b9f2"} 
[2026-08-18 20:41:15] testing.INFO: auth.account_locked {"audit_id":"01m0anz0crxbf604rttc2qx3r3","actor_id":"01m0anz0bkxcyztye6sv7arrz4","target":"User:01m0anz0bkxcyztye6sv7arrz4","request_id":"9d0f3b91-5818-4e70-9f2a-5caca84bf4db"} 
[2026-08-18 20:41:16] testing.INFO: refund.recorded {"audit_id":"01m0anz0s5xq6ahwmkk43chwz4","actor_id":"01m0anz0re45pxjdghb9bp61c7","target":"Refund:01m0anz0s4p27ewvn23wcb3de1","request_id":"95264d93-93b8-4013-b9b9-0912dbc308c4"} 
[2026-08-18 20:41:16] testing.INFO: refund.processed {"audit_id":"01m0anz0sscq55zsxtx35y2af3","actor_id":"01m0anz0rh2s7h9wz7cr7bzxa8","target":"Refund:01m0anz0s4p27ewvn23wcb3de1","request_id":"f016ee79-3094-4439-a76b-6874339ea880"} 
[2026-08-18 20:41:16] testing.INFO: payment.rejected {"audit_id":"01m0anz17h3xzxv551j4exd32a","actor_id":"01m0anz1734r0bcsn4tg9atxv8","target":"Payment:01m0anz17504pnywccq3cskvsz","request_id":"84339f51-4e0b-47b7-aeef-e2596f9cbaef"} 
[2026-08-18 20:41:17] testing.INFO: payment.approved {"audit_id":"01m0anz1pkw8ysg7em6b3deaf8","actor_id":"01m0anz1bfvpb65d27tnzrsmnk","target":"Payment:01m0anz1bhepnhjwm8p9dvec77","request_id":"9d5b14a9-075e-48b2-9745-eb8cdb6c53ad"} 
[2026-08-18 20:41:17] testing.INFO: payment.approved {"audit_id":"01m0anz24h4e3rvdz2h72djcgn","actor_id":"01m0anz1xzj785z6vvtc05s0az","target":"Payment:01m0anz1y1kxz7artxt970cck1","request_id":"b7b9588f-d71c-449e-9f9b-d621fbce8092"} 
[2026-08-18 20:41:17] testing.INFO: payment.approved {"audit_id":"01m0anz2f1ngw9y7j9x44jwspt","actor_id":"01m0anz2876qkrgdjjse2tbvdt","target":"Payment:01m0anz288mpsmwz5njhh9nm0y","request_id":"df22efda-d2e6-4258-8a60-85fc3ff50630"} 
[2026-08-18 20:41:18] testing.INFO: faq.created {"audit_id":"01m0anz37v1p7z23b5maspn5g6","actor_id":"01m0anz37ecm6hgy8qyw35cyex","target":"Faq:01m0anz37tjkf06gw4qahshb2b","request_id":"cb54d191-3167-4573-bafc-14936d150131"} 
[2026-08-18 20:41:18] testing.INFO: faq.updated {"audit_id":"01m0anz385ddb4dend4831khh7","actor_id":"01m0anz37ecm6hgy8qyw35cyex","target":"Faq:01m0anz37tjkf06gw4qahshb2b","request_id":"48d04fab-269f-4c30-aa12-97c106ca15d8"} 
[2026-08-18 20:41:18] testing.INFO: faq.deleted {"audit_id":"01m0anz38msgwz9bmz43tccj6j","actor_id":"01m0anz37ecm6hgy8qyw35cyex","target":"Faq:01m0anz37tjkf06gw4qahshb2b","request_id":"b69abb97-6fc0-4b83-9b61-9f0af135aba7"} 
[2026-08-18 20:41:19] testing.INFO: user.archived {"audit_id":"01m0anz3n4g678ttfv0v9y69jm","actor_id":"01m0anz3myy0w9qx3t2ahx53x1","target":"User:01m0anz3mggzxsqepw6jxx3kse","request_id":"de066372-f718-4ab1-bb73-877e3c93b8d1"} 
[2026-08-18 20:41:19] testing.INFO: test.published {"audit_id":"01m0anz3ypzrg57w2cp8cag96f","actor_id":"01m0anz3xkhk7xd46m8cvhexzy","target":"Test:01m0anz3xrrdj6ytqtnz71pnnc","request_id":"985e9a9f-35c8-4690-bf4d-48de5f880ed3"} 
[2026-08-18 20:41:21] testing.INFO: user.archived {"audit_id":"01m0anz5pewh97g081rbv4ydy1","actor_id":"01m0anz5na5f08hsd0mk7s2mm5","target":"User:01m0anz5nhczk3et7mxy3v6073","request_id":"46f425e5-0091-431f-8c06-7194859d6ca7"} 
[2026-08-18 20:41:21] testing.INFO: user.updated {"audit_id":"01m0anz5tt439k0ca8r3ap4n58","actor_id":"01m0anz5tc8hkz6sy46yzhdv6x","target":"User:01m0anz5tf9ap4q8xg26qn2v81","request_id":"5e508879-9209-43d2-a8f1-36e5a4d94fe2"} 
[2026-08-18 20:41:21] testing.INFO: user.suspend {"audit_id":"01m0anz68vbgbjfk1vd0eg3r76","actor_id":"01m0anz67w8gefsaaypweznbyk","target":"User:01m0anz682p9xvycvy9b3z1bdf","request_id":"e432d751-3974-4642-a69b-7adac6e78c62"} 
[2026-08-18 20:41:22] testing.INFO: payment.approved {"audit_id":"01m0anz6setb73j3rw2prqyjmh","actor_id":"01m0anz6hmjpnr3s4jpq503dhh","target":"Payment:01m0anz6hsxwv64yj07n46rq2f","request_id":"d6b98bfa-e79a-4fb3-b040-87f8d0b15a93"} 
[2026-08-18 20:41:22] testing.INFO: attempt.started {"audit_id":"01m0anz7260wde7j33ayynbh2p","actor_id":"01m0anz71q4yxx379kwhjjgg5n","target":"TestAttempt:01m0anz7253nz1exm2yynat73p","request_id":"70f38916-2a8e-4d59-9b92-55b594bff2d7"} 
[2026-08-18 20:41:22] testing.INFO: attempt.started {"audit_id":"01m0anz7a6ct5m9zc154y94b4c","actor_id":"01m0anz79qpeb0hrzgy59fce3s","target":"TestAttempt:01m0anz7a4jcb4vdydcf79jy9h","request_id":"a19e1770-6ead-4003-96a4-1f3a597fb83d"} 
[2026-08-18 20:41:22] testing.INFO: attempt.submitted {"audit_id":"01m0anz7ask4yncj35hg3678y5","actor_id":"01m0anz79qpeb0hrzgy59fce3s","target":"TestAttempt:01m0anz7a4jcb4vdydcf79jy9h","request_id":"da18dc8d-e893-423d-88a5-8a7dd97fe60e"} 
[2026-08-18 20:41:23] testing.INFO: attempt.started {"audit_id":"01m0anz7ffj2b0s3xvw3h8nh2s","actor_id":"01m0anz7ez6h32v0xd8dhx1d62","target":"TestAttempt:01m0anz7feva6zf4s2r7yzp1sz","request_id":"15c11c12-0247-4125-ae6a-e0bd5b31d449"} 
[2026-08-18 20:41:23] testing.INFO: attempt.started {"audit_id":"01m0anz7mpfe9916se07wccgha","actor_id":"01m0anz7m4xk7mkby6kzns58p5","target":"TestAttempt:01m0anz7mmvkyrztznzdm1va7q","request_id":"8f34ca6a-dbc1-4798-bd10-f4b53700347d"} 
[2026-08-18 20:41:23] testing.INFO: attempt.started {"audit_id":"01m0anz7n0wmp2j0hm75cjkq22","actor_id":"01m0anz7m4xk7mkby6kzns58p5","target":"TestAttempt:01m0anz7mmvkyrztznzdm1va7q","request_id":"aa987612-0dad-4421-a56f-7dc3b31f6c47"} 
[2026-08-18 20:41:23] testing.INFO: settings.payment_method_qr_updated {"audit_id":"01m0anz7z308tq3cffh5hxw50b","actor_id":"01m0anz7xqexx00v30x8gqe0mr","target":"PaymentMethod:01m0anz7xjgrbnmzm3vkfmjjy5","request_id":"6bd2cf8c-fd5c-4259-9325-abc6e2655eb8"} 
[2026-08-18 20:41:23] testing.INFO: settings.payment_method_qr_removed {"audit_id":"01m0anz7zck4qpycejcb43588p","actor_id":"01m0anz7xqexx00v30x8gqe0mr","target":"PaymentMethod:01m0anz7xjgrbnmzm3vkfmjjy5","request_id":"f4c85d4b-b48e-4959-90e8-0e243e7939a7"} 
[2026-08-18 20:41:23] testing.INFO: settings.updated {"audit_id":"01m0anz873e802zr8r5yqqjnm8","actor_id":"01m0anz86nm7z0x9z7bd7j5h8n","target":":","request_id":"c78f0e09-f602-4ca6-bd97-5bfac4117a5c"} 
[2026-08-18 20:41:23] testing.INFO: settings.updated {"audit_id":"01m0anz8b4ezckweez29vveevv","actor_id":"01m0anz8atb89z07798edfchkh","target":":","request_id":"e4d3d439-bcb3-4551-8bc1-c9d17497035d"} 
[2026-08-18 20:41:24] testing.INFO: role.updated {"audit_id":"01m0anz8f9c1vg1qqe921f4jrt","actor_id":"01m0anz8ewxckxwbrypzx0h346","target":"Role:01m0anz8d37q8ycayag1362asa","request_id":"43628793-8026-45b2-9f17-a7a383c8b422"} 
[2026-08-18 20:41:24] testing.INFO: settings.updated {"audit_id":"01m0anz8k54xjbjzwt7v4shbyx","actor_id":"01m0anz8js9e51vp63fm0kgrak","target":":","request_id":"b997dfce-f95f-424c-916f-da7707fe8c3c"} 
[2026-08-18 20:41:24] testing.INFO: settings.updated {"audit_id":"01m0anz90nvzx541azaatqqkqy","actor_id":"01m0anz907zqzpnw3y0c4wnk55","target":":","request_id":"79b01621-3c0c-4cc3-9be6-c207e717ed49"} 
[2026-08-18 20:41:25] testing.INFO: settings.updated {"audit_id":"01m0anz9h3zz6wgq694vv5xcc4","actor_id":"01m0anz9gr44myz7rf5g8kmcmp","target":":","request_id":"ebfe1c4d-a780-4581-90f9-f2487e4b1b64"} 
[2026-08-18 20:41:25] testing.INFO: settings.updated {"audit_id":"01m0anz9hdy147851x0jbtdbtq","actor_id":"01m0anz9gr44myz7rf5g8kmcmp","target":":","request_id":"9f6fd2ab-436c-410c-b6b4-4b6d18a9f867"} 
[2026-08-18 20:41:26] testing.INFO: enrollment_request.approved {"audit_id":"01m0anzadm6sb2xf8v1vjty0pq","actor_id":"01m0anzad2w8e7avjq78v6dsxq","target":"EnrollmentRequest:01m0anzad5r4azrfbgpkymz1t5","request_id":"bda5de07-baa4-489b-b964-21166bd357d6"} 
[2026-08-18 20:41:26] testing.INFO: enrollment_request.approved {"audit_id":"01m0anzajgejn4sk1ag9axf8c7","actor_id":"01m0anzahrqjha8rcwmspf5djg","target":"EnrollmentRequest:01m0anzahv7prwterbyty6m5je","request_id":"7e439205-c84f-49ea-ad7b-873e6dd4a6e9"} 
[2026-08-18 20:41:26] testing.INFO: enrollment_request.rejected {"audit_id":"01m0anzaptt1v3mpbyff6yxktr","actor_id":"01m0anzapb7myhzb158kh97etk","target":"EnrollmentRequest:01m0anzapdkca0jbh4v7xx7452","request_id":"b63798be-07e3-4142-999f-c1e89569e051"} 
[2026-08-18 20:41:27] testing.INFO: auth.logged_in {"audit_id":"01m0anzbea36pwgbprj927k9bf","actor_id":"01m0anzbdyg95sxsc6n1x4pv9s","target":"User:01m0anzbdyg95sxsc6n1x4pv9s","request_id":"3f2e4c3e-6fd7-4e27-993d-313b9ad51e30"} 
[2026-08-18 20:41:27] testing.INFO: auth.logged_out {"audit_id":"01m0anzbehfj01zwwmpkgacpkr","actor_id":"01m0anzbdyg95sxsc6n1x4pv9s","target":"User:01m0anzbdyg95sxsc6n1x4pv9s","request_id":"4c3939d6-80f2-45a7-890b-3592503a1232"} 
[2026-08-18 20:41:27] testing.INFO: auth.logged_in {"audit_id":"01m0anzbet4q54vg5btdkvjd4w","actor_id":"01m0anzbdyg95sxsc6n1x4pv9s","target":"User:01m0anzbdyg95sxsc6n1x4pv9s","request_id":"b28ed77b-f1db-4b36-abe1-71c7a9282b52"} 
[2026-08-18 20:41:27] testing.INFO: auth.logged_in {"audit_id":"01m0anzbjt2xtfc0xtt6jvqavb","actor_id":"01m0anzbjhs8q776d90fjzwtca","target":"User:01m0anzbjhs8q776d90fjzwtca","request_id":"72126552-a2cd-4018-8789-4bd5460dd8a7"} 
[2026-08-18 20:41:27] testing.INFO: user.devices_reset {"audit_id":"01m0anzbqc4qh05ywme0vwb69e","actor_id":"01m0anzbpvy8akmn88yca9pepm","target":"User:01m0anzbpyvd8rf1dnxs5sez2a","request_id":"da475621-24e6-4581-8bc1-da9893bc1dd6"} 
[2026-08-18 20:41:27] testing.INFO: recording.deleted {"audit_id":"01m0anzbzrmmxj80aqveb85a72","actor_id":"01m0anzbz9kcxved828skmyhxb","target":"Recording:01m0anzbzc90qz005g5br3vwrc","request_id":"7411219a-a86c-433f-a921-8fb6c972214d"} 
[2026-08-18 20:41:28] testing.INFO: course.thumbnail_updated {"audit_id":"01m0anzckvrrax24mgatc9w123","actor_id":"01m0anzcjwcj39h8gaypr0s53d","target":"Course:01m0anzcjy1yttt43pbd0285pa","request_id":"2edc7fb7-eafb-42cd-b30b-366161bff06a"} 
[2026-08-18 20:41:28] testing.INFO: course.thumbnail_updated {"audit_id":"01m0anzcmec6rmtsxn2engvn7w","actor_id":"01m0anzcjwcj39h8gaypr0s53d","target":"Course:01m0anzcjy1yttt43pbd0285pa","request_id":"60abb410-d5c8-4709-ad77-722a176e6d99"} 
[2026-08-18 20:41:28] testing.INFO: course.thumbnail_updated {"audit_id":"01m0anzcrtgc31t3sfzmnzh4zm","actor_id":"01m0anzcr6kt9683r3emrvgeec","target":"Course:01m0anzcr8hdt395r03s9tshsh","request_id":"293ece8b-6e43-4548-820d-8e1969e6f793"} 
[2026-08-18 20:41:28] testing.INFO: course.thumbnail_updated {"audit_id":"01m0anzcx13stqqemk1gajhzrs","actor_id":"01m0anzcwes6gdsv98t6cfea69","target":"Course:01m0anzcwgzd62mwghp964m9ky","request_id":"dab72086-150b-4479-a5f5-729969cfe69a"} 
[2026-08-18 20:41:28] testing.INFO: course.thumbnail_removed {"audit_id":"01m0anzcxcjawavbqttyxdwehk","actor_id":"01m0anzcwes6gdsv98t6cfea69","target":"Course:01m0anzcwgzd62mwghp964m9ky","request_id":"b30b7fdc-ac6c-4002-a04b-05e23bb9365e"} 
[2026-08-18 21:06:12] testing.INFO: settings.updated {"audit_id":"01m0aqcnhyztgy3vy898bxxk3n","actor_id":"01m0aqcnf5ry5j4fhynmh8h6kn","target":":","request_id":"dc38b242-a73b-4049-ac19-92c56efd70d4"} 
[2026-08-18 21:06:12] testing.INFO: settings.updated {"audit_id":"01m0aqcnvkh1y62h52f1wcxttj","actor_id":"01m0aqcnvanfkz7xeb34pz0h28","target":":","request_id":"a142c7d0-8b5f-44cf-b790-7b3c320c60be"} 
[2026-08-18 21:06:12] testing.INFO: role.updated {"audit_id":"01m0aqcp1zgdqmbbxq6pqpsgtc","actor_id":"01m0aqcp1fgzdwtk0s7jq1prf9","target":"Role:01m0aqcp05hz4g9qy4ez4c8g0p","request_id":"753b5a76-234b-4f31-bedb-5666e27aa64c"} 
[2026-08-18 21:06:12] testing.INFO: settings.payment_method_qr_updated {"audit_id":"01m0aqcp690kygkd9aswah2n5c","actor_id":"01m0aqcp5ej7fy4h03n4d0eemh","target":"PaymentMethod:01m0aqcp4n8d933y3zd2hkbrta","request_id":"9a5b4ef5-9407-45d7-89a1-d3aa5587fc72"} 
[2026-08-18 21:06:12] testing.INFO: settings.payment_method_qr_removed {"audit_id":"01m0aqcp6k9fmwckenmb5h7ncm","actor_id":"01m0aqcp5ej7fy4h03n4d0eemh","target":"PaymentMethod:01m0aqcp4n8d933y3zd2hkbrta","request_id":"47dc0dd9-9a17-4239-98d9-0c77fa0a0af4"} 
[2026-08-18 21:06:12] testing.INFO: settings.updated {"audit_id":"01m0aqcpd19vetgptf73af2p7e","actor_id":"01m0aqcpcqtrfz1wxk19vks68c","target":":","request_id":"0749ef3a-a5ce-4a90-b414-48f761daf5ea"} 
[2026-08-18 21:06:12] testing.INFO: faq.created {"audit_id":"01m0aqcpgpv2stdvcd2xsvm55f","actor_id":"01m0aqcpgbd9pjyk24571rzhrz","target":"Faq:01m0aqcpgnbeeq6ekscpx0dcgn","request_id":"29aa09ee-afe0-41a6-a557-aab565b32e46"} 
[2026-08-18 21:06:12] testing.INFO: faq.updated {"audit_id":"01m0aqcpgyw9x1zg8ya9g1cejp","actor_id":"01m0aqcpgbd9pjyk24571rzhrz","target":"Faq:01m0aqcpgnbeeq6ekscpx0dcgn","request_id":"66d0e55d-fa97-4544-9806-e08ff8eafe29"} 
[2026-08-18 21:06:13] testing.INFO: faq.deleted {"audit_id":"01m0aqcph8ea0xzw6k2xy77bk5","actor_id":"01m0aqcpgbd9pjyk24571rzhrz","target":"Faq:01m0aqcpgnbeeq6ekscpx0dcgn","request_id":"80039bae-1354-4c13-a5fd-6fa69881cf4f"} 
[2026-08-18 21:06:13] testing.INFO: attempt.started {"audit_id":"01m0aqcpv6j341ydrp1nb7qb10","actor_id":"01m0aqcptmth375tthqjhvbcpz","target":"TestAttempt:01m0aqcpv5e7sbjex6cm7ey24s","request_id":"efa48881-45cd-4e77-b112-e1cf42f2fa41"} 
[2026-08-18 21:06:13] testing.INFO: attempt.started {"audit_id":"01m0aqcq1rg4d331xkjtx7h7n0","actor_id":"01m0aqcq1cnxwpvqrz2e93npq8","target":"TestAttempt:01m0aqcq1qd6cnx8xj34xk25vm","request_id":"4947c739-cec7-45f3-a201-a8c13e7d3279"} 
[2026-08-18 21:06:13] testing.INFO: attempt.started {"audit_id":"01m0aqcq200d7a5f2ja1fa9w4w","actor_id":"01m0aqcq1cnxwpvqrz2e93npq8","target":"TestAttempt:01m0aqcq1qd6cnx8xj34xk25vm","request_id":"7d2f7529-fe2a-44c6-8f1c-84ca48f14682"} 
[2026-08-18 21:06:13] testing.INFO: attempt.started {"audit_id":"01m0aqcq55tatppngnk6gbf1s7","actor_id":"01m0aqcq4s8538nwfq79eg5wt9","target":"TestAttempt:01m0aqcq54yxjzxzhrkwa4tsk4","request_id":"1355ed5f-1b38-4b98-a1fc-89319bc5b644"} 
[2026-08-18 21:06:13] testing.INFO: attempt.started {"audit_id":"01m0aqcq926e7fh8t9qc1zmpe9","actor_id":"01m0aqcq8n7qs3nswq5r8v78rv","target":"TestAttempt:01m0aqcq91ghypbrxz6kf170ck","request_id":"698190a7-a107-491e-a595-7a5baeb57f57"} 
[2026-08-18 21:06:13] testing.INFO: attempt.submitted {"audit_id":"01m0aqcq9jp554hn2ek6v1v4zg","actor_id":"01m0aqcq8n7qs3nswq5r8v78rv","target":"TestAttempt:01m0aqcq91ghypbrxz6kf170ck","request_id":"fa45dfc5-8152-4be1-b6b7-c9fee062a0d6"} 
[2026-08-18 21:06:13] testing.INFO: auth.logged_in {"audit_id":"01m0aqcqg8swkakjzkghwdmb9c","actor_id":"01m0aqcqfrz5szqfdwwh13rsk7","target":"User:01m0aqcqfrz5szqfdwwh13rsk7","request_id":"73c383f3-b529-4786-8d86-c2744c60e167"} 
[2026-08-18 21:06:14] testing.INFO: auth.logged_out {"audit_id":"01m0aqcqgt8yfppcm77s0yefp9","actor_id":"01m0aqcqfrz5szqfdwwh13rsk7","target":"User:01m0aqcqfrz5szqfdwwh13rsk7","request_id":"51b950d4-c667-4d7e-a709-ec52cf552e03"} 
[2026-08-18 21:06:14] testing.INFO: auth.logged_in {"audit_id":"01m0aqcqh07cyrbexnqmwegxqt","actor_id":"01m0aqcqfrz5szqfdwwh13rsk7","target":"User:01m0aqcqfrz5szqfdwwh13rsk7","request_id":"5adef24a-115c-458a-a57d-0eb9206db916"} 
[2026-08-18 21:06:14] testing.INFO: auth.account_locked {"audit_id":"01m0aqcqqktbatm3wz06gtv9hw","actor_id":"01m0aqcqpxgw1674xbb8p8kg0y","target":"User:01m0aqcqpxgw1674xbb8p8kg0y","request_id":"3b28a71f-d193-44db-be1b-51066ac61fc2"} 
[2026-08-18 21:06:14] testing.INFO: auth.password_changed {"audit_id":"01m0aqcqv5xyjqprt6wrqf01hd","actor_id":"01m0aqcqtkdw2hnq8fn13drz9r","target":"User:01m0aqcqtkdw2hnq8fn13drz9r","request_id":"00902fa6-9b27-4f87-a5a8-4db110d9ffcf"} 
[2026-08-18 21:06:14] testing.INFO: account.profile_updated {"audit_id":"01m0aqcqyfbs1xgx9d5fcc1dz2","actor_id":"01m0aqcqy5nnqps0s16k0erdtb","target":"User:01m0aqcqy5nnqps0s16k0erdtb","request_id":"c10a9b0c-0c24-4fd6-8fcd-7daf9af54a55"} 
[2026-08-18 21:06:14] testing.INFO: course.updated {"audit_id":"01m0aqcr4tzxgz6dkcp8cn5gey","actor_id":"01m0aqcr4adawgyyefhstdsjng","target":"Course:01m0aqcr4bvbk0mh983w3skzvn","request_id":"db3166fc-3ada-4274-98c1-7e45c0efa5d1"} 
[2026-08-18 21:06:14] testing.INFO: course.updated {"audit_id":"01m0aqcr8bsf2k1jx2mqtf7t3g","actor_id":"01m0aqcr7z4t19vz7fzyqd6kvq","target":"Course:01m0aqcr81admgcbfnfv9t9dw2","request_id":"8ec44f28-9f8a-4b30-8ff6-449f09f8cd39"} 
[2026-08-18 21:06:14] testing.INFO: course.thumbnail_updated {"audit_id":"01m0aqcrbyhsj6e5vsnj8jsb0q","actor_id":"01m0aqcrb9zv33zr4sjttjh224","target":"Course:01m0aqcrbas90rvvrgpj5sjegc","request_id":"32138bc8-7f1f-49cf-b20b-622c0925ed73"} 
[2026-08-18 21:06:14] testing.INFO: course.thumbnail_updated {"audit_id":"01m0aqcrcdzvzq0sahz14vgnk6","actor_id":"01m0aqcrb9zv33zr4sjttjh224","target":"Course:01m0aqcrbas90rvvrgpj5sjegc","request_id":"a6f1a754-8c65-4afc-93c6-d87a26b1bf54"} 
[2026-08-18 21:06:15] testing.INFO: course.thumbnail_updated {"audit_id":"01m0aqcrg32gfa6vbrqpsy7x5e","actor_id":"01m0aqcrf900zgxj3drk6jsn0z","target":"Course:01m0aqcrfbft6h0ngvd1yzq07a","request_id":"65a1d1da-65d1-4710-816a-a5e7fed3f6ed"} 
[2026-08-18 21:06:15] testing.INFO: course.thumbnail_removed {"audit_id":"01m0aqcrgc1m5j0sa2rwabsbks","actor_id":"01m0aqcrf900zgxj3drk6jsn0z","target":"Course:01m0aqcrfbft6h0ngvd1yzq07a","request_id":"d9dc5379-ee96-4951-9c3b-2605d06357a4"} 
[2026-08-18 21:06:15] testing.INFO: course.thumbnail_updated {"audit_id":"01m0aqcrm1ne3ve0s996q7v0er","actor_id":"01m0aqcrkge6reg17yysk2kdkx","target":"Course:01m0aqcrkjzxb4q1vp080a2aaz","request_id":"e37b35e5-edae-4a13-8873-5ff06f7cdd8f"} 
[2026-08-18 21:06:15] testing.INFO: payment.approved {"audit_id":"01m0aqcs87e6m84n3e0nybjxxj","actor_id":"01m0aqcrxtvceqzh3dagwrw09x","target":"Payment:01m0aqcry0h5137hsn25kqwwfn","request_id":"8dcba1aa-14cc-46d2-832c-d16bf1e09444"} 
[2026-08-18 21:06:15] testing.INFO: auth.logged_in {"audit_id":"01m0aqcsccc382aq4txb26hfmv","actor_id":"01m0aqcsc3awj8raqkf7xamvsh","target":"User:01m0aqcsc3awj8raqkf7xamvsh","request_id":"70f93a48-c59c-4b96-9ad0-be32d45f3905"} 
[2026-08-18 21:06:15] testing.INFO: auth.logged_out {"audit_id":"01m0aqcsckbj8svjndjd5nt062","actor_id":"01m0aqcsc3awj8raqkf7xamvsh","target":"User:01m0aqcsc3awj8raqkf7xamvsh","request_id":"be96d6fb-909d-46f6-8db7-4ea36abecaf0"} 
[2026-08-18 21:06:15] testing.INFO: auth.logged_in {"audit_id":"01m0aqcscseqtm365ztnks32g2","actor_id":"01m0aqcsc3awj8raqkf7xamvsh","target":"User:01m0aqcsc3awj8raqkf7xamvsh","request_id":"3ce12dea-7e43-45b7-a4fe-b6929ceed73c"} 
[2026-08-18 21:06:16] testing.INFO: auth.logged_in {"audit_id":"01m0aqcsfthsab5wbdchhe31n9","actor_id":"01m0aqcsfk1cqdbbbs0wap0213","target":"User:01m0aqcsfk1cqdbbbs0wap0213","request_id":"14462c71-5260-4989-b0ba-e135a70e46d4"} 
[2026-08-18 21:06:16] testing.INFO: user.devices_reset {"audit_id":"01m0aqcskak22d49f0ng1q6bk7","actor_id":"01m0aqcsjr1cwrkfwmrnprxt5y","target":"User:01m0aqcsjtyjem61494897k7nh","request_id":"6a9617e7-9500-4aba-abdd-fa85fe36f4bc"} 
[2026-08-18 21:06:16] testing.INFO: enrollment_request.approved {"audit_id":"01m0aqcsq3yfswaqz4vvd0tbsn","actor_id":"01m0aqcspehgm19rjv8w462wpe","target":"EnrollmentRequest:01m0aqcsph5cvw9swfcp1j09af","request_id":"afb04a0a-88cd-4101-ba92-73c642134dc9"} 
[2026-08-18 21:06:16] testing.INFO: enrollment_request.approved {"audit_id":"01m0aqcsy0x5fxhcg5gvpjgtag","actor_id":"01m0aqcsxkwfnbc0ccrbtftw3k","target":"EnrollmentRequest:01m0aqcsxnxytgy8cfr6c0jrr9","request_id":"a7385181-f11d-4bec-a275-d01cb2207a5a"} 
[2026-08-18 21:06:16] testing.INFO: enrollment_request.rejected {"audit_id":"01m0aqct16vtbvgpfe0kadg3sn","actor_id":"01m0aqct0wdjbdfvv8bs1fx7z5","target":"EnrollmentRequest:01m0aqct0xegpq6a8b3kk08a2j","request_id":"fbbafb4a-d0f6-4869-94e3-dd1bfb6b2790"} 
[2026-08-18 21:06:16] testing.INFO: settings.updated {"audit_id":"01m0aqctd0hv22cx78ep5rrmkj","actor_id":"01m0aqctcqmnqy50srbbqw3zsb","target":":","request_id":"82cbc107-f987-4dcc-8541-b79b286c5d6f"} 
[2026-08-18 21:06:17] testing.INFO: settings.updated {"audit_id":"01m0aqctgk9a4bsp6rs3xktghv","actor_id":"01m0aqctgaxp4ckh24v81abfc1","target":":","request_id":"fbb87055-3579-468c-93db-bc4d337de5e9"} 
[2026-08-18 21:06:17] testing.INFO: settings.updated {"audit_id":"01m0aqctgv908e5cxx8p59czdf","actor_id":"01m0aqctgaxp4ckh24v81abfc1","target":":","request_id":"d34548f3-9047-4784-8a83-2ee90c3d75cb"} 
[2026-08-18 21:06:17] testing.INFO: payment.approved {"audit_id":"01m0aqcv7d4gfznh3fbwq7jjym","actor_id":"01m0aqcv1hyn9njtstb59s4ndt","target":"Payment:01m0aqcv1je0aj6knr266w49jy","request_id":"05c40bbb-9524-465b-a459-97ea00b45528"} 
[2026-08-18 21:06:18] testing.INFO: payment.approved {"audit_id":"01m0aqcvg8cqj6y8z0yc5a9kpp","actor_id":"01m0aqcvacrn36zy11v18xqdw4","target":"Payment:01m0aqcvadaavs2g32t8fw6hmn","request_id":"21bcff9e-470b-4997-b276-c8057806618b"} 
[2026-08-18 21:06:18] testing.INFO: payment.approved {"audit_id":"01m0aqcvwve9e1q9xebtvy18j2","actor_id":"01m0aqcvq6gkyth4g1kppavrx9","target":"Payment:01m0aqcvq87awgakw5nw4v7njp","request_id":"d62180f9-7531-4d53-a356-baa333f28d49"} 
[2026-08-18 21:06:18] testing.INFO: payment.rejected {"audit_id":"01m0aqcw0cchgbk520h8smqsrm","actor_id":"01m0aqcvzzzxgfhff0y6fsc80n","target":"Payment:01m0aqcw01v47pwe5wpa007xyn","request_id":"1ef947b7-1aaf-444d-9f47-fee2ac62c562"} 
[2026-08-18 21:06:18] testing.INFO: refund.recorded {"audit_id":"01m0aqcwaysae44xgm8t7r46rt","actor_id":"01m0aqcwabcvzyfxttps5wzaxd","target":"Refund:01m0aqcwaxgzdyt8gma9zg4494","request_id":"88abe50f-0a7c-4634-b98f-c5f6803cea5e"} 
[2026-08-18 21:06:18] testing.INFO: refund.processed {"audit_id":"01m0aqcwbes07aez3d68jnvqsx","actor_id":"01m0aqcwad7f8d1r0v6j7hphq4","target":"Refund:01m0aqcwaxgzdyt8gma9zg4494","request_id":"52d05545-049a-429c-87bf-8ed145bfdd14"} 
[2026-08-18 21:06:20] testing.INFO: user.suspend {"audit_id":"01m0aqcxysvy8sadaww97er64p","actor_id":"01m0aqcxy1qa9edqmyrb8nb0cs","target":"User:01m0aqcxy5nwxnyc0nzsmxk6hv","request_id":"e5a4e4ee-94d5-4f3e-8b32-68bf75595c70"} 
[2026-08-18 21:06:20] testing.INFO: user.archived {"audit_id":"01m0aqcy2mwn3kp6ffv71cvs32","actor_id":"01m0aqcy1qy3t0ckncmk35kz6f","target":"User:01m0aqcy1xc5k812xwvm2kvrp5","request_id":"64987abe-de44-409d-9532-08c7c207f930"} 
[2026-08-18 21:06:20] testing.INFO: user.archived {"audit_id":"01m0aqcy5x3cn1wx9drdf7m3tx","actor_id":"01m0aqcy5rqgkxghgt5etkhxxa","target":"User:01m0aqcy5e7v5asetf675x8hjk","request_id":"d68e1d91-ec0b-4860-a003-5ed28502201f"} 
[2026-08-18 21:06:20] testing.INFO: user.updated {"audit_id":"01m0aqcy93sd02f158e67x660w","actor_id":"01m0aqcy8s7h9z1msvbrmjhxfv","target":"User:01m0aqcy8w6j9h05v8awf2g1v4","request_id":"3c6dda4e-576f-4379-aa71-f0d13d21d6b8"} 
[2026-08-18 21:06:21] testing.INFO: test.published {"audit_id":"01m0aqcyr008mdybn2rkm5stdd","actor_id":"01m0aqcyq6g13spxxsrrczkvg9","target":"Test:01m0aqcyqajgj7d152e2n5haa9","request_id":"8166b91b-593e-4320-a0c9-3fec18826898"} 
[2026-08-18 21:06:23] testing.INFO: recording.deleted {"audit_id":"01m0aqd0a4f77tcmcnsqhb4sqw","actor_id":"01m0aqd09m4x5rjyks43et9s2y","target":"Recording:01m0aqd09n6596k6vkrd3q0p2k","request_id":"e6d00764-7bf7-4392-bcc6-6db5a9de4dc4"} 
[2026-08-18 21:20:38] testing.INFO: payment.submitted {"audit_id":"01m0ar73816dx7yfgn2hddpr9m","actor_id":"01m0ar734sad2231cbdhweb09d","target":"Payment:01m0ar737y16z2kfb8g3mt74rn","request_id":"d7fb70cd-1777-4082-943e-93ff07fd51e8"} 
[2026-08-18 21:20:38] testing.INFO: payment.approved_at_capture {"audit_id":"01m0ar73hxs7px3z5ynnaw2c4a","actor_id":"01m0ar734sad2231cbdhweb09d","target":"Payment:01m0ar737y16z2kfb8g3mt74rn","request_id":"d7fb70cd-1777-4082-943e-93ff07fd51e8"} 
[2026-08-18 21:20:38] testing.INFO: payment.submitted {"audit_id":"01m0ar73qdwtt46ws9zscxj331","actor_id":"01m0ar73pnhkps60b9bt32xt22","target":"Payment:01m0ar73qcsfzftsc2h8rwnmwj","request_id":"cdf51b6e-14ca-4f02-9bfd-54f1430670fa"} 
[2026-08-18 21:20:38] testing.INFO: payment.approved_at_capture {"audit_id":"01m0ar73x6gaevcd8z60cctmx3","actor_id":"01m0ar73pnhkps60b9bt32xt22","target":"Payment:01m0ar73qcsfzftsc2h8rwnmwj","request_id":"cdf51b6e-14ca-4f02-9bfd-54f1430670fa"} 
[2026-08-18 21:20:38] testing.INFO: payment.submitted {"audit_id":"01m0ar73xtwscwg0gnh47vches","actor_id":"01m0ar73pnhkps60b9bt32xt22","target":"Payment:01m0ar73xsw90va53f6egqzq01","request_id":"7b05647c-22df-41ea-9b4d-03c769f0b13f"} 
[2026-08-18 21:20:38] testing.INFO: payment.approved {"audit_id":"01m0ar7441yxw6drkmf1rhmnxs","actor_id":"01m0ar73pq5rh7y0erfhgdf0jn","target":"Payment:01m0ar73xsw90va53f6egqzq01","request_id":"a281637e-d920-48af-b3e4-7f288d8ca1cb"} 
[2026-08-18 21:20:50] testing.INFO: payment.submitted {"audit_id":"01m0ar7f0fa80v3bqyas49eh2h","actor_id":"01m0ar7ey6f58w4jc149865sap","target":"Payment:01m0ar7f0d3hq775cwdk84y8tg","request_id":"da30b9df-14a0-4625-89f6-4d7ff7873ced"} 
[2026-08-18 21:20:51] testing.INFO: payment.submitted {"audit_id":"01m0ar7g0970b15xsqmbqe6z7h","actor_id":"01m0ar7fzdwz3mb1tspan2j1yh","target":"Payment:01m0ar7g08gwff49y9x0vf2new","request_id":"bf357f12-27b4-4868-9b83-70a2d7c628d0"} 
[2026-08-18 21:21:03] testing.INFO: settings.updated {"audit_id":"01m0ar7wdhh757haa2mvp14h7g","actor_id":"01m0ar7wc48fztwymcy0k5naae","target":":","request_id":"e64e6eef-d680-49ce-b2eb-92134de7e78f"} 
[2026-08-18 21:21:03] testing.INFO: settings.updated {"audit_id":"01m0ar7wmxyav7zqes97smwkcw","actor_id":"01m0ar7wmnzx5kxfdfdgqaf7dp","target":":","request_id":"970d0f6e-fd7d-48e2-ae16-d5ce24cab18d"} 
[2026-08-18 21:21:04] testing.INFO: role.updated {"audit_id":"01m0ar7wv94arwdzw84y8t78a5","actor_id":"01m0ar7wtzhp77f3rtmp00bdp6","target":"Role:01m0ar7wsffk6ryv428xf90wqj","request_id":"4098c2d2-8172-46aa-a0db-31d9548e6a2f"} 
[2026-08-18 21:21:04] testing.INFO: settings.payment_method_qr_updated {"audit_id":"01m0ar7wz48bkewrz39b2d6dm6","actor_id":"01m0ar7wy7m7jppdhpggfrw8hm","target":"PaymentMethod:01m0ar7wxw0zn0gtc9aav0rmf5","request_id":"abdc88c2-b30f-49a6-83f7-f26774a24660"} 
[2026-08-18 21:21:04] testing.INFO: settings.payment_method_qr_removed {"audit_id":"01m0ar7wzc1wd69n1z63xwtk5t","actor_id":"01m0ar7wy7m7jppdhpggfrw8hm","target":"PaymentMethod:01m0ar7wxw0zn0gtc9aav0rmf5","request_id":"52a62e0b-b70a-4ef4-a0c0-cd6ab5fbbbfd"} 
[2026-08-18 21:21:04] testing.INFO: settings.updated {"audit_id":"01m0ar7x5q6x2fcmm3d5hygh5g","actor_id":"01m0ar7x5cgwmxmcjdh7k8ypm8","target":":","request_id":"d34f86d2-bbc6-4416-895c-746616ef3a80"} 
[2026-08-18 21:21:04] testing.INFO: faq.created {"audit_id":"01m0ar7x9d7twpk40cfxd7krwv","actor_id":"01m0ar7x8zp034w7f9w95zbc5t","target":"Faq:01m0ar7x9cr6e9kr6w5d8evtsk","request_id":"25c66acf-6855-4f51-ada7-8f54e1a151ec"} 
[2026-08-18 21:21:04] testing.INFO: faq.updated {"audit_id":"01m0ar7x9n6wh4jn8erj4nbyhx","actor_id":"01m0ar7x8zp034w7f9w95zbc5t","target":"Faq:01m0ar7x9cr6e9kr6w5d8evtsk","request_id":"1175b296-c713-4b05-8de4-8a3d39340af2"} 
[2026-08-18 21:21:04] testing.INFO: faq.deleted {"audit_id":"01m0ar7x9y5wmp9ga0emw6b5n2","actor_id":"01m0ar7x8zp034w7f9w95zbc5t","target":"Faq:01m0ar7x9cr6e9kr6w5d8evtsk","request_id":"f45e0292-5193-4f81-a942-be7e1c7bf706"} 
[2026-08-18 21:21:04] testing.INFO: attempt.started {"audit_id":"01m0ar7xky388mgh4gj1srk3d8","actor_id":"01m0ar7xkd7aw7rer19vqesqyq","target":"TestAttempt:01m0ar7xkw56r6qsqwyswc9zp1","request_id":"2053332c-898d-4b19-87bb-e07d0b2c0697"} 
[2026-08-18 21:21:05] testing.INFO: attempt.started {"audit_id":"01m0ar7xvpp574tgdfs00yx6rq","actor_id":"01m0ar7xvadnjpb93b3cn6s7ed","target":"TestAttempt:01m0ar7xvn64mn0e2tx42t3nxc","request_id":"c69d30b2-03ef-41a5-a186-15b0cb4e4493"} 
[2026-08-18 21:21:05] testing.INFO: attempt.started {"audit_id":"01m0ar7xvz84qn0pp12tjkknfq","actor_id":"01m0ar7xvadnjpb93b3cn6s7ed","target":"TestAttempt:01m0ar7xvn64mn0e2tx42t3nxc","request_id":"067c1b56-3d1d-4c22-8ff7-91f15822a816"} 
[2026-08-18 21:21:05] testing.INFO: attempt.started {"audit_id":"01m0ar7xz3wwnmatgtnnyevbrj","actor_id":"01m0ar7xyqte74qpxr1aetmwzy","target":"TestAttempt:01m0ar7xz22m5049deatres5ke","request_id":"6f21d158-50ac-4264-b1e9-752f04bb552b"} 
[2026-08-18 21:21:05] testing.INFO: attempt.started {"audit_id":"01m0ar7y32aq8nebf6mkpkw7rg","actor_id":"01m0ar7y2pqpjpr2e5ak62jrjz","target":"TestAttempt:01m0ar7y31mn08yssh9dbs7b1r","request_id":"df974b9a-b6d5-4bfe-8acd-a1dca858fd78"} 
[2026-08-18 21:21:05] testing.INFO: attempt.submitted {"audit_id":"01m0ar7y3hxcwzpnwp9xwkaq07","actor_id":"01m0ar7y2pqpjpr2e5ak62jrjz","target":"TestAttempt:01m0ar7y31mn08yssh9dbs7b1r","request_id":"7630375a-7bd4-4054-8c10-4a896a4f5c25"} 
[2026-08-18 21:21:05] testing.INFO: auth.logged_in {"audit_id":"01m0ar7ya9vh7e3wxx9yv6yn7r","actor_id":"01m0ar7y9y5r5ms2mfvyfnsdb1","target":"User:01m0ar7y9y5r5ms2mfvyfnsdb1","request_id":"b4cd89cf-8d23-4340-acd6-0b84d0199cee"} 
[2026-08-18 21:21:05] testing.INFO: auth.logged_out {"audit_id":"01m0ar7yavp5j5agmacg4en0j1","actor_id":"01m0ar7y9y5r5ms2mfvyfnsdb1","target":"User:01m0ar7y9y5r5ms2mfvyfnsdb1","request_id":"e3ca2dc9-8508-4631-88e6-9f3bbf31626a"} 
[2026-08-18 21:21:05] testing.INFO: auth.logged_in {"audit_id":"01m0ar7yb067fbnn60vrym4fyn","actor_id":"01m0ar7y9y5r5ms2mfvyfnsdb1","target":"User:01m0ar7y9y5r5ms2mfvyfnsdb1","request_id":"5da47c22-2616-4602-b96b-ac9bec7d674d"} 
[2026-08-18 21:21:05] testing.INFO: auth.account_locked {"audit_id":"01m0ar7yj3xme95t5ft1fwk4dm","actor_id":"01m0ar7yhdhb322yay9wqbwb0y","target":"User:01m0ar7yhdhb322yay9wqbwb0y","request_id":"0890268a-0a81-4e54-83a4-6ac5f8c563fe"} 
[2026-08-18 21:21:06] testing.INFO: auth.password_changed {"audit_id":"01m0ar7ynt0h6nr75qzw85kfpf","actor_id":"01m0ar7yn8yzpzsexfjfb7rddf","target":"User:01m0ar7yn8yzpzsexfjfb7rddf","request_id":"36ef2394-233d-4690-b4e5-ac28fd25ab9b"} 
[2026-08-18 21:21:06] testing.INFO: account.profile_updated {"audit_id":"01m0ar7ysm54tfq4a8j2hqc05d","actor_id":"01m0ar7ysbsp44qz3y5jwgza8c","target":"User:01m0ar7ysbsp44qz3y5jwgza8c","request_id":"19e6051c-d981-4b91-8d90-6bbde3558b11"} 
[2026-08-18 21:21:06] testing.INFO: course.updated {"audit_id":"01m0ar7z0f37panxvgrfmvb185","actor_id":"01m0ar7yzzw45vsakt885stq9b","target":"Course:01m0ar7z0143zsqc4ryjdrpjyy","request_id":"6ba6bf31-bda0-4641-9b38-9ce335b901b1"} 
[2026-08-18 21:21:06] testing.INFO: course.updated {"audit_id":"01m0ar7z3xswak79wnpn10eg75","actor_id":"01m0ar7z3hcfr8dwt7sykt57e7","target":"Course:01m0ar7z3kfxbda3vpnwy8qf5f","request_id":"e5209d4f-81d3-445b-8c7a-3908ccedc758"} 
[2026-08-18 21:21:06] testing.INFO: course.thumbnail_updated {"audit_id":"01m0ar7z7erttqqm04m91g5706","actor_id":"01m0ar7z6vzr3w3qty82gce80g","target":"Course:01m0ar7z6weh855p72d3kef768","request_id":"a5aaabd0-9159-4ff9-b40f-9063be5b25df"} 
[2026-08-18 21:21:06] testing.INFO: course.thumbnail_updated {"audit_id":"01m0ar7z7ys7ytyejfhykq288y","actor_id":"01m0ar7z6vzr3w3qty82gce80g","target":"Course:01m0ar7z6weh855p72d3kef768","request_id":"dce96b1b-c4e4-4f07-abf6-af26eff84862"} 
[2026-08-18 21:21:06] testing.INFO: course.thumbnail_updated {"audit_id":"01m0ar7zbpc05yc3xc33c44jbr","actor_id":"01m0ar7zawwt6ckj4nrfptxrfj","target":"Course:01m0ar7zaycn7zmx6kcy8fh92k","request_id":"ac9d72b9-6f2a-42b8-97ca-ac58299bd16a"} 
[2026-08-18 21:21:06] testing.INFO: course.thumbnail_removed {"audit_id":"01m0ar7zbz4q73634ve62b26bm","actor_id":"01m0ar7zawwt6ckj4nrfptxrfj","target":"Course:01m0ar7zaycn7zmx6kcy8fh92k","request_id":"2b86142b-c1c9-43c0-871e-fa7eede9b413"} 
[2026-08-18 21:21:06] testing.INFO: course.thumbnail_updated {"audit_id":"01m0ar7zffw2hs9pmz9myzxcbb","actor_id":"01m0ar7zeyxy6qh2v9yrxjzzwr","target":"Course:01m0ar7zf02jy7dj2fktkse3av","request_id":"2bbeebbc-e6b0-4a36-a7c3-42e8fad4b746"} 
[2026-08-18 21:21:07] testing.INFO: payment.approved {"audit_id":"01m0ar801sfx67d9eyntn61ve2","actor_id":"01m0ar7zsn4fesrqdtf3zxsvmf","target":"Payment:01m0ar7zsvg7sc4pw5ys2v5259","request_id":"faf0e495-0673-4871-ab7b-9bf09841ea3f"} 
[2026-08-18 21:21:07] testing.INFO: auth.logged_in {"audit_id":"01m0ar805mazf293gwtcz2b9bv","actor_id":"01m0ar805cmm9vxaz765xv64et","target":"User:01m0ar805cmm9vxaz765xv64et","request_id":"dcf7e801-0b6a-43ff-82b0-dd19311c55e7"} 
[2026-08-18 21:21:07] testing.INFO: auth.logged_out {"audit_id":"01m0ar805tsxk7sy6yx39rq7ew","actor_id":"01m0ar805cmm9vxaz765xv64et","target":"User:01m0ar805cmm9vxaz765xv64et","request_id":"397b1317-bd41-46a1-a735-969205de3eab"} 
[2026-08-18 21:21:07] testing.INFO: auth.logged_in {"audit_id":"01m0ar8060zk09h6zkrwmacge4","actor_id":"01m0ar805cmm9vxaz765xv64et","target":"User:01m0ar805cmm9vxaz765xv64et","request_id":"e6c3dfe9-6651-4823-a693-79a950fe6264"} 
[2026-08-18 21:21:07] testing.INFO: auth.logged_in {"audit_id":"01m0ar8090eat0emac7fj7aj9n","actor_id":"01m0ar808rr770y3yggn995tp6","target":"User:01m0ar808rr770y3yggn995tp6","request_id":"7c44c80c-4605-4304-b74e-1514643d7cf4"} 
[2026-08-18 21:21:07] testing.INFO: user.devices_reset {"audit_id":"01m0ar80c7am0dt5w1mxhdppn9","actor_id":"01m0ar80bt41anqre2py0q7cq0","target":"User:01m0ar80bwzhd9f9ysk2q2rjyf","request_id":"abfaceb7-61ee-42be-8975-dca7bc161319"} 
[2026-08-18 21:21:07] testing.INFO: enrollment_request.approved {"audit_id":"01m0ar80g35xw7zyhskvr7fyd6","actor_id":"01m0ar80fdc9dbdr422bet4bg3","target":"EnrollmentRequest:01m0ar80ffdfg6tk157axwfe4z","request_id":"99e3791a-baf2-4791-b26f-7f2a3dcfa213"} 
[2026-08-18 21:21:08] testing.INFO: enrollment_request.approved {"audit_id":"01m0ar80q21b68ctm3zwkcd75d","actor_id":"01m0ar80ppbsp1gyrzsasgyj5a","target":"EnrollmentRequest:01m0ar80pqrvm8rqyp88894r21","request_id":"bf93daf9-7502-4579-a3f3-2112374602d8"} 
[2026-08-18 21:21:08] testing.INFO: enrollment_request.rejected {"audit_id":"01m0ar80tdkbddhs73rd247nmd","actor_id":"01m0ar80t2xrrsab7djqs0xtjn","target":"EnrollmentRequest:01m0ar80t401d5whh6cdpe20vc","request_id":"734bb3b0-74d1-4fba-995f-f66df91f93b9"} 
[2026-08-18 21:21:08] testing.INFO: settings.updated {"audit_id":"01m0ar8163zq79xqz5s8px0zwq","actor_id":"01m0ar815tqrxgsk0py1k3w2j7","target":":","request_id":"ca8a04c6-0b87-4461-a81a-bf11d42c6db6"} 
[2026-08-18 21:21:08] testing.INFO: settings.updated {"audit_id":"01m0ar819mm7x13dd08qkm4v5d","actor_id":"01m0ar819b7n1btqyzkccr7060","target":":","request_id":"df220d51-366b-4780-a459-c4f425dff348"} 
[2026-08-18 21:21:08] testing.INFO: settings.updated {"audit_id":"01m0ar819xp4sj42f9bvt7z840","actor_id":"01m0ar819b7n1btqyzkccr7060","target":":","request_id":"1a6efa05-afe7-49c9-8088-cbea7461d247"} 
[2026-08-18 21:21:09] testing.INFO: payment.approved {"audit_id":"01m0ar81zfqr26ej4rjx6zarev","actor_id":"01m0ar81shwvjeq5dsfk7e56ag","target":"Payment:01m0ar81skwnkfvk46wme8ddq5","request_id":"159f1bf1-f755-4655-ab83-f03bbf9dedb3"} 
[2026-08-18 21:21:09] testing.INFO: payment.approved {"audit_id":"01m0ar828dbkd9dh5enq320yze","actor_id":"01m0ar822fvzaq3k3a87n74fxk","target":"Payment:01m0ar822gw4ke23z1gzqy1jpj","request_id":"37037be1-213d-4306-b964-37f0c90af75e"} 
[2026-08-18 21:21:10] testing.INFO: payment.approved {"audit_id":"01m0ar82n2vfbnadsb50h04vh8","actor_id":"01m0ar82fdkjgc200fzc3keza2","target":"Payment:01m0ar82fengjmpe08jv42bmcd","request_id":"c00085d1-d0fc-4e52-a0c9-3a4bcee56f83"} 
[2026-08-18 21:21:10] testing.INFO: payment.rejected {"audit_id":"01m0ar82rkmd4dayqah051qgra","actor_id":"01m0ar82r7t8wy6cnnvhtkh301","target":"Payment:01m0ar82r8yg6brpv384da2npy","request_id":"bf935d62-5df9-4975-a55b-f9e4188af053"} 
[2026-08-18 21:21:10] testing.INFO: refund.recorded {"audit_id":"01m0ar832y4ckwbpt2r3vzrx8g","actor_id":"01m0ar832dn8a58gf2tah06p6n","target":"Refund:01m0ar832xffyyamg0hrbhk353","request_id":"23964b03-a113-47ed-a548-f104efa61920"} 
[2026-08-18 21:21:10] testing.INFO: refund.processed {"audit_id":"01m0ar833e9gxkyf44s20gakzr","actor_id":"01m0ar832gmv7wkyxgct0gd3vq","target":"Refund:01m0ar832xffyyamg0hrbhk353","request_id":"629ff7c2-f687-448c-b9fb-d7aa0304a115"} 
[2026-08-18 21:21:12] testing.INFO: user.suspend {"audit_id":"01m0ar84q9394dneccb5z86ert","actor_id":"01m0ar84phy6t82yaz3ecy1faz","target":"User:01m0ar84pn1e2haxd1m3m35qz0","request_id":"f57723a7-ae1f-48d0-be03-29f53b6ba15f"} 
[2026-08-18 21:21:12] testing.INFO: user.archived {"audit_id":"01m0ar84vv6v6tqmxpy2vtj5z2","actor_id":"01m0ar84tcbpw82yk3cz2z1dgr","target":"User:01m0ar84tst332aggr1pz32srs","request_id":"91eec328-5bcf-481f-8356-9002b5d79ace"} 
[2026-08-18 21:21:12] testing.INFO: user.archived {"audit_id":"01m0ar84zh9azjgmp67nkte1qz","actor_id":"01m0ar84zcvpm9cttv8mwk1vgr","target":"User:01m0ar84z266wjec8yd9h4hhdx","request_id":"8455ca71-4daa-4a80-bea8-7411eb1b902c"} 
[2026-08-18 21:21:12] testing.INFO: user.updated {"audit_id":"01m0ar852n1h81n6k5amzcdf8j","actor_id":"01m0ar852b664686whwfn6er80","target":"User:01m0ar852dbz4n9b4nxss5tqmw","request_id":"59c8b844-70b8-4729-a216-ae32c694c7bf"} 
[2026-08-18 21:21:13] testing.INFO: test.published {"audit_id":"01m0ar85gzf56z03bfa36k8cwd","actor_id":"01m0ar85g57ca3cfxpmkkp0y9f","target":"Test:01m0ar85g9t2q811bw2a6ngjfv","request_id":"49f823f5-b788-4902-ad37-4200d4b5b2c6"} 
[2026-08-18 21:21:13] testing.INFO: payment.submitted {"audit_id":"01m0ar868kre2gdjc7zn5j4xwy","actor_id":"01m0ar867w6q1rqd77jwg2dpc6","target":"Payment:01m0ar868jbfah4n4tmhn2bnjd","request_id":"cafa6c91-5aea-44c7-b6a6-a03b0b5d7b27"} 
[2026-08-18 21:21:14] testing.INFO: payment.approved_at_capture {"audit_id":"01m0ar86e74y1beq7ts9ra4vwj","actor_id":"01m0ar867w6q1rqd77jwg2dpc6","target":"Payment:01m0ar868jbfah4n4tmhn2bnjd","request_id":"cafa6c91-5aea-44c7-b6a6-a03b0b5d7b27"} 
[2026-08-18 21:21:14] testing.INFO: payment.submitted {"audit_id":"01m0ar86k20qch2nebb7q4xf8z","actor_id":"01m0ar86j5qft67q8sdk6q7fgm","target":"Payment:01m0ar86k0fpqetpxs6t1wv3d9","request_id":"6e7eceb6-90d9-442e-bacc-63e48d8883e2"} 
[2026-08-18 21:21:14] testing.INFO: payment.approved_at_capture {"audit_id":"01m0ar86sbynpegwv9qwmnvk4x","actor_id":"01m0ar86j5qft67q8sdk6q7fgm","target":"Payment:01m0ar86k0fpqetpxs6t1wv3d9","request_id":"6e7eceb6-90d9-442e-bacc-63e48d8883e2"} 
[2026-08-18 21:21:14] testing.INFO: payment.submitted {"audit_id":"01m0ar86szmyckzg287v3dz3pa","actor_id":"01m0ar86j5qft67q8sdk6q7fgm","target":"Payment:01m0ar86sytk5ve99e5y8cr0r2","request_id":"b2b9472c-2d48-47e5-a2ec-7c2e180c5e55"} 
[2026-08-18 21:21:14] testing.INFO: payment.approved {"audit_id":"01m0ar8703786tmcvycafmfjk2","actor_id":"01m0ar86j8rkh98s0tqsm978cc","target":"Payment:01m0ar86sytk5ve99e5y8cr0r2","request_id":"3d7424f6-bfc5-4bcd-9dcf-af967e4e5124"} 
[2026-08-18 21:21:15] testing.INFO: recording.deleted {"audit_id":"01m0ar87z53xcdm1cqad9xmjwy","actor_id":"01m0ar87yp9sbz7ta9rtz3fdsa","target":"Recording:01m0ar87yr38vx79t888s81cqk","request_id":"6a67d907-7405-4d12-8415-8e8ccfcd2d7d"} 
[2026-08-18 21:25:48] testing.INFO: payment.approved {"audit_id":"01m0argjhphdawt52m9a3r24mk","actor_id":"01m0argj5qcxxmbyb73gj0w77k","target":"Payment:01m0argj5xdy90ejgyq2ydv3ca","request_id":"472e80a5-b270-4d05-9ed0-bce938073ec6"} 
[2026-08-18 21:26:04] testing.INFO: payment.approved {"audit_id":"01m0arh1y9e6mn4cfz6d4rnsjc","actor_id":"01m0arh1nnb9kyq01atwbn87aa","target":"Payment:01m0arh1nv675ngr68f429xjkv","request_id":"19c10c4e-cebc-49a5-8fef-2344f51138d6"} 
[2026-08-18 21:26:17] testing.INFO: payment.approved {"audit_id":"01m0arhf11zh7hkvvypy81g3qv","actor_id":"01m0arher4dtdr2tnq04b7j7dm","target":"Payment:01m0arher94cgzw4ajpcetdsgc","request_id":"2c18ecf1-8afc-4e98-92b5-4171d3fee407"} 
[2026-08-18 21:26:30] testing.INFO: settings.updated {"audit_id":"01m0arhvyhpksg4s9100esqyxr","actor_id":"01m0arhvx4rw3m8sbfx3tr387s","target":":","request_id":"b6299703-847b-4482-a65b-5ec7a7d5e9ab"} 
[2026-08-18 21:26:31] testing.INFO: settings.updated {"audit_id":"01m0arhw69jfmydkwx5vsqydj2","actor_id":"01m0arhw60qndp5y9s4kd8y3rm","target":":","request_id":"a3a62b28-c658-44ea-b002-0dc9b0dd32cd"} 
[2026-08-18 21:26:31] testing.INFO: role.updated {"audit_id":"01m0arhwcw14a7g132f02b3xcy","actor_id":"01m0arhwchns04c0f6v2q6kzcw","target":"Role:01m0arhwax805xfe1r0m6jxtjh","request_id":"f4ebe78b-5997-4be4-9653-102293ec5ac9"} 
[2026-08-18 21:26:31] testing.INFO: settings.payment_method_qr_updated {"audit_id":"01m0arhwh448v60bjxjf6dge8k","actor_id":"01m0arhwfyy35exf096xgka9gz","target":"PaymentMethod:01m0arhwfk76nkbnb6eb01eben","request_id":"dadab6ed-2d19-48eb-a95f-2d39857e515e"} 
[2026-08-18 21:26:31] testing.INFO: settings.payment_method_qr_removed {"audit_id":"01m0arhwhentqd5s3kcsedsf03","actor_id":"01m0arhwfyy35exf096xgka9gz","target":"PaymentMethod:01m0arhwfk76nkbnb6eb01eben","request_id":"fb9ca285-f310-4fc2-b9a3-311ebd25cf30"} 
[2026-08-18 21:26:31] testing.INFO: settings.updated {"audit_id":"01m0arhwqw0285cp46aycr16ev","actor_id":"01m0arhwqjefkaehy6ngfd0adq","target":":","request_id":"c0f6a42a-1617-4824-8d88-be09ab43647a"} 
[2026-08-18 21:26:31] testing.INFO: faq.created {"audit_id":"01m0arhwvpcrt9qpzm6nebezh4","actor_id":"01m0arhwva00me9jhw11kbjha1","target":"Faq:01m0arhwvngr1gp1567cj4w85z","request_id":"1d7efe2c-4270-47d9-8075-e5acafc43b6d"} 
[2026-08-18 21:26:31] testing.INFO: faq.updated {"audit_id":"01m0arhwvxgw0mqhgy83a7pce2","actor_id":"01m0arhwva00me9jhw11kbjha1","target":"Faq:01m0arhwvngr1gp1567cj4w85z","request_id":"31a87eae-e613-4d99-9065-700b6edb54d6"} 
[2026-08-18 21:26:31] testing.INFO: faq.deleted {"audit_id":"01m0arhwwjk0w5fn24b7ynjbsd","actor_id":"01m0arhwva00me9jhw11kbjha1","target":"Faq:01m0arhwvngr1gp1567cj4w85z","request_id":"f0d1af49-fea3-4b28-9c14-0b22d37f0d1e"} 
[2026-08-18 21:26:32] testing.INFO: attempt.started {"audit_id":"01m0arhx6aak6r3nzr84m7xerd","actor_id":"01m0arhx5sb1zg3v9pfr4c2c0h","target":"TestAttempt:01m0arhx69tw0t02183xsd6wgh","request_id":"552758b5-0979-413a-b85b-9bea785688b3"} 
[2026-08-18 21:26:32] testing.INFO: attempt.started {"audit_id":"01m0arhxd7evqxsd3h42etm217","actor_id":"01m0arhxcvtexrkkec2026pw78","target":"TestAttempt:01m0arhxd6by04b27wk8e9crs9","request_id":"4114866f-e447-4fd3-bbc9-427c22477975"} 
[2026-08-18 21:26:32] testing.INFO: attempt.started {"audit_id":"01m0arhxdfvf1wmckg018199c6","actor_id":"01m0arhxcvtexrkkec2026pw78","target":"TestAttempt:01m0arhxd6by04b27wk8e9crs9","request_id":"0dc1514d-418e-4f08-90eb-fc95641e0aab"} 
[2026-08-18 21:26:32] testing.INFO: attempt.started {"audit_id":"01m0arhxgrre7mvwbnmaj7s7sb","actor_id":"01m0arhxgc6qm9hr57ct7kjcqy","target":"TestAttempt:01m0arhxgqtk8cn8677z2yc95q","request_id":"fdd3e92e-2a0b-4479-b011-43221f15749a"} 
[2026-08-18 21:26:32] testing.INFO: attempt.started {"audit_id":"01m0arhxmkm61ck27r568qacsy","actor_id":"01m0arhxm7w53nst1029kdhze1","target":"TestAttempt:01m0arhxmjqf561v3m5bnfgvkk","request_id":"1b52cef3-5876-4509-b797-e1de21a779c9"} 
[2026-08-18 21:26:32] testing.INFO: attempt.submitted {"audit_id":"01m0arhxn4238s3ak1w7gtjfwd","actor_id":"01m0arhxm7w53nst1029kdhze1","target":"TestAttempt:01m0arhxmjqf561v3m5bnfgvkk","request_id":"b6f44952-f71c-4e62-99fe-2b3ab9f6e76d"} 
[2026-08-18 21:26:32] testing.INFO: auth.logged_in {"audit_id":"01m0arhxvtpstg14bmwjce67ab","actor_id":"01m0arhxv8e9cbbdyrdjx3amz3","target":"User:01m0arhxv8e9cbbdyrdjx3amz3","request_id":"6be8288e-16c0-4b57-af95-695d44f9d116"} 
[2026-08-18 21:26:32] testing.INFO: auth.logged_out {"audit_id":"01m0arhxwdpdxehbffe0knfkfg","actor_id":"01m0arhxv8e9cbbdyrdjx3amz3","target":"User:01m0arhxv8e9cbbdyrdjx3amz3","request_id":"09aaaf3b-d613-4a02-a319-89ca794d336e"} 
[2026-08-18 21:26:32] testing.INFO: auth.logged_in {"audit_id":"01m0arhxwj9rram7n9qfsga575","actor_id":"01m0arhxv8e9cbbdyrdjx3amz3","target":"User:01m0arhxv8e9cbbdyrdjx3amz3","request_id":"90a5a828-dac5-4034-a44c-4624a3622562"} 
[2026-08-18 21:26:33] testing.INFO: auth.account_locked {"audit_id":"01m0arhy4d8g9p6af3r97p7hah","actor_id":"01m0arhy3q28eam8gxf33hf4ka","target":"User:01m0arhy3q28eam8gxf33hf4ka","request_id":"201372b9-84b5-4d4a-b257-179c7ddcd3e8"} 
[2026-08-18 21:26:33] testing.INFO: auth.password_changed {"audit_id":"01m0arhy8ta33xgmj1sq4tazcf","actor_id":"01m0arhy874k2mb6hcjm0jwaqq","target":"User:01m0arhy874k2mb6hcjm0jwaqq","request_id":"a943bd4c-81b0-43e0-bb89-c3b1d767a6ab"} 
[2026-08-18 21:26:33] testing.INFO: account.profile_updated {"audit_id":"01m0arhyc6177er1y82jmwd01h","actor_id":"01m0arhyby7z4zb5sh4gq86v3k","target":"User:01m0arhyby7z4zb5sh4gq86v3k","request_id":"d525b91b-4252-4c24-aebf-4bbb1876ae70"} 
[2026-08-18 21:26:33] testing.INFO: course.updated {"audit_id":"01m0arhyk07yee854kyjsqspvf","actor_id":"01m0arhyjfryf929zpf7pcavcj","target":"Course:01m0arhyjhcmnrgv7z8gky8cjp","request_id":"a303c412-7cab-4044-b32e-78062f736eaa"} 
[2026-08-18 21:26:33] testing.INFO: course.updated {"audit_id":"01m0arhyqk21jxf061p9n536k4","actor_id":"01m0arhyq20xg100hr9k3t0ba0","target":"Course:01m0arhyq4vsrav4ntbgm047xp","request_id":"5bb15137-5063-419c-9771-998685276b4f"} 
[2026-08-18 21:26:33] testing.INFO: course.thumbnail_updated {"audit_id":"01m0arhyvf79fq1b8975vw9rq7","actor_id":"01m0arhytt79qh95e7cnmtdzx7","target":"Course:01m0arhytvf1qyszqbyr02rbmr","request_id":"756ef55c-c3ec-499a-bd71-fde5610b7b14"} 
[2026-08-18 21:26:33] testing.INFO: course.thumbnail_updated {"audit_id":"01m0arhyvyk797er2kvvafsrr8","actor_id":"01m0arhytt79qh95e7cnmtdzx7","target":"Course:01m0arhytvf1qyszqbyr02rbmr","request_id":"90e70d77-d252-4ac4-a34c-49d6a1354dec"} 
[2026-08-18 21:26:34] testing.INFO: course.thumbnail_updated {"audit_id":"01m0arhyztnttvxa6hg15spz2z","actor_id":"01m0arhyyz9nt4wt5qc50vga4g","target":"Course:01m0arhyz1c0r071ckc31z7bxt","request_id":"7e431731-4be5-4ca6-afe0-72dbad462544"} 
[2026-08-18 21:26:34] testing.INFO: course.thumbnail_removed {"audit_id":"01m0arhz02x8j0ax2qv38nk8kh","actor_id":"01m0arhyyz9nt4wt5qc50vga4g","target":"Course:01m0arhyz1c0r071ckc31z7bxt","request_id":"7ca9ca3f-9984-4225-ba8f-f4d1cc6b9d27"} 
[2026-08-18 21:26:34] testing.INFO: course.thumbnail_updated {"audit_id":"01m0arhz3fg432p2pkv3fskb00","actor_id":"01m0arhz2zkz4g2xdvk4cb67qv","target":"Course:01m0arhz31f7fkdyxc2eavak61","request_id":"289e7899-1b45-4edd-9e56-a9a307d61775"} 
[2026-08-18 21:26:34] testing.INFO: payment.approved {"audit_id":"01m0arhznggp0hz71s0j8mfhwk","actor_id":"01m0arhzd706dzkgr2xv9bbdzp","target":"Payment:01m0arhzdcmq4vwj3e00hv31ty","request_id":"f7a84db1-7a39-487a-ada1-8eac31856622"} 
[2026-08-18 21:26:34] testing.INFO: auth.logged_in {"audit_id":"01m0arhzwq15erf8ezgmnt30wj","actor_id":"01m0arhzwera9mznv00130jvz1","target":"User:01m0arhzwera9mznv00130jvz1","request_id":"45848a5c-b120-4af0-8389-8ce788c41964"} 
[2026-08-18 21:26:35] testing.INFO: auth.logged_out {"audit_id":"01m0arhzwy5zhmbnyp56896ks1","actor_id":"01m0arhzwera9mznv00130jvz1","target":"User:01m0arhzwera9mznv00130jvz1","request_id":"5d969e2d-e9c0-4370-8c2a-a6afc1c2d709"} 
[2026-08-18 21:26:35] testing.INFO: auth.logged_in {"audit_id":"01m0arhzx4nzcky0qrhd2d2jbt","actor_id":"01m0arhzwera9mznv00130jvz1","target":"User:01m0arhzwera9mznv00130jvz1","request_id":"50d17003-5cd3-4a33-9ba4-df3ddaab11bf"} 
[2026-08-18 21:26:35] testing.INFO: auth.logged_in {"audit_id":"01m0arj00aakwrqy313x39dewg","actor_id":"01m0arj00389mkfnm7chrncbzr","target":"User:01m0arj00389mkfnm7chrncbzr","request_id":"05b88174-63ad-4acb-a8dc-02470efdbd8f"} 
[2026-08-18 21:26:35] testing.INFO: user.devices_reset {"audit_id":"01m0arj03rwd27g7ms7vcwe81v","actor_id":"01m0arj038mv3zrfb286zv492p","target":"User:01m0arj03ae0ftkhpm3s0xr2fg","request_id":"b27217d3-b490-4736-b796-f33d10097441"} 
[2026-08-18 21:26:35] testing.INFO: enrollment_request.approved {"audit_id":"01m0arj07m8047kjhqjwtzys54","actor_id":"01m0arj06y99nqym7878n8p36p","target":"EnrollmentRequest:01m0arj071f3j259f8esb9ja5m","request_id":"daece43f-9b15-4ffa-b011-428b9343d374"} 
[2026-08-18 21:26:35] testing.INFO: enrollment_request.approved {"audit_id":"01m0arj0eekx72nhedh6zg445n","actor_id":"01m0arj0e1v6z621qkbatqwg5f","target":"EnrollmentRequest:01m0arj0e2tbkmy69zep6n2erq","request_id":"8826b6cb-71ac-4dd7-a79d-2d0f022b22af"} 
[2026-08-18 21:26:35] testing.INFO: enrollment_request.rejected {"audit_id":"01m0arj0ht2d9w84n1d283h8n3","actor_id":"01m0arj0he2gnw2s5762r1nypb","target":"EnrollmentRequest:01m0arj0hgcsvwcqym68bmgvsn","request_id":"db33030e-3c6c-450c-a3a2-10a886308ec0"} 
[2026-08-18 21:26:36] testing.INFO: settings.updated {"audit_id":"01m0arj0y573tzbff18e1jj7by","actor_id":"01m0arj0xwadz34dtbec5s3jzk","target":":","request_id":"875bc71f-d4ea-491f-a038-0fb9df29f3f6"} 
[2026-08-18 21:26:36] testing.INFO: settings.updated {"audit_id":"01m0arj11gmn2fwwp7bqpfnskh","actor_id":"01m0arj1160vnxw164axaag1q2","target":":","request_id":"45df7e7e-15ac-40ff-be2a-3043cc907261"} 
[2026-08-18 21:26:36] testing.INFO: settings.updated {"audit_id":"01m0arj11s1m9knrvdxa233rdm","actor_id":"01m0arj1160vnxw164axaag1q2","target":":","request_id":"9fcf9c1d-bcdb-4447-8631-57ff8734ac98"} 
[2026-08-18 21:26:36] testing.INFO: payment.approved {"audit_id":"01m0arj1q5azgzt46rf8yx0141","actor_id":"01m0arj1h8vzyxfn7zre09pdfy","target":"Payment:01m0arj1h95rn139dgf13hpknm","request_id":"1c238058-a093-49cd-9e5a-1ea7d75b0738"} 
[2026-08-18 21:26:37] testing.INFO: payment.approved {"audit_id":"01m0arj206ymzadta03sa15kfm","actor_id":"01m0arj1t74by2500npx3q6bdf","target":"Payment:01m0arj1t9a6kq0xpwh7e9gxcb","request_id":"682f43fe-62d2-49ae-9872-a82a8b2d3d0a"} 
[2026-08-18 21:26:37] testing.INFO: payment.approved {"audit_id":"01m0arj2dc96sce2tgk95str31","actor_id":"01m0arj27r6yhc4dkd8j4gmehm","target":"Payment:01m0arj27tntaq6btbfr1yrgzq","request_id":"ea3cfa5c-43c1-4738-a660-e4c70eebd2fa"} 
[2026-08-18 21:26:37] testing.INFO: payment.rejected {"audit_id":"01m0arj2h104qkjgqrbhdzy3me","actor_id":"01m0arj2gmnv02cbh16az9n4cc","target":"Payment:01m0arj2gp9a3eba4pdm7dr6w6","request_id":"5f9ad8fa-9ef7-43ae-9c9a-072a9f09c952"} 
[2026-08-18 21:26:38] testing.INFO: refund.recorded {"audit_id":"01m0arj2vbw4zecq2k562cp9fn","actor_id":"01m0arj2tjv2yd8939mt4rg5v9","target":"Refund:01m0arj2vagfr4pxj6j7bbb75p","request_id":"5a539763-7366-4b57-a9a2-dd3fbbad1169"} 
[2026-08-18 21:26:38] testing.INFO: refund.processed {"audit_id":"01m0arj2vvcx1875y0w9te6ydz","actor_id":"01m0arj2tn7bd9ymneecg4h9t6","target":"Refund:01m0arj2vagfr4pxj6j7bbb75p","request_id":"fd541512-f6ee-473f-b087-ea4269564a9d"} 
[2026-08-18 21:26:39] testing.INFO: user.suspend {"audit_id":"01m0arj4fzxgfdtmc8s32jsk3x","actor_id":"01m0arj4f7tezhtq11gzwgk2rr","target":"User:01m0arj4fb7jde089s9hzhh5hx","request_id":"cf0e9299-60b0-4567-b76c-ec47f8250f3a"} 
[2026-08-18 21:26:39] testing.INFO: user.archived {"audit_id":"01m0arj4kxfhfskvn7prqd70b7","actor_id":"01m0arj4jzzddhqjc852xths8y","target":"User:01m0arj4k6ay3681c6wrtsvd73","request_id":"80d30aa1-5dc0-4e63-99dc-1ed9e44d18b0"} 
[2026-08-18 21:26:39] testing.INFO: user.archived {"audit_id":"01m0arj4q63796y1764d4xyj7y","actor_id":"01m0arj4q0pxbw29a89t0ek7kh","target":"User:01m0arj4pqtwrv3eafm67pcwjk","request_id":"9fa5ea82-6627-4f62-86b6-f17879cdb750"} 
[2026-08-18 21:26:40] testing.INFO: user.updated {"audit_id":"01m0arj4t9ah41wg04aebkntyq","actor_id":"01m0arj4szcetf11mee67fxy6n","target":"User:01m0arj4t15gg29dr12bna336w","request_id":"56301a6e-b1fb-452d-9724-decc8c5b6e18"} 
[2026-08-18 21:26:40] testing.INFO: test.published {"audit_id":"01m0arj58sdjckyepphs031d8w","actor_id":"01m0arj57z1dyhsb20jjr5tbkm","target":"Test:01m0arj582xtahvj2jnspq050p","request_id":"21375acc-4c7c-4e8a-971f-3fb0f61a471d"} 
[2026-08-18 21:26:41] testing.INFO: payment.submitted {"audit_id":"01m0arj6044pw11b9yaefjcnph","actor_id":"01m0arj5z9v9zwxyby53akp1nd","target":"Payment:01m0arj6035br160q66wz12jgn","request_id":"7a071605-5cdd-47ec-8b93-13c591292a74"} 
[2026-08-18 21:26:41] testing.INFO: payment.approved_at_capture {"audit_id":"01m0arj65vecgwcy22934kqtsn","actor_id":"01m0arj5z9v9zwxyby53akp1nd","target":"Payment:01m0arj6035br160q66wz12jgn","request_id":"7a071605-5cdd-47ec-8b93-13c591292a74"} 
[2026-08-18 21:26:41] testing.INFO: payment.submitted {"audit_id":"01m0arj6a42wjmkbvf76hw305v","actor_id":"01m0arj69cqz5hfn5cq9qzdzc6","target":"Payment:01m0arj6a3a0pe25py34qz07wt","request_id":"e2b31c8c-2d80-4935-8508-4cbc4f8e2e20"} 
[2026-08-18 21:26:41] testing.INFO: payment.approved_at_capture {"audit_id":"01m0arj6gbwqj2ep1d7962p3v6","actor_id":"01m0arj69cqz5hfn5cq9qzdzc6","target":"Payment:01m0arj6a3a0pe25py34qz07wt","request_id":"e2b31c8c-2d80-4935-8508-4cbc4f8e2e20"} 
[2026-08-18 21:26:41] testing.INFO: payment.submitted {"audit_id":"01m0arj6h7e4nfq4deekkx6cpv","actor_id":"01m0arj69cqz5hfn5cq9qzdzc6","target":"Payment:01m0arj6h6xghm7tkhvg7rdvfa","request_id":"898e8e66-94ce-4a7f-8cb3-41f9904c9809"} 
[2026-08-18 21:26:41] testing.INFO: payment.approved {"audit_id":"01m0arj6q7qm1pq7va8jcvqs7h","actor_id":"01m0arj69e5g6mxz30xkgxqkn3","target":"Payment:01m0arj6h6xghm7tkhvg7rdvfa","request_id":"24a697bf-7f0e-41ef-ac65-85a955502843"} 
[2026-08-18 21:26:43] testing.INFO: recording.deleted {"audit_id":"01m0arj7r5sg4t6wnr9mm6zp6k","actor_id":"01m0arj7pnxwgkkgax291r7zgc","target":"Recording:01m0arj7prv2ydd5a3at88jdr3","request_id":"6c88febb-5c9e-4bf8-855b-877eb0894f1b"} 
[2026-08-18 21:30:50] local.INFO: auth.logged_out {"audit_id":"01m0arss1p2xzej467p1b58af2","actor_id":"01m09q7kvqfnm27cyeyww19n7h","target":"User:01m09q7kvqfnm27cyeyww19n7h","request_id":"b9ce6b91-0b89-4253-8665-f5b0e806a387"} 
[2026-08-18 21:46:46] testing.INFO: settings.updated {"audit_id":"01m0aspysrffw8asya38mdp8ya","actor_id":"01m0aspygm63w9tq0y3bqrq678","target":":","request_id":"abb26c4b-ee69-4f70-a143-ba8a566b0380"} 
[2026-08-18 21:46:47] testing.INFO: settings.updated {"audit_id":"01m0aspzrbm6rbjy097zyet2m3","actor_id":"01m0aspzr3p1dgkw2gnmsq9eqg","target":":","request_id":"c49b76c7-9765-4617-9679-63cd6bf3c2a7"} 
[2026-08-18 21:46:47] testing.INFO: role.updated {"audit_id":"01m0aspzzb9p9xd8kmwggr50vx","actor_id":"01m0aspzyx434fdjehfz9djf4b","target":"Role:01m0aspzwz9w9k6813jm32tf65","request_id":"a4f46df7-02c1-4d6c-ba6b-a263675795f7"} 
[2026-08-18 21:46:48] testing.INFO: settings.payment_method_qr_updated {"audit_id":"01m0asq11ebqvjwng4bz04mr00","actor_id":"01m0asq0r7sxtrbfqb8pzfz8xs","target":"PaymentMethod:01m0asq02xfy5sghwj05zssyrn","request_id":"a466938b-0b16-4e37-a1ed-b7b931006a01"} 
[2026-08-18 21:46:48] testing.INFO: settings.payment_method_qr_removed {"audit_id":"01m0asq11vwc6njkyhdsds25rq","actor_id":"01m0asq0r7sxtrbfqb8pzfz8xs","target":"PaymentMethod:01m0asq02xfy5sghwj05zssyrn","request_id":"3b8a392f-dc84-46fc-affb-06dd6351d793"} 
[2026-08-18 21:46:48] testing.INFO: settings.updated {"audit_id":"01m0asq1awk3dcwevxtm8kvrh4","actor_id":"01m0asq19q07j7yjyaese03z4p","target":":","request_id":"fd27dcbf-df95-4606-bcc0-42a20b7fb718"} 
[2026-08-18 21:46:49] testing.INFO: faq.created {"audit_id":"01m0asq1f16p3s9yt5n5zd5d9f","actor_id":"01m0asq1envpv5gsf45jschc93","target":"Faq:01m0asq1f0b79rcg54nzf3gg6z","request_id":"020d06f8-ebb1-4b55-bc32-6d5c8b808c87"} 
[2026-08-18 21:46:49] testing.INFO: faq.updated {"audit_id":"01m0asq1facmz5ps6rrqsgy170","actor_id":"01m0asq1envpv5gsf45jschc93","target":"Faq:01m0asq1f0b79rcg54nzf3gg6z","request_id":"f6072bf4-52b1-426f-8807-a477a66d9a29"} 
[2026-08-18 21:46:49] testing.INFO: faq.deleted {"audit_id":"01m0asq1fqfk680s00cc7rwdtx","actor_id":"01m0asq1envpv5gsf45jschc93","target":"Faq:01m0asq1f0b79rcg54nzf3gg6z","request_id":"5967a642-511f-4d34-b1e5-6b3891e3bcba"} 
[2026-08-18 21:46:49] testing.INFO: attempt.started {"audit_id":"01m0asq1xy3rsdgmdbvagrha8p","actor_id":"01m0asq1vv4t47bgp4wzfsb3an","target":"TestAttempt:01m0asq1xx1c50d3phe76n9vae","request_id":"04ae426e-0d19-475b-941a-05b7c6865087"} 
[2026-08-18 21:46:49] testing.INFO: attempt.started {"audit_id":"01m0asq265t4x5r9znrgezq94z","actor_id":"01m0asq25nfpt4fwzcfsqkz3km","target":"TestAttempt:01m0asq263fdth4vredmgn68j6","request_id":"edc88964-8a85-4840-9b35-a27f03f097fb"} 
[2026-08-18 21:46:49] testing.INFO: attempt.started {"audit_id":"01m0asq26envnht9n83dg77sdx","actor_id":"01m0asq25nfpt4fwzcfsqkz3km","target":"TestAttempt:01m0asq263fdth4vredmgn68j6","request_id":"82909617-fdcc-4741-a9d3-1daa6b8f8676"} 
[2026-08-18 21:46:49] testing.INFO: attempt.started {"audit_id":"01m0asq29v5n5t4a1ydxqfjygr","actor_id":"01m0asq29fv6x2qxsayn2e1zxg","target":"TestAttempt:01m0asq29t5adxaf2qwx5ptheb","request_id":"576ad546-220a-4443-84f4-b4bf703881d0"} 
[2026-08-18 21:46:50] testing.INFO: attempt.started {"audit_id":"01m0asq2dqjqc1qqqez7ge488x","actor_id":"01m0asq2dbt9zpjycbtyxdccrs","target":"TestAttempt:01m0asq2dpwrwq4jj82hhzh5er","request_id":"ee2004d3-397c-4d82-b637-5d452b14371f"} 
[2026-08-18 21:46:50] testing.INFO: attempt.submitted {"audit_id":"01m0asq2e9nnb2y3yns1err942","actor_id":"01m0asq2dbt9zpjycbtyxdccrs","target":"TestAttempt:01m0asq2dpwrwq4jj82hhzh5er","request_id":"7c32c426-5e97-4954-ac35-35696a37bbcb"} 
[2026-08-18 21:46:50] testing.INFO: auth.logged_in {"audit_id":"01m0asq2ny5ghrkjt84069qff8","actor_id":"01m0asq2mg4rqc8f20mge63she","target":"User:01m0asq2mg4rqc8f20mge63she","request_id":"49b14072-81f0-4736-977e-34c0da78ee13"} 
[2026-08-18 21:46:50] testing.INFO: auth.logged_out {"audit_id":"01m0asq2r6fkr6a9xs49kjx2c2","actor_id":"01m0asq2mg4rqc8f20mge63she","target":"User:01m0asq2mg4rqc8f20mge63she","request_id":"35f21932-6608-4537-a674-416731f18692"} 
[2026-08-18 21:46:50] testing.INFO: auth.logged_in {"audit_id":"01m0asq2razdy8kt17y473esh9","actor_id":"01m0asq2mg4rqc8f20mge63she","target":"User:01m0asq2mg4rqc8f20mge63she","request_id":"83bd0c8a-f9ff-42e1-92dd-446e5632f6b0"} 
[2026-08-18 21:46:50] testing.INFO: auth.account_locked {"audit_id":"01m0asq2yv90yh5ycy6dvwwmmt","actor_id":"01m0asq2y5v95dwtzbfp179k8h","target":"User:01m0asq2y5v95dwtzbfp179k8h","request_id":"b2c5d0ea-1185-47aa-8224-abcd7ea43b15"} 
[2026-08-18 21:46:50] testing.INFO: auth.password_changed {"audit_id":"01m0asq32zn3rdt3tbt565kh9f","actor_id":"01m0asq32fxgw23f0esv705hs4","target":"User:01m0asq32fxgw23f0esv705hs4","request_id":"ba9f589d-c92c-4e29-a19a-5f3c47e335c2"} 
[2026-08-18 21:46:50] testing.INFO: account.profile_updated {"audit_id":"01m0asq36964av8s23npcmxsp9","actor_id":"01m0asq361nvb548r9dbc6ej26","target":"User:01m0asq361nvb548r9dbc6ej26","request_id":"ccdad125-fd14-47e2-bdc0-10d842f1a20f"} 
[2026-08-18 21:46:51] testing.INFO: course.updated {"audit_id":"01m0asq3d212pbgpxj1j5kdyz5","actor_id":"01m0asq3ch1ph7hegdyeza1qye","target":"Course:01m0asq3ck6656y71zv6the5va","request_id":"e3715364-4867-4b38-a905-03be96088f28"} 
[2026-08-18 21:46:51] testing.INFO: course.updated {"audit_id":"01m0asq3ghvhs0zakajwp6aej2","actor_id":"01m0asq3g5fxyxc6q9vwdaz1j9","target":"Course:01m0asq3g69whc39jy6yxc550a","request_id":"35d1f68f-51f9-4ceb-81d8-1fb5fe55d8d6"} 
[2026-08-18 21:46:51] testing.INFO: course.thumbnail_updated {"audit_id":"01m0asq3m83bzd3de9nfmqrzma","actor_id":"01m0asq3kgmmkhyk1mme8xey1c","target":"Course:01m0asq3khmm2jta0smemrb56q","request_id":"bd5d011a-67a4-4c2d-b746-521faace8bf9"} 
[2026-08-18 21:46:51] testing.INFO: course.thumbnail_updated {"audit_id":"01m0asq3mpc41wj18dnppbwtaz","actor_id":"01m0asq3kgmmkhyk1mme8xey1c","target":"Course:01m0asq3khmm2jta0smemrb56q","request_id":"2c64f6df-8203-48dc-a541-f5f36f99b6b7"} 
[2026-08-18 21:46:51] testing.INFO: course.thumbnail_updated {"audit_id":"01m0asq3rjw99781rs8z6bz58f","actor_id":"01m0asq3qn94g4vevqb6cepxbz","target":"Course:01m0asq3qqeb7rkw30ejhfwyyz","request_id":"d3249a51-2858-4843-87b2-a168169832d3"} 
[2026-08-18 21:46:51] testing.INFO: course.thumbnail_removed {"audit_id":"01m0asq3rv26263pcncyy803vd","actor_id":"01m0asq3qn94g4vevqb6cepxbz","target":"Course:01m0asq3qqeb7rkw30ejhfwyyz","request_id":"5eea3cfd-9280-400c-94d4-a3242e5b1b1f"} 
[2026-08-18 21:46:51] testing.INFO: course.thumbnail_updated {"audit_id":"01m0asq3wd581jw7bt0tqqc5kj","actor_id":"01m0asq3vwavamctr80naq1h9p","target":"Course:01m0asq3vyjnecze6aa0cpr2vc","request_id":"7781923e-5848-4576-8c32-246eb2d4c523"} 
[2026-08-18 21:46:55] testing.INFO: payment.approved {"audit_id":"01m0asq7d2z5mmqfe5nnkx31fv","actor_id":"01m0asq47p1x6ef30y5svd5712","target":"Payment:01m0asq47wzef0rzcbtv72810j","request_id":"5465be13-d2c1-4eed-9c16-c3708e060a5d"} 
[2026-08-18 21:46:55] testing.INFO: auth.logged_in {"audit_id":"01m0asq7mpckqxff157y3qhgtm","actor_id":"01m0asq7mcve7m6kbh0r95m9gy","target":"User:01m0asq7mcve7m6kbh0r95m9gy","request_id":"065fad57-5404-4b03-8de1-f424110afea8"} 
[2026-08-18 21:46:55] testing.INFO: auth.logged_out {"audit_id":"01m0asq7mx5pxsngsvg0zbpx3h","actor_id":"01m0asq7mcve7m6kbh0r95m9gy","target":"User:01m0asq7mcve7m6kbh0r95m9gy","request_id":"e02ce2e0-ece6-41aa-9d92-15cbd4939f39"} 
[2026-08-18 21:46:55] testing.INFO: auth.logged_in {"audit_id":"01m0asq7n4pzz9jdk4hr7jh5cr","actor_id":"01m0asq7mcve7m6kbh0r95m9gy","target":"User:01m0asq7mcve7m6kbh0r95m9gy","request_id":"4fd6080e-3c03-4d08-abcb-1cf591bc84ae"} 
[2026-08-18 21:46:55] testing.INFO: auth.logged_in {"audit_id":"01m0asq7rc0gv1zv8ywzf355vb","actor_id":"01m0asq7r3gcebqs0f6v2fj5d1","target":"User:01m0asq7r3gcebqs0f6v2fj5d1","request_id":"1ec8d033-3cda-4b47-923f-94374bc5cf7b"} 
[2026-08-18 21:46:55] testing.INFO: user.devices_reset {"audit_id":"01m0asq7vw13h3kjw6r0yb2a5y","actor_id":"01m0asq7vda4rgprwsz7b3zsd1","target":"User:01m0asq7vf5kqqk0ac8wtyezfz","request_id":"5ce0d099-37ed-4637-871e-ec7c547257a6"} 
[2026-08-18 21:46:55] testing.INFO: enrollment_request.approved {"audit_id":"01m0asq803csb6hm6v2rzhnx1d","actor_id":"01m0asq7z9c9x7z8a6pq810q8f","target":"EnrollmentRequest:01m0asq7zearsrtayd05c4shzy","request_id":"6de0416b-bead-42d1-b5af-3042fe07e4eb"} 
[2026-08-18 21:46:55] testing.INFO: enrollment_request.approved {"audit_id":"01m0asq872qx0sx3p2pbfz41b1","actor_id":"01m0asq86pyq560e9p179bhmav","target":"EnrollmentRequest:01m0asq86rswdytkrb24j0xzqs","request_id":"e2c75915-def0-4056-9791-31bdcca981ee"} 
[2026-08-18 21:46:56] testing.INFO: enrollment_request.rejected {"audit_id":"01m0asq8abt616fryh6jh8ze4k","actor_id":"01m0asq8a1e7mg5z5rxwr8bppc","target":"EnrollmentRequest:01m0asq8a2fmrewez968dfqyx0","request_id":"c55fd88b-b5df-477d-b60b-704faa104990"} 
[2026-08-18 21:46:56] testing.INFO: settings.updated {"audit_id":"01m0asq8phksmz817s06kaxjqr","actor_id":"01m0asq8p7hpv51pjm8nm7f2j6","target":":","request_id":"85a545a6-1bc8-4fee-9e89-aad63763c5d6"} 
[2026-08-18 21:46:56] testing.INFO: settings.updated {"audit_id":"01m0asq8sz43tdckxkat9ct7yz","actor_id":"01m0asq8spenrmxcz6g01ecf65","target":":","request_id":"0f781c93-6b5a-439a-b995-2d9c2963a130"} 
[2026-08-18 21:46:56] testing.INFO: settings.updated {"audit_id":"01m0asq8t7aehdv66mmj9akhtn","actor_id":"01m0asq8spenrmxcz6g01ecf65","target":":","request_id":"9af502cb-b97d-4eb0-af4d-226b618396ca"} 
[2026-08-18 21:46:57] testing.INFO: payment.approved {"audit_id":"01m0asq9f9jvrnehx3jx4950wk","actor_id":"01m0asq99cz54v0x32r40ryyg4","target":"Payment:01m0asq99drgrd02ems5ktxjv5","request_id":"4e01b787-60bc-4a5f-99dc-b7812270f937"} 
[2026-08-18 21:46:57] testing.INFO: payment.approved {"audit_id":"01m0asq9r8c4988670t904zp1z","actor_id":"01m0asq9jan0gt7rmwfykvxtsb","target":"Payment:01m0asq9jcbjqqqvfxh157dtha","request_id":"76641750-a87d-4597-b7dd-2fb90d9311eb"} 
[2026-08-18 21:46:57] testing.INFO: payment.approved {"audit_id":"01m0asqa5nn6akn03sqmvbd02h","actor_id":"01m0asqa00vc2r2kr247915xan","target":"Payment:01m0asqa01n43xtaesp9rbsng2","request_id":"e095d01d-673f-4993-8f36-f5c34e42389b"} 
[2026-08-18 21:46:58] testing.INFO: payment.rejected {"audit_id":"01m0asqaafb9pq81azdnqmx5q9","actor_id":"01m0asqaa224sxd4eqt2hdq370","target":"Payment:01m0asqaa45g93pfsa32bm6jbh","request_id":"fb892af8-3a0e-4ffc-a4bc-a6ce1fbb5be0"} 
[2026-08-18 21:46:58] testing.INFO: refund.recorded {"audit_id":"01m0asqame0vm780mchme2xs7q","actor_id":"01m0asqakvjehb31zsg72w13yr","target":"Refund:01m0asqamdv7nz595sfqam6dt1","request_id":"29f06d7a-8bee-4c02-9414-56a00431ed51"} 
[2026-08-18 21:46:58] testing.INFO: refund.processed {"audit_id":"01m0asqamzycwgcxsmvz0a04xb","actor_id":"01m0asqakyk0rptbh5xev6b45g","target":"Refund:01m0asqamdv7nz595sfqam6dt1","request_id":"a1eee70e-0686-4ed5-9692-6e0aa098bee8"} 
[2026-08-18 21:47:00] testing.INFO: user.suspend {"audit_id":"01m0asqcbcf47mzqbzcnmrtc7p","actor_id":"01m0asqcamd7x93vppf0ptjqz8","target":"User:01m0asqcar7eqnxw5vxnjdz3wz","request_id":"2f86f632-bc2b-4dc4-adf4-d7d795b694e2"} 
[2026-08-18 21:47:00] testing.INFO: user.archived {"audit_id":"01m0asqcfk5v3480mzd3dmc1rb","actor_id":"01m0asqcep4ddak9swqz96e67r","target":"User:01m0asqcew5bgpb0z4gavwfjeg","request_id":"63275bca-c20c-446a-a9e7-bb162d24e864"} 
[2026-08-18 21:47:00] testing.INFO: user.archived {"audit_id":"01m0asqcjytv3bp7chg5t48adj","actor_id":"01m0asqcjrbrgp1z7th7b7j600","target":"User:01m0asqcjf8j9pq88rzne9fbh4","request_id":"f6c5af87-7a6b-4ef6-8f93-59c42a0b55ac"} 
[2026-08-18 21:47:00] testing.INFO: user.updated {"audit_id":"01m0asqcpctvyz8cqztrcc70w7","actor_id":"01m0asqcp2prye3dq2ctjq493w","target":"User:01m0asqcp4xm4afx8qkmcnyrwe","request_id":"4c9942da-2d6d-4e31-ae56-f694b39a5279"} 
[2026-08-18 21:47:00] testing.INFO: test.published {"audit_id":"01m0asqd54krr3mts98gbfjcvy","actor_id":"01m0asqd484n4zs1h28mp4r4h6","target":"Test:01m0asqd4csvxxwe3gsm5he41p","request_id":"0634247b-12b8-42f5-9292-38a3f380a479"} 
[2026-08-18 21:47:01] testing.INFO: payment.submitted {"audit_id":"01m0asqdydrkbcp8mrkxskh3dm","actor_id":"01m0asqdvzpn057z74zhkhgamg","target":"Payment:01m0asqdycxrd0jey5esnqv9ex","request_id":"b36fbde9-d019-49cb-8e90-bf94f4654d60"} 
[2026-08-18 21:47:01] testing.INFO: payment.approved_at_capture {"audit_id":"01m0asqe45e18c23k3kthz4j4s","actor_id":"01m0asqdvzpn057z74zhkhgamg","target":"Payment:01m0asqdycxrd0jey5esnqv9ex","request_id":"b36fbde9-d019-49cb-8e90-bf94f4654d60"} 
[2026-08-18 21:47:02] testing.INFO: payment.submitted {"audit_id":"01m0asqe8sa4jzq59hk5c2q11e","actor_id":"01m0asqe80b1x80ns9447fexcw","target":"Payment:01m0asqe8qe21qdbaya4yzjykw","request_id":"f8ec43c4-f9d1-44b4-8d4f-b5182826d3fb"} 
[2026-08-18 21:47:02] testing.INFO: payment.approved_at_capture {"audit_id":"01m0asqeejcs54r6kfcmxamta0","actor_id":"01m0asqe80b1x80ns9447fexcw","target":"Payment:01m0asqe8qe21qdbaya4yzjykw","request_id":"f8ec43c4-f9d1-44b4-8d4f-b5182826d3fb"} 
[2026-08-18 21:47:02] testing.INFO: payment.submitted {"audit_id":"01m0asqef7s8y904xfj741751w","actor_id":"01m0asqe80b1x80ns9447fexcw","target":"Payment:01m0asqef5ky2dssf0pqhkgb72","request_id":"a47b5b3f-fdb7-4882-a1dc-1e895b065fbb"} 
[2026-08-18 21:47:02] testing.INFO: payment.approved {"audit_id":"01m0asqenfgnvwbnw7cgw9sv3s","actor_id":"01m0asqe82wffdps907fgjs4k7","target":"Payment:01m0asqef5ky2dssf0pqhkgb72","request_id":"26b7368c-a262-4a76-8e6f-5795a606eb19"} 
[2026-08-18 21:47:03] testing.INFO: recording.deleted {"audit_id":"01m0asqfntxbnabp09d48xj403","actor_id":"01m0asqfnabyfnc4bdfds6jj2h","target":"Recording:01m0asqfncwj8aqx2sfr40x8x8","request_id":"2b4a32a5-3d6b-4ac3-8e30-310a79a8f835"} 
