[2026-08-20 08:32:35] local.INFO: auth.logged_in {"audit_id":"01m0eh26fa5sfapr0qw4ptpr9w","actor_id":"01m09q7v3xq02bgadbj9an0w3q","target":"User:01m09q7v3xq02bgadbj9an0w3q","request_id":"651d21fb-303c-4a3c-8ee0-d19c65919ef5"} 
[2026-08-20 08:37:31] local.INFO: auth.logged_in {"audit_id":"01m0ehb814sza05yy5jc7exy0k","actor_id":"01m09q7tnv5crbr4xt5e70pdcy","target":"User:01m09q7tnv5crbr4xt5e70pdcy","request_id":"852cfe66-ef09-431f-b890-2dd519400320"} 
[2026-08-20 08:38:53] local.INFO: course.created {"audit_id":"01m0ehdraw12wj6ae9cb3qqmr4","actor_id":"01m09q7tnv5crbr4xt5e70pdcy","target":"Course:01m0ehdraj63ghjv3vdkcp2gtf","request_id":"b4f3aa54-1141-4cd2-95fc-f2f2ab173791"} 
[2026-08-20 08:39:25] local.INFO: course.updated {"audit_id":"01m0eheq9n2yy4hh0t3hc0ydpm","actor_id":"01m09q7tnv5crbr4xt5e70pdcy","target":"Course:01m0ehdraj63ghjv3vdkcp2gtf","request_id":"17a83eb8-c031-40c7-8770-4cbbb27fd010"} 
[2026-08-20 08:40:56] local.INFO: auth.logged_out {"audit_id":"01m0ehhg3yjdpazep124dvgtkx","actor_id":"01m09q7tnv5crbr4xt5e70pdcy","target":"User:01m09q7tnv5crbr4xt5e70pdcy","request_id":"276faeb1-a157-40de-bf4b-359c2a733f5b"} 
[2026-08-20 08:42:04] local.INFO: auth.logged_in {"audit_id":"01m0ehkjcqgp2b0qjywpaqbvwk","actor_id":"01m09q7tnv5crbr4xt5e70pdcy","target":"User:01m09q7tnv5crbr4xt5e70pdcy","request_id":"d01c3848-f259-4501-9da1-a1f0bd3c9604"} 
[2026-08-20 08:44:41] local.INFO: auth.logged_out {"audit_id":"01m0ehrba75p7f3x6n4074g37c","actor_id":"01m09q7tnv5crbr4xt5e70pdcy","target":"User:01m09q7tnv5crbr4xt5e70pdcy","request_id":"975442e0-8f33-4380-9372-7ecc4463aa38"} 
[2026-08-20 08:44:52] local.INFO: auth.logged_in {"audit_id":"01m0ehrpx530zyv72jebadzx75","actor_id":"01m09q7twwana37bsa40edjnt8","target":"User:01m09q7twwana37bsa40edjnt8","request_id":"a9beb1c1-f1b7-40c0-bfc6-2f052d5633f7"} 
[2026-08-20 08:45:58] local.INFO: auth.logged_out {"audit_id":"01m0ehtphv02ptg26xns3by193","actor_id":"01m09q7twwana37bsa40edjnt8","target":"User:01m09q7twwana37bsa40edjnt8","request_id":"0d0c1516-e334-4d86-9e66-654bc50ad4a9"} 
[2026-08-20 08:46:09] local.INFO: auth.logged_in {"audit_id":"01m0ehv1rv0gz4bntg5wrj9cpe","actor_id":"01m09q7tnv5crbr4xt5e70pdcy","target":"User:01m09q7tnv5crbr4xt5e70pdcy","request_id":"e77ee282-188b-4665-afe6-41c562813f37"} 
[2026-08-20 08:47:33] local.INFO: course.created {"audit_id":"01m0ehxkgxrpjzd1htkfnq485c","actor_id":"01m09q7tnv5crbr4xt5e70pdcy","target":"Course:01m0ehxkgmh3b5r7n2jbck5f4f","request_id":"038b0c31-e3c3-4fdd-99ee-ca6651b01772"} 
[2026-08-20 08:50:57] local.INFO: auth.logged_out {"audit_id":"01m0ej3v7y6839jfzenbn808wz","actor_id":"01m09q7tnv5crbr4xt5e70pdcy","target":"User:01m09q7tnv5crbr4xt5e70pdcy","request_id":"fcaa8184-b4bf-4750-9fc3-1a0313792f58"} 
[2026-08-20 08:51:05] local.INFO: auth.logged_in {"audit_id":"01m0ej42yjp42xsw76mtj1552y","actor_id":"01m09q7kvqfnm27cyeyww19n7h","target":"User:01m09q7kvqfnm27cyeyww19n7h","request_id":"f0f0aa62-5863-42c8-abdc-770a96c4cdfb"} 
[2026-08-20 08:51:44] local.INFO: batch.created {"audit_id":"01m0ej58v5kdxd87n06ha2xrdh","actor_id":"01m09q7kvqfnm27cyeyww19n7h","target":"Batch:01m0ej58t0txxeq1c34tymyvy7","request_id":"4101c7d8-61ee-49d5-abe4-e1328b9b1725"} 
[2026-08-20 08:52:45] local.INFO: payment.submitted {"audit_id":"01m0ej74tc1b7hqcwjgfsqwxc7","actor_id":"01m09q7v3xq02bgadbj9an0w3q","target":"Payment:01m0ej74t10pjg9csy75wj4he6","request_id":"f49f3f18-5850-4787-beab-052c6895e39f"} 
[2026-08-20 08:53:02] local.INFO: payment.proof_viewed {"audit_id":"01m0ej7mrjb7ehpnsgh4fjfrw4","actor_id":"01m09q7kvqfnm27cyeyww19n7h","target":"Payment:01m0ej74t10pjg9csy75wj4he6","request_id":"c5dd8325-d9b6-473e-8af1-4f71e6091edc"} 
[2026-08-20 08:53:02] local.INFO: payment.proof_viewed {"audit_id":"01m0ej7n4wgkmx19tk0a1192pt","actor_id":"01m09q7kvqfnm27cyeyww19n7h","target":"Payment:01m0ej74t10pjg9csy75wj4he6","request_id":"206e55b8-6af4-459d-b4a2-1914c9a30d45"} 
[2026-08-20 08:53:10] local.INFO: payment.approved {"audit_id":"01m0ej7x8cx1y789zt8sck3qab","actor_id":"01m09q7kvqfnm27cyeyww19n7h","target":"Payment:01m0ej74t10pjg9csy75wj4he6","request_id":"127085ac-fbca-4e05-ab07-7e2c59ae5b8e"} 
[2026-08-20 09:14:41] testing.INFO: settings.updated {"audit_id":"01m0ekf9pnax3wyncrm18x2n9v","actor_id":"01m0ekf9b9p61qh04d4ggstbaz","target":":","request_id":"71c8de9f-a787-41b1-878b-cc8cf710e2e7"} 
[2026-08-20 09:14:42] testing.INFO: settings.updated {"audit_id":"01m0ekfa9cr9p82sz12tdjk1xn","actor_id":"01m0ekfa8vnhehj8skdasd1fz3","target":":","request_id":"39b810f5-6ede-4282-8387-85fd2b2892bd"} 
[2026-08-20 09:14:42] testing.INFO: role.updated {"audit_id":"01m0ekfakww88xmz58b70647k5","actor_id":"01m0ekfakc8g996jb9ch9hw8sd","target":"Role:01m0ekfah62h61gh0nktbf0jhj","request_id":"395d6f0d-9eac-46d3-9ee0-cdf168b5cdf3"} 
[2026-08-20 09:14:42] testing.INFO: settings.payment_method_qr_updated {"audit_id":"01m0ekfaxvv8k4nej706qwaare","actor_id":"01m0ekfarvab148psfy52c7t94","target":"PaymentMethod:01m0ekfaqkrywawx2e803m4x48","request_id":"5fd39d8a-453a-44aa-8fa3-096f7b425f95"} 
[2026-08-20 09:14:43] testing.INFO: settings.payment_method_qr_removed {"audit_id":"01m0ekfb46r0yqywsxj2nkaqzp","actor_id":"01m0ekfarvab148psfy52c7t94","target":"PaymentMethod:01m0ekfaqkrywawx2e803m4x48","request_id":"b17ad484-6b9a-4706-9773-3f3f0622d829"} 
[2026-08-20 09:14:43] testing.INFO: settings.updated {"audit_id":"01m0ekfbdk3e7jp13d3yjy2ypr","actor_id":"01m0ekfbd4vayzc0rpwsgkyvcz","target":":","request_id":"7a27181b-1283-4f29-b9cb-50dfda41fa14"} 
[2026-08-20 09:14:43] testing.INFO: faq.created {"audit_id":"01m0ekfbk6c9hynfzkr1tpphjr","actor_id":"01m0ekfbjjzz66hhppzzmny3bb","target":"Faq:01m0ekfbk56c82f2bk6h3z6w9v","request_id":"a4b6dd67-a4df-489d-a1e6-5bd0b78a9950"} 
[2026-08-20 09:14:43] testing.INFO: faq.updated {"audit_id":"01m0ekfbkhh82btykf5f8rx6b2","actor_id":"01m0ekfbjjzz66hhppzzmny3bb","target":"Faq:01m0ekfbk56c82f2bk6h3z6w9v","request_id":"582b7fdc-640a-4285-b9b6-5e94c38b5a7f"} 
[2026-08-20 09:14:43] testing.INFO: faq.deleted {"audit_id":"01m0ekfbm10bgw0s7bc300282n","actor_id":"01m0ekfbjjzz66hhppzzmny3bb","target":"Faq:01m0ekfbk56c82f2bk6h3z6w9v","request_id":"16b1aa92-faae-4ed6-b8ae-fb5a1dcd6e58"} 
[2026-08-20 09:14:44] testing.INFO: attempt.started {"audit_id":"01m0ekfc24rpxembjd97kvsyds","actor_id":"01m0ekfc1fcdzsqfy51qxtq8zt","target":"TestAttempt:01m0ekfc236ex2abdn282s1jcj","request_id":"dd8226e3-a01f-40b8-9c56-4dff95e285ed"} 
[2026-08-20 09:14:44] testing.INFO: attempt.started {"audit_id":"01m0ekfcj46aq36306zgrahvw8","actor_id":"01m0ekfchegvw90p1q5tw2zg2y","target":"TestAttempt:01m0ekfcj21dcnzvhkw74drzhx","request_id":"4b6cc02d-8310-4cb3-818d-dfdcd818bec4"} 
[2026-08-20 09:14:44] testing.INFO: attempt.started {"audit_id":"01m0ekfcjh4y7zk328akpx4rg3","actor_id":"01m0ekfchegvw90p1q5tw2zg2y","target":"TestAttempt:01m0ekfcj21dcnzvhkw74drzhx","request_id":"27d83ee8-0a40-402c-8ddc-dd9b8212acd8"} 
[2026-08-20 09:14:44] testing.INFO: attempt.started {"audit_id":"01m0ekfcqhqstk62b3brvhr03x","actor_id":"01m0ekfcpvdg37sf0zxa9q279f","target":"TestAttempt:01m0ekfcqfpfxe1nybqr2a6tba","request_id":"3046de46-1eba-4e05-91e4-a5abcfe281b1"} 
[2026-08-20 09:14:44] testing.INFO: attempt.started {"audit_id":"01m0ekfcyb2k5sbmp6n8fpmzy2","actor_id":"01m0ekfcxv623kyw1a6zbg9znz","target":"TestAttempt:01m0ekfcya5hpyrmj45nqn12jw","request_id":"b94725fd-1f35-4164-ad1a-9bed16a293ba"} 
[2026-08-20 09:14:44] testing.INFO: attempt.submitted {"audit_id":"01m0ekfcz4bj03paqnthdfj5sb","actor_id":"01m0ekfcxv623kyw1a6zbg9znz","target":"TestAttempt:01m0ekfcya5hpyrmj45nqn12jw","request_id":"be8dc855-14f5-47d9-80ee-476b0bc72f97"} 
[2026-08-20 09:14:45] testing.INFO: auth.logged_in {"audit_id":"01m0ekfd9dtgk6k0xzdh402hj1","actor_id":"01m0ekfd8vtm273fwrb136tnm9","target":"User:01m0ekfd8vtm273fwrb136tnm9","request_id":"1eaaeb88-044c-4473-947a-132bdfda350a"} 
[2026-08-20 09:14:45] testing.INFO: auth.logged_out {"audit_id":"01m0ekfda53kh2re8jxzhkg9d3","actor_id":"01m0ekfd8vtm273fwrb136tnm9","target":"User:01m0ekfd8vtm273fwrb136tnm9","request_id":"ec8876f5-3d51-4359-98d1-484b2d867321"} 
[2026-08-20 09:14:45] testing.INFO: auth.logged_in {"audit_id":"01m0ekfdacwb6bsr2t80qm8a2c","actor_id":"01m0ekfd8vtm273fwrb136tnm9","target":"User:01m0ekfd8vtm273fwrb136tnm9","request_id":"40f931b6-6497-40c5-9f8e-bd3c50db29f3"} 
[2026-08-20 09:14:45] testing.INFO: auth.account_locked {"audit_id":"01m0ekfdme6fkx3rzk92q0f03r","actor_id":"01m0ekfdkjhsjp3x6nfcf1q8ap","target":"User:01m0ekfdkjhsjp3x6nfcf1q8ap","request_id":"cb2d70e7-f85e-4526-a9fb-f058125638e2"} 
[2026-08-20 09:14:45] testing.INFO: auth.password_changed {"audit_id":"01m0ekfdxgr0yh9tmkrfge1j22","actor_id":"01m0ekfdrrxras3hteqyxba7y7","target":"User:01m0ekfdrrxras3hteqyxba7y7","request_id":"275a4399-94e0-48fb-90ca-3373f92fa4dd"} 
[2026-08-20 09:14:46] testing.INFO: account.profile_updated {"audit_id":"01m0ekfe1zsctjpaxnncs9gy3e","actor_id":"01m0ekfe1m0mrsgdxtpbwxhxcf","target":"User:01m0ekfe1m0mrsgdxtpbwxhxcf","request_id":"f49b7b34-1dcc-4adc-a364-c3231cb07923"} 
[2026-08-20 09:14:46] testing.INFO: course.updated {"audit_id":"01m0ekfeb2xg1vgzpr3z5n5ax0","actor_id":"01m0ekfeaen1vt4wr3a24taz4d","target":"Course:01m0ekfeafnwnm14s247gq94pv","request_id":"96ab3ef9-8b1f-4c6c-8360-1b49d9e2d2ad"} 
[2026-08-20 09:14:46] testing.INFO: course.updated {"audit_id":"01m0ekfegbfd3qtmbbja3m0c5a","actor_id":"01m0ekfefxq0hzw62vkg03sqr8","target":"Course:01m0ekfefzfysp9njcz7ks9kkx","request_id":"a438d971-dc33-4136-adba-47c794a69d50"} 
[2026-08-20 09:14:46] testing.INFO: course.thumbnail_updated {"audit_id":"01m0ekfenkdvcjfx6c26x4f6be","actor_id":"01m0ekfemr9h7hqfa6p4tenn4h","target":"Course:01m0ekfemtnfa9tn2tdyq22mvx","request_id":"42d39b72-69c8-426a-ae4f-e0e0151db3c9"} 
[2026-08-20 09:14:46] testing.INFO: course.thumbnail_updated {"audit_id":"01m0ekfep82dkxwfmbywffvw6v","actor_id":"01m0ekfemr9h7hqfa6p4tenn4h","target":"Course:01m0ekfemtnfa9tn2tdyq22mvx","request_id":"a4d534a6-ff29-405c-aa0f-b8fe9a997f4d"} 
[2026-08-20 09:14:46] testing.INFO: course.thumbnail_updated {"audit_id":"01m0ekfewbbs3qrqq4fg5emq5r","actor_id":"01m0ekfevpwe7r9mwdt23z989f","target":"Course:01m0ekfevr5h7byjw9cv0z5f4s","request_id":"9deb7a7a-5597-4276-8c6b-bab65c8fd965"} 
[2026-08-20 09:14:46] testing.INFO: course.thumbnail_removed {"audit_id":"01m0ekfewpxeer83chh4nynbkj","actor_id":"01m0ekfevpwe7r9mwdt23z989f","target":"Course:01m0ekfevr5h7byjw9cv0z5f4s","request_id":"86af1767-bbcf-49c8-8052-b3be08f40785"} 
[2026-08-20 09:14:47] testing.INFO: course.thumbnail_updated {"audit_id":"01m0ekff1hrk50nwzd16t3r5vp","actor_id":"01m0ekff0tekh1gs5ap2spc8v9","target":"Course:01m0ekff0w7n7cv8nwfgt55xbc","request_id":"c6544673-26f0-4740-af8c-e7ead994ac53"} 
[2026-08-20 09:14:48] testing.INFO: payment.approved {"audit_id":"01m0ekfg0xs5tdzvjcayph2404","actor_id":"01m0ekffhskxrx6ehtryzz2bcs","target":"Payment:01m0ekffj0w6wvjwbwjaj75r42","request_id":"e749da46-16af-430f-a557-e24c113abf76"} 
[2026-08-20 09:14:48] testing.INFO: auth.logged_in {"audit_id":"01m0ekfgc0nfkd98b9q084m2py","actor_id":"01m0ekfgbh4w8zgm8msdkzc1ra","target":"User:01m0ekfgbh4w8zgm8msdkzc1ra","request_id":"838c9c21-baef-48ae-a899-eb24d1138507"} 
[2026-08-20 09:14:48] testing.INFO: auth.logged_out {"audit_id":"01m0ekfgcadrrn4537damme20g","actor_id":"01m0ekfgbh4w8zgm8msdkzc1ra","target":"User:01m0ekfgbh4w8zgm8msdkzc1ra","request_id":"2761a77d-2362-497e-9f09-63a85cf0fa7f"} 
[2026-08-20 09:14:48] testing.INFO: auth.logged_in {"audit_id":"01m0ekfgcmhfa06gq9vx8msxab","actor_id":"01m0ekfgbh4w8zgm8msdkzc1ra","target":"User:01m0ekfgbh4w8zgm8msdkzc1ra","request_id":"02df1944-b493-4eb7-b0f3-2bea85f37aeb"} 
[2026-08-20 09:14:48] testing.INFO: auth.logged_in {"audit_id":"01m0ekfgh4t59ky0sd26y8phhv","actor_id":"01m0ekfggj38y45jb35y9f9td5","target":"User:01m0ekfggj38y45jb35y9f9td5","request_id":"1d957b71-be86-49a8-b46f-fdb3f1adb1cf"} 
[2026-08-20 09:14:48] testing.INFO: user.devices_reset {"audit_id":"01m0ekfgtmkxazyjxy61e450qf","actor_id":"01m0ekfgsx81a3j4qvv8zzt129","target":"User:01m0ekfgt059yxtj4wm10d2ahc","request_id":"dea5cf9f-8a80-4daf-ad1e-65b6339cce74"} 
[2026-08-20 09:14:49] testing.INFO: enrollment_request.approved {"audit_id":"01m0ekfhevhb2b5qe4ymrt0vmz","actor_id":"01m0ekfh222b06r958dq1s85dj","target":"EnrollmentRequest:01m0ekfh25ne7sar0xvewp7wmp","request_id":"62a770d2-7bff-4c25-8f0b-2880e85e2975"} 
[2026-08-20 09:14:49] testing.INFO: enrollment_request.approved {"audit_id":"01m0ekfhrwjj5wpz8r75tyqj3q","actor_id":"01m0ekfhrbv151tnftkg2qa6re","target":"EnrollmentRequest:01m0ekfhrdzemq6jpb0c7b1rxd","request_id":"ca60bf60-9bbe-421b-a99c-e34029cc7c11"} 
[2026-08-20 09:14:50] testing.INFO: enrollment_request.rejected {"audit_id":"01m0ekfhxnbn1ay0kzk02mxaz7","actor_id":"01m0ekfhx5f6y9aw5myd6q9bc3","target":"EnrollmentRequest:01m0ekfhx76p8pw82n1fyg2b70","request_id":"122069c3-37d3-4b5f-a612-cb057762f179"} 
[2026-08-20 09:14:50] testing.INFO: settings.updated {"audit_id":"01m0ekfjh5hfg3804k6gm5wkh9","actor_id":"01m0ekfjgp3xt0syc4sft2xca2","target":":","request_id":"8e82a0c5-3a21-4cac-8ae4-781823c32bfc"} 
[2026-08-20 09:14:50] testing.INFO: settings.updated {"audit_id":"01m0ekfjp2rejpwnjda9qjehz1","actor_id":"01m0ekfjnnz5r8r5bevntyxfgy","target":":","request_id":"0cdba065-d167-4917-8f81-577ea54faf47"} 
[2026-08-20 09:14:50] testing.INFO: settings.updated {"audit_id":"01m0ekfjpdm31a2n2z86pfbyv7","actor_id":"01m0ekfjnnz5r8r5bevntyxfgy","target":":","request_id":"d21b71f8-b429-4857-8daf-1556bf7cdbb3"} 
[2026-08-20 09:14:51] testing.INFO: settings.institution_logo_updated {"audit_id":"01m0ekfjz5enqqv6a7k1zp3k3f","actor_id":"01m0ekfjyq47rs5r0vj351m5je","target":":","request_id":"a8292a9f-29d7-4835-9a4b-c113e94201da"} 
[2026-08-20 09:14:51] testing.INFO: settings.institution_logo_updated {"audit_id":"01m0ekfjzpmq7m5wxrtxqm93mw","actor_id":"01m0ekfjyq47rs5r0vj351m5je","target":":","request_id":"447a377f-32d8-41c1-9880-cc21aa5dd46c"} 
[2026-08-20 09:14:51] testing.INFO: settings.institution_logo_removed {"audit_id":"01m0ekfjzzjnn44r3vfwsd56kt","actor_id":"01m0ekfjyq47rs5r0vj351m5je","target":":","request_id":"cffda364-274d-4603-9434-e8b231afc056"} 
[2026-08-20 09:14:51] testing.INFO: settings.institution_favicon_updated {"audit_id":"01m0ekfk54zn7nhj3fjdn4chen","actor_id":"01m0ekfk4nkr1rtv2m0zvr1phj","target":":","request_id":"fdfa9e51-eb23-45bd-968c-f36cc86a13c5"} 
[2026-08-20 09:14:51] testing.INFO: settings.updated {"audit_id":"01m0ekfkayxtw8zx8f3c658cmn","actor_id":"01m0ekfkahcgf9vy7p4aaryh8w","target":":","request_id":"7991110e-b7b8-4b8e-8ad8-379a8961c085"} 
[2026-08-20 09:14:52] testing.INFO: payment.approved {"audit_id":"01m0ekfm8w8fqbc1pjzm5c0kr3","actor_id":"01m0ekfm160jwpq4x4rc8c9b2f","target":"Payment:01m0ekfm18x6jzxr6ghh1nfw28","request_id":"17625934-ef8e-4850-b348-5d1f39bd1d4b"} 
[2026-08-20 09:14:52] testing.INFO: payment.approved {"audit_id":"01m0ekfmmzn45h06gazjd7b7nf","actor_id":"01m0ekfmda6g4zx6h6d8nq9rts","target":"Payment:01m0ekfmdds7v0abzbc10ms3ks","request_id":"0e0290b5-bf27-4356-a138-11532cfc605d"} 
[2026-08-20 09:14:53] testing.INFO: payment.approved {"audit_id":"01m0ekfndt6evrvrfgb57ch1d2","actor_id":"01m0ekfn6ewcwvnd3wxzkyyk6e","target":"Payment:01m0ekfn6hjtcnxkrp9saaa85r","request_id":"74209159-4e29-40ab-8401-d3c448bb9e81"} 
[2026-08-20 09:14:53] testing.INFO: payment.rejected {"audit_id":"01m0ekfnqyj0mz69gjc94wvsn7","actor_id":"01m0ekfnq8nzjvspg8fyex4c9j","target":"Payment:01m0ekfnqasn7vmj27yctbyn4r","request_id":"625bd943-f88f-4be5-93e0-0cecd39e66bb"} 
[2026-08-20 09:14:54] testing.INFO: refund.recorded {"audit_id":"01m0ekfp6s8ng8s59tcbb8wz05","actor_id":"01m0ekfp5kb67wzfvz4kjtxy3p","target":"Refund:01m0ekfp6p2tf0y479cb0wgdph","request_id":"41d491a4-8409-407d-a380-7e618bcd74bf"} 
[2026-08-20 09:14:54] testing.INFO: refund.processed {"audit_id":"01m0ekfp7r43rb2969h2y7h87g","actor_id":"01m0ekfp5pzcyx8k4spjrpnnbr","target":"Refund:01m0ekfp6p2tf0y479cb0wgdph","request_id":"fb5a9631-2f84-454c-88c1-df20cae12a9b"} 
[2026-08-20 09:14:57] testing.INFO: user.suspend {"audit_id":"01m0ekfrs8g11qq86rgf4ryzyy","actor_id":"01m0ekfrqt3egdzfr520bxy3ex","target":"User:01m0ekfrr3ksmmt2qsp0s074d2","request_id":"1d52d560-9269-4304-bb6c-9043ebe22ed6"} 
[2026-08-20 09:14:57] testing.INFO: user.archived {"audit_id":"01m0ekfrze2q2xw2pv5g52cvce","actor_id":"01m0ekfry6w1dxdczftqsa967d","target":"User:01m0ekfryf0vzcsc842jvvd5m7","request_id":"1d56b21b-4535-49a2-a9ee-c9a12c2ffb2a"} 
[2026-08-20 09:14:57] testing.INFO: user.archived {"audit_id":"01m0ekfs406qmkxmfn1zp7ny3a","actor_id":"01m0ekfs3rmsp4f6m9945z197q","target":"User:01m0ekfs38yvrwzagxtt2bynx7","request_id":"0812454a-e947-4249-a686-cc48632503b7"} 
[2026-08-20 09:14:57] testing.INFO: user.updated {"audit_id":"01m0ekfs8v0dxzjd9033rnngw7","actor_id":"01m0ekfs8f887gzm9hcadggm30","target":"User:01m0ekfs8jayqqsw7hm5j7njbk","request_id":"6acc7f6f-8b04-4478-8e20-f96f4d911f9c"} 
[2026-08-20 09:14:58] testing.INFO: test.published {"audit_id":"01m0ekfszhp9qrgh4j1vgkj7cc","actor_id":"01m0ekfsxwz4xazm45wgjw7ttf","target":"Test:01m0ekfsy5a6ykjz0t0q6aepmw","request_id":"248d6977-fff2-429e-a752-666953669134"} 
[2026-08-20 09:14:59] testing.INFO: payment.submitted {"audit_id":"01m0ekfv746bq7drm97y154261","actor_id":"01m0ekfv655reh8wwq4sxqjk57","target":"Payment:01m0ekfv73v49ewcrdcmgbqj9x","request_id":"39ad5579-3a30-48bf-bc6f-751dda3e810e"} 
[2026-08-20 09:14:59] testing.INFO: payment.approved_at_capture {"audit_id":"01m0ekfved2te1084fp525rh2x","actor_id":"01m0ekfv655reh8wwq4sxqjk57","target":"Payment:01m0ekfv73v49ewcrdcmgbqj9x","request_id":"39ad5579-3a30-48bf-bc6f-751dda3e810e"} 
[2026-08-20 09:14:59] testing.INFO: payment.submitted {"audit_id":"01m0ekfvm5p9zangjwr7mqw9mh","actor_id":"01m0ekfvk4eyyp16dq9n8nqe16","target":"Payment:01m0ekfvm1maab18839c3yask6","request_id":"b772b762-6189-495e-aa74-07a360f2c86d"} 
[2026-08-20 09:15:00] testing.INFO: payment.approved_at_capture {"audit_id":"01m0ekfvvft47c65b1w2mb9wdz","actor_id":"01m0ekfvk4eyyp16dq9n8nqe16","target":"Payment:01m0ekfvm1maab18839c3yask6","request_id":"b772b762-6189-495e-aa74-07a360f2c86d"} 
[2026-08-20 09:15:00] testing.INFO: payment.submitted {"audit_id":"01m0ekfvwazqdp51g560xxwknh","actor_id":"01m0ekfvk4eyyp16dq9n8nqe16","target":"Payment:01m0ekfvw8hw10358sde01xpqd","request_id":"e74f595e-2324-42cd-9d61-05e2a595a62a"} 
[2026-08-20 09:15:00] testing.INFO: payment.approved {"audit_id":"01m0ekfw466pdmsjk2sqbn3jss","actor_id":"01m0ekfvk6saz3658yqabbsqz4","target":"Payment:01m0ekfvw8hw10358sde01xpqd","request_id":"b5a94070-4313-40fa-91eb-c720aa59496c"} 
[2026-08-20 09:15:02] testing.INFO: recording.deleted {"audit_id":"01m0ekfxp3q278jkpzdxgankrr","actor_id":"01m0ekfxnfpvx9ytw3yxdnj646","target":"Recording:01m0ekfxnjp647jbvpgbhpmd69","request_id":"2053d8ea-c4a3-451d-89e4-273b86b6de6f"} 
[2026-08-20 09:15:25] testing.INFO: course.created {"audit_id":"01m0ekgmjedcs7zgrf57jj3yyr","actor_id":"01m0ekgmg0hhr2x7z3v79mnc5t","target":"Course:01m0ekgmjc7vntr3rqt5kexwwc","request_id":"7985aee7-08ff-41d3-8552-85c9aaebf8b3"} 
[2026-08-20 09:15:25] testing.INFO: category.created {"audit_id":"01m0ekgmqvq2xrkymgb79ab2m8","actor_id":"01m0ekgmqd545xzrs3rqtrbszb","target":"Category:01m0ekgmqtcrr2rq7rp3zjvvzq","request_id":"7fd7d55f-00ed-4e76-99e2-cd9d473c896b"} 
[2026-08-20 09:15:25] testing.INFO: syllabus.updated {"audit_id":"01m0ekgmw3j1bjvtzdmtfnyvh6","actor_id":"01m0ekgmvh5tn7tb3n41v8fh4b","target":"Course:01m0ekgmvka6n2fhk5fzvmwtaj","request_id":"ebf9245e-af65-46c0-bf40-ad7d0cb5694f"} 
[2026-08-20 09:15:25] testing.INFO: export.generated {"audit_id":"01m0ekgn0ajnf6b5gs17smedam","actor_id":"01m0ekgmzmd0w8y7kb1zmqpsjc","target":":","request_id":"16e2f1ff-7aed-418e-8019-738f6cedf51b"} 
[2026-08-20 09:16:01] testing.INFO: course.created {"audit_id":"01m0ekhr102e2ngs8y2g5hgt1e","actor_id":"01m0ekhqwyhtxnq03d5hwgq5j5","target":"Course:01m0ekhr0x2y197nd0s4xm3x0a","request_id":"daca3a2e-20df-4c64-a22b-635f9a3ab7d1"} 
[2026-08-20 09:16:02] testing.INFO: category.created {"audit_id":"01m0ekhr8k10yecawk4fcytxs4","actor_id":"01m0ekhr81bcwmhpd0z4zn9n0h","target":"Category:01m0ekhr8jnr2g63pys6my8wwk","request_id":"22e53418-6314-47ab-94ff-4daa1fe5f46d"} 
[2026-08-20 09:16:02] testing.INFO: syllabus.updated {"audit_id":"01m0ekhrf8r52p8jwz01sn98w6","actor_id":"01m0ekhree0tdwmnsd8mv38yc7","target":"Course:01m0ekhrehgpn13v1fs2h2qrpn","request_id":"15daf73c-ed30-4aac-945e-b31f1d0fc2e0"} 
[2026-08-20 09:16:02] testing.INFO: export.generated {"audit_id":"01m0ekhrn4ayp2bw005s61hxrh","actor_id":"01m0ekhrmag5b2nk279rnxmved","target":":","request_id":"f10d4cc6-baf3-4566-976f-172844df342e"} 
[2026-08-20 09:16:11] testing.INFO: settings.updated {"audit_id":"01m0ekj1wxy0p5d3btaf6fn63b","actor_id":"01m0ekj1v3zxwpaq8nr8d6pkwe","target":":","request_id":"8fee97b4-3120-4239-882d-b42cd37d886a"} 
[2026-08-20 09:16:12] testing.INFO: settings.updated {"audit_id":"01m0ekj28n9g7yk10jt1xxzkc5","actor_id":"01m0ekj28aw8q1yarrqs9fdngp","target":":","request_id":"25b1a516-7926-49a3-93b7-4fa1fdf2278f"} 
[2026-08-20 09:16:12] testing.INFO: role.updated {"audit_id":"01m0ekj2kz1f5ytaqwa1x903tb","actor_id":"01m0ekj2kf10b25vmva5z0b35k","target":"Role:01m0ekj2g5arkmhmrwmare6taf","request_id":"ba0bd4d1-5366-4f4b-bee3-7427febd4166"} 
[2026-08-20 09:16:12] testing.INFO: settings.payment_method_qr_updated {"audit_id":"01m0ekj2tejw1nwn93e0dnga7h","actor_id":"01m0ekj2s0zdvf0xjnz7p5zeg0","target":"PaymentMethod:01m0ekj2r1np8bv9afkve1d45r","request_id":"4ea916fb-3d45-4752-a6be-da631d76197d"} 
[2026-08-20 09:16:12] testing.INFO: settings.payment_method_qr_removed {"audit_id":"01m0ekj2twfcnyx6ck4410dakt","actor_id":"01m0ekj2s0zdvf0xjnz7p5zeg0","target":"PaymentMethod:01m0ekj2r1np8bv9afkve1d45r","request_id":"ebe70cf2-ace8-4005-ba50-d07a12f28358"} 
[2026-08-20 09:16:13] testing.INFO: settings.updated {"audit_id":"01m0ekj34w0e7x1696k0b9j6z8","actor_id":"01m0ekj34f7dnjqtp63bter4hg","target":":","request_id":"e446c052-0f61-412b-9ba1-929916dd4841"} 
[2026-08-20 09:16:13] testing.INFO: faq.created {"audit_id":"01m0ekj39h1pg76fgvkgtjb0zw","actor_id":"01m0ekj393emxp7z9zs9v2c62t","target":"Faq:01m0ekj39gebw6tzw4337jgky4","request_id":"8c2daf20-11fa-48ba-93dd-7757935284ed"} 
[2026-08-20 09:16:13] testing.INFO: faq.updated {"audit_id":"01m0ekj39w3vkz1v5z77pz0y7a","actor_id":"01m0ekj393emxp7z9zs9v2c62t","target":"Faq:01m0ekj39gebw6tzw4337jgky4","request_id":"3f41c8c5-bfc6-46af-ba55-296724f60321"} 
[2026-08-20 09:16:13] testing.INFO: faq.deleted {"audit_id":"01m0ekj3abmfqxve78gep2jg8c","actor_id":"01m0ekj393emxp7z9zs9v2c62t","target":"Faq:01m0ekj39gebw6tzw4337jgky4","request_id":"0d390d29-797e-474d-925a-2304f65af37b"} 
[2026-08-20 09:16:13] testing.INFO: attempt.started {"audit_id":"01m0ekj3sntq0eebbkq90g9981","actor_id":"01m0ekj3rptptj4960gch71480","target":"TestAttempt:01m0ekj3sjeskt8a6tcqszteg4","request_id":"49f9d614-8931-455d-a3a1-28ca79b371da"} 
[2026-08-20 09:16:14] testing.INFO: attempt.started {"audit_id":"01m0ekj44jdg35jzbws8q31sfh","actor_id":"01m0ekj440763b0sajpkhgsgxa","target":"TestAttempt:01m0ekj44gd52760srqzmwzpgx","request_id":"a2e8249a-9273-4335-a7d1-417ad144b192"} 
[2026-08-20 09:16:14] testing.INFO: attempt.started {"audit_id":"01m0ekj44ybxwkh4xmbzkygdt3","actor_id":"01m0ekj440763b0sajpkhgsgxa","target":"TestAttempt:01m0ekj44gd52760srqzmwzpgx","request_id":"b5c167e1-f6be-4ca5-b596-9ae5637c17cb"} 
[2026-08-20 09:16:14] testing.INFO: attempt.started {"audit_id":"01m0ekj4areh8nh31x2n1jtdq2","actor_id":"01m0ekj49vs74rzp8c9g9nzy4c","target":"TestAttempt:01m0ekj4an3gpn0wqrns8aj50p","request_id":"d380ecff-db76-428a-a3e2-d32fe1dac535"} 
[2026-08-20 09:16:14] testing.INFO: attempt.started {"audit_id":"01m0ekj4gx8dnq8t3gvc05pdrg","actor_id":"01m0ekj4gbnp0q6y0cmsn3fnke","target":"TestAttempt:01m0ekj4gvdvwxz24t5et0k1xb","request_id":"a4114784-26e8-4a26-a983-48ed69ed9242"} 
[2026-08-20 09:16:14] testing.INFO: attempt.submitted {"audit_id":"01m0ekj4hr4scb68rp6ae77kyx","actor_id":"01m0ekj4gbnp0q6y0cmsn3fnke","target":"TestAttempt:01m0ekj4gvdvwxz24t5et0k1xb","request_id":"28e71a91-31cf-4165-8317-ca20b0e10f21"} 
[2026-08-20 09:16:14] testing.INFO: auth.logged_in {"audit_id":"01m0ekj4x2ky6famxzrtxbh0h3","actor_id":"01m0ekj4wdk29b202ckgargq2q","target":"User:01m0ekj4wdk29b202ckgargq2q","request_id":"3c17214f-2891-4a2a-a5ab-9f3418ec38de"} 
[2026-08-20 09:16:15] testing.INFO: auth.logged_out {"audit_id":"01m0ekj4xvq00xskms76mzkykd","actor_id":"01m0ekj4wdk29b202ckgargq2q","target":"User:01m0ekj4wdk29b202ckgargq2q","request_id":"1b9b9404-3ee1-41ac-a4e9-42e71e4cbaaf"} 
[2026-08-20 09:16:15] testing.INFO: auth.logged_in {"audit_id":"01m0ekj4y8x6nv9qe2t9n3qj7g","actor_id":"01m0ekj4wdk29b202ckgargq2q","target":"User:01m0ekj4wdk29b202ckgargq2q","request_id":"d915974d-1fce-43a3-b981-d291c99fc907"} 
[2026-08-20 09:16:15] testing.INFO: auth.account_locked {"audit_id":"01m0ekj58kpzm1r75w8prhe98z","actor_id":"01m0ekj57jfxcya706w2s2n4cn","target":"User:01m0ekj57jfxcya706w2s2n4cn","request_id":"a0bafd50-d851-4577-ac78-72d80d012f26"} 
[2026-08-20 09:16:15] testing.INFO: auth.password_changed {"audit_id":"01m0ekj5drqmf14ssm7srkp0va","actor_id":"01m0ekj5d04vzkeyan6wpbvry8","target":"User:01m0ekj5d04vzkeyan6wpbvry8","request_id":"1f7d0898-bd96-4967-8082-4a18dc33adba"} 
[2026-08-20 09:16:15] testing.INFO: account.profile_updated {"audit_id":"01m0ekj5kbz3vwt60km4z9k4te","actor_id":"01m0ekj5jy9jv8xpqrbmm61m31","target":"User:01m0ekj5jy9jv8xpqrbmm61m31","request_id":"a1d2cacf-73f0-457b-8dde-bbf28abba842"} 
[2026-08-20 09:16:16] testing.INFO: course.updated {"audit_id":"01m0ekj5zyq25nasb4t2yv9s9h","actor_id":"01m0ekj5yzd8epk75jazm2rzd1","target":"Course:01m0ekj5z2zpx5va4e355qvxpw","request_id":"dc06c1ff-0e24-42ca-beb8-abb6b6d90cc1"} 
[2026-08-20 09:16:16] testing.INFO: course.updated {"audit_id":"01m0ekj68cdxs2ctfqhg2ye82h","actor_id":"01m0ekj67rt1wayqetvwhkjgdm","target":"Course:01m0ekj67v6d17mfmnd9zmrftv","request_id":"eb79723e-522b-41c9-b936-a1363b46ca81"} 
[2026-08-20 09:16:16] testing.INFO: course.thumbnail_updated {"audit_id":"01m0ekj6e8q4q25g9vg1dpxnhz","actor_id":"01m0ekj6dabkyqjpy4cmw1ed84","target":"Course:01m0ekj6dczp8zm0apa0vgne58","request_id":"134b88db-04f8-4ddd-b1af-82932b680540"} 
[2026-08-20 09:16:16] testing.INFO: course.thumbnail_updated {"audit_id":"01m0ekj6f1ppszsvqfysjyjb2j","actor_id":"01m0ekj6dabkyqjpy4cmw1ed84","target":"Course:01m0ekj6dczp8zm0apa0vgne58","request_id":"af4534f1-637a-46bf-9195-e90915696102"} 
[2026-08-20 09:16:16] testing.INFO: course.thumbnail_updated {"audit_id":"01m0ekj6mxes8ehknc79ctdc5n","actor_id":"01m0ekj6m1eqhca03gztr1xg9v","target":"Course:01m0ekj6m4v90qvfshdsn1f03c","request_id":"17f280c6-02c4-433f-b539-76aa731b00b7"} 
[2026-08-20 09:16:16] testing.INFO: course.thumbnail_removed {"audit_id":"01m0ekj6nak7hy21rhhka5zpz9","actor_id":"01m0ekj6m1eqhca03gztr1xg9v","target":"Course:01m0ekj6m4v90qvfshdsn1f03c","request_id":"e87035cb-8347-4393-a595-f9a15941313a"} 
[2026-08-20 09:16:16] testing.INFO: course.thumbnail_updated {"audit_id":"01m0ekj6v8d2g6rj011fgjygzx","actor_id":"01m0ekj6ta801gbs468bhvpxgw","target":"Course:01m0ekj6tf9hmpq6xz4ar21aj3","request_id":"001d0473-8d24-43b2-9caf-407e17f5a89e"} 
[2026-08-20 09:16:18] testing.INFO: payment.approved {"audit_id":"01m0ekj7wwh8ef6ewvsscyjea1","actor_id":"01m0ekj7f01z6sfd479vjwh52z","target":"Payment:01m0ekj7fasczhsnerreq4bvxy","request_id":"03806a52-47a7-44f1-af6b-1f45ac00bfff"} 
[2026-08-20 09:16:18] testing.INFO: auth.logged_in {"audit_id":"01m0ekj88canxmygh4hder0f83","actor_id":"01m0ekj87y5spn3qh3r5w3bsmq","target":"User:01m0ekj87y5spn3qh3r5w3bsmq","request_id":"9c06a214-a70a-4606-bd3f-07e126b2084d"} 
[2026-08-20 09:16:18] testing.INFO: auth.logged_out {"audit_id":"01m0ekj88ndjsv007r5qqtpk9e","actor_id":"01m0ekj87y5spn3qh3r5w3bsmq","target":"User:01m0ekj87y5spn3qh3r5w3bsmq","request_id":"47ee9eb6-edb1-4770-af79-db4889b71185"} 
[2026-08-20 09:16:18] testing.INFO: auth.logged_in {"audit_id":"01m0ekj88yfc05cxv0c09gtpn6","actor_id":"01m0ekj87y5spn3qh3r5w3bsmq","target":"User:01m0ekj87y5spn3qh3r5w3bsmq","request_id":"da0cf75d-e337-4544-9f27-bb9de18fb838"} 
[2026-08-20 09:16:18] testing.INFO: auth.logged_in {"audit_id":"01m0ekj8ee9mt567hzbwhd8z0m","actor_id":"01m0ekj8e3xtaerm9gwraccx18","target":"User:01m0ekj8e3xtaerm9gwraccx18","request_id":"a58c95e8-cd94-430c-bd6b-42b66efb31cf"} 
[2026-08-20 09:16:18] testing.INFO: user.devices_reset {"audit_id":"01m0ekj8maeb00a2ecmrcm4r5n","actor_id":"01m0ekj8kpvk2mczgh4p285jxj","target":"User:01m0ekj8krb29q4z4fwjbaj1dh","request_id":"3697d060-a74e-42ac-b7e8-890024de33d7"} 
[2026-08-20 09:16:19] testing.INFO: enrollment_request.approved {"audit_id":"01m0ekj8x6y4ndj6bc17jsxsbh","actor_id":"01m0ekj8vv0rgywdt4t51jf5zg","target":"EnrollmentRequest:01m0ekj8w01cm2131ybhy4wjz1","request_id":"6aa0d974-2eb0-4adb-bcaf-db0d3c065d79"} 
[2026-08-20 09:16:19] testing.INFO: enrollment_request.approved {"audit_id":"01m0ekj9b8qgjf48hrg1yxarwt","actor_id":"01m0ekj9anc2yxwjksr831czj7","target":"EnrollmentRequest:01m0ekj9arqb22cgetpr9z7pax","request_id":"c7bb6976-9c92-415e-9443-d0c69d5ccf6d"} 
[2026-08-20 09:16:19] testing.INFO: enrollment_request.rejected {"audit_id":"01m0ekj9gjgh3jhta21h36wjpm","actor_id":"01m0ekj9g1j8cd6xw2611z2ndv","target":"EnrollmentRequest:01m0ekj9g4vj3qwvk9ey1tzcc9","request_id":"3db3535d-0051-495d-9df1-ed2a4dca7aef"} 
[2026-08-20 09:16:20] testing.INFO: settings.updated {"audit_id":"01m0ekja533n7yramedsxrwjvy","actor_id":"01m0ekja4nsbkp4br5hsnrhnb7","target":":","request_id":"5a953a20-f944-446f-87f3-df862f66d16b"} 
[2026-08-20 09:16:20] testing.INFO: settings.updated {"audit_id":"01m0ekjaamz5ez8rrbre6m5573","actor_id":"01m0ekjaa7vtx4k1n8c50eb8ex","target":":","request_id":"68d88f88-c077-4449-ba04-afc33e438247"} 
[2026-08-20 09:16:20] testing.INFO: settings.updated {"audit_id":"01m0ekjab02fd08fwmstahx1e4","actor_id":"01m0ekjaa7vtx4k1n8c50eb8ex","target":":","request_id":"7eb88815-ca76-4200-9771-00110d45c0ce"} 
[2026-08-20 09:16:20] testing.INFO: settings.institution_logo_updated {"audit_id":"01m0ekjap6716tz117w2qdy192","actor_id":"01m0ekjanfc4v2yf7v6tnrsjtk","target":":","request_id":"6230dc8d-ff42-48b1-a5ce-de5de98eb0c1"} 
[2026-08-20 09:16:20] testing.INFO: settings.institution_logo_updated {"audit_id":"01m0ekjapssbwcq8vx9n48fnt1","actor_id":"01m0ekjanfc4v2yf7v6tnrsjtk","target":":","request_id":"a4a9fc25-84ca-4273-82ac-992f067a918c"} 
[2026-08-20 09:16:20] testing.INFO: settings.institution_logo_removed {"audit_id":"01m0ekjaq51vvp0kpahxdy0wem","actor_id":"01m0ekjanfc4v2yf7v6tnrsjtk","target":":","request_id":"8c50a22e-ee1a-4ce6-9337-11d3afc7b7dd"} 
[2026-08-20 09:16:21] testing.INFO: settings.institution_favicon_updated {"audit_id":"01m0ekjb240nfj7fjxpvd4nj9n","actor_id":"01m0ekjb1d5dfqjszkx05fmc4n","target":":","request_id":"8a886adc-ab92-4178-b8db-2398dfa7154e"} 
[2026-08-20 09:16:21] testing.INFO: settings.updated {"audit_id":"01m0ekjba52mz05w0txj8cpcmf","actor_id":"01m0ekjb9mmktvyn8j5jtd6prq","target":":","request_id":"d86d1e3a-2bc8-429e-803f-b14faac21b3e"} 
[2026-08-20 09:16:22] testing.INFO: payment.approved {"audit_id":"01m0ekjcfxsnsevjx4engxaxyg","actor_id":"01m0ekjc6w2thppq9y6jd7g469","target":"Payment:01m0ekjc6y7h6gzhf01jfchzxa","request_id":"8c74968b-8a98-4390-a8d0-be3076971e01"} 
[2026-08-20 09:16:23] testing.INFO: payment.approved {"audit_id":"01m0ekjd0m3ys3qw8ezj8yjp28","actor_id":"01m0ekjcr5x266ry0e4mz27we3","target":"Payment:01m0ekjcr7rm6pkw46nz7h239t","request_id":"52b699dd-dfb3-4973-bea2-8eb7f414273a"} 
[2026-08-20 09:16:23] testing.INFO: payment.approved {"audit_id":"01m0ekjdp00j01h90khydqbgkd","actor_id":"01m0ekjdean1vqrct4z55tr4gp","target":"Payment:01m0ekjdeddm30ezkzy1w39rzj","request_id":"b22cb7a0-d5b0-41c3-aafc-d4640a486c7c"} 
[2026-08-20 09:16:24] testing.INFO: payment.rejected {"audit_id":"01m0ekjdw9ky7p26kgz62zc52d","actor_id":"01m0ekjdve760d8mzr419vrkan","target":"Payment:01m0ekjdvje3sk596zahxmfbp8","request_id":"6be8507f-01a7-464d-9010-b1d061bd289e"} 
[2026-08-20 09:16:24] testing.INFO: refund.recorded {"audit_id":"01m0ekjebyarf9gfbkejj637z5","actor_id":"01m0ekjeb5d4f4tz8c5htj4e8r","target":"Refund:01m0ekjebwp8p0ngk1bkvpw15g","request_id":"fd5f1899-1051-4a43-9a37-787061c4a2d6"} 
[2026-08-20 09:16:24] testing.INFO: refund.processed {"audit_id":"01m0ekjed41rrb214j585cmdbk","actor_id":"01m0ekjeb88nfttmazdt3daq36","target":"Refund:01m0ekjebwp8p0ngk1bkvpw15g","request_id":"660db039-bbbb-4cc3-90b3-7af027a7e044"} 
[2026-08-20 09:16:27] testing.INFO: user.suspend {"audit_id":"01m0ekjh0a881pcbcewxjxzb2w","actor_id":"01m0ekjgz43fh6q05ressm2y2c","target":"User:01m0ekjgza27txsb45kea8frtm","request_id":"fc461a9b-7811-472f-8dac-caa59678e581"} 
[2026-08-20 09:16:27] testing.INFO: user.archived {"audit_id":"01m0ekjh7hhw5dz2ph1zqpdt1v","actor_id":"01m0ekjh5dcf40mk9v5f5bzwgb","target":"User:01m0ekjh5rc6m3pvsyapns5bpm","request_id":"6d49166f-592a-4dc3-b5b8-d497c1e48455"} 
[2026-08-20 09:16:27] testing.INFO: user.archived {"audit_id":"01m0ekjhd7e4gfkeapf9g7z2sp","actor_id":"01m0ekjhcyhc0rm53xpctkbtsg","target":"User:01m0ekjhcfwgzgw20wnbg0rbhx","request_id":"0db547dc-bf99-41e9-8f92-b274fb4f33ce"} 
[2026-08-20 09:16:27] testing.INFO: user.updated {"audit_id":"01m0ekjhjzs19pvzxp2mgysjwa","actor_id":"01m0ekjhjabf4bgdgbk229khs9","target":"User:01m0ekjhje6kfghkm2dzd6wkth","request_id":"8230d76e-e214-4826-a692-2cb9a5cb541a"} 
[2026-08-20 09:16:28] testing.INFO: test.published {"audit_id":"01m0ekjjgrty1510kt8ej2gx3s","actor_id":"01m0ekjjfefadrcbc4v100m6px","target":"Test:01m0ekjjfnd9a916d6nnwxrsq4","request_id":"fc9c22b4-620c-4319-805b-499cb3def98f"} 
[2026-08-20 09:16:30] testing.INFO: payment.submitted {"audit_id":"01m0ekjktarj0dxesw1yj75714","actor_id":"01m0ekjks9btmsdvmsj02c5dzs","target":"Payment:01m0ekjkt8sb3v5ykzqy54b204","request_id":"1389d1a8-b0c2-446e-a140-f73ff8b00ef4"} 
[2026-08-20 09:16:30] testing.INFO: payment.approved_at_capture {"audit_id":"01m0ekjm1nkx01p6zzbnk9sp80","actor_id":"01m0ekjks9btmsdvmsj02c5dzs","target":"Payment:01m0ekjkt8sb3v5ykzqy54b204","request_id":"1389d1a8-b0c2-446e-a140-f73ff8b00ef4"} 
[2026-08-20 09:16:30] testing.INFO: payment.submitted {"audit_id":"01m0ekjm8pp9xan8yqp3c4ww1h","actor_id":"01m0ekjm7j8hnf9cg7jva7bcjr","target":"Payment:01m0ekjm8mbqr1esvhtrfe25dz","request_id":"4ce21637-5169-4e47-9518-49510c8825e2"} 
[2026-08-20 09:16:30] testing.INFO: payment.approved_at_capture {"audit_id":"01m0ekjmgt4gemedzgt2c8vghx","actor_id":"01m0ekjm7j8hnf9cg7jva7bcjr","target":"Payment:01m0ekjm8mbqr1esvhtrfe25dz","request_id":"4ce21637-5169-4e47-9518-49510c8825e2"} 
[2026-08-20 09:16:31] testing.INFO: payment.submitted {"audit_id":"01m0ekjmhtan0dz1knprcmq37x","actor_id":"01m0ekjm7j8hnf9cg7jva7bcjr","target":"Payment:01m0ekjmhrwt38n7sgw3996g8j","request_id":"b7a727a7-3b1c-42c9-aba9-d10d3687b971"} 
[2026-08-20 09:16:31] testing.INFO: payment.approved {"audit_id":"01m0ekjmtmsbvzc512405kfn61","actor_id":"01m0ekjm7np4b4j7s48cn0dpv3","target":"Payment:01m0ekjmhrwt38n7sgw3996g8j","request_id":"cf174845-6cfc-4804-8f6f-9633f16f431a"} 
[2026-08-20 09:16:31] testing.INFO: course.created {"audit_id":"01m0ekjn0g8ycszrew544y6nw4","actor_id":"01m0ekjmzrtrfcry0p5eqcq71g","target":"Course:01m0ekjn0fwjj7rcbyas8rrzcd","request_id":"6184137e-6f19-45ce-a34d-20655fc5edad"} 
[2026-08-20 09:16:31] testing.INFO: category.created {"audit_id":"01m0ekjn5dgxaj3w30q9evvd8c","actor_id":"01m0ekjn4xnmskydf795bh9xe4","target":"Category:01m0ekjn5bzqpp8s965fevv26r","request_id":"9940680d-5b56-4f25-9ccc-b83d968aed12"} 
[2026-08-20 09:16:31] testing.INFO: syllabus.updated {"audit_id":"01m0ekjnctezhwp734328ajdfd","actor_id":"01m0ekjnc60t4a335he7wk33fk","target":"Course:01m0ekjnc81htm64b2xej0tzbn","request_id":"58de9101-ce71-40a2-9d94-ee5116d5650a"} 
[2026-08-20 09:16:32] testing.INFO: export.generated {"audit_id":"01m0ekjnjdp7yebtgsyt0kka78","actor_id":"01m0ekjnhrccadabma70a1szzw","target":":","request_id":"3c67c80d-dac6-459f-90a7-c73940e7fb46"} 
[2026-08-20 09:16:34] testing.INFO: recording.deleted {"audit_id":"01m0ekjqk5g51g2thfkbp24jhc","actor_id":"01m0ekjqje03tct1s8ffc3t90d","target":"Recording:01m0ekjqjhhkmq2ecgq0nqmv7x","request_id":"343357c8-e8d5-4fa3-9a95-da0c11ce7428"} 
[2026-08-20 09:16:49] testing.INFO: course.created {"audit_id":"01m0ekk6yqm526kttj1bakbt10","actor_id":"01m0ekk6w9fdev5dmp20ve51z6","target":"Course:01m0ekk6yn0yz25gnc2b50vype","request_id":"ff788a10-edc2-4b15-9f7d-eb52edff738b"} 
[2026-08-20 09:17:01] testing.INFO: course.created {"audit_id":"01m0ekkjk5bfkbfpkcd2wc0mkk","actor_id":"01m0ekkjgbsg2hvv1h1m4kdvxx","target":"Course:01m0ekkjk3ab5kxh14nnen91jy","request_id":"ac697376-45dc-49cb-840b-396c5d4d8a89"} 
[2026-08-20 09:17:01] testing.INFO: category.created {"audit_id":"01m0ekkjsqq6cvf6rj2gzd9mxk","actor_id":"01m0ekkjs8pcmgagetz2haa2pb","target":"Category:01m0ekkjsnpfnnjnwd02tpq8g5","request_id":"526288c0-29e6-46ba-ab73-360cec787624"} 
[2026-08-20 09:17:02] testing.INFO: syllabus.updated {"audit_id":"01m0ekkjzhr3kzf8fhb91zspw2","actor_id":"01m0ekkjytenc4ype0se0kyc7z","target":"Course:01m0ekkjyxt794kyyfpab96vpp","request_id":"116f62bd-93c1-4f62-9915-8cafbbe16e97"} 
[2026-08-20 09:17:02] testing.INFO: export.generated {"audit_id":"01m0ekkk5z12gkhjw19610ye46","actor_id":"01m0ekkk50y7sxhag07d7djcs9","target":":","request_id":"78d95f61-542c-40a4-b597-2d91d49512b1"} 
[2026-08-20 09:30:16] local.INFO: syllabus.updated {"audit_id":"01m0embtnq7xxgesacxfbmzdd9","actor_id":"01m09q7kvqfnm27cyeyww19n7h","target":"Course:01m0ehdraj63ghjv3vdkcp2gtf","request_id":"23115dc7-2fb1-424e-b50d-a71ecac22aa1"} 
[2026-08-20 09:42:42] testing.INFO: payment.submitted {"audit_id":"01m0en2ke73qyjaa3yq56h7gnz","actor_id":"01m0en2k7m7ze9j10gv10rb0rn","target":"Payment:01m0en2ke4g3etyp3r56khdv9x","request_id":"ea7e83d0-947e-47e5-8948-0dcfa5de8acb"} 
[2026-08-20 09:42:43] testing.INFO: payment.approved_at_capture {"audit_id":"01m0en2kv72wz0yahmm9fkhea4","actor_id":"01m0en2k7m7ze9j10gv10rb0rn","target":"Payment:01m0en2ke4g3etyp3r56khdv9x","request_id":"ea7e83d0-947e-47e5-8948-0dcfa5de8acb"} 
[2026-08-20 09:42:43] testing.INFO: payment.submitted {"audit_id":"01m0en2m2sekx7e027hxh8tw5e","actor_id":"01m0en2m1k024qbpx1y47wdvc8","target":"Payment:01m0en2m2rrmh8yqqhwxf6dg94","request_id":"3df05baa-3ba7-4407-9d29-9ed14eb66f43"} 
[2026-08-20 09:42:43] testing.INFO: payment.approved {"audit_id":"01m0en2ma17j27037bmc3kp16f","actor_id":"01m0en2m1n2q2bwd0fa5k3rq83","target":"Payment:01m0en2m2rrmh8yqqhwxf6dg94","request_id":"ac946e75-e7e1-4fe2-b971-f9beb9a135a0"} 
[2026-08-20 09:42:43] testing.INFO: payment.submitted {"audit_id":"01m0en2mf6nvqkwbe9k4yfh4yv","actor_id":"01m0en2me9af6j3e5fnd6zf9jn","target":"Payment:01m0en2mf4qr59kz8sj10aa4dp","request_id":"2bda75fa-03a0-44e8-b8c8-80974354c147"} 
[2026-08-20 09:42:43] testing.INFO: payment.approved_at_capture {"audit_id":"01m0en2mnfpwrxbdqxrvnn5r6p","actor_id":"01m0en2me9af6j3e5fnd6zf9jn","target":"Payment:01m0en2mf4qr59kz8sj10aa4dp","request_id":"2bda75fa-03a0-44e8-b8c8-80974354c147"} 
[2026-08-20 09:42:44] testing.INFO: payment.submitted {"audit_id":"01m0en2mpd0wz51pbbzsjcx7e6","actor_id":"01m0en2me9af6j3e5fnd6zf9jn","target":"Payment:01m0en2mpaw2r2d0xhc541a06b","request_id":"317a10e0-097a-4859-8d3f-6ca1b07913a8"} 
[2026-08-20 09:42:44] testing.INFO: payment.approved {"audit_id":"01m0en2mxk1wjpw6mbdm36k946","actor_id":"01m0en2meb5tbpzbtc4094a4jf","target":"Payment:01m0en2mpaw2r2d0xhc541a06b","request_id":"102f6c95-e73b-4372-888d-80ea74904bf9"} 
[2026-08-20 09:50:26] testing.INFO: settings.updated {"audit_id":"01m0engqyddbtk0vjxhfe32k78","actor_id":"01m0engqvpmcadttrke0ke5jys","target":":","request_id":"25d831b8-00be-4185-8dfc-792dc842ca54"} 
[2026-08-20 09:50:26] testing.INFO: settings.updated {"audit_id":"01m0engrccnzk5kbr40v8bpwgk","actor_id":"01m0engrbyg1wckrt8y8pgc10a","target":":","request_id":"71d167e3-2aac-4097-abd7-983befd3fea9"} 
[2026-08-20 09:50:26] testing.INFO: role.updated {"audit_id":"01m0engrr5t0czbg211sq7n5cr","actor_id":"01m0engrqk7et7n4xxnkfk9x88","target":"Role:01m0engrmry8kqntjbkc3xzw16","request_id":"1145a9da-1194-4ecc-969d-c8c3f2d1005c"} 
[2026-08-20 09:50:27] testing.INFO: settings.payment_method_qr_updated {"audit_id":"01m0engs1npn42ybvvh8cfr2vs","actor_id":"01m0engrz8z0qc1zw20sw00546","target":"PaymentMethod:01m0engrxpdmkfv4vfh5jmqxbs","request_id":"5a24d055-68f3-421b-ba2c-39874df0ca5d"} 
[2026-08-20 09:50:27] testing.INFO: settings.payment_method_qr_removed {"audit_id":"01m0engs286rat85bd7be69c3x","actor_id":"01m0engrz8z0qc1zw20sw00546","target":"PaymentMethod:01m0engrxpdmkfv4vfh5jmqxbs","request_id":"f23420d7-1cd8-4b43-88a2-9f64c79cfe59"} 
[2026-08-20 09:50:27] testing.INFO: settings.updated {"audit_id":"01m0engsc756z5s225m4ckd6v5","actor_id":"01m0engsbs0ykpwk12wqe7x3k5","target":":","request_id":"00dd78ed-f639-48ed-83b9-dc6ba4518b88"} 
[2026-08-20 09:50:27] testing.INFO: faq.created {"audit_id":"01m0engsjjz8ccaftmj8vt8yg1","actor_id":"01m0engshzq6aqyhxa1nqvq5w3","target":"Faq:01m0engsjgt48ky3qam220nv8e","request_id":"31326b5c-3a2b-4a4c-8948-48cb801b2ca8"} 
[2026-08-20 09:50:27] testing.INFO: faq.updated {"audit_id":"01m0engsk01ntqh9nsvn7wdvp0","actor_id":"01m0engshzq6aqyhxa1nqvq5w3","target":"Faq:01m0engsjgt48ky3qam220nv8e","request_id":"cc36d257-aeff-4795-8cfc-c089fcbe49ec"} 
[2026-08-20 09:50:27] testing.INFO: faq.deleted {"audit_id":"01m0engskkn80mx1qt4v7xrk23","actor_id":"01m0engshzq6aqyhxa1nqvq5w3","target":"Faq:01m0engsjgt48ky3qam220nv8e","request_id":"8773ef78-5fbc-4ec7-934e-4a09b39983b2"} 
[2026-08-20 09:50:28] testing.INFO: attempt.started {"audit_id":"01m0engt5frb93587pstqehm6d","actor_id":"01m0engt4g66wx596stnqjv534","target":"TestAttempt:01m0engt5c81555b26p1tgtxns","request_id":"c2ef3b0f-8529-42bc-a4cb-369d39e798cc"} 
[2026-08-20 09:50:28] testing.INFO: attempt.started {"audit_id":"01m0engtgm69nxyms590gr4nvf","actor_id":"01m0engtg1jnb42fxjthcst6w4","target":"TestAttempt:01m0engtgkfr3n9pqj98s48nnf","request_id":"39a059b3-548a-4970-b7dd-47472b06cd72"} 
[2026-08-20 09:50:28] testing.INFO: attempt.started {"audit_id":"01m0ength1xejsqpcxcpvh8v2r","actor_id":"01m0engtg1jnb42fxjthcst6w4","target":"TestAttempt:01m0engtgkfr3n9pqj98s48nnf","request_id":"d6d3756e-ecc9-4cf4-88d4-51a5be76c6ea"} 
[2026-08-20 09:50:28] testing.INFO: attempt.started {"audit_id":"01m0engtp7jkkt8x4s8a5n8yxw","actor_id":"01m0engtnph5tdnf6a1vhbg33s","target":"TestAttempt:01m0engtp5emj902wwe8t0pp7d","request_id":"94a1e101-a998-453c-a837-935802a4a169"} 
[2026-08-20 09:50:29] testing.INFO: attempt.started {"audit_id":"01m0engty2tkqxbg4yaact7fm4","actor_id":"01m0engtxbwy95fapfzs4g47my","target":"TestAttempt:01m0engty16n2g7tk13kf4v0ad","request_id":"d30a0c0f-50c3-4115-8589-105d6aefe032"} 
[2026-08-20 09:50:29] testing.INFO: attempt.submitted {"audit_id":"01m0engtyw9pd6ck6mgkaejbrc","actor_id":"01m0engtxbwy95fapfzs4g47my","target":"TestAttempt:01m0engty16n2g7tk13kf4v0ad","request_id":"21f5a78b-2d75-4dd0-86f8-f996f3ef512d"} 
[2026-08-20 09:50:29] testing.INFO: auth.logged_in {"audit_id":"01m0engvb3qj6dh5wbjp4tk7jy","actor_id":"01m0engvahvmv112m6s5be2h93","target":"User:01m0engvahvmv112m6s5be2h93","request_id":"11302f8d-027d-41b5-b90f-eacb919e2fa9"} 
[2026-08-20 09:50:29] testing.INFO: auth.logged_out {"audit_id":"01m0engvbt1kyq5g6rjpqtnk36","actor_id":"01m0engvahvmv112m6s5be2h93","target":"User:01m0engvahvmv112m6s5be2h93","request_id":"1cd45230-c877-47db-bd22-771c63332030"} 
[2026-08-20 09:50:29] testing.INFO: auth.logged_in {"audit_id":"01m0engvc36599450k6351vtxr","actor_id":"01m0engvahvmv112m6s5be2h93","target":"User:01m0engvahvmv112m6s5be2h93","request_id":"7fb27664-e260-42ca-b401-710e9caa81c9"} 
[2026-08-20 09:50:30] testing.INFO: auth.account_locked {"audit_id":"01m0engvrkc344pspdhcmvv4vy","actor_id":"01m0engvqa25pz2s061j772ybg","target":"User:01m0engvqa25pz2s061j772ybg","request_id":"03068ff5-f31f-42e3-906d-f0377ccb413a"} 
[2026-08-20 09:50:30] testing.INFO: auth.password_changed {"audit_id":"01m0engvzy1mwe1ag768pjje5d","actor_id":"01m0engvyhnngs4c7jmy3gh6w1","target":"User:01m0engvyhnngs4c7jmy3gh6w1","request_id":"c13a6b75-6920-457c-acc1-d9e3709e03fb"} 
[2026-08-20 09:50:30] testing.INFO: account.profile_updated {"audit_id":"01m0engw6vyvkh4629jr8ej1rz","actor_id":"01m0engw6c3vmtb12b51qtfqe1","target":"User:01m0engw6c3vmtb12b51qtfqe1","request_id":"921ef1cb-f0c8-46b5-98c8-6d036f20f567"} 
[2026-08-20 09:50:30] testing.INFO: course.updated {"audit_id":"01m0engwkdxpjy3ftx87zqca39","actor_id":"01m0engwjhsggsgw1bhp2j4q14","target":"Course:01m0engwjm8ccsbpeagbp2c6hg","request_id":"2a44b4ce-06b6-46f7-bab8-1729f762ab39"} 
[2026-08-20 09:50:31] testing.INFO: course.updated {"audit_id":"01m0engwt34zqks6hmxtgca0w0","actor_id":"01m0engwsgk31m3t3k3wzr1s01","target":"Course:01m0engwsk5qjqd754fjk7ax1z","request_id":"58ce68f1-0235-476e-bd4e-db6c96132f25"} 
[2026-08-20 09:50:31] testing.INFO: course.thumbnail_updated {"audit_id":"01m0engx34pd2c7rkyxb3r8qe2","actor_id":"01m0engx1kbc12snh44kd2m0q7","target":"Course:01m0engx1qf8gbnqw4n6farmmy","request_id":"ba163f3e-f195-4eed-a561-ad51ff51e0dc"} 
[2026-08-20 09:50:31] testing.INFO: course.thumbnail_updated {"audit_id":"01m0engx49w5rsv4dkfa160xvs","actor_id":"01m0engx1kbc12snh44kd2m0q7","target":"Course:01m0engx1qf8gbnqw4n6farmmy","request_id":"9f042fb2-0946-4363-90a9-a00fceb3973a"} 
[2026-08-20 09:50:31] testing.INFO: course.thumbnail_updated {"audit_id":"01m0engxbvzfdpwse7x9k9cnmk","actor_id":"01m0engxavnq3nny48xzw02hsz","target":"Course:01m0engxaxkx5watvbc0vwyqsz","request_id":"43f15c5a-5b64-4186-8299-dcf54c97fafa"} 
[2026-08-20 09:50:31] testing.INFO: course.thumbnail_removed {"audit_id":"01m0engxc7dxqz318mjbrfjv80","actor_id":"01m0engxavnq3nny48xzw02hsz","target":"Course:01m0engxaxkx5watvbc0vwyqsz","request_id":"f8862267-522c-4c83-93fc-8400569cb99c"} 
[2026-08-20 09:50:31] testing.INFO: course.thumbnail_updated {"audit_id":"01m0engxpdfs99kdf0187n7vjn","actor_id":"01m0engxm3ns5p3k4ksha2atzy","target":"Course:01m0engxm61vmn1wx3t6kg81nx","request_id":"8e54aafe-7179-4a11-a031-6aa62f078893"} 
[2026-08-20 09:50:33] testing.INFO: payment.approved {"audit_id":"01m0engzg7nt3fq7gaprps2xg9","actor_id":"01m0engyhhgcpp83ej6qmawp7n","target":"Payment:01m0engyj5chgm6edabyz5j3wh","request_id":"43f7e340-e154-4509-8201-cb34c90c3f76"} 
[2026-08-20 09:50:34] testing.INFO: auth.logged_in {"audit_id":"01m0enh06hn11e7h9qdwshf4d8","actor_id":"01m0enh05gbk5gmq7qesrvn2bq","target":"User:01m0enh05gbk5gmq7qesrvn2bq","request_id":"ae3086be-9413-45a0-a4a3-1b573a77bd73"} 
[2026-08-20 09:50:34] testing.INFO: auth.logged_out {"audit_id":"01m0enh077r5rby34f7wp8sc3k","actor_id":"01m0enh05gbk5gmq7qesrvn2bq","target":"User:01m0enh05gbk5gmq7qesrvn2bq","request_id":"e33cc437-9c96-488f-8561-8f662d536a35"} 
[2026-08-20 09:50:34] testing.INFO: auth.logged_in {"audit_id":"01m0enh07n0v66v1nn555n9qgw","actor_id":"01m0enh05gbk5gmq7qesrvn2bq","target":"User:01m0enh05gbk5gmq7qesrvn2bq","request_id":"c6b0a266-5bd5-49e3-b581-6a73d68328fa"} 
[2026-08-20 09:50:34] testing.INFO: auth.logged_in {"audit_id":"01m0enh0dtb71vtm451fnqyk92","actor_id":"01m0enh0dej43fcac7aj6vvwka","target":"User:01m0enh0dej43fcac7aj6vvwka","request_id":"04cf6c5a-6be9-4f9e-b028-f892d58264c8"} 
[2026-08-20 09:50:34] testing.INFO: user.devices_reset {"audit_id":"01m0enh0jc7xk7b54d262bphsc","actor_id":"01m0enh0hq7f035j6peqe6zefq","target":"User:01m0enh0hs0a0ker39k6nxm6n9","request_id":"6c6b731f-c609-4491-809e-0036d6d1951a"} 
[2026-08-20 09:50:35] testing.INFO: settings.updated {"audit_id":"01m0enh13f7eyyrq4bfrgam718","actor_id":"01m0enh130rj6t3vvrpz92wm43","target":":","request_id":"e935dece-0287-46ce-9e40-bcac72a3b50b"} 
[2026-08-20 09:50:35] testing.INFO: settings.updated {"audit_id":"01m0enh182c33wyx9yfe7srsb1","actor_id":"01m0enh17n5mzp4tmqjrrz0yka","target":":","request_id":"5f6b7e1a-9e68-4a3d-92e3-fbcd261f2cc4"} 
[2026-08-20 09:50:35] testing.INFO: settings.updated {"audit_id":"01m0enh18dfhsb2ksnkbmq51g9","actor_id":"01m0enh17n5mzp4tmqjrrz0yka","target":":","request_id":"17bc0ead-1900-4d96-9fe8-0c194da77d9a"} 
[2026-08-20 09:50:35] testing.INFO: settings.institution_logo_updated {"audit_id":"01m0enh1hp2cqvj5s9ykgm5btv","actor_id":"01m0enh1h3vvvtay51ddg2wfp0","target":":","request_id":"1cc57c31-4c51-4986-9493-5c6c85fd7c72"} 
[2026-08-20 09:50:35] testing.INFO: settings.institution_logo_updated {"audit_id":"01m0enh1j8xa7bhg5er552tj2g","actor_id":"01m0enh1h3vvvtay51ddg2wfp0","target":":","request_id":"5c208ac8-5607-4741-9585-a50ab5c59c31"} 
[2026-08-20 09:50:35] testing.INFO: settings.institution_logo_removed {"audit_id":"01m0enh1jjaa4az4xkt5dnv3ek","actor_id":"01m0enh1h3vvvtay51ddg2wfp0","target":":","request_id":"b4dc95de-ad7a-472a-960f-05ff67210a1b"} 
[2026-08-20 09:50:36] testing.INFO: settings.institution_favicon_updated {"audit_id":"01m0enh1qnghjfxy6nd1g8c4r9","actor_id":"01m0enh1pwv25mqapqkygg15h3","target":":","request_id":"c63f6be3-26b6-4fba-902b-5daa9644c7da"} 
[2026-08-20 09:50:36] testing.INFO: settings.updated {"audit_id":"01m0enh1wmgp6s0ete3pgxtecx","actor_id":"01m0enh1w3v4b4a6rn27tqzb4x","target":":","request_id":"9f3d3a93-904d-4bfd-8ca1-0e60d4dadba7"} 
[2026-08-20 09:50:37] testing.INFO: payment.approved {"audit_id":"01m0enh2wnp5zjfpdr5vtkesfn","actor_id":"01m0enh2p3nk7v60fw6ge1bc4m","target":"Payment:01m0enh2p5ked7tj1gs3bcckre","request_id":"eac32dd9-69c8-4ce0-85f0-5ce4d516d23d"} 
[2026-08-20 09:50:37] testing.INFO: payment.approved {"audit_id":"01m0enh37s010g9zmke225a66y","actor_id":"01m0enh30v49etsqwsdp3h89nv","target":"Payment:01m0enh30xgjfafq57v1bykpkh","request_id":"12b681ca-088b-4cf5-8668-8c153eca4046"} 
[2026-08-20 09:50:38] testing.INFO: payment.approved {"audit_id":"01m0enh3s743q1snrmkdvwkykr","actor_id":"01m0enh3j459rp3vpbdtv99jeb","target":"Payment:01m0enh3j85cxyfx2ch3hgxyq0","request_id":"5bb0927c-90a1-4b6c-86e4-f1a19b36a74c"} 
[2026-08-20 09:50:38] testing.INFO: payment.rejected {"audit_id":"01m0enh3yew0tdxacfmv9rdte5","actor_id":"01m0enh3xwz5mv38q4z4wznbsn","target":"Payment:01m0enh3y08r12cpga4m340y8a","request_id":"f86e259e-9ea4-45af-94bf-44ee2f8c9d5e"} 
[2026-08-20 09:50:38] testing.INFO: refund.recorded {"audit_id":"01m0enh4e9k0dn210exhspq4vq","actor_id":"01m0enh4dfhfwgtj4sfjmc53y2","target":"Refund:01m0enh4e7sc0cba5n2wnjgj8r","request_id":"eb2799a3-8d4c-4642-bbd9-2c652197ff54"} 
[2026-08-20 09:50:38] testing.INFO: refund.processed {"audit_id":"01m0enh4f1pg2192fqthqtfcah","actor_id":"01m0enh4dkmgc77hbx803h4yba","target":"Refund:01m0enh4e7sc0cba5n2wnjgj8r","request_id":"4c662205-9b3f-4f5e-861c-719209c73931"} 
[2026-08-20 09:50:41] testing.INFO: user.suspend {"audit_id":"01m0enh6rhj08xkztn4km92h80","actor_id":"01m0enh6qkv29c4kr38qjr9ctj","target":"User:01m0enh6qr3cmxwtjt3ghgh7n2","request_id":"335d472b-f400-42e8-a8ca-9597d548673c"} 
[2026-08-20 09:50:41] testing.INFO: user.archived {"audit_id":"01m0enh6ykqgaam172zawrmkyf","actor_id":"01m0enh6x2r3hvzc4wc0mvwhrk","target":"User:01m0enh6xaajf5762wgkw4qhe8","request_id":"a22d6ee4-b2b1-4c2c-808b-f5426dab0884"} 
[2026-08-20 09:50:41] testing.INFO: user.archived {"audit_id":"01m0enh75rraw4hf0dpxssxqzh","actor_id":"01m0enh75jea3x4thvks039zc2","target":"User:01m0enh756raf05288xzy13syx","request_id":"3dd3b051-8a9b-4176-a69e-a449434ebe47"} 
[2026-08-20 09:50:41] testing.INFO: user.updated {"audit_id":"01m0enh7a7cssn7y74hmphs05p","actor_id":"01m0enh79sgmjk45yxv155r7c0","target":"User:01m0enh79wtd98jyesda692t63","request_id":"8c631111-d07b-4f7b-8ed2-4539c44798b9"} 
[2026-08-20 09:50:42] testing.INFO: test.published {"audit_id":"01m0enh7z9rv4qhma9a54a0zgx","actor_id":"01m0enh7y6fbxn71yfb2pe4tx3","target":"Test:01m0enh7ya2rz0jn41dc8efjvm","request_id":"cbf07a43-59c8-4b79-99dc-85be9f36b6a8"} 
[2026-08-20 09:50:43] testing.INFO: payment.submitted {"audit_id":"01m0enh90v49x6xhqz0vrkqeem","actor_id":"01m0enh8ztnhy6y1hn7e0jjrqx","target":"Payment:01m0enh90s7vby6ceksydgtf0k","request_id":"509d130c-fb38-4482-a994-685cd7f0ee5b"} 
[2026-08-20 09:50:43] testing.INFO: payment.approved_at_capture {"audit_id":"01m0enh97ertjzegkjdz32z24y","actor_id":"01m0enh8ztnhy6y1hn7e0jjrqx","target":"Payment:01m0enh90s7vby6ceksydgtf0k","request_id":"509d130c-fb38-4482-a994-685cd7f0ee5b"} 
[2026-08-20 09:50:43] testing.INFO: payment.submitted {"audit_id":"01m0enh9cz4j4rbmm2yk28c1y7","actor_id":"01m0enh9bxhgeeetx4kfmzt03e","target":"Payment:01m0enh9cx4pnc78mrjpf90rqa","request_id":"6cdb0836-b9b3-4573-885c-a513f0c97fd2"} 
[2026-08-20 09:50:44] testing.INFO: payment.approved {"audit_id":"01m0enh9mmetvn8g0keczc2e51","actor_id":"01m0enh9bzvv8ep3qm8mjd2cm1","target":"Payment:01m0enh9cx4pnc78mrjpf90rqa","request_id":"cab40d77-348f-4722-87ce-fca5af9bf9cd"} 
[2026-08-20 09:50:44] testing.INFO: payment.submitted {"audit_id":"01m0enh9v5ast7fmcprh0g8scv","actor_id":"01m0enh9sryftgarmczeyvch1w","target":"Payment:01m0enh9v4662xmajw4yy5snb1","request_id":"271526a5-e0d2-4cb1-800a-ee89c0d7426d"} 
[2026-08-20 09:50:44] testing.INFO: payment.approved_at_capture {"audit_id":"01m0enha1zb3j1bc61hk7rj4n1","actor_id":"01m0enh9sryftgarmczeyvch1w","target":"Payment:01m0enh9v4662xmajw4yy5snb1","request_id":"271526a5-e0d2-4cb1-800a-ee89c0d7426d"} 
[2026-08-20 09:50:44] testing.INFO: payment.submitted {"audit_id":"01m0enha3a03reh7g4tj04h7r5","actor_id":"01m0enh9sryftgarmczeyvch1w","target":"Payment:01m0enha377yped7k803ed4wrw","request_id":"59792e2d-ef72-4b1f-8a05-022c8ea7c203"} 
[2026-08-20 09:50:44] testing.INFO: payment.approved {"audit_id":"01m0enhabetjynnb26rx5xh9dd","actor_id":"01m0enh9svvy9akgrqwtaa1f0y","target":"Payment:01m0enha377yped7k803ed4wrw","request_id":"a514650a-90d6-4b45-817a-9eecefa24006"} 
[2026-08-20 09:50:45] testing.INFO: course.created {"audit_id":"01m0enhak26dzv3y5apf2j8zgf","actor_id":"01m0enhaj8zka4ak3j4fm417dp","target":"Course:01m0enhak0mhvghqvsq89wygzv","request_id":"407d0697-5f2d-467c-b046-dbe2c2a95ce0"} 
[2026-08-20 09:50:45] testing.INFO: category.created {"audit_id":"01m0enhark0nk80ddc3rd5endt","actor_id":"01m0enhaqz2vsc8q0anrsaa4a3","target":"Category:01m0enharg1a925afxb533cegj","request_id":"ba9548e0-1b93-4e01-bdd7-8abd862f1597"} 
[2026-08-20 09:50:45] testing.INFO: syllabus.updated {"audit_id":"01m0enhaznr7pt4zxbt8004dfg","actor_id":"01m0enhayw92e9zs4nj1mbf5kt","target":"Course:01m0enhayzwshz21ff09p2gypp","request_id":"a720d7ff-f027-497d-9d9b-fac5a183c301"} 
[2026-08-20 09:50:45] testing.INFO: export.generated {"audit_id":"01m0enhb488j5p69zqg6tcmh86","actor_id":"01m0enhb3pj8qsbgphf2va79w7","target":":","request_id":"d016d589-4ca3-4eb8-90e8-f0e2251caabd"} 
[2026-08-20 09:50:47] testing.INFO: recording.deleted {"audit_id":"01m0enhcre0pkn0z4hgafy1307","actor_id":"01m0enhcqrd0n2pe5641rrr27x","target":"Recording:01m0enhcqt404c591n22acxprz","request_id":"fa573967-cc3a-4ee0-a954-52dbb9c9229b"} 
[2026-08-20 11:39:35] local.INFO: payment.rejected {"audit_id":"01m0evrkjbh7na0xzfp8z9cq4s","actor_id":"01m09q7kvqfnm27cyeyww19n7h","target":"Payment:01m09xzpdgfjmen2gr0t0z4565","request_id":"2cff868c-0f10-48d1-9c9b-b05c2f3a4803"} 
[2026-08-20 11:40:24] local.INFO: payment.proof_viewed {"audit_id":"01m0evt3yv235mgv0ezcrky5sa","actor_id":"01m09q7kvqfnm27cyeyww19n7h","target":"Payment:01m0ej74t10pjg9csy75wj4he6","request_id":"74c5bfc1-de93-4762-b66f-0ba436296122"} 
[2026-08-20 11:40:25] local.INFO: payment.proof_viewed {"audit_id":"01m0evt4988dppwc40h8kb2w5b","actor_id":"01m09q7kvqfnm27cyeyww19n7h","target":"Payment:01m0ej74t10pjg9csy75wj4he6","request_id":"e7825a33-7c2a-4415-aeda-dcc69d2145d9"} 
[2026-08-20 11:40:30] local.INFO: payment.proof_viewed {"audit_id":"01m0evt9qpyz4d73mzf2mzye93","actor_id":"01m09q7kvqfnm27cyeyww19n7h","target":"Payment:01m0ej74t10pjg9csy75wj4he6","request_id":"52e11be0-ee7d-4eef-a38c-8e467a084a3c"} 
[2026-08-20 11:49:50] testing.INFO: settings.updated {"audit_id":"01m0ewbcwae0kvxhw96w428xm2","actor_id":"01m0ewbcte9pwz7e022ddm8h71","target":":","request_id":"137c8cff-7425-45b1-a2f7-052974d60a77"} 
[2026-08-20 11:49:51] testing.INFO: settings.updated {"audit_id":"01m0ewbd52mvm1wtdq41mgb4nh","actor_id":"01m0ewbd4sedznay1wz99kta3t","target":":","request_id":"8810f350-bb03-4289-b42d-8d3c88ff3d27"} 
[2026-08-20 11:49:51] testing.INFO: role.updated {"audit_id":"01m0ewbdbza2f3sr1w9wn6pas0","actor_id":"01m0ewbdbkv84tdcq1n4dgy8h1","target":"Role:01m0ewbda5123hd1k9hp4k1pyp","request_id":"d614eaba-654e-4d60-a3c6-80291a8a9ceb"} 
[2026-08-20 11:49:51] testing.INFO: settings.payment_method_qr_updated {"audit_id":"01m0ewbdgzc1x7kqewew4zv4b0","actor_id":"01m0ewbdfjggk1n68bjptnwrrg","target":"PaymentMethod:01m0ewbdetpr56k3yj8368ggc4","request_id":"56f469b4-84a0-4b68-925c-93736a2ea5d5"} 
[2026-08-20 11:49:51] testing.INFO: settings.payment_method_qr_removed {"audit_id":"01m0ewbdhas4qrgnrns884zgcn","actor_id":"01m0ewbdfjggk1n68bjptnwrrg","target":"PaymentMethod:01m0ewbdetpr56k3yj8368ggc4","request_id":"443f7888-3794-4a97-a262-d55f859e2d11"} 
[2026-08-20 11:49:51] testing.INFO: settings.updated {"audit_id":"01m0ewbdr25v6kdqj3mf82f4x8","actor_id":"01m0ewbdqq2p4fsjhb2h9svf8d","target":":","request_id":"7174135f-a66d-428d-a6e5-36003370309c"} 
[2026-08-20 11:49:51] testing.INFO: faq.created {"audit_id":"01m0ewbdvydxhawe3sn20vrhp5","actor_id":"01m0ewbdvh64p9nwt9s9aq0j5j","target":"Faq:01m0ewbdvx02ec4j9kt718ks0q","request_id":"b5c61cf5-9146-4732-be14-628dade190a4"} 
[2026-08-20 11:49:51] testing.INFO: faq.updated {"audit_id":"01m0ewbdw76268jj77qpx77412","actor_id":"01m0ewbdvh64p9nwt9s9aq0j5j","target":"Faq:01m0ewbdvx02ec4j9kt718ks0q","request_id":"2fac468c-81f2-410f-a860-a35ff7a33227"} 
[2026-08-20 11:49:51] testing.INFO: faq.deleted {"audit_id":"01m0ewbdwk58mhazdj0rdj4vc9","actor_id":"01m0ewbdvh64p9nwt9s9aq0j5j","target":"Faq:01m0ewbdvx02ec4j9kt718ks0q","request_id":"3fe4c071-8f4f-4e3a-9d5d-bfd6d4531367"} 
[2026-08-20 11:49:52] testing.INFO: attempt.started {"audit_id":"01m0ewbe6yzrj3tz1b55kce893","actor_id":"01m0ewbe6cmwf37egqqf5hg0r7","target":"TestAttempt:01m0ewbe6w0qszj4sq5bmkc0kp","request_id":"36e6c16d-43fe-4578-bd73-1b72d8fda512"} 
[2026-08-20 11:49:52] testing.INFO: attempt.started {"audit_id":"01m0ewbee3zccmhzpbab8j8qrw","actor_id":"01m0ewbedpma3hbwdsgvccrd4j","target":"TestAttempt:01m0ewbee2xva3e8pkak36sjkz","request_id":"d7fa48b7-51ba-4b0b-9fc1-fae0eb4ed835"} 
[2026-08-20 11:49:52] testing.INFO: attempt.started {"audit_id":"01m0ewbeebsfbb1bsy4bkh0nhr","actor_id":"01m0ewbedpma3hbwdsgvccrd4j","target":"TestAttempt:01m0ewbee2xva3e8pkak36sjkz","request_id":"13d55172-4fda-432b-9022-68a8c5929e92"} 
[2026-08-20 11:49:52] testing.INFO: attempt.started {"audit_id":"01m0ewbehs7r4w3d6h27hs4gsr","actor_id":"01m0ewbehd6nv3f7ncna003k7y","target":"TestAttempt:01m0ewbehr7mya9p6bs13rf88w","request_id":"149a4027-0cde-4006-a3ad-383f71de32b1"} 
[2026-08-20 11:49:52] testing.INFO: attempt.started {"audit_id":"01m0ewbep1fh99tq0m4n8727hx","actor_id":"01m0ewbenn3m94pph7380a2xk8","target":"TestAttempt:01m0ewbep0ecerp529wjk1hzcg","request_id":"c348968f-89b6-457a-898f-e2c4c6f7f881"} 
[2026-08-20 11:49:52] testing.INFO: attempt.submitted {"audit_id":"01m0ewbepj4qnxj845je6wea6a","actor_id":"01m0ewbenn3m94pph7380a2xk8","target":"TestAttempt:01m0ewbep0ecerp529wjk1hzcg","request_id":"6b1ba59f-e790-48f5-ba91-1a17b83e81f3"} 
[2026-08-20 11:49:53] testing.INFO: auth.logged_in {"audit_id":"01m0ewbexnnpzewdyt7v90qddv","actor_id":"01m0ewbex7eawey2mnwkmrtfm3","target":"User:01m0ewbex7eawey2mnwkmrtfm3","request_id":"bcccd655-db91-473e-8b8e-54a470a27ee9"} 
[2026-08-20 11:49:53] testing.INFO: auth.logged_out {"audit_id":"01m0ewbey9524687r4f28sr8s7","actor_id":"01m0ewbex7eawey2mnwkmrtfm3","target":"User:01m0ewbex7eawey2mnwkmrtfm3","request_id":"6119bfa1-04be-401a-a8ae-f4294ba311a3"} 
[2026-08-20 11:49:53] testing.INFO: auth.logged_in {"audit_id":"01m0ewbeyeet8tcfegpnbgcgs9","actor_id":"01m0ewbex7eawey2mnwkmrtfm3","target":"User:01m0ewbex7eawey2mnwkmrtfm3","request_id":"80dadb41-69ee-4245-a5e0-88eef5ca27fa"} 
[2026-08-20 11:49:53] testing.INFO: auth.account_locked {"audit_id":"01m0ewbf5ac4z5r861mbcgez0m","actor_id":"01m0ewbf4kj1qt6v4ax1pd1rqt","target":"User:01m0ewbf4kj1qt6v4ax1pd1rqt","request_id":"f0e08470-d96a-4e81-abb4-cd197f65ada2"} 
[2026-08-20 11:49:53] testing.INFO: auth.password_changed {"audit_id":"01m0ewbf9937q0shvwbrm2516v","actor_id":"01m0ewbf8fh0dqhw2cp7sct1ez","target":"User:01m0ewbf8fh0dqhw2cp7sct1ez","request_id":"3bccee27-5dc8-459f-b820-949872aa22bb"} 
[2026-08-20 11:49:53] testing.INFO: account.profile_updated {"audit_id":"01m0ewbfck6smztqta6kah5253","actor_id":"01m0ewbfcbq4m9zhyc9ngevj9c","target":"User:01m0ewbfcbq4m9zhyc9ngevj9c","request_id":"a7004307-53ff-4a91-8e6a-33747d92f1c4"} 
[2026-08-20 11:49:53] testing.INFO: course.updated {"audit_id":"01m0ewbfkqysh8kb2m34m77zr5","actor_id":"01m0ewbfk5dfrv8zha9w9gf1va","target":"Course:01m0ewbfk7rre2hy15w80tppxb","request_id":"7519f891-1e32-47fb-b8d7-684192e17021"} 
[2026-08-20 11:49:53] testing.INFO: course.updated {"audit_id":"01m0ewbfqdfmqccxmc6vc8157q","actor_id":"01m0ewbfq0400vsa0kb21ena19","target":"Course:01m0ewbfq1g1gav8h16h5rbpvt","request_id":"412dcf24-85ad-4332-a75a-b6be6c50e716"} 
[2026-08-20 11:49:53] testing.INFO: course.thumbnail_updated {"audit_id":"01m0ewbfvaa8f84egh1za8a43h","actor_id":"01m0ewbfthe7szycedn5xyt394","target":"Course:01m0ewbftkxns77f8j5dr2ycc2","request_id":"2a08bb3f-e765-4ea5-9ccd-bbe2b6d313ac"} 
[2026-08-20 11:49:54] testing.INFO: course.thumbnail_updated {"audit_id":"01m0ewbfvxb7j0cdwaev439s0c","actor_id":"01m0ewbfthe7szycedn5xyt394","target":"Course:01m0ewbftkxns77f8j5dr2ycc2","request_id":"e6ae3331-b912-4e37-b6f6-3bc050761306"} 
[2026-08-20 11:49:54] testing.INFO: course.thumbnail_updated {"audit_id":"01m0ewbfzxe8jtjbh5svzyq1k4","actor_id":"01m0ewbfzb423p0tyqf7qn4gyc","target":"Course:01m0ewbfzdhwr2mnbv4t96ma5b","request_id":"201d8ad3-81e5-44e2-bc22-46e6558346f7"} 
[2026-08-20 11:49:54] testing.INFO: course.thumbnail_removed {"audit_id":"01m0ewbg07y7qcqa97gtvrgavv","actor_id":"01m0ewbfzb423p0tyqf7qn4gyc","target":"Course:01m0ewbfzdhwr2mnbv4t96ma5b","request_id":"d85884b6-0d25-4be3-b4bb-f7883775e2ef"} 
[2026-08-20 11:49:54] testing.INFO: course.thumbnail_updated {"audit_id":"01m0ewbg3zm1j4etya2hj0zsrw","actor_id":"01m0ewbg3bmbap3r4fx6bdnktp","target":"Course:01m0ewbg3dmazq9y4rc5kh9f0d","request_id":"31c8db49-3d54-432f-8064-9e5eb2553885"} 
[2026-08-20 11:49:55] testing.INFO: payment.approved {"audit_id":"01m0ewbgv1g25sg4dq243hhfsw","actor_id":"01m0ewbge68wta8njf7byfxshs","target":"Payment:01m0ewbgeby0n0tpd78tq89qg0","request_id":"0af32ac4-5308-4d56-b0c7-bfc87fab00d4"} 
[2026-08-20 11:49:55] testing.INFO: auth.logged_in {"audit_id":"01m0ewbh2n51vx7rxe25jfjeef","actor_id":"01m0ewbh2bcvegc6904d02c645","target":"User:01m0ewbh2bcvegc6904d02c645","request_id":"88d5c745-9328-4ee9-9fa3-58422d8b50aa"} 
[2026-08-20 11:49:55] testing.INFO: auth.logged_out {"audit_id":"01m0ewbh2v5x4xzse33bhr3pkc","actor_id":"01m0ewbh2bcvegc6904d02c645","target":"User:01m0ewbh2bcvegc6904d02c645","request_id":"c8a309c4-75be-4ffa-ac7a-d03c13f238fc"} 
[2026-08-20 11:49:55] testing.INFO: auth.logged_in {"audit_id":"01m0ewbh32r4y5kdck6hkn0q8j","actor_id":"01m0ewbh2bcvegc6904d02c645","target":"User:01m0ewbh2bcvegc6904d02c645","request_id":"32ff3c24-a5a9-41e4-94bf-10910215ba17"} 
[2026-08-20 11:49:55] testing.INFO: auth.logged_in {"audit_id":"01m0ewbh6bxx4z87tjd42pqrns","actor_id":"01m0ewbh64amrtd09p69f755my","target":"User:01m0ewbh64amrtd09p69f755my","request_id":"e753fd10-3ca6-47f9-891a-d0d556a908bb"} 
[2026-08-20 11:49:55] testing.INFO: user.devices_reset {"audit_id":"01m0ewbha1q2f8bwepg0zrxrvk","actor_id":"01m0ewbh9ja0acbs76eax56jn8","target":"User:01m0ewbh9mpner5bb8jyghhkgh","request_id":"4a46e817-2e03-44c8-8c01-a3b9148000e8"} 
[2026-08-20 11:49:55] testing.INFO: settings.updated {"audit_id":"01m0ewbhq3ckw098x3z7crbwcd","actor_id":"01m0ewbhpszsfankxa5dn7k4rs","target":":","request_id":"63717611-67e7-4924-8765-6d8d29a5c2d8"} 
[2026-08-20 11:49:56] testing.INFO: settings.updated {"audit_id":"01m0ewbhtkne3e8fqk3hwp0wcz","actor_id":"01m0ewbht9kcvwn1ewn83f0mg6","target":":","request_id":"9931147a-0f2e-4407-a1ec-d26edcf78dbc"} 
[2026-08-20 11:49:56] testing.INFO: settings.updated {"audit_id":"01m0ewbhtw6834ycb4r6x6xcyq","actor_id":"01m0ewbht9kcvwn1ewn83f0mg6","target":":","request_id":"9d0c7cb1-c718-4e4c-937b-17125bfec47e"} 
[2026-08-20 11:49:56] testing.INFO: settings.institution_logo_updated {"audit_id":"01m0ewbj254j07v6g0wqne76ea","actor_id":"01m0ewbj1qxak3c4d9sfrx3myd","target":":","request_id":"73811543-5511-47d7-8f9e-aebb89197a42"} 
[2026-08-20 11:49:56] testing.INFO: settings.institution_logo_updated {"audit_id":"01m0ewbj2mk1q347000h5nkmzj","actor_id":"01m0ewbj1qxak3c4d9sfrx3myd","target":":","request_id":"6ea4f8a6-a8f0-4e68-b635-95dea7292a4f"} 
[2026-08-20 11:49:56] testing.INFO: settings.institution_logo_removed {"audit_id":"01m0ewbj2vw4m1vn7bjk4ekee7","actor_id":"01m0ewbj1qxak3c4d9sfrx3myd","target":":","request_id":"905671bb-d6b7-4a3d-a7de-0e4763d27a9e"} 
[2026-08-20 11:49:56] testing.INFO: settings.institution_favicon_updated {"audit_id":"01m0ewbj6ejme4qvcazsdzb0zx","actor_id":"01m0ewbj617jday1zws8bthz1v","target":":","request_id":"915d96f3-9657-4fe1-8153-d63b2589d862"} 
[2026-08-20 11:49:56] testing.INFO: settings.updated {"audit_id":"01m0ewbja9965ht81k1h5p4qz8","actor_id":"01m0ewbj9zs32szttar76v9k2g","target":":","request_id":"c82c2352-b8e3-4dad-a2f7-316f6f2e628c"} 
[2026-08-20 11:49:57] testing.INFO: payment.approved {"audit_id":"01m0ewbk1p405p0sheyw263s5g","actor_id":"01m0ewbjvnhn79rt1s8z6ykh9b","target":"Payment:01m0ewbjvp3mzq90rpksgvhvq5","request_id":"bcca8c17-a9f4-4ebd-9bb1-7fb631d810d4"} 
[2026-08-20 11:49:57] testing.INFO: payment.approved {"audit_id":"01m0ewbkb0661we79n1bcjrn84","actor_id":"01m0ewbk4z2wadwehgpmef5mwd","target":"Payment:01m0ewbk51rtq55d98skv19p7z","request_id":"a77280f1-28ab-49f1-818d-7fdf26b3fddc"} 
[2026-08-20 11:49:58] testing.INFO: payment.approved {"audit_id":"01m0ewbkrqz1r30n9jnx02pe56","actor_id":"01m0ewbkjyzafwdcs66cg3r97d","target":"Payment:01m0ewbkjz13fvg3n5cex91qmx","request_id":"9f8f5522-37f7-4af5-bca7-6abae71ef41c"} 
[2026-08-20 11:49:58] testing.INFO: payment.rejected {"audit_id":"01m0ewbkwk1gehfp5vxsbj040j","actor_id":"01m0ewbkw6vwcbagmy662h41x5","target":"Payment:01m0ewbkw7temjxp7sm3ayn0dt","request_id":"638aae2a-c072-429b-a750-e07a3f364ba5"} 
[2026-08-20 11:49:58] testing.INFO: refund.recorded {"audit_id":"01m0ewbm72vbmar6s5x034ez5j","actor_id":"01m0ewbm6dngamvb774gzajent","target":"Refund:01m0ewbm7133mfzy3ca7wckyvj","request_id":"1ab667c9-f36f-4101-ba12-d3996eea30d4"} 
[2026-08-20 11:49:58] testing.INFO: refund.processed {"audit_id":"01m0ewbm7kfvvm5t797qw9hyc1","actor_id":"01m0ewbm6fb08f1f2pk62h21a4","target":"Refund:01m0ewbm7133mfzy3ca7wckyvj","request_id":"2cb321fe-018f-4194-a719-7f1f6fccda43"} 
[2026-08-20 11:50:00] testing.INFO: user.suspend {"audit_id":"01m0ewbp29zm0936rp4h2mf976","actor_id":"01m0ewbp1g87c5sshfdhsx0wph","target":"User:01m0ewbp1mejz9kcebvd6d89wa","request_id":"df265027-a38e-4528-b16e-3e6d8997d76f"} 
[2026-08-20 11:50:00] testing.INFO: user.archived {"audit_id":"01m0ewbp6g2yj7z6zd31xsvsfg","actor_id":"01m0ewbp5hn6rektrdzemx81nv","target":"User:01m0ewbp5q2f74rmh0tzskhx77","request_id":"159fab5c-ff03-464c-b8c4-fe40c5ec52e8"} 
[2026-08-20 11:50:00] testing.INFO: user.archived {"audit_id":"01m0ewbpad6fq014wcayvkdx78","actor_id":"01m0ewbpa7r35taykb372pdtb9","target":"User:01m0ewbp9wcescahajg8cdjdk9","request_id":"bafbb5cf-e2fb-4aef-aa4e-a2d6b29c4522"} 
[2026-08-20 11:50:00] testing.INFO: user.updated {"audit_id":"01m0ewbpdtacfp8tjw19j57jxt","actor_id":"01m0ewbpdgcag7e4d0abpwjxn1","target":"User:01m0ewbpdj7sbacpcqwv4w91g7","request_id":"0053325c-ba3b-488d-84d0-b5e59fccfb71"} 
[2026-08-20 11:50:01] testing.INFO: test.published {"audit_id":"01m0ewbpx7vn65274gpp0px8de","actor_id":"01m0ewbpwct6sa5hnwdh1y4nb3","target":"Test:01m0ewbpwgjfqmt6yqfcea9azn","request_id":"57e2d9c6-9675-4075-8f53-ed9822e69edc"} 
[2026-08-20 11:50:02] testing.INFO: payment.submitted {"audit_id":"01m0ewbqzqwzk8ts82dsh0rr3r","actor_id":"01m0ewbqysddysb23t43a4ja5a","target":"Payment:01m0ewbqznxye23e2whahb1m8j","request_id":"d4fc7e2b-5aae-4c51-85be-3881d3a3e484"} 
[2026-08-20 11:50:02] testing.INFO: payment.approved_at_capture {"audit_id":"01m0ewbr61cxkaytxj62287w0b","actor_id":"01m0ewbqysddysb23t43a4ja5a","target":"Payment:01m0ewbqznxye23e2whahb1m8j","request_id":"d4fc7e2b-5aae-4c51-85be-3881d3a3e484"} 
[2026-08-20 11:50:02] testing.INFO: payment.submitted {"audit_id":"01m0ewbravbgs99dwy0p1hwjbz","actor_id":"01m0ewbr9zh04c71yc1ehz43yv","target":"Payment:01m0ewbrat8d301my6ehmmpg5y","request_id":"fbc0eeb0-ccf1-4a37-95a7-365d04efe968"} 
[2026-08-20 11:50:02] testing.INFO: payment.approved {"audit_id":"01m0ewbrh2md6fvsg4cet1hhz0","actor_id":"01m0ewbra1wsz35btq13f3gc18","target":"Payment:01m0ewbrat8d301my6ehmmpg5y","request_id":"378a44c4-88b6-433e-b036-58552bc01d32"} 
[2026-08-20 11:50:03] testing.INFO: payment.submitted {"audit_id":"01m0ewbrpkte1sfjvg9xmkt4sw","actor_id":"01m0ewbrnee99yytf4fpbvenyk","target":"Payment:01m0ewbrpgrnvmycckxf5544jm","request_id":"20c547b0-e28b-46d7-a206-fca0a92ed5c3"} 
[2026-08-20 11:50:03] testing.INFO: payment.approved_at_capture {"audit_id":"01m0ewbrwy79vkh3n8rbqsas85","actor_id":"01m0ewbrnee99yytf4fpbvenyk","target":"Payment:01m0ewbrpgrnvmycckxf5544jm","request_id":"20c547b0-e28b-46d7-a206-fca0a92ed5c3"} 
[2026-08-20 11:50:03] testing.INFO: payment.submitted {"audit_id":"01m0ewbry15tcf01jxkdtym2t5","actor_id":"01m0ewbrnee99yytf4fpbvenyk","target":"Payment:01m0ewbry0svtjzckwn705rvgt","request_id":"ffbdcd71-40c2-4913-b6d2-356a37cb412d"} 
[2026-08-20 11:50:03] testing.INFO: payment.approved {"audit_id":"01m0ewbs4n2jkgp59ehyv8ms4h","actor_id":"01m0ewbrngverd8m15jjhj1a1j","target":"Payment:01m0ewbry0svtjzckwn705rvgt","request_id":"a3dadd7a-65f1-4e46-9943-02e5df87e5d3"} 
[2026-08-20 11:50:03] testing.INFO: course.created {"audit_id":"01m0ewbs8nsrwzrnhzvjtw24f4","actor_id":"01m0ewbs84cgv18m9t3eryqfsx","target":"Course:01m0ewbs8mjz69p50jkmed2x1x","request_id":"8e78345b-45f3-4348-a7c8-28f20b35742b"} 
[2026-08-20 11:50:03] testing.INFO: category.created {"audit_id":"01m0ewbsc75hq5kd6x1q64tc2z","actor_id":"01m0ewbsbtsjmxw5q8k7hg6f88","target":"Category:01m0ewbsc6wk2qrjb08vnt57cf","request_id":"27d54cef-c055-4957-a4ff-eb005fd9dcad"} 
[2026-08-20 11:50:03] testing.INFO: syllabus.updated {"audit_id":"01m0ewbsfgkawrqqzpctex9n6h","actor_id":"01m0ewbsf25x8zkxtt65ev5v6z","target":"Course:01m0ewbsf44y2c0mdnd5cfjfp7","request_id":"717b33cd-33fc-4cfc-8336-60cf21e4e61f"} 
[2026-08-20 11:50:03] testing.INFO: export.generated {"audit_id":"01m0ewbskqwp01m5974h2vttkv","actor_id":"01m0ewbsk64yh44bxgkfn64vdq","target":":","request_id":"50ff438c-0d83-4799-87a7-696bee89ba11"} 
[2026-08-20 11:50:05] testing.INFO: recording.deleted {"audit_id":"01m0ewbtrpz7xd868xgqk0w8hb","actor_id":"01m0ewbtqz0gvy96npgwft57de","target":"Recording:01m0ewbtr1b3frkj8nhzpj0b1x","request_id":"3039cb2e-a4d3-4099-83a5-dd6525cc70f1"} 
[2026-08-20 11:50:30] testing.INFO: course.thumbnail_updated {"audit_id":"01m0ewck11ggatt42av1g89bk8","actor_id":"01m0ewcjyjrj768mkscd41rfn7","target":"Course:01m0ewcjypcr0ch80h9xcsm7s8","request_id":"a782ec16-5de8-484f-99c3-0712b933bb01"} 
[2026-08-20 11:50:30] testing.INFO: course.updated {"audit_id":"01m0ewck6y66ftn27pptvpbyh4","actor_id":"01m0ewck6c1fxyezpkf1vyv6hj","target":"Course:01m0ewck6ehrm4a0ncge60rxhr","request_id":"516c0192-b5e8-4efc-9061-abb23ac38229"} 
[2026-08-20 11:50:30] testing.INFO: settings.payment_method_qr_updated {"audit_id":"01m0ewckaq5g01vgqpjap7e009","actor_id":"01m0ewcka8xjvv8d9vaqw2xgva","target":"PaymentMethod:01m0ewcka5xcme4tj588rqy4a0","request_id":"3ccb51d1-eea2-470a-ab6b-5638e6547cd7"} 
[2026-08-20 11:50:30] testing.INFO: settings.institution_logo_updated {"audit_id":"01m0ewcke6cxp9kmksg64q0hba","actor_id":"01m0ewckdqbe7xd3d89emvmb1y","target":":","request_id":"97be56f5-e03b-45c6-8252-126363f6a10c"} 
[2026-08-20 11:50:44] testing.INFO: course.thumbnail_updated {"audit_id":"01m0ewd0xmxbkze6twqganryph","actor_id":"01m0ewd0v40neq02f3k01qns51","target":"Course:01m0ewd0v7sm9fp49y7xvpfwyx","request_id":"d97741d2-7490-405c-9c09-62afef28bd7d"} 
[2026-08-20 11:50:44] testing.INFO: course.updated {"audit_id":"01m0ewd12jr86r4pqs2mrj3t1v","actor_id":"01m0ewd1213jv805azg9h259vk","target":"Course:01m0ewd123t8n62ye3rf6fp148","request_id":"9b11eae7-5b0d-4ffd-9d30-ebac3dac09b4"} 
[2026-08-20 11:50:44] testing.INFO: settings.payment_method_qr_updated {"audit_id":"01m0ewd16ezw6k93cjs7xj481j","actor_id":"01m0ewd15y851tmq8b49vhabzb","target":"PaymentMethod:01m0ewd15t5g7s7z7rrtk9y9k3","request_id":"6331bfaf-b0e9-465a-908b-c06664184951"} 
[2026-08-20 11:50:44] testing.INFO: settings.institution_logo_updated {"audit_id":"01m0ewd19zjw0bzs9vmyd0c2gk","actor_id":"01m0ewd19gggxtve9qh43v9z89","target":":","request_id":"c0568956-a08c-4d1c-aa46-94a6f53e18eb"} 
[2026-08-20 11:52:10] testing.INFO: settings.updated {"audit_id":"01m0ewfn4nsq6yk4crwqezghae","actor_id":"01m0ewfn3dbzcwtadrdbcx4mpf","target":":","request_id":"37346516-7e0a-4060-a137-34059834a026"} 
[2026-08-20 11:52:10] testing.INFO: settings.updated {"audit_id":"01m0ewfncmmez9y271xjqf3knb","actor_id":"01m0ewfncbqa5chb61rkmx6exj","target":":","request_id":"9fab442c-c46c-4c89-939b-047c257f83d2"} 
[2026-08-20 11:52:10] testing.INFO: role.updated {"audit_id":"01m0ewfnk30eddbg72a39gxfxm","actor_id":"01m0ewfnjq5g5ym9ftc1cen50n","target":"Role:01m0ewfnhaa0czykzhq4fq2s2k","request_id":"5563b625-d3bf-4a83-8d07-236ed6bc7cec"} 
[2026-08-20 11:52:11] testing.INFO: settings.payment_method_qr_updated {"audit_id":"01m0ewfnpp6bwkqmga7t4qkjf9","actor_id":"01m0ewfnp2m74cs9g087t2n88d","target":"PaymentMethod:01m0ewfnnyjqv971padknvrm66","request_id":"459ca0e6-2969-42dd-b21e-af63a71af1b5"} 
[2026-08-20 11:52:11] testing.INFO: settings.payment_method_qr_removed {"audit_id":"01m0ewfnpxkde5452s4b5gjf0g","actor_id":"01m0ewfnp2m74cs9g087t2n88d","target":"PaymentMethod:01m0ewfnnyjqv971padknvrm66","request_id":"7ba5556f-5f96-496c-8afd-def93eaebf6e"} 
[2026-08-20 11:52:11] testing.INFO: settings.updated {"audit_id":"01m0ewfnxmg4ghrchtce218a8e","actor_id":"01m0ewfnx90ak33qg241en2dt2","target":":","request_id":"3e8abe19-cddb-4c3f-9117-15fe1131d79f"} 
[2026-08-20 11:52:11] testing.INFO: faq.created {"audit_id":"01m0ewfp1ngwewnezz9xr0qhwt","actor_id":"01m0ewfp1a7e5nfn8ztj1n68je","target":"Faq:01m0ewfp1m597m25f314cgejmm","request_id":"0493e831-cb6b-4c65-90cd-6539e7c7ce76"} 
[2026-08-20 11:52:11] testing.INFO: faq.updated {"audit_id":"01m0ewfp1xh39dhz4g6mnjddbn","actor_id":"01m0ewfp1a7e5nfn8ztj1n68je","target":"Faq:01m0ewfp1m597m25f314cgejmm","request_id":"616856e6-b934-44c0-9507-e15afd99f39c"} 
[2026-08-20 11:52:11] testing.INFO: faq.deleted {"audit_id":"01m0ewfp27jbe0zd1jykac0qg3","actor_id":"01m0ewfp1a7e5nfn8ztj1n68je","target":"Faq:01m0ewfp1m597m25f314cgejmm","request_id":"55076e5a-f818-4ec0-8dfa-a8b8383d2d8e"} 
[2026-08-20 11:52:11] testing.INFO: attempt.started {"audit_id":"01m0ewfpc5612fcx84rgvds22z","actor_id":"01m0ewfpbprkmew14dy1kavm16","target":"TestAttempt:01m0ewfpc4d8qye5exssy9fyg8","request_id":"ade42489-5638-474a-baa1-f46f2b486f67"} 
[2026-08-20 11:52:11] testing.INFO: attempt.started {"audit_id":"01m0ewfpk4w04g37xee0sh0j6w","actor_id":"01m0ewfpjpqgsye9he0p7xzxzx","target":"TestAttempt:01m0ewfpk3ez56qv4xfay3sbyx","request_id":"02382dbd-5b1c-47f4-9acc-69cd4a4ca58c"} 
[2026-08-20 11:52:11] testing.INFO: attempt.started {"audit_id":"01m0ewfpkchgtnk1s14pfcd3yz","actor_id":"01m0ewfpjpqgsye9he0p7xzxzx","target":"TestAttempt:01m0ewfpk3ez56qv4xfay3sbyx","request_id":"7c6f91f6-5803-498a-9043-e67d811c4c4d"} 
[2026-08-20 11:52:12] testing.INFO: attempt.started {"audit_id":"01m0ewfpq0dd4dke66dhecbn2c","actor_id":"01m0ewfppjg871bkhj5s8na1xc","target":"TestAttempt:01m0ewfppzfybp2nqd7q90wgv4","request_id":"9230e5f9-476d-489b-9167-38b79be8a802"} 
[2026-08-20 11:52:12] testing.INFO: attempt.started {"audit_id":"01m0ewfptv2vtfr701z6xtggjj","actor_id":"01m0ewfpteexs4zw6jvktmy6qc","target":"TestAttempt:01m0ewfptt2ef90n0d5fjra1yc","request_id":"1c521571-8c67-4915-ac0c-6fe7d66dd315"} 
[2026-08-20 11:52:12] testing.INFO: attempt.submitted {"audit_id":"01m0ewfpvb54k00bjgn4jes9ge","actor_id":"01m0ewfpteexs4zw6jvktmy6qc","target":"TestAttempt:01m0ewfptt2ef90n0d5fjra1yc","request_id":"7664b364-5ff2-46cc-90aa-8073dd67c177"} 
[2026-08-20 11:52:12] testing.INFO: auth.logged_in {"audit_id":"01m0ewfq290gyz2am6ns6w7ek2","actor_id":"01m0ewfq1xh0vdd4ykfa2v1saw","target":"User:01m0ewfq1xh0vdd4ykfa2v1saw","request_id":"56198064-eadb-42fa-8d3b-f75210cb9d73"} 
[2026-08-20 11:52:12] testing.INFO: auth.logged_out {"audit_id":"01m0ewfq2mkj9g54zbqad0cg9f","actor_id":"01m0ewfq1xh0vdd4ykfa2v1saw","target":"User:01m0ewfq1xh0vdd4ykfa2v1saw","request_id":"50559921-2841-485d-b727-dea2ae2a186b"} 
[2026-08-20 11:52:12] testing.INFO: auth.logged_in {"audit_id":"01m0ewfq2sg81vs4ppybzdz6m8","actor_id":"01m0ewfq1xh0vdd4ykfa2v1saw","target":"User:01m0ewfq1xh0vdd4ykfa2v1saw","request_id":"cfcbd0fd-f002-40ae-b89a-0c400037eacb"} 
[2026-08-20 11:52:12] testing.INFO: auth.account_locked {"audit_id":"01m0ewfq9x06hry88yddgx3r8h","actor_id":"01m0ewfq96073tegafm0f4dsw1","target":"User:01m0ewfq96073tegafm0f4dsw1","request_id":"eb2331b5-c30d-4594-a316-6e23fe956bc2"} 
[2026-08-20 11:52:12] testing.INFO: auth.password_changed {"audit_id":"01m0ewfqdgzm4rnm2j1vqt5ghk","actor_id":"01m0ewfqd04vw0w6g4b71n5h5t","target":"User:01m0ewfqd04vw0w6g4b71n5h5t","request_id":"ed5ec1ab-c87d-4663-8b65-5ee76d56ff46"} 
[2026-08-20 11:52:12] testing.INFO: account.profile_updated {"audit_id":"01m0ewfqgqh75rf5p5d17fkm40","actor_id":"01m0ewfqgfmdc0h0r1myshmrxf","target":"User:01m0ewfqgfmdc0h0r1myshmrxf","request_id":"b53e3000-1d04-4246-b4a9-5cdb1eb0e421"} 
[2026-08-20 11:52:13] testing.INFO: course.updated {"audit_id":"01m0ewfqqjq81gsq3z9xhx1snh","actor_id":"01m0ewfqq2xtmkxfjf177afg6j","target":"Course:01m0ewfqq317pa96jneq8t04vm","request_id":"7d281595-e64e-49df-9e98-fb9e65d29e06"} 
[2026-08-20 11:52:13] testing.INFO: course.updated {"audit_id":"01m0ewfqw182fbpb4vd9e6mzph","actor_id":"01m0ewfqvcb5vp3jmrcskvyeek","target":"Course:01m0ewfqvesrvw2w510dw63mwx","request_id":"0cd97106-cc7e-4f3a-89c3-5d29e507e5f6"} 
[2026-08-20 11:52:13] testing.INFO: course.thumbnail_updated {"audit_id":"01m0ewfqzrm2evh24s9n0smhkg","actor_id":"01m0ewfqz54v3t474kz85ygvbv","target":"Course:01m0ewfqz7zv8xf8tcq0thaqsg","request_id":"b31fc707-7f53-451e-89ef-46ad6d3eb90c"} 
[2026-08-20 11:52:13] testing.INFO: course.thumbnail_updated {"audit_id":"01m0ewfr08b43gqt3mrzzefn9y","actor_id":"01m0ewfqz54v3t474kz85ygvbv","target":"Course:01m0ewfqz7zv8xf8tcq0thaqsg","request_id":"7e6cb16d-6a85-4e63-9a37-8ab0013533c9"} 
[2026-08-20 11:52:13] testing.INFO: course.thumbnail_updated {"audit_id":"01m0ewfr3xsx9trhb8epfmpt0f","actor_id":"01m0ewfr3bsjs7swt47z7f0cf2","target":"Course:01m0ewfr3dfdzd7rcce66gxgr9","request_id":"8892a5b8-49ca-44c8-b922-f36b15eefb82"} 
[2026-08-20 11:52:13] testing.INFO: course.thumbnail_removed {"audit_id":"01m0ewfr46d7vmvrsha17133yv","actor_id":"01m0ewfr3bsjs7swt47z7f0cf2","target":"Course:01m0ewfr3dfdzd7rcce66gxgr9","request_id":"b9588555-745e-4838-b7e5-916b33a00b57"} 
[2026-08-20 11:52:13] testing.INFO: course.thumbnail_updated {"audit_id":"01m0ewfr7v7fksss57vtgydjpc","actor_id":"01m0ewfr7ag7wnt88kvn1amhw8","target":"Course:01m0ewfr7bec2ky8n7wr0yaqps","request_id":"507bea41-6f7c-48db-895b-e599cabe6776"} 
[2026-08-20 11:52:14] testing.INFO: payment.approved {"audit_id":"01m0ewfrtr09v9p5wnbz8cmm83","actor_id":"01m0ewfrjf5memc6p28x33sag7","target":"Payment:01m0ewfrjm5czfbdyxq436t5bj","request_id":"b194a68f-e8a8-4c96-b52e-1f5106067125"} 
[2026-08-20 11:52:14] testing.INFO: auth.logged_in {"audit_id":"01m0ewfs25y8jpr6qcv70n6mpz","actor_id":"01m0ewfs1wwdp0znvfsst4m7bc","target":"User:01m0ewfs1wwdp0znvfsst4m7bc","request_id":"c3fee0df-70a2-4e84-a5a2-e3ae22a4e37b"} 
[2026-08-20 11:52:14] testing.INFO: auth.logged_out {"audit_id":"01m0ewfs2ckzkqxes13b0as1f1","actor_id":"01m0ewfs1wwdp0znvfsst4m7bc","target":"User:01m0ewfs1wwdp0znvfsst4m7bc","request_id":"2c62a83f-2927-43fb-983c-02eb7ab32d3f"} 
[2026-08-20 11:52:14] testing.INFO: auth.logged_in {"audit_id":"01m0ewfs2jk418g71ste5mn7n1","actor_id":"01m0ewfs1wwdp0znvfsst4m7bc","target":"User:01m0ewfs1wwdp0znvfsst4m7bc","request_id":"7553d387-49fc-4368-90ef-31b6f5a6e52e"} 
[2026-08-20 11:52:14] testing.INFO: auth.logged_in {"audit_id":"01m0ewfs5teh0z8z85wgfcafba","actor_id":"01m0ewfs5kas78cpydp1805cnq","target":"User:01m0ewfs5kas78cpydp1805cnq","request_id":"42b1dfc5-174c-4c06-9090-4277ee9d5c9f"} 
[2026-08-20 11:52:14] testing.INFO: user.devices_reset {"audit_id":"01m0ewfs9sj6yk28eym6wtkr24","actor_id":"01m0ewfs9ah4aqkhbeyc259qpn","target":"User:01m0ewfs9ctd02t7vtkxxb3rb1","request_id":"907ec525-5973-401f-a049-41ca2ec6c739"} 
[2026-08-20 11:52:15] testing.INFO: settings.updated {"audit_id":"01m0ewfsp77vmvrza2vk27y1qr","actor_id":"01m0ewfsnxyzegc4a8xw9jz2c2","target":":","request_id":"133f3624-610c-4b6a-be03-cda2cb95fd0e"} 
[2026-08-20 11:52:15] testing.INFO: settings.updated {"audit_id":"01m0ewfsspyetsbfkenezd8qtx","actor_id":"01m0ewfssdhsk4x5aeb4nxbwnv","target":":","request_id":"9ea79a13-6a3d-4d8a-8221-923c2c0f4aca"} 
[2026-08-20 11:52:15] testing.INFO: settings.updated {"audit_id":"01m0ewfssz5wreg563bpf2kgj2","actor_id":"01m0ewfssdhsk4x5aeb4nxbwnv","target":":","request_id":"ebf7b40d-ec7e-42a4-8bfb-cae667ec8ad7"} 
[2026-08-20 11:52:15] testing.INFO: settings.institution_logo_updated {"audit_id":"01m0ewft19xp0qg38w451d89j1","actor_id":"01m0ewft0px0a1wgg3qjx6ppbg","target":":","request_id":"d13b4918-1d29-4d2f-b3c0-345663093b7f"} 
[2026-08-20 11:52:15] testing.INFO: settings.institution_logo_updated {"audit_id":"01m0ewft1qfhq1apwywbqrw8v9","actor_id":"01m0ewft0px0a1wgg3qjx6ppbg","target":":","request_id":"e309e6a3-0ae0-41a0-a54a-5fe685fda1e4"} 
[2026-08-20 11:52:15] testing.INFO: settings.institution_logo_removed {"audit_id":"01m0ewft1zew58mpvgpq1ds2gs","actor_id":"01m0ewft0px0a1wgg3qjx6ppbg","target":":","request_id":"e19f95a8-753b-4686-844f-466723ffb150"} 
[2026-08-20 11:52:15] testing.INFO: settings.institution_favicon_updated {"audit_id":"01m0ewft5jwh7c7mmacp68xtnf","actor_id":"01m0ewft56w70c1hm3f4sapz3n","target":":","request_id":"00b0449a-3ee9-4249-aa18-436df3d1919e"} 
[2026-08-20 11:52:15] testing.INFO: settings.updated {"audit_id":"01m0ewft98c2snhxhfq85tkev6","actor_id":"01m0ewft8ycdb6xfy0vq0mfass","target":":","request_id":"fabb8a47-0704-4606-8e96-7e688f611cf6"} 
[2026-08-20 11:52:16] testing.INFO: payment.approved {"audit_id":"01m0ewftzv1wm1fch5enza5js7","actor_id":"01m0ewftsr0x8h2ahwwdncgkcw","target":"Payment:01m0ewftss8ee9cdr7j9h91kdz","request_id":"9c7db8bd-afcb-4059-bbd9-855076233e9c"} 
[2026-08-20 11:52:16] testing.INFO: payment.approved {"audit_id":"01m0ewfv9eeh1301wzdxy7dqjb","actor_id":"01m0ewfv346jz9et0egdwefen4","target":"Payment:01m0ewfv365mdqtqsawkwc2349","request_id":"fa07ce78-fd26-454e-a15d-b66a0aef007f"} 
[2026-08-20 11:52:17] testing.INFO: payment.approved {"audit_id":"01m0ewfvp509psb7t5bveq6856","actor_id":"01m0ewfvga38a88a97wq03xwsx","target":"Payment:01m0ewfvgd0ncjagjvj4mbnpxk","request_id":"b4e09aaa-da25-44b4-b44d-63359a239390"} 
[2026-08-20 11:52:17] testing.INFO: payment.rejected {"audit_id":"01m0ewfvsreay6st4bckxy9phm","actor_id":"01m0ewfvsb6t2jskyrzj11tknf","target":"Payment:01m0ewfvsdh256f6n6zvb8nehk","request_id":"a6ec3849-0a94-430f-ad7b-bdbdd08b5e79"} 
[2026-08-20 11:52:17] testing.INFO: refund.recorded {"audit_id":"01m0ewfw47nq1yqazjrrhmecb0","actor_id":"01m0ewfw3nnhkcpxrf0hekbkhr","target":"Refund:01m0ewfw46wd805zgcfq0cb0g4","request_id":"164cf1d0-8331-4be9-8a33-f9674e324550"} 
[2026-08-20 11:52:17] testing.INFO: refund.processed {"audit_id":"01m0ewfw4s3xjhdac92pfzr33z","actor_id":"01m0ewfw3rh34zac1da9w1jzwh","target":"Refund:01m0ewfw46wd805zgcfq0cb0g4","request_id":"599f9115-be9a-4d77-b2a8-7075ea3b11c8"} 
[2026-08-20 11:52:19] testing.INFO: user.suspend {"audit_id":"01m0ewfxx6s69hpz8hvkj93vd7","actor_id":"01m0ewfxwdsmgxzghm2ztcpa3w","target":"User:01m0ewfxwhzaye1cnzx2nx47n5","request_id":"6f0d22b6-f531-47f6-80f3-25ee2d50c1fa"} 
[2026-08-20 11:52:19] testing.INFO: user.archived {"audit_id":"01m0ewfy1m56xek5jq78se79x4","actor_id":"01m0ewfy0m2yyhezwb29810dkd","target":"User:01m0ewfy0v1rgazx69pxkk4gk8","request_id":"3d2a3d16-7b15-4022-92fe-10d2e0ab1c33"} 
[2026-08-20 11:52:19] testing.INFO: user.archived {"audit_id":"01m0ewfy539xjve207v09wj61w","actor_id":"01m0ewfy4yy4barrsxwxr2mvqw","target":"User:01m0ewfy4kd2yv6kqsppswmrag","request_id":"763c14cc-287b-4055-a5b6-af06a26c1208"} 
[2026-08-20 11:52:19] testing.INFO: user.updated {"audit_id":"01m0ewfy8ec3xk241yds2wmay4","actor_id":"01m0ewfy82k2kga5s10m4r8n52","target":"User:01m0ewfy852gbdk86x2xatx6ac","request_id":"02da4be8-1857-4f83-947e-a777c0a8c9aa"} 
[2026-08-20 11:52:20] testing.INFO: test.published {"audit_id":"01m0ewfyqms2kz6wkejs4qzqgq","actor_id":"01m0ewfyph80aq52581qg92esa","target":"Test:01m0ewfypmkzmhhaad70fwvjme","request_id":"89d1f9d6-4426-4b05-bc4b-f6787f9f5bc6"} 
[2026-08-20 11:52:20] testing.INFO: course.thumbnail_updated {"audit_id":"01m0ewfyz5p34kfvax61wdk214","actor_id":"01m0ewfyybwgawqgt15e0g1ssc","target":"Course:01m0ewfyyc2avrb6ab17ke1wjn","request_id":"845fcd98-21a7-45e9-bd1f-1f2b136e3d53"} 
[2026-08-20 11:52:20] testing.INFO: course.updated {"audit_id":"01m0ewfz2gm6b38fraq8k5hm1t","actor_id":"01m0ewfz231x0a4rz7c0h93wyk","target":"Course:01m0ewfz25cd736cva5r1rh2aw","request_id":"7c725bec-84f5-409a-bb1d-3bc8e38c0ce6"} 
[2026-08-20 11:52:20] testing.INFO: settings.payment_method_qr_updated {"audit_id":"01m0ewfz62spts5z606bmj6fwf","actor_id":"01m0ewfz5m16rd6k6k1yhvpfbt","target":"PaymentMethod:01m0ewfz5g8z8bygqzfzfvxx1a","request_id":"c6299512-0d39-46c7-8c51-1c0945b59ed8"} 
[2026-08-20 11:52:20] testing.INFO: settings.institution_logo_updated {"audit_id":"01m0ewfz9pppm8wcssvpqk6yy3","actor_id":"01m0ewfz8zgw7mr9aecxnr43kd","target":":","request_id":"1dc878a9-a051-4e76-8bcb-b2776b4bd0ff"} 
[2026-08-20 11:52:21] testing.INFO: payment.submitted {"audit_id":"01m0ewg077srtr536mjez12qtb","actor_id":"01m0ewg06fsyxp3q1x20w5jtx0","target":"Payment:01m0ewg07549cg4r6r84wbe2gy","request_id":"72bbc985-3c2c-4a61-98b2-7ca888380dbf"} 
[2026-08-20 11:52:22] testing.INFO: payment.approved_at_capture {"audit_id":"01m0ewg0d4rj4kngy90rfwzqtx","actor_id":"01m0ewg06fsyxp3q1x20w5jtx0","target":"Payment:01m0ewg07549cg4r6r84wbe2gy","request_id":"72bbc985-3c2c-4a61-98b2-7ca888380dbf"} 
[2026-08-20 11:52:22] testing.INFO: payment.submitted {"audit_id":"01m0ewg0hb72x4x0rh2bgdx4eq","actor_id":"01m0ewg0gjqs1gpa5bt7crxmzj","target":"Payment:01m0ewg0h9ywsnrew4jbcd47je","request_id":"b2937d4a-42ca-4640-97c5-7bbcf4f1ea8b"} 
[2026-08-20 11:52:22] testing.INFO: payment.approved {"audit_id":"01m0ewg0qqyzd5f6n4eyyde7gv","actor_id":"01m0ewg0gmtjdhj9yznhz26b9s","target":"Payment:01m0ewg0h9ywsnrew4jbcd47je","request_id":"d00588ba-114c-49f6-b521-9ef89220f7d1"} 
[2026-08-20 11:52:22] testing.INFO: payment.submitted {"audit_id":"01m0ewg0vxt2z80vgy6r9hp6ev","actor_id":"01m0ewg0v44efyt1brgmeqmfz0","target":"Payment:01m0ewg0vw6znx4g4mn1bj9c0j","request_id":"023bf918-9379-415d-a991-2d8ead59d861"} 
[2026-08-20 11:52:22] testing.INFO: payment.approved_at_capture {"audit_id":"01m0ewg11mvzrhfg1fdj78x1pk","actor_id":"01m0ewg0v44efyt1brgmeqmfz0","target":"Payment:01m0ewg0vw6znx4g4mn1bj9c0j","request_id":"023bf918-9379-415d-a991-2d8ead59d861"} 
[2026-08-20 11:52:22] testing.INFO: payment.submitted {"audit_id":"01m0ewg12925ap08nwhrxzggve","actor_id":"01m0ewg0v44efyt1brgmeqmfz0","target":"Payment:01m0ewg127xy386pjgbqx6pjvh","request_id":"f3326eff-7676-4e0f-8479-429664289311"} 
[2026-08-20 11:52:22] testing.INFO: payment.approved {"audit_id":"01m0ewg18gc2dsncgmpzcm9pkb","actor_id":"01m0ewg0v5d27e3dqzv66vxg88","target":"Payment:01m0ewg127xy386pjgbqx6pjvh","request_id":"33b4245c-1f41-4f0d-addc-b8b5c58180ca"} 
[2026-08-20 11:52:23] testing.INFO: course.created {"audit_id":"01m0ewg1ce960h73a4bat5e2c5","actor_id":"01m0ewg1bxy072fm6a1531vxvw","target":"Course:01m0ewg1cdg62hymwxk7ev7zrw","request_id":"444a8bae-d638-42ee-8c47-7b0693135936"} 
[2026-08-20 11:52:23] testing.INFO: category.created {"audit_id":"01m0ewg1fv28c27cjq59c0gz0r","actor_id":"01m0ewg1fg7pc05pf8fer5rrrc","target":"Category:01m0ewg1fttfdmdggnr6e5xxx8","request_id":"bc313cb2-ccc0-4fcf-b32e-98eb83eb02f3"} 
[2026-08-20 11:52:23] testing.INFO: syllabus.updated {"audit_id":"01m0ewg1kbxnrys2d5d1c64a50","actor_id":"01m0ewg1jx07rnjn6c2k4z74g6","target":"Course:01m0ewg1jzbzpgt9kzch964tws","request_id":"99ca73c6-a204-4f9f-9270-f3fe47d750aa"} 
[2026-08-20 11:52:23] testing.INFO: export.generated {"audit_id":"01m0ewg1qdmj4zkr4fa7qk8fzm","actor_id":"01m0ewg1pz7fd8pqcf00ht1wc6","target":":","request_id":"e0faa6de-f089-404c-be01-23c02e24ee43"} 
[2026-08-20 11:52:24] testing.INFO: recording.deleted {"audit_id":"01m0ewg2vdhd1zz08622wp68e5","actor_id":"01m0ewg2tx8ypcy533w6q438rt","target":"Recording:01m0ewg2tyqwnhyg95b5e6mms8","request_id":"81655149-f3f7-4e02-b104-a02c10a023da"} 
[2026-08-20 11:56:35] local.INFO: payment.proof_viewed {"audit_id":"01m0ewqr5v3pgn57sfz3kkb8g4","actor_id":"01m09q7kvqfnm27cyeyww19n7h","target":"Payment:01m0ej74t10pjg9csy75wj4he6","request_id":"64f70e12-a575-4705-ab07-165e018d9c15"} 
[2026-08-20 11:56:36] local.INFO: payment.proof_viewed {"audit_id":"01m0ewqrh1atn3q7a3h2evgthy","actor_id":"01m09q7kvqfnm27cyeyww19n7h","target":"Payment:01m0ej74t10pjg9csy75wj4he6","request_id":"ffe36d2e-29ad-4e45-93ac-01cd1e82f4d0"} 
[2026-08-20 11:56:41] local.INFO: payment.proof_viewed {"audit_id":"01m0ewqxb2w3c23k7zyb3c94tx","actor_id":"01m09q7kvqfnm27cyeyww19n7h","target":"Payment:01m0ej74t10pjg9csy75wj4he6","request_id":"ed53d23c-4e76-4e1e-8723-82585231b40d"} 
[2026-08-20 11:56:41] local.INFO: payment.proof_viewed {"audit_id":"01m0ewqxq149rfvca7zqfb4ptj","actor_id":"01m09q7kvqfnm27cyeyww19n7h","target":"Payment:01m0ej74t10pjg9csy75wj4he6","request_id":"413d6e25-3e56-4306-b947-9f47b3541a1f"} 
[2026-08-20 11:56:44] local.INFO: payment.proof_viewed {"audit_id":"01m0ewr0cwds0c1zp2q6eyxtev","actor_id":"01m09q7kvqfnm27cyeyww19n7h","target":"Payment:01m0ej74t10pjg9csy75wj4he6","request_id":"7f3c1c52-67c0-4bed-9e5a-14e658db8cf7"} 
[2026-08-20 11:57:08] local.INFO: payment.proof_viewed {"audit_id":"01m0ewrr10bjh6xeh9d5wefg0d","actor_id":"01m09q7kvqfnm27cyeyww19n7h","target":"Payment:01m09y24czrt5azxw1t7txdsmh","request_id":"6c121a06-209e-48d1-a01f-bee749958d21"} 
[2026-08-20 11:57:08] local.INFO: payment.proof_viewed {"audit_id":"01m0ewrrb2r7jksqxr3gtnq7hc","actor_id":"01m09q7kvqfnm27cyeyww19n7h","target":"Payment:01m09y24czrt5azxw1t7txdsmh","request_id":"09686259-f20b-4868-a1ff-7e8986f0bcec"} 
[2026-08-20 12:07:17] testing.INFO: settings.updated {"audit_id":"01m0exbba8432tct98hfsd33z7","actor_id":"01m0exbb8ezj1q0jjy139se8zv","target":":","request_id":"0d27c055-b4c5-4833-ae4a-96be47dbb98b"} 
[2026-08-20 12:07:18] testing.INFO: settings.updated {"audit_id":"01m0exbbk61hegs86takt505jh","actor_id":"01m0exbbjwd7z6kf5n74q7dfy2","target":":","request_id":"990e17bd-253e-4654-9197-a6c40efc598a"} 
[2026-08-20 12:07:18] testing.INFO: role.updated {"audit_id":"01m0exbbt0dnz5v9tz5fpg358k","actor_id":"01m0exbbsnsp3ezeejrerqc6gp","target":"Role:01m0exbbr7wrz4rvq3mtxz7vr5","request_id":"9d78ae0a-e91c-4ede-9bb6-5d23dc35cf39"} 
[2026-08-20 12:07:18] testing.INFO: settings.payment_method_qr_updated {"audit_id":"01m0exbbyd7ykaqa2cb8d1ybc0","actor_id":"01m0exbbx1wdjxpy6ymrrehpf6","target":"PaymentMethod:01m0exbbwvbbyqyda1pskhx6s6","request_id":"bd5759e1-4fda-4291-8bd7-2ff4e3be6c9a"} 
[2026-08-20 12:07:18] testing.INFO: settings.payment_method_qr_removed {"audit_id":"01m0exbbywzt2522tfp6q3mfqk","actor_id":"01m0exbbx1wdjxpy6ymrrehpf6","target":"PaymentMethod:01m0exbbwvbbyqyda1pskhx6s6","request_id":"7eb07547-97b8-4c28-9183-3f3c828820a5"} 
[2026-08-20 12:07:18] testing.INFO: settings.updated {"audit_id":"01m0exbc5rpr1bhxzp3nvq9s54","actor_id":"01m0exbc5dvrtm81jtfehyq56w","target":":","request_id":"bd59dccd-bcbf-4183-84c0-99fe1f8ac87d"} 
[2026-08-20 12:07:18] testing.INFO: faq.created {"audit_id":"01m0exbc9xykvg0dg9rvgcgrdq","actor_id":"01m0exbc9gfjfgxbcqsv232k73","target":"Faq:01m0exbc9w2jtrj93htvq1qm1r","request_id":"bb85454a-43eb-4a2c-97ca-706089654200"} 
[2026-08-20 12:07:18] testing.INFO: faq.updated {"audit_id":"01m0exbca6t07rwqfg8t4ffsqh","actor_id":"01m0exbc9gfjfgxbcqsv232k73","target":"Faq:01m0exbc9w2jtrj93htvq1qm1r","request_id":"4dcf7708-736c-49a9-acbd-0c1ae88dd653"} 
[2026-08-20 12:07:18] testing.INFO: faq.deleted {"audit_id":"01m0exbcaja1cpym90axm3dr28","actor_id":"01m0exbc9gfjfgxbcqsv232k73","target":"Faq:01m0exbc9w2jtrj93htvq1qm1r","request_id":"1d27256b-e540-4e35-a14c-054521dfaa37"} 
[2026-08-20 12:07:19] testing.INFO: attempt.started {"audit_id":"01m0exbcmvedsc324y3t67v97v","actor_id":"01m0exbcm5r7vtwvbqbt25ane3","target":"TestAttempt:01m0exbcmt1ak82pxqx1rczyzm","request_id":"b4d1b063-109f-45cb-9269-e3e2d2c75da9"} 
[2026-08-20 12:07:19] testing.INFO: attempt.started {"audit_id":"01m0exbcw5fkfj9m3nfhmwv9kt","actor_id":"01m0exbcvr48cmqm9mbshxjqnd","target":"TestAttempt:01m0exbcw3yyjnet25mkch1bym","request_id":"b60e2c12-0ba0-456f-ab61-1a53a4ba3e9e"} 
[2026-08-20 12:07:19] testing.INFO: attempt.started {"audit_id":"01m0exbcwd4684ak4ha2ewvatg","actor_id":"01m0exbcvr48cmqm9mbshxjqnd","target":"TestAttempt:01m0exbcw3yyjnet25mkch1bym","request_id":"77793a34-0dc6-438b-94a8-df7ec2916a57"} 
[2026-08-20 12:07:19] testing.INFO: attempt.started {"audit_id":"01m0exbczw0emm3ddv8eg87csz","actor_id":"01m0exbczfk5ktq12k89s3nwc1","target":"TestAttempt:01m0exbczvnajvcs7p3eqhhqqh","request_id":"fb847830-ef65-4480-90bc-a11b334dc1b7"} 
[2026-08-20 12:07:19] testing.INFO: attempt.started {"audit_id":"01m0exbd3y9jyynj8a16a46kb3","actor_id":"01m0exbd3g174ym1ygcyaxwtk3","target":"TestAttempt:01m0exbd3xp3enmfvkyd6b9818","request_id":"1f4ecaee-69b8-473c-90c9-02662093a23c"} 
[2026-08-20 12:07:19] testing.INFO: attempt.submitted {"audit_id":"01m0exbd4gmm1prfp9kqs071zh","actor_id":"01m0exbd3g174ym1ygcyaxwtk3","target":"TestAttempt:01m0exbd3xp3enmfvkyd6b9818","request_id":"903bcb41-23d6-46d7-91bd-4a2f696405b3"} 
[2026-08-20 12:07:20] testing.INFO: auth.logged_in {"audit_id":"01m0exbdbp8q7s1aak52dnjf61","actor_id":"01m0exbdb705h17gqwm6xxvgfc","target":"User:01m0exbdb705h17gqwm6xxvgfc","request_id":"6fc556b0-ca33-4d59-be73-813c06422d57"} 
[2026-08-20 12:07:20] testing.INFO: auth.logged_out {"audit_id":"01m0exbdc7zm7y56wq6v2gdjfc","actor_id":"01m0exbdb705h17gqwm6xxvgfc","target":"User:01m0exbdb705h17gqwm6xxvgfc","request_id":"322417a2-f2c5-416c-9803-6ba92128f595"} 
[2026-08-20 12:07:20] testing.INFO: auth.logged_in {"audit_id":"01m0exbdccs365jz5qpd24jgs1","actor_id":"01m0exbdb705h17gqwm6xxvgfc","target":"User:01m0exbdb705h17gqwm6xxvgfc","request_id":"03e61adf-74d3-4979-9f15-f7100ba1c33c"} 
[2026-08-20 12:07:20] testing.INFO: auth.account_locked {"audit_id":"01m0exbdktzv7kbszem1emnc3d","actor_id":"01m0exbdk20etqfm23n8e2kx71","target":"User:01m0exbdk20etqfm23n8e2kx71","request_id":"f51e9eef-3455-43b2-a11c-97d2961819a2"} 
[2026-08-20 12:07:20] testing.INFO: auth.password_changed {"audit_id":"01m0exbdqrm38hna0ys0mkhbjg","actor_id":"01m0exbdq512phtcr37x36sd73","target":"User:01m0exbdq512phtcr37x36sd73","request_id":"463a0b09-7b19-4483-8894-afe7d4c0d949"} 
[2026-08-20 12:07:20] testing.INFO: account.profile_updated {"audit_id":"01m0exbdv589spmhxqr6xxqj5d","actor_id":"01m0exbdtv86mas40cwq9zy2pq","target":"User:01m0exbdtv86mas40cwq9zy2pq","request_id":"0b8ee766-141e-436f-b4f9-aa99fd528dad"} 
[2026-08-20 12:07:20] testing.INFO: course.updated {"audit_id":"01m0exbe2778y6nbg05hs7dzs9","actor_id":"01m0exbe1mrfm712ha9q9rr8my","target":"Course:01m0exbe1n0r6chb0pv61hah4s","request_id":"8deb4a75-b183-4bcb-bfb3-cfe099632ca4"} 
[2026-08-20 12:07:20] testing.INFO: course.updated {"audit_id":"01m0exbe6bwwjbwajp7jxka8ak","actor_id":"01m0exbe5pp09w03hrsh6ftzvs","target":"Course:01m0exbe5q2nbtrckcz6pvame8","request_id":"b7610539-0427-4b34-8c71-98e0ed6fceda"} 
[2026-08-20 12:07:21] testing.INFO: course.thumbnail_updated {"audit_id":"01m0exbea8n63qdhsgdrysrf49","actor_id":"01m0exbe9hecc4chb01ca1ks2g","target":"Course:01m0exbe9kf7y7226g71kj8nzt","request_id":"e8b52104-298c-4f4d-a29e-48764f124349"} 
[2026-08-20 12:07:21] testing.INFO: course.thumbnail_updated {"audit_id":"01m0exbeatcmjh322wdxsmpyv3","actor_id":"01m0exbe9hecc4chb01ca1ks2g","target":"Course:01m0exbe9kf7y7226g71kj8nzt","request_id":"8a7f9557-fc2f-461f-80ea-1414a6b64d7f"} 
[2026-08-20 12:07:21] testing.INFO: course.thumbnail_updated {"audit_id":"01m0exbeekr7ygcda29421ej6j","actor_id":"01m0exbee152nhsam74ncgtw4j","target":"Course:01m0exbee3csektm3q9zngqtwc","request_id":"0c0f5e1e-e2cc-4cb1-8182-d292dad02d47"} 
[2026-08-20 12:07:21] testing.INFO: course.thumbnail_removed {"audit_id":"01m0exbeew58hb3ek0vnf3jqbb","actor_id":"01m0exbee152nhsam74ncgtw4j","target":"Course:01m0exbee3csektm3q9zngqtwc","request_id":"13e6478c-8f67-44ad-8824-650320309e90"} 
[2026-08-20 12:07:21] testing.INFO: course.thumbnail_updated {"audit_id":"01m0exbejksy44t474tc804ypf","actor_id":"01m0exbej1wqe2839vgpzg4gmg","target":"Course:01m0exbej2w24g3a0v1h5wkwxh","request_id":"eaef57fe-c8ac-4975-a12d-274d5dfd371e"} 
[2026-08-20 12:07:22] testing.INFO: payment.approved {"audit_id":"01m0exbf9jzjg9hf3yqzqjknpf","actor_id":"01m0exbeyqc3q99dszwydmprpr","target":"Payment:01m0exbeywqe38haex2fw7fy0v","request_id":"5d6f34f1-3c2c-474a-9618-884fbabf685f"} 
[2026-08-20 12:07:22] testing.INFO: auth.logged_in {"audit_id":"01m0exbfgxekyfagvj97edr821","actor_id":"01m0exbfgmtw1f7h0a35aesymb","target":"User:01m0exbfgmtw1f7h0a35aesymb","request_id":"900c1364-20e0-4e08-93e9-12e78c527567"} 
[2026-08-20 12:07:22] testing.INFO: auth.logged_out {"audit_id":"01m0exbfh30rttnyxy51ftjcqk","actor_id":"01m0exbfgmtw1f7h0a35aesymb","target":"User:01m0exbfgmtw1f7h0a35aesymb","request_id":"51972189-f08c-4eb7-8a2f-c1ceb0a13698"} 
[2026-08-20 12:07:22] testing.INFO: auth.logged_in {"audit_id":"01m0exbfha1v905s47sk73jzbn","actor_id":"01m0exbfgmtw1f7h0a35aesymb","target":"User:01m0exbfgmtw1f7h0a35aesymb","request_id":"926c9504-4f16-41ce-b7c4-38a0781dec39"} 
[2026-08-20 12:07:22] testing.INFO: auth.logged_in {"audit_id":"01m0exbfmma9w1vg2rv4q123m4","actor_id":"01m0exbfmchsaxzvev2w69nf0s","target":"User:01m0exbfmchsaxzvev2w69nf0s","request_id":"83ae708b-17e6-423c-9045-f9fcf65b9c4f"} 
[2026-08-20 12:07:22] testing.INFO: user.devices_reset {"audit_id":"01m0exbfrg08eq210zh80f3gzb","actor_id":"01m0exbfqzz9cj4fjk9f7y3h5v","target":"User:01m0exbfr22tw0cprr8fqbq2h3","request_id":"a82828c9-07f0-4154-8749-fb427024d31d"} 
[2026-08-20 12:07:22] testing.INFO: settings.updated {"audit_id":"01m0exbg5gzgwfck7z4bhjrfrx","actor_id":"01m0exbg56evsk4tvn3jvx6fnz","target":":","request_id":"120ff22f-40b6-47db-883a-4b563860ea4f"} 
[2026-08-20 12:07:23] testing.INFO: settings.updated {"audit_id":"01m0exbg94z8596kw6ng8c1696","actor_id":"01m0exbg8te9p1z4qq9yeyv5td","target":":","request_id":"15c469b5-d1f2-4edf-bc72-15f0efd654c1"} 
[2026-08-20 12:07:23] testing.INFO: settings.updated {"audit_id":"01m0exbg9dw6n24cca2bh9pvbc","actor_id":"01m0exbg8te9p1z4qq9yeyv5td","target":":","request_id":"d1b5b0a5-5ea6-4808-9a3d-9df0ca14f631"} 
[2026-08-20 12:07:23] testing.INFO: settings.institution_logo_updated {"audit_id":"01m0exbggnmn7dmd0f81pt826c","actor_id":"01m0exbgg7zs39f5990pjntwv6","target":":","request_id":"157dcbd4-5738-4383-86bb-77ace8625dc9"} 
[2026-08-20 12:07:23] testing.INFO: settings.institution_logo_updated {"audit_id":"01m0exbgh3120rscz06mzw1f5d","actor_id":"01m0exbgg7zs39f5990pjntwv6","target":":","request_id":"a1c530d1-4e8c-47bc-b504-10eb7a22332e"} 
[2026-08-20 12:07:23] testing.INFO: settings.institution_logo_removed {"audit_id":"01m0exbghatty21mav2e6f1w4w","actor_id":"01m0exbgg7zs39f5990pjntwv6","target":":","request_id":"b4d63ba5-dc9a-47a7-ae54-00c1b1fc3550"} 
[2026-08-20 12:07:23] testing.INFO: settings.institution_favicon_updated {"audit_id":"01m0exbgmyhf4102knc3xp4qcq","actor_id":"01m0exbgmhtk11da22vfacxenm","target":":","request_id":"a308f7a6-ddb2-418e-addc-1b921cf10b96"} 
[2026-08-20 12:07:23] testing.INFO: settings.updated {"audit_id":"01m0exbgrtpc91zk0e79x6m61w","actor_id":"01m0exbgrgffg6vzaa07w1m85y","target":":","request_id":"0e172a5c-bc90-4493-a639-3cb2beb36423"} 
[2026-08-20 12:07:24] testing.INFO: payment.approved {"audit_id":"01m0exbhgahkb29m1d367ad92b","actor_id":"01m0exbha5h9b830chrrpk3tqe","target":"Payment:01m0exbha6679dr7p3j037vsv5","request_id":"05463e7d-e103-4928-be53-0d78da5a5ed0"} 
[2026-08-20 12:07:24] testing.INFO: payment.approved {"audit_id":"01m0exbhtc5gfn2bncrwtdasn0","actor_id":"01m0exbhkj81qvj5f7p2pjnh9h","target":"Payment:01m0exbhkms0dt28h376r4mw1b","request_id":"a4c28e4e-a1e3-48d3-a9b6-ef4ca789c4f2"} 
[2026-08-20 12:07:25] testing.INFO: payment.approved {"audit_id":"01m0exbj7hhtxzdw09014q0e6s","actor_id":"01m0exbj1mchzy3m7k4ceha49c","target":"Payment:01m0exbj1p7wgerkhzxbxvzsha","request_id":"f2ff3956-7176-4c7b-9f0c-8bcff639281a"} 
[2026-08-20 12:07:25] testing.INFO: payment.rejected {"audit_id":"01m0exbjbkytcfx2g2pxsertnd","actor_id":"01m0exbjb4qsnez8vk189skh8g","target":"Payment:01m0exbjb6hr89c5j2qaqgk0s6","request_id":"1f67d8ae-1df4-4470-9297-61a25888f14d"} 
[2026-08-20 12:07:25] testing.INFO: refund.recorded {"audit_id":"01m0exbjpqdpvnxg1vwr37mzm8","actor_id":"01m0exbjp3ftsapz9da61eab60","target":"Refund:01m0exbjpnfwjefcny278zkfkm","request_id":"14882763-4638-43c4-90e0-7577e9933679"} 
[2026-08-20 12:07:25] testing.INFO: refund.processed {"audit_id":"01m0exbjq9j962rs5xjmkmzaas","actor_id":"01m0exbjp5b0gkmv0hfre2461x","target":"Refund:01m0exbjpnfwjefcny278zkfkm","request_id":"8c63095e-833b-4c2f-949b-6444405d1775"} 
[2026-08-20 12:07:27] testing.INFO: user.suspend {"audit_id":"01m0exbmejs1ygn3zpt9shfd0m","actor_id":"01m0exbmds8deay4bmc5h8c7a0","target":"User:01m0exbmdxdwk6awkhq424rh3r","request_id":"f91b7add-2276-4392-aa8c-f4b18aa225c0"} 
[2026-08-20 12:07:27] testing.INFO: user.archived {"audit_id":"01m0exbmk2b7wvfd7cc66hb3wc","actor_id":"01m0exbmj2be7g842f01cn0g6b","target":"User:01m0exbmj9xfjx4q9b7e9p6x28","request_id":"4f6ffc3f-51b5-4139-b50e-16e013818330"} 
[2026-08-20 12:07:27] testing.INFO: user.archived {"audit_id":"01m0exbmpkhpswm5yyhaqyft60","actor_id":"01m0exbmpegk3e1z4yfdmk9vgv","target":"User:01m0exbmp3errj0ga88h328fgn","request_id":"dee2619e-c4c2-44b5-931c-ffee28bb2801"} 
[2026-08-20 12:07:27] testing.INFO: user.updated {"audit_id":"01m0exbmt1npckrkj5ckwgc866","actor_id":"01m0exbmsn16karm10edx5qtb5","target":"User:01m0exbmssh9av49jbbkxqk9s4","request_id":"ba1d1a89-8e0c-4fb9-8fbe-93a33b58c0f4"} 
[2026-08-20 12:07:28] testing.INFO: test.published {"audit_id":"01m0exbn9gaj4n6hr904mqs9gw","actor_id":"01m0exbn8c1k5wyzfx086we71n","target":"Test:01m0exbn8gq95eq46mrw94w16a","request_id":"9d3fb96c-5d9a-40e9-80b4-7899c5e9d362"} 
[2026-08-20 12:07:28] testing.INFO: course.thumbnail_updated {"audit_id":"01m0exbngn4tr4hse6y8ykwjp4","actor_id":"01m0exbng2j3dq6saa29qfsrcy","target":"Course:01m0exbng49z73g2cf6f4jsqdt","request_id":"85cbc358-5ce4-4080-8721-441427b44efd"} 
[2026-08-20 12:07:28] testing.INFO: course.updated {"audit_id":"01m0exbnm5dkzhtwygavyw0zn9","actor_id":"01m0exbnkrsw8wz1mex1qz474c","target":"Course:01m0exbnksh5ax4y6dme9p7g47","request_id":"c4f184b4-d25a-4f0f-a3b8-69274bdab7c3"} 
[2026-08-20 12:07:28] testing.INFO: settings.payment_method_qr_updated {"audit_id":"01m0exbnqsdj2p28h9gm6e3bcg","actor_id":"01m0exbnqckrs2prtz7x5qds29","target":"PaymentMethod:01m0exbnq8zzmcjt5hagtf2htd","request_id":"fe56576e-5d64-47c0-92c1-dee2face5612"} 
[2026-08-20 12:07:28] testing.INFO: settings.institution_logo_updated {"audit_id":"01m0exbnvj6hytkaz7pnrfm6sj","actor_id":"01m0exbntsm5sfqf4njphny0xg","target":":","request_id":"748d7caf-3714-495d-a46b-2c821a5af4cb"} 
[2026-08-20 12:07:29] testing.INFO: payment.submitted {"audit_id":"01m0exbpvc7n5hrjv44zbg4vbv","actor_id":"01m0exbpthttf2gbqh85sw3bf3","target":"Payment:01m0exbpva0j3dq2f1f621m7nr","request_id":"07f90e15-5edb-4e01-861b-08c30fa97e13"} 
[2026-08-20 12:07:29] testing.INFO: payment.approved_at_capture {"audit_id":"01m0exbq192qxh2nny1apjcb39","actor_id":"01m0exbpthttf2gbqh85sw3bf3","target":"Payment:01m0exbpva0j3dq2f1f621m7nr","request_id":"07f90e15-5edb-4e01-861b-08c30fa97e13"} 
[2026-08-20 12:07:30] testing.INFO: payment.submitted {"audit_id":"01m0exbq5phxyk4rz8xhts7f21","actor_id":"01m0exbq4w1dcf2sbpr8sxzkd5","target":"Payment:01m0exbq5nfz94e9e6mk70b0rb","request_id":"a88aa13c-37fa-460c-b467-ab4c3970ffbf"} 
[2026-08-20 12:07:30] testing.INFO: payment.approved {"audit_id":"01m0exbqc2thnct5j2wefjxwj7","actor_id":"01m0exbq4yagxybqt8v003e6d3","target":"Payment:01m0exbq5nfz94e9e6mk70b0rb","request_id":"435e6b66-8450-49f6-9ceb-9cb60d490a73"} 
[2026-08-20 12:07:30] testing.INFO: payment.submitted {"audit_id":"01m0exbqgrah07tyc50w5mg0k0","actor_id":"01m0exbqfx06rn00antjtykyrr","target":"Payment:01m0exbqgqcppzyv0q8a6513f1","request_id":"3c922430-ad25-43bb-81db-2830fc6131fa"} 
[2026-08-20 12:07:30] testing.INFO: payment.approved_at_capture {"audit_id":"01m0exbqpnemr9eqje8g2rkxe7","actor_id":"01m0exbqfx06rn00antjtykyrr","target":"Payment:01m0exbqgqcppzyv0q8a6513f1","request_id":"3c922430-ad25-43bb-81db-2830fc6131fa"} 
[2026-08-20 12:07:30] testing.INFO: payment.submitted {"audit_id":"01m0exbqqcw8h4tpgaesyahwft","actor_id":"01m0exbqfx06rn00antjtykyrr","target":"Payment:01m0exbqqb7h461q92ygsjsc23","request_id":"9b971599-59e1-4882-8bbe-2854b8c3724b"} 
[2026-08-20 12:07:30] testing.INFO: payment.approved {"audit_id":"01m0exbqxpxxa3807kftxg93ae","actor_id":"01m0exbqg0dc9xkfwy3pj7ntnq","target":"Payment:01m0exbqqb7h461q92ygsjsc23","request_id":"2c6af128-6d90-4f7a-a6ba-11bbcc482d9b"} 
[2026-08-20 12:07:30] testing.INFO: course.created {"audit_id":"01m0exbr1jkrd0yyyrsyhn8npd","actor_id":"01m0exbr120pnx0r52bacpw636","target":"Course:01m0exbr1h1hnr4a8b2phtmehs","request_id":"34c6737b-b2f0-4692-925c-b47f85984511"} 
[2026-08-20 12:07:31] testing.INFO: category.created {"audit_id":"01m0exbr54pkp38kqra32m8spn","actor_id":"01m0exbr4qrerbb5cetw5ghh7p","target":"Category:01m0exbr53jm3tb2x0j6345j7z","request_id":"b94a9c57-c630-450c-9c6e-19d46413ef51"} 
[2026-08-20 12:07:31] testing.INFO: syllabus.updated {"audit_id":"01m0exbr8n5f6ejw9qaw7hakys","actor_id":"01m0exbr87dveqjmf409thfpz8","target":"Course:01m0exbr88x50m4nrgk5d9ne81","request_id":"9185bc86-f943-4db0-bc49-b03f128f0f33"} 
[2026-08-20 12:07:31] testing.INFO: export.generated {"audit_id":"01m0exbrcrt3f13k13n159vnx0","actor_id":"01m0exbrc771vafg4xbe875gyy","target":":","request_id":"5c91fbe7-295a-4404-a26d-5829a9f5dc6d"} 
[2026-08-20 12:07:32] testing.INFO: recording.deleted {"audit_id":"01m0exbsjx1p8ew481ngpkvv9y","actor_id":"01m0exbsj8vx9fcjw4pes1aet1","target":"Recording:01m0exbsjbnv5f24qgd5275qgz","request_id":"09608d1e-d4f3-4bc2-aad2-db9c2def68f5"} 
[2026-08-20 12:08:00] testing.INFO: payment.approved {"audit_id":"01m0excmf81ts4kf7jc5kh0h93","actor_id":"01m0excm700z5njzmsmpmd53f8","target":"Payment:01m0excm73nn2rw6gx0850m027","request_id":"d3d1be30-04e8-4123-9ac0-fca284c2b0f4"} 
[2026-08-20 12:08:12] testing.INFO: payment.approved {"audit_id":"01m0exd0ty58ttag603cbk869w","actor_id":"01m0exd0jv3ap3ryzbj31bwgjc","target":"Payment:01m0exd0jyc8mthqgvf98nqgc8","request_id":"5ee629ca-eea4-4cb2-9764-ebea8874f1c2"} 
[2026-08-20 12:08:28] testing.INFO: settings.updated {"audit_id":"01m0exdfr5sjvy63sa5tznfjzz","actor_id":"01m0exdfpx7sjdsnatkg1j6r65","target":":","request_id":"1ff7dc98-1fdb-47f5-a02c-cd59548632c2"} 
[2026-08-20 12:08:28] testing.INFO: settings.updated {"audit_id":"01m0exdg00gzem6yjh141z1qcn","actor_id":"01m0exdfzq20sex35warsf7bhb","target":":","request_id":"fb79f247-3a5b-4f4d-bedf-4fdf0213dcef"} 
[2026-08-20 12:08:28] testing.INFO: role.updated {"audit_id":"01m0exdg6g48hgvs9yae55dtg1","actor_id":"01m0exdg647e5pjyfxtpaqe8j4","target":"Role:01m0exdg4ph74dnkc2qra56mha","request_id":"383435ed-5789-4216-bf4c-96b95ea0ca39"} 
[2026-08-20 12:08:28] testing.INFO: settings.payment_method_qr_updated {"audit_id":"01m0exdga4q2pn898j01t2b9rt","actor_id":"01m0exdg9fd2trpm1gefd8h944","target":"PaymentMethod:01m0exdg9aebama8h1mmjrse1j","request_id":"755f8b75-8b93-40fc-9732-2e8604337435"} 
[2026-08-20 12:08:28] testing.INFO: settings.payment_method_qr_removed {"audit_id":"01m0exdgabnxrktr8ehp67pj01","actor_id":"01m0exdg9fd2trpm1gefd8h944","target":"PaymentMethod:01m0exdg9aebama8h1mmjrse1j","request_id":"84d29e53-29d9-4d64-a724-2bae792bb1f5"} 
[2026-08-20 12:08:28] testing.INFO: settings.updated {"audit_id":"01m0exdgh0h4tzk3s8c5fwqx5n","actor_id":"01m0exdggncwnxaty54x71tyyq","target":":","request_id":"0f2e20ad-d2d5-4834-8004-a15b7998070f"} 
[2026-08-20 12:08:28] testing.INFO: faq.created {"audit_id":"01m0exdgn27gwbbxenec5zzes1","actor_id":"01m0exdgmpf4aytskhpvqbfte9","target":"Faq:01m0exdgn16qfjk6r02w7svfc7","request_id":"36b19fd0-fd24-40da-ba5c-851e7d446064"} 
[2026-08-20 12:08:28] testing.INFO: faq.updated {"audit_id":"01m0exdgnbe4feymmhzemrm4e8","actor_id":"01m0exdgmpf4aytskhpvqbfte9","target":"Faq:01m0exdgn16qfjk6r02w7svfc7","request_id":"2e28230b-2a99-4ad7-9c29-2873d0c80058"} 
[2026-08-20 12:08:28] testing.INFO: faq.deleted {"audit_id":"01m0exdgnpsv9fa927fxmgj6ch","actor_id":"01m0exdgmpf4aytskhpvqbfte9","target":"Faq:01m0exdgn16qfjk6r02w7svfc7","request_id":"a0e8974d-2cb4-4a8e-b240-a001b1b05147"} 
[2026-08-20 12:08:29] testing.INFO: attempt.started {"audit_id":"01m0exdgzqtszxa0f8bg2j39ct","actor_id":"01m0exdgz4ps2hz7dxvz312j1b","target":"TestAttempt:01m0exdgzpcqp76rezz7ghckvh","request_id":"8b878c48-346d-4418-81ec-808c8a7e08c2"} 
[2026-08-20 12:08:29] testing.INFO: attempt.started {"audit_id":"01m0exdh6z29k2rsd6p247y4xh","actor_id":"01m0exdh6jjx3b85h1yqjqmcrt","target":"TestAttempt:01m0exdh6yw3y7c5h5dqw9n4xq","request_id":"fdd94fa8-ff7a-4805-bfaf-93a55767646c"} 
[2026-08-20 12:08:29] testing.INFO: attempt.started {"audit_id":"01m0exdh78feffcpc8j8nep626","actor_id":"01m0exdh6jjx3b85h1yqjqmcrt","target":"TestAttempt:01m0exdh6yw3y7c5h5dqw9n4xq","request_id":"5ee11f60-414c-4b58-a54b-86a1d73025d6"} 
[2026-08-20 12:08:29] testing.INFO: attempt.started {"audit_id":"01m0exdhaq5txvjfec2935dsfz","actor_id":"01m0exdhaax5df95xzz76y1fzy","target":"TestAttempt:01m0exdhap3jp9j850drp40wty","request_id":"20fc30f7-eb5f-453b-90bc-6dd0999e8c37"} 
[2026-08-20 12:08:29] testing.INFO: attempt.started {"audit_id":"01m0exdhejpmq4376xjbhpmycb","actor_id":"01m0exdhe634sgfd6h57730afq","target":"TestAttempt:01m0exdheh6gs3egpfzqgzkrjw","request_id":"37680b51-3203-427d-b240-e8c18348bf54"} 
[2026-08-20 12:08:29] testing.INFO: attempt.submitted {"audit_id":"01m0exdhf2ry4ttv2ynv437d3a","actor_id":"01m0exdhe634sgfd6h57730afq","target":"TestAttempt:01m0exdheh6gs3egpfzqgzkrjw","request_id":"91efbc8d-450b-40d0-b635-8ca4928e8243"} 
[2026-08-20 12:08:29] testing.INFO: auth.logged_in {"audit_id":"01m0exdhny324p2d6cfqcyn7np","actor_id":"01m0exdhnkkjmn6vr4xj91ervd","target":"User:01m0exdhnkkjmn6vr4xj91ervd","request_id":"3696012b-9fcd-44d1-8df4-74df75e06d80"} 
[2026-08-20 12:08:29] testing.INFO: auth.logged_out {"audit_id":"01m0exdhp8tkkjwxx1ev4mpgag","actor_id":"01m0exdhnkkjmn6vr4xj91ervd","target":"User:01m0exdhnkkjmn6vr4xj91ervd","request_id":"c1414407-5f09-49c4-9809-bd7db059e5ba"} 
[2026-08-20 12:08:29] testing.INFO: auth.logged_in {"audit_id":"01m0exdhpd22emaz2sw54bz9cd","actor_id":"01m0exdhnkkjmn6vr4xj91ervd","target":"User:01m0exdhnkkjmn6vr4xj91ervd","request_id":"32d71a71-5c1e-4a67-95e9-b132e5a40594"} 
[2026-08-20 12:08:30] testing.INFO: auth.account_locked {"audit_id":"01m0exdhxjzgqzsg1wd7xqy8nt","actor_id":"01m0exdhwvb39sp6t338y8xznk","target":"User:01m0exdhwvb39sp6t338y8xznk","request_id":"35e18359-7cab-4802-b3b9-085501449cc2"} 
[2026-08-20 12:08:30] testing.INFO: auth.password_changed {"audit_id":"01m0exdj15s5hy1tapy299czyc","actor_id":"01m0exdj0m6tde9a9bh39y59d8","target":"User:01m0exdj0m6tde9a9bh39y59d8","request_id":"e343ecd0-616b-4c70-b37d-fe6fc5652678"} 
[2026-08-20 12:08:30] testing.INFO: account.profile_updated {"audit_id":"01m0exdj4h5t3vwqsws4vdjwjk","actor_id":"01m0exdj49zjjk35m3kby51d15","target":"User:01m0exdj49zjjk35m3kby51d15","request_id":"9db13458-703b-477d-bbd8-748b9e27fd30"} 
[2026-08-20 12:08:30] testing.INFO: course.updated {"audit_id":"01m0exdjb7ktfarfraexmhztq4","actor_id":"01m0exdjaq2dsmntva2weyqmf6","target":"Course:01m0exdjar3cmj7k24wg2ra2n2","request_id":"677f91d3-d4f9-4a5e-a917-12b40746f8f6"} 
[2026-08-20 12:08:30] testing.INFO: course.updated {"audit_id":"01m0exdjf01h0gng3ngn9cxcwf","actor_id":"01m0exdjedqzxgc2kh18mm0k4g","target":"Course:01m0exdjeepqhkpek86tfrqrn5","request_id":"909b6173-0d04-4bdd-96f0-2bb5645ddc74"} 
[2026-08-20 12:08:30] testing.INFO: course.thumbnail_updated {"audit_id":"01m0exdjjprzkqscjf9jjzt36x","actor_id":"01m0exdjj3bh49djx9vvj8vxg0","target":"Course:01m0exdjj5h06yh6cnn0bxsbv0","request_id":"953ceb81-d0b0-40a8-929e-dd6df87c7112"} 
[2026-08-20 12:08:30] testing.INFO: course.thumbnail_updated {"audit_id":"01m0exdjk6jfyft8cw4wzwvcx4","actor_id":"01m0exdjj3bh49djx9vvj8vxg0","target":"Course:01m0exdjj5h06yh6cnn0bxsbv0","request_id":"a2d5d4a2-7e11-4fcc-8b9a-a6ed00417cd9"} 
[2026-08-20 12:08:31] testing.INFO: course.thumbnail_updated {"audit_id":"01m0exdjq021bs13zr4qzz28pe","actor_id":"01m0exdjpdsxnrah3k18g6merr","target":"Course:01m0exdjpf530qyej2gd395xc3","request_id":"9fc51cfa-4ad8-4220-a0e9-30e2a74ab9f5"} 
[2026-08-20 12:08:31] testing.INFO: course.thumbnail_removed {"audit_id":"01m0exdjq9cjt76pph7xht7je0","actor_id":"01m0exdjpdsxnrah3k18g6merr","target":"Course:01m0exdjpf530qyej2gd395xc3","request_id":"c6219d21-e094-4449-9c43-e859fc7eabf5"} 
[2026-08-20 12:08:31] testing.INFO: course.thumbnail_updated {"audit_id":"01m0exdjtz07zxkyqfp4gkn2ad","actor_id":"01m0exdjtc7xmay3776ak7emae","target":"Course:01m0exdjtefh000gvsft7gvedx","request_id":"63cd8d5b-daa9-4729-84bb-d93690e513c9"} 
[2026-08-20 12:08:31] testing.INFO: payment.approved {"audit_id":"01m0exdke1a1hvb6azzn56fpfp","actor_id":"01m0exdk5j5q97f0e3q2qrztkw","target":"Payment:01m0exdk5qrqxqxj1xrsz3nmjt","request_id":"94b4106b-5b37-4967-b1ce-5fdb96c38dca"} 
[2026-08-20 12:08:32] testing.INFO: auth.logged_in {"audit_id":"01m0exdknjpzy8yxgtp2bzy547","actor_id":"01m0exdkn7rj20cd0gemr1an81","target":"User:01m0exdkn7rj20cd0gemr1an81","request_id":"77a29e78-a419-406c-a655-5c355ae797d2"} 
[2026-08-20 12:08:32] testing.INFO: auth.logged_out {"audit_id":"01m0exdknraqc7tawg7qxfj7ta","actor_id":"01m0exdkn7rj20cd0gemr1an81","target":"User:01m0exdkn7rj20cd0gemr1an81","request_id":"c20748f2-d924-47d8-a604-0a1bb3002de7"} 
[2026-08-20 12:08:32] testing.INFO: auth.logged_in {"audit_id":"01m0exdknzx4qtcc5gs59g77fk","actor_id":"01m0exdkn7rj20cd0gemr1an81","target":"User:01m0exdkn7rj20cd0gemr1an81","request_id":"32bb68a1-02f4-49a1-9e73-b5a7dd1782e2"} 
[2026-08-20 12:08:32] testing.INFO: auth.logged_in {"audit_id":"01m0exdksbmn6kcxmv64bhawjs","actor_id":"01m0exdks3apagfxsmbtw2yf0r","target":"User:01m0exdks3apagfxsmbtw2yf0r","request_id":"413ec2e7-88e5-45bf-bfb0-7ff0c11af39e"} 
[2026-08-20 12:08:32] testing.INFO: user.devices_reset {"audit_id":"01m0exdkx6yh0yffgpb7n3nkvh","actor_id":"01m0exdkwqbnt2bpssvt34x02x","target":"User:01m0exdkwspa71pvywcpw38kf0","request_id":"50b8f34e-9a27-4e65-a8fd-1c9dbdcf1a97"} 
[2026-08-20 12:08:32] testing.INFO: settings.updated {"audit_id":"01m0exdm9jcjbwarqfct2xe6dt","actor_id":"01m0exdm989594ngva0t5a1a25","target":":","request_id":"173c44a8-8782-4b93-9906-b52109f63538"} 
[2026-08-20 12:08:32] testing.INFO: settings.updated {"audit_id":"01m0exdmd033njtcqy95gtzckw","actor_id":"01m0exdmcpkehvdcn0w1w2e3g0","target":":","request_id":"1c65efa9-bc24-4ab3-a88a-6657db9fcd62"} 
[2026-08-20 12:08:32] testing.INFO: settings.updated {"audit_id":"01m0exdmd8418y1thab1wh3957","actor_id":"01m0exdmcpkehvdcn0w1w2e3g0","target":":","request_id":"5bba254a-413c-4863-a27a-2d9cef6b2344"} 
[2026-08-20 12:08:33] testing.INFO: settings.institution_logo_updated {"audit_id":"01m0exdmmecdzvecmtd1kfhcet","actor_id":"01m0exdmkz2rpnzcb8j91g3d0w","target":":","request_id":"2dc626ac-22f6-4c66-a34c-c48b39134d73"} 
[2026-08-20 12:08:33] testing.INFO: settings.institution_logo_updated {"audit_id":"01m0exdmn0wg4cm3x7bg3wswzv","actor_id":"01m0exdmkz2rpnzcb8j91g3d0w","target":":","request_id":"a5b308b2-9362-4e68-915d-3f90b9d6baab"} 
[2026-08-20 12:08:33] testing.INFO: settings.institution_logo_removed {"audit_id":"01m0exdmn8kvxsrk0cjdhw2xev","actor_id":"01m0exdmkz2rpnzcb8j91g3d0w","target":":","request_id":"3ccd5662-ed51-4937-9448-4bbe619d8a23"} 
[2026-08-20 12:08:33] testing.INFO: settings.institution_favicon_updated {"audit_id":"01m0exdmrqfwc2sygzxcy1vnqe","actor_id":"01m0exdmrca3j9hzh10hq48q3x","target":":","request_id":"b4aaef02-5b68-47dd-8cb4-09eacb1f4c29"} 
[2026-08-20 12:08:33] testing.INFO: settings.updated {"audit_id":"01m0exdmwk948xgj86z6cp28he","actor_id":"01m0exdmw99eah808k1d0fhm9h","target":":","request_id":"420d73cc-7bc1-4d4e-a44d-aec2ca57b1e0"} 
[2026-08-20 12:08:34] testing.INFO: payment.approved {"audit_id":"01m0exdnknz2tfsw83e122cr68","actor_id":"01m0exdndhcymgv7efr14p8zmc","target":"Payment:01m0exdndkc0yxpvjcctk4djks","request_id":"924091d0-e2f8-4d7e-8c5c-91c81539e1be"} 
[2026-08-20 12:08:34] testing.INFO: payment.approved {"audit_id":"01m0exdnx6zchq2ymm0yvttzca","actor_id":"01m0exdnptnt161bqt1ta82bc9","target":"Payment:01m0exdnpv6rhwn6deyf1zsk2k","request_id":"5841453d-3755-4fbe-8df9-ba359b3a1a6d"} 
[2026-08-20 12:08:34] testing.INFO: payment.approved {"audit_id":"01m0exdp9tt0yqf71prt90c677","actor_id":"01m0exdp41tnajf8p8ezk3ew2h","target":"Payment:01m0exdp42x493sccg1p9dnh2q","request_id":"8e4f913c-32aa-4041-893b-817691da5f1a"} 
[2026-08-20 12:08:34] testing.INFO: payment.rejected {"audit_id":"01m0exdpddces78zydkkcr9d8g","actor_id":"01m0exdpd034a2d6nqp5wqdvxr","target":"Payment:01m0exdpd19zg56d3t1wbtm516","request_id":"93120774-3ba5-43ce-8ec8-14b65c7182c0"} 
[2026-08-20 12:08:35] testing.INFO: refund.recorded {"audit_id":"01m0exdpqrasnvtb510j5dxp8b","actor_id":"01m0exdpq7fd0axy974z3e06mg","target":"Refund:01m0exdpqq2z5py46vgwy6hkr1","request_id":"38b5a5e8-9dd2-4b6d-b497-b4129654110b"} 
[2026-08-20 12:08:35] testing.INFO: refund.processed {"audit_id":"01m0exdpr9tfjd52dtc7h0gd78","actor_id":"01m0exdpq914rg4chw5gr9hswh","target":"Refund:01m0exdpqq2z5py46vgwy6hkr1","request_id":"92d621ab-6e36-4f7d-adb5-2dd05be8c26b"} 
[2026-08-20 12:08:36] testing.INFO: user.suspend {"audit_id":"01m0exdrey7e0hjr0jp88gygmh","actor_id":"01m0exdre60zkd7g324r03egh4","target":"User:01m0exdreabgb0cbd1c66rg71q","request_id":"195bd62f-cafa-4737-9af6-3fbe3721b55d"} 
[2026-08-20 12:08:37] testing.INFO: user.archived {"audit_id":"01m0exdrkg69y5y334k3gyby0v","actor_id":"01m0exdrjhpq21fj368k2jv24t","target":"User:01m0exdrjqvs42n9r7xj0qxte3","request_id":"54d31570-7e97-4bc9-bb14-9c9c868727c2"} 
[2026-08-20 12:08:37] testing.INFO: user.archived {"audit_id":"01m0exdrq2n55jgjt8aasxzb01","actor_id":"01m0exdrpx6m5n04v2bzhf3rzx","target":"User:01m0exdrpjce8pmk8j4cyazz80","request_id":"a01c4ede-d0a1-42db-a980-859f6267564a"} 
[2026-08-20 12:08:37] testing.INFO: user.updated {"audit_id":"01m0exdrtnvqga6c4bpvqxh0pp","actor_id":"01m0exdrta24v635s3mbwm15v5","target":"User:01m0exdrtcvfd597cwekayrcjc","request_id":"34ff8b89-27b1-4176-b22f-170f24d62131"} 
[2026-08-20 12:08:37] testing.INFO: test.published {"audit_id":"01m0exdsasg5pgavtzjm9vjxfj","actor_id":"01m0exds9j5f52dpqj8gxvjjdt","target":"Test:01m0exds9ptbbrmja2bp25aaqx","request_id":"67afc388-0817-4dd7-9d13-13240eb44506"} 
[2026-08-20 12:08:38] testing.INFO: course.thumbnail_updated {"audit_id":"01m0exdsj83g4mxnngasfnqrdj","actor_id":"01m0exdshknanwqh8y72p8g8en","target":"Course:01m0exdshn68fefr2yj1r2gnzv","request_id":"9011a299-2a5f-469f-93ee-fd1b8f0e3876"} 
[2026-08-20 12:08:38] testing.INFO: course.updated {"audit_id":"01m0exdsnmcengp4fyvz5t84nf","actor_id":"01m0exdsn7ehm7b1swek5cevyf","target":"Course:01m0exdsn8fxe3na8sza1atptd","request_id":"dbb1decb-3054-414d-aba1-8a73d45adfc5"} 
[2026-08-20 12:08:38] testing.INFO: settings.payment_method_qr_updated {"audit_id":"01m0exdss3900vnzre39bmne0d","actor_id":"01m0exdsrns88bc5zm5hz2sygb","target":"PaymentMethod:01m0exdsrj1v0d8fdveqfng0n7","request_id":"efb7d8a8-63d8-43f0-bda1-9180549e5df9"} 
[2026-08-20 12:08:38] testing.INFO: settings.institution_logo_updated {"audit_id":"01m0exdsx0h1xq2g4j035j2jv6","actor_id":"01m0exdsw745n0sxc29hwdt4j3","target":":","request_id":"e6052188-7e4a-4cfc-bbd3-da43a9972e2a"} 
[2026-08-20 12:08:39] testing.INFO: payment.submitted {"audit_id":"01m0exdtt3772bd1zr6fjbj1a9","actor_id":"01m0exdtsayd06r1nd22wkvfbr","target":"Payment:01m0exdtt2r8marvk55z75k6p9","request_id":"5bf139d2-0a79-4b30-a46d-0320d06e9933"} 
[2026-08-20 12:08:39] testing.INFO: payment.approved_at_capture {"audit_id":"01m0exdtzv6c5atr68sdpv50jx","actor_id":"01m0exdtsayd06r1nd22wkvfbr","target":"Payment:01m0exdtt2r8marvk55z75k6p9","request_id":"5bf139d2-0a79-4b30-a46d-0320d06e9933"} 
[2026-08-20 12:08:39] testing.INFO: payment.submitted {"audit_id":"01m0exdv41n79he880jk150gz5","actor_id":"01m0exdv381y2ewqn4tnmt0qzc","target":"Payment:01m0exdv40kmwcwge8zzxh2rqe","request_id":"eda7fa9f-a42d-4f1b-b318-197c014c222a"} 
[2026-08-20 12:08:39] testing.INFO: payment.approved {"audit_id":"01m0exdvak6qz935sftd8y1npy","actor_id":"01m0exdv3aw590vgckyjx1qah9","target":"Payment:01m0exdv40kmwcwge8zzxh2rqe","request_id":"b3078474-bed7-4c95-b6ae-3fcfb4bbaa27"} 
[2026-08-20 12:08:39] testing.INFO: payment.submitted {"audit_id":"01m0exdveqj55ztdtgq4hq1dh1","actor_id":"01m0exdvdz6cz451rh4w82kh9k","target":"Payment:01m0exdvepdkcvncvkjgmg5yqx","request_id":"9a07ab12-a8a0-4a20-bb0e-2bff5e368363"} 
[2026-08-20 12:08:40] testing.INFO: payment.approved_at_capture {"audit_id":"01m0exdvmmxpt3xmwhn3k54e2m","actor_id":"01m0exdvdz6cz451rh4w82kh9k","target":"Payment:01m0exdvepdkcvncvkjgmg5yqx","request_id":"9a07ab12-a8a0-4a20-bb0e-2bff5e368363"} 
[2026-08-20 12:08:40] testing.INFO: payment.submitted {"audit_id":"01m0exdvn9kg7a6hmxyvnnvvps","actor_id":"01m0exdvdz6cz451rh4w82kh9k","target":"Payment:01m0exdvn70e1faahbgkgapzkj","request_id":"1803a7e7-ba46-4589-8fe6-b51c2edfad67"} 
[2026-08-20 12:08:40] testing.INFO: payment.approved {"audit_id":"01m0exdvvh2shnqp3g87ctvbj2","actor_id":"01m0exdve1k4sb3b7qe1h5cypm","target":"Payment:01m0exdvn70e1faahbgkgapzkj","request_id":"eab1fe21-329c-4886-a2fb-72308c608266"} 
[2026-08-20 12:08:40] testing.INFO: course.created {"audit_id":"01m0exdvzcsmv6hv1tgkmx4fn5","actor_id":"01m0exdvyw5dtft527ynbw8vtw","target":"Course:01m0exdvzbxzq5qgeqwvx4r7mw","request_id":"45eeb435-3c74-410e-8d77-c1c3b03de661"} 
[2026-08-20 12:08:40] testing.INFO: category.created {"audit_id":"01m0exdw2kpcsqcavwaayv4hp3","actor_id":"01m0exdw280c4wzc1sgbjswn18","target":"Category:01m0exdw2jked4hh94tvxy8eb5","request_id":"dcc3ebea-1d56-4afd-aeb5-5f29573d440f"} 
[2026-08-20 12:08:40] testing.INFO: syllabus.updated {"audit_id":"01m0exdw5xmzgt9fm3514km1c4","actor_id":"01m0exdw5gw7mz6gjg6nbw988p","target":"Course:01m0exdw5hfkqbcrrvnxbyfrrn","request_id":"1c94854b-fe2d-4b0d-b4c1-0304406770fe"} 
[2026-08-20 12:08:40] testing.INFO: export.generated {"audit_id":"01m0exdw9t17r3rt2ffde61xae","actor_id":"01m0exdw9btrpk88a20zrrexvs","target":":","request_id":"bdb57868-bf3c-48cf-b9c7-9ae0574e6255"} 
[2026-08-20 12:08:41] testing.INFO: payment.approved {"audit_id":"01m0exdx7q4ab5zxqwd41pv7qd","actor_id":"01m0exdx1t7qz1pm15hxpsegvk","target":"Payment:01m0exdx1weew7888pz79q86xx","request_id":"ae9df748-ca89-4d59-917b-7df1f552cd78"} 
[2026-08-20 12:08:42] testing.INFO: recording.deleted {"audit_id":"01m0exdxta805pcns5bn71q1by","actor_id":"01m0exdxss1sacphdef0x8xchn","target":"Recording:01m0exdxsvt945hbtx7bs0xg5a","request_id":"d6e6bd6b-57f8-44c5-87d8-6fc0ea853018"} 
