[2026-08-26 09:47:29] local.INFO: auth.logged_in {"audit_id":"01m0y3qmkjb9yw8dnwx4gh4pqt","actor_id":"01m09q7kvqfnm27cyeyww19n7h","target":"User:01m09q7kvqfnm27cyeyww19n7h","request_id":"694ab221-b95a-41bd-8940-752b365b0857"} 
[2026-08-26 09:47:38] local.INFO: payment.proof_viewed {"audit_id":"01m0y3qyn7v9cdjccnq6qr5zpq","actor_id":"01m09q7kvqfnm27cyeyww19n7h","target":"Payment:01m0ej74t10pjg9csy75wj4he6","request_id":"ccb98c81-f01e-44d5-86c6-e7244bf581fd"} 
[2026-08-26 09:47:39] local.INFO: payment.proof_viewed {"audit_id":"01m0y3qz0r8q08nh4k42szd6tz","actor_id":"01m09q7kvqfnm27cyeyww19n7h","target":"Payment:01m0ej74t10pjg9csy75wj4he6","request_id":"713360c2-7313-423f-a36f-738195d3ea30"} 
[2026-08-26 09:47:42] local.INFO: payment.proof_viewed {"audit_id":"01m0y3r2e3mrh627rh84yx7by5","actor_id":"01m09q7kvqfnm27cyeyww19n7h","target":"Payment:01m0ej74t10pjg9csy75wj4he6","request_id":"3f3670af-8056-4d68-b7db-6c6487500439"} 
[2026-08-26 09:47:52] local.INFO: payment.proof_viewed {"audit_id":"01m0y3rcdr5pr9kgbdrfyzgj5e","actor_id":"01m09q7kvqfnm27cyeyww19n7h","target":"Payment:01m09y24czrt5azxw1t7txdsmh","request_id":"5596b3e0-48aa-40a0-9aae-2f7b22fd3424"} 
[2026-08-26 09:47:53] local.INFO: payment.proof_viewed {"audit_id":"01m0y3rcq38mda52t72c3ez5p6","actor_id":"01m09q7kvqfnm27cyeyww19n7h","target":"Payment:01m09y24czrt5azxw1t7txdsmh","request_id":"799f0f0f-5db0-413f-8916-3f45bb4104c1"} 
[2026-08-26 09:47:56] local.INFO: payment.proof_viewed {"audit_id":"01m0y3rg806w3dh31vcwskt07e","actor_id":"01m09q7kvqfnm27cyeyww19n7h","target":"Payment:01m09y24czrt5azxw1t7txdsmh","request_id":"53f03ad4-2a94-4441-91b0-4d210248c20b"} 
[2026-08-26 09:48:20] local.INFO: course.updated {"audit_id":"01m0y3s6zf2m02dq43fm5m59ge","actor_id":"01m09q7kvqfnm27cyeyww19n7h","target":"Course:01m0ehxkgmh3b5r7n2jbck5f4f","request_id":"4bcf5879-452f-47d5-8dab-cefaa1ecae3a"} 
[2026-08-26 09:49:53] local.INFO: recording.created {"audit_id":"01m0y3w2h125fqs58z84bazwy3","actor_id":"01m09q7kvqfnm27cyeyww19n7h","target":"Recording:01m0y3w2grf38sdzewyahcstg4","request_id":"fd4c4cb0-e36b-426b-a62c-96b86172cb4f"} 
[2026-08-26 09:50:04] local.INFO: recording.created {"audit_id":"01m0y3wcexe2krdw5je2321bnf","actor_id":"01m09q7kvqfnm27cyeyww19n7h","target":"Recording:01m0y3wcem527p700d70kxrkmt","request_id":"f83b6cde-90da-4dc8-a339-e083cedbea91"} 
[2026-08-26 10:01:26] local.INFO: recording.created {"audit_id":"01m0y4h774gw58hk89rzd64ren","actor_id":"01m09q7kvqfnm27cyeyww19n7h","target":"Recording:01m0y4h76tec90mtsjg0q50hy1","request_id":"3ca9ca58-dc16-4aa2-b455-67bba1d781e1"} 
[2026-08-26 10:02:04] local.INFO: recording.created {"audit_id":"01m0y4jbnp9xmmzdjjpq3y0hh4","actor_id":"01m09q7kvqfnm27cyeyww19n7h","target":"Recording:01m0y4jbnfmh0s06t8kkqmgnpz","request_id":"52735c05-2e14-4f66-94d4-f825a6adfeec"} 
[2026-08-26 18:31:30] local.INFO: auth.logged_in {"audit_id":"01m0z1q4ershmr42v15fesv4w8","actor_id":"01m09q7kvqfnm27cyeyww19n7h","target":"User:01m09q7kvqfnm27cyeyww19n7h","request_id":"75fae4ef-01c5-43a5-9933-3305ea2e0491"} 
[2026-08-26 18:32:24] local.INFO: auth.logged_out {"audit_id":"01m0z1rswqeqcaxak27dmxga1k","actor_id":"01m09q7kvqfnm27cyeyww19n7h","target":"User:01m09q7kvqfnm27cyeyww19n7h","request_id":"cb860e6a-dc33-4be4-8f48-38edc998b7e7"} 
[2026-08-26 18:32:39] local.INFO: auth.logged_in {"audit_id":"01m0z1s8h8xdp7ye708c68rr4k","actor_id":"01m09q7tew3njjzstq74javh4k","target":"User:01m09q7tew3njjzstq74javh4k","request_id":"ab72fcb0-73cc-441e-a0b7-febd2af4edeb"} 
[2026-08-26 18:32:53] local.INFO: auth.logged_out {"audit_id":"01m0z1spdva0zayqejfev7ft1p","actor_id":"01m09q7tew3njjzstq74javh4k","target":"User:01m09q7tew3njjzstq74javh4k","request_id":"6dd6d60a-5506-45b6-bb8b-c0631541a9eb"} 
[2026-08-26 18:32:58] local.INFO: auth.logged_in {"audit_id":"01m0z1svb5cxy956ppmjz1ycvy","actor_id":"01m09q7kvqfnm27cyeyww19n7h","target":"User:01m09q7kvqfnm27cyeyww19n7h","request_id":"38a4763b-d05e-4efb-bd34-0369a089de05"} 
[2026-08-26 18:33:22] local.INFO: recording.resynced {"audit_id":"01m0z1tk64662jjpceb6888pdw","actor_id":"01m09q7kvqfnm27cyeyww19n7h","target":"Recording:01m0y4jbnfmh0s06t8kkqmgnpz","request_id":"6eeff6a8-bd17-4b2d-bf3f-3e41a87855d1"} 
[2026-08-26 18:33:27] local.INFO: recording.resynced {"audit_id":"01m0z1tqp0jqqt8j8aa4vkn27z","actor_id":"01m09q7kvqfnm27cyeyww19n7h","target":"Recording:01m0y4jbnfmh0s06t8kkqmgnpz","request_id":"9baefef4-7e4f-4078-8754-5955ccffbd42"} 
[2026-08-26 18:33:31] local.INFO: recording.resynced {"audit_id":"01m0z1tvmanfdcq8cb4fx1tyrf","actor_id":"01m09q7kvqfnm27cyeyww19n7h","target":"Recording:01m0y4jbnfmh0s06t8kkqmgnpz","request_id":"4049dcf2-4cb9-4a3b-a53d-b37240a7d50e"} 
[2026-08-26 18:33:33] local.INFO: recording.resynced {"audit_id":"01m0z1txvce7z4at58xa3kq3e2","actor_id":"01m09q7kvqfnm27cyeyww19n7h","target":"Recording:01m0y4h76tec90mtsjg0q50hy1","request_id":"5dc28544-f3f6-4f93-b94d-ec9c9de75611"} 
[2026-08-26 18:35:44] local.INFO: recording.resynced {"audit_id":"01m0z1yx7p6cczn9geqepdzj7h","actor_id":"01m09q7kvqfnm27cyeyww19n7h","target":"Recording:01m0w8an5ncv151sdahfhk6482","request_id":"3fee3d57-13b7-4b7f-bd23-e83fb9caaed4"} 
[2026-08-26 18:36:49] local.INFO: recording.resynced {"audit_id":"01m0z20x49rxv3xjqqp4tgkdx1","actor_id":"01m09q7kvqfnm27cyeyww19n7h","target":"Recording:01m0y4jbnfmh0s06t8kkqmgnpz","request_id":"4707ad81-da43-4867-8653-0f80ef3d09ed"} 
[2026-08-26 18:45:36] testing.INFO: recording.deleted {"audit_id":"01m0z2h00bfz3bh8whdesawxvb","actor_id":"01m0z2gzzt8mmqzp360qknj0xx","target":"Recording:01m0z2gzzwqda4eft57pyz2c00","request_id":"f7817580-b4f7-445c-a2ca-d11a75add7e2"} 
[2026-08-26 18:45:36] testing.INFO: recording.resynced {"audit_id":"01m0z2h06pezw4gdsda9pva9c4","actor_id":"01m0z2h068d7gz6a4sfhye32s4","target":"Recording:01m0z2h06abxbmaw18sa3dfrd2","request_id":"8581a982-a7ff-443c-af3d-4463ce89fda5"} 
[2026-08-26 18:45:47] testing.INFO: account.password_changed {"audit_id":"01m0z2haay5as3twqbx9111459","actor_id":"01m0z2ha2k8a4wfmhxnhay43qg","target":"User:01m0z2ha2k8a4wfmhxnhay43qg","request_id":"6c6712d6-1786-419e-a6be-dc5bc8d9bb1b"} 
[2026-08-26 18:45:47] testing.INFO: account.password_changed {"audit_id":"01m0z2haf7m9nshj195tgnfvxk","actor_id":"01m0z2haetskkdyscb1ydm793f","target":"User:01m0z2haetskkdyscb1ydm793f","request_id":"0ed0dc12-3575-499d-9e2f-536975be59c3"} 
[2026-08-26 18:45:47] testing.INFO: account.two_factor_enabled {"audit_id":"01m0z2hamcnzhmnast8tyqqvr0","actor_id":"01m0z2hajcjz2dsb1127wnj912","target":"User:01m0z2hajcjz2dsb1127wnj912","request_id":"25672740-db4d-40a6-ade9-019344645d2c"} 
[2026-08-26 18:45:47] testing.INFO: account.sessions_revoked {"audit_id":"01m0z2havf6ww29fe4pzmpvn88","actor_id":"01m0z2hav6e6y5sk8gw2xqs8f4","target":"User:01m0z2hav6e6y5sk8gw2xqs8f4","request_id":"7e6b16ad-ec93-4adb-a26a-53347a9864fc"} 
[2026-08-26 18:45:48] testing.INFO: settings.updated {"audit_id":"01m0z2hb7y7hek6w1fk9wg57fz","actor_id":"01m0z2haygg3kkgja77kcbaa4q","target":":","request_id":"7387aacb-ba6b-4928-b8d0-0a934c73bc72"} 
[2026-08-26 18:45:48] testing.INFO: settings.updated {"audit_id":"01m0z2hbjz62ed690t7h2j02sp","actor_id":"01m0z2hbjpawjp1j7ayj7h8dpx","target":":","request_id":"18c453a5-1447-4f1b-8f3c-7abd0a3aa5dc"} 
[2026-08-26 18:45:48] testing.INFO: role.updated {"audit_id":"01m0z2hbt2exb0gj54n09p6rzv","actor_id":"01m0z2hbsq8m4q56p17hrmcvkv","target":"Role:01m0z2hbrc02adbqtxm8rqgtgc","request_id":"73ff99bd-49d4-48c1-9bfa-7ec181c9b3cd"} 
[2026-08-26 18:45:49] testing.INFO: settings.payment_method_qr_updated {"audit_id":"01m0z2hc8rrws05cbvzfz1fre6","actor_id":"01m0z2hbx2x2ymdjwsf1e0a4xe","target":"PaymentMethod:01m0z2hbwtz11g2f0hxagqymja","request_id":"739402ad-259a-4f8e-8ed8-7e43d806b3ee"} 
[2026-08-26 18:45:49] testing.INFO: settings.payment_method_qr_removed {"audit_id":"01m0z2hc93a3jsqrjj9f68xvr2","actor_id":"01m0z2hbx2x2ymdjwsf1e0a4xe","target":"PaymentMethod:01m0z2hbwtz11g2f0hxagqymja","request_id":"f2c2ed4d-821a-4131-8b0a-3d67aeccdca0"} 
[2026-08-26 18:45:49] testing.INFO: settings.payment_method_qr_updated {"audit_id":"01m0z2hcctepq1948cvkpz7f34","actor_id":"01m0z2hcc9xkdyh9y3fgcj3cx3","target":"PaymentMethod:01m0z2hcc4jtf7rg4yewnb3ex6","request_id":"90574e54-9325-42de-ad74-0ced16536736"} 
[2026-08-26 18:45:49] testing.INFO: settings.updated {"audit_id":"01m0z2hcgxmrd6gzrhxs6vtvc1","actor_id":"01m0z2hcfz7ryskpche7pz4c33","target":":","request_id":"9bd11155-3f98-4f29-98e1-8b92133289ba"} 
[2026-08-26 18:45:49] testing.INFO: faq.created {"audit_id":"01m0z2hcncfjrmt77qxt36q6as","actor_id":"01m0z2hcm922x8eesx9ptjkg4v","target":"Faq:01m0z2hcnap93g63mqb5ks4mce","request_id":"488f5a26-e37c-41a8-8019-7c61194b6198"} 
[2026-08-26 18:45:49] testing.INFO: faq.updated {"audit_id":"01m0z2hcnm4q5p5pq1jst4prd3","actor_id":"01m0z2hcm922x8eesx9ptjkg4v","target":"Faq:01m0z2hcnap93g63mqb5ks4mce","request_id":"692975f3-cba1-4cb8-8ebb-9e0dbc0cb217"} 
[2026-08-26 18:45:49] testing.INFO: faq.deleted {"audit_id":"01m0z2hcsh112ezafzkwhsjhms","actor_id":"01m0z2hcm922x8eesx9ptjkg4v","target":"Faq:01m0z2hcnap93g63mqb5ks4mce","request_id":"3f761e31-b4b8-43a2-b6fc-c1f1f36a2657"} 
[2026-08-26 18:45:50] testing.INFO: attempt.started {"audit_id":"01m0z2hd5s75g18dfms3r7an31","actor_id":"01m0z2hd34gfzqzte0ej556b7w","target":"TestAttempt:01m0z2hd5rbhbb923xww396nz7","request_id":"fe0abe3d-3aa0-4c79-9170-6ace62abf02e"} 
[2026-08-26 18:45:50] testing.INFO: attempt.started {"audit_id":"01m0z2hdckj2rnak9rypp6xchz","actor_id":"01m0z2hdc5msc06zhe9p2y5ek0","target":"TestAttempt:01m0z2hdcjy437bkav8jpy9m2f","request_id":"6bd38756-b820-4574-8c86-cf8c595f6b8d"} 
[2026-08-26 18:45:50] testing.INFO: attempt.started {"audit_id":"01m0z2hdcvkvax46nsp2jmcf0h","actor_id":"01m0z2hdc5msc06zhe9p2y5ek0","target":"TestAttempt:01m0z2hdcjy437bkav8jpy9m2f","request_id":"9e51f30c-ca57-4cd2-a2d3-cfb65be20c04"} 
[2026-08-26 18:45:50] testing.INFO: attempt.started {"audit_id":"01m0z2hdgm9q1tg60ftx29s2b3","actor_id":"01m0z2hdg7h8fdhn09re2ntap6","target":"TestAttempt:01m0z2hdgk12a22jyjm8dwddwq","request_id":"40b84f08-4703-4e46-abec-2b1f6d40e60b"} 
[2026-08-26 18:45:50] testing.INFO: attempt.started {"audit_id":"01m0z2hdnfv14n3q7e403bghzr","actor_id":"01m0z2hdn2rnpxkk1vsa562qy4","target":"TestAttempt:01m0z2hdne1gg4xbm8k3a9g3fp","request_id":"da609e6e-6de9-46b4-ad64-734b128cb410"} 
[2026-08-26 18:45:50] testing.INFO: attempt.submitted {"audit_id":"01m0z2hdqcz3basvt2e881631k","actor_id":"01m0z2hdn2rnpxkk1vsa562qy4","target":"TestAttempt:01m0z2hdne1gg4xbm8k3a9g3fp","request_id":"ecc3f5df-a85b-47e5-b9b1-f1bdbd2d825a"} 
[2026-08-26 18:45:51] testing.INFO: attendance.imported {"audit_id":"01m0z2he7hkcrwdj2913kd5s02","actor_id":"01m0z2hdxxf2n3p0j71knr3hyk","target":"ClassSession:01m0z2hdy4h5zm4asn3cpp553w","request_id":"ce2a0373-b361-4ced-b1a2-bc846b2ab767"} 
[2026-08-26 18:45:51] testing.INFO: auth.registered {"audit_id":"01m0z2hedn00zzw2k3p5cdpw3a","actor_id":"01m0z2hedhsppm89q6x88k6gcf","target":"User:01m0z2hedhsppm89q6x88k6gcf","request_id":"f3df07bc-d112-4391-b890-13b8d1b3f9ec"} 
[2026-08-26 18:45:51] testing.INFO: auth.logged_in {"audit_id":"01m0z2hep03x8z3hw7m7nvv6db","actor_id":"01m0z2henp2tskppnk2hmderbs","target":"User:01m0z2henp2tskppnk2hmderbs","request_id":"d1d2c5e0-1886-4308-be51-4e9f0e8f172b"} 
[2026-08-26 18:45:51] testing.INFO: auth.logged_out {"audit_id":"01m0z2hep9mmpymn16kq45w4p8","actor_id":"01m0z2henp2tskppnk2hmderbs","target":"User:01m0z2henp2tskppnk2hmderbs","request_id":"ac932f7c-110e-4d10-befd-a680350c3a0e"} 
[2026-08-26 18:45:51] testing.INFO: auth.logged_in {"audit_id":"01m0z2hepdxg3ha4t0tqj5hvsx","actor_id":"01m0z2henp2tskppnk2hmderbs","target":"User:01m0z2henp2tskppnk2hmderbs","request_id":"10c5a8fc-9c09-4e0d-9f3a-e3c3ae603310"} 
[2026-08-26 18:45:52] testing.INFO: auth.account_locked {"audit_id":"01m0z2hex8ep30gbr0q1f11g8p","actor_id":"01m0z2hewc3nez5mmy8e32k9ss","target":"User:01m0z2hewc3nez5mmy8e32k9ss","request_id":"066595d3-0366-4970-a57d-ad9475e6d78d"} 
[2026-08-26 18:45:52] testing.INFO: auth.password_changed {"audit_id":"01m0z2hf1b2t2d2p6qvgmpnmkt","actor_id":"01m0z2hf0xfsf3qhfpqc73y8sf","target":"User:01m0z2hf0xfsf3qhfpqc73y8sf","request_id":"6df4bdbc-1762-41c6-a4c9-9170a38d932e"} 
[2026-08-26 18:45:52] testing.INFO: account.profile_updated {"audit_id":"01m0z2hf4hyq4gvkg5e328h1f5","actor_id":"01m0z2hf4ab9gd0p61zps7m1a5","target":"User:01m0z2hf4ab9gd0p61zps7m1a5","request_id":"cf367cf6-d57f-4722-b150-207b470290d6"} 
[2026-08-26 18:45:52] testing.INFO: course.updated {"audit_id":"01m0z2hfc2a0t2gst925a711eh","actor_id":"01m0z2hfarn9pksggc27v6gg53","target":"Course:01m0z2hfasfq40kr3jms3e70tb","request_id":"3622f018-3b7e-42dd-838c-8373c897f7c6"} 
[2026-08-26 18:45:52] testing.INFO: course.updated {"audit_id":"01m0z2hffmzg60njxep7cxk9pv","actor_id":"01m0z2hff854yjgqd6a1b4xhg6","target":"Course:01m0z2hff90sama3rq5rydfn2a","request_id":"c78828c8-f5c3-4301-b9de-ef05fa7c0daa"} 
[2026-08-26 18:45:52] testing.INFO: course.thumbnail_updated {"audit_id":"01m0z2hfkrz15v4zg5y953d6fx","actor_id":"01m0z2hfjqrf9yam791gafajn6","target":"Course:01m0z2hfjsfnhjpbq6h1mggdng","request_id":"e41aa86f-baa9-4d7a-a68e-96655b5d32c4"} 
[2026-08-26 18:45:52] testing.INFO: course.thumbnail_updated {"audit_id":"01m0z2hfm8gyrzkft4gemm5m00","actor_id":"01m0z2hfjqrf9yam791gafajn6","target":"Course:01m0z2hfjsfnhjpbq6h1mggdng","request_id":"d6e50820-ead8-41dd-a305-b4ea07a00d0f"} 
[2026-08-26 18:45:52] testing.INFO: course.thumbnail_updated {"audit_id":"01m0z2hfqszk2b2jj4h2vks18d","actor_id":"01m0z2hfq79jzmge57c5btdxnh","target":"Course:01m0z2hfq99myhgrm892sze35b","request_id":"517ea4e2-069f-4207-a8cb-9027dbaad2e9"} 
[2026-08-26 18:45:52] testing.INFO: course.thumbnail_removed {"audit_id":"01m0z2hfr3w9qepa2q3q0sesq8","actor_id":"01m0z2hfq79jzmge57c5btdxnh","target":"Course:01m0z2hfq99myhgrm892sze35b","request_id":"54e60bff-6eb0-4041-9daf-bbf5c8348b97"} 
[2026-08-26 18:45:53] testing.INFO: course.thumbnail_updated {"audit_id":"01m0z2hfwbtaa3mqswr9vmn5e5","actor_id":"01m0z2hfvpy5sv9vg5aqwmj64w","target":"Course:01m0z2hfvr7kr065xbjvq322ra","request_id":"27ebb9cb-d457-453f-b677-712d33096ce3"} 
[2026-08-26 18:45:57] testing.INFO: payment.approved {"audit_id":"01m0z2hkx8dnwzwyqcvzscqz1n","actor_id":"01m0z2hg7b1k3mx1ffw8svkhwf","target":"Payment:01m0z2hg7gfw2radwm4q2mw3jz","request_id":"8fc9e366-78fc-43c4-866a-0c29b062b964"} 
[2026-08-26 18:45:57] testing.INFO: auth.logged_in {"audit_id":"01m0z2hm4a6w7kbxhr9h27z8ft","actor_id":"01m0z2hm422bgptaftrk9jagwd","target":"User:01m0z2hm422bgptaftrk9jagwd","request_id":"2b484ead-b4a1-41f8-8385-702dfefca2a4"} 
[2026-08-26 18:45:57] testing.INFO: auth.logged_out {"audit_id":"01m0z2hm4hgtp3p72ynkg5krhh","actor_id":"01m0z2hm422bgptaftrk9jagwd","target":"User:01m0z2hm422bgptaftrk9jagwd","request_id":"88f8d1f7-a106-4abd-843d-739019bb5562"} 
[2026-08-26 18:45:57] testing.INFO: auth.logged_in {"audit_id":"01m0z2hm4qk52z1qy359vnzekr","actor_id":"01m0z2hm422bgptaftrk9jagwd","target":"User:01m0z2hm422bgptaftrk9jagwd","request_id":"2492575f-1e99-490f-9f95-1164d28d6c6d"} 
[2026-08-26 18:45:57] testing.INFO: auth.logged_in {"audit_id":"01m0z2hm8pcqenn86hasf1dftk","actor_id":"01m0z2hm8a6t8h25q3gswgnnw0","target":"User:01m0z2hm8a6t8h25q3gswgnnw0","request_id":"b3c33c69-0a6d-43a0-9e6c-b503881e8c29"} 
[2026-08-26 18:45:57] testing.INFO: user.devices_reset {"audit_id":"01m0z2hmcx6q4fd10d15190mfj","actor_id":"01m0z2hmcet35veanjg4s9xnrw","target":"User:01m0z2hmcg3nv6extkm98j72zm","request_id":"3091a609-008d-407c-870e-012b125edc95"} 
[2026-08-26 18:45:58] testing.INFO: settings.updated {"audit_id":"01m0z2hmrz2gc0737aa7mz70np","actor_id":"01m0z2hmrngkqw4v1apdjqph9j","target":":","request_id":"618f19f2-627e-43aa-9e2d-6e411c01ad31"} 
[2026-08-26 18:45:58] testing.INFO: settings.updated {"audit_id":"01m0z2hmwhcgbqtqaj404qxqyx","actor_id":"01m0z2hmw77fy85gcm97ekfe0r","target":":","request_id":"6b0c143a-399e-4ddc-bba5-52345dc176e6"} 
[2026-08-26 18:45:58] testing.INFO: settings.updated {"audit_id":"01m0z2hmwsvcs8dn23xx500vwm","actor_id":"01m0z2hmw77fy85gcm97ekfe0r","target":":","request_id":"26c09054-0dfa-4642-b013-45096e9fd669"} 
[2026-08-26 18:45:58] testing.INFO: settings.institution_logo_updated {"audit_id":"01m0z2hn3h98yase260rh7p2st","actor_id":"01m0z2hn33as95596ydf1pephr","target":":","request_id":"32468afe-b835-4067-b47e-1660abeaf366"} 
[2026-08-26 18:45:58] testing.INFO: settings.institution_logo_updated {"audit_id":"01m0z2hn3zrtcb3a2838dw2ggn","actor_id":"01m0z2hn33as95596ydf1pephr","target":":","request_id":"b42b834b-45eb-4da3-97e1-261ca3f78b48"} 
[2026-08-26 18:45:58] testing.INFO: settings.institution_logo_removed {"audit_id":"01m0z2hn47mkvzne07vmxswx4h","actor_id":"01m0z2hn33as95596ydf1pephr","target":":","request_id":"10d3e875-0391-402c-86b9-301d5c1bdf46"} 
[2026-08-26 18:45:58] testing.INFO: settings.institution_favicon_updated {"audit_id":"01m0z2hn7mg60vsnt679pcbzsr","actor_id":"01m0z2hn78btg4scerzz54jhwq","target":":","request_id":"1f3c7ec6-b4db-40df-9120-9ba4374680aa"} 
[2026-08-26 18:45:58] testing.INFO: settings.updated {"audit_id":"01m0z2hnb6ab9r50tn5r5b3c5d","actor_id":"01m0z2hnavpzeg2b52hjnwwz50","target":":","request_id":"32d840cf-7788-4e23-ace0-ab0f798557cf"} 
[2026-08-26 18:45:58] testing.INFO: settings.institution_logo_updated {"audit_id":"01m0z2hnf0exczrxxg1mzk96qf","actor_id":"01m0z2hnegx76ex8wcsvp38e8k","target":":","request_id":"581c71df-b3cd-49e6-908f-b9ded001e277"} 
[2026-08-26 18:45:59] testing.INFO: auth.logged_in {"audit_id":"01m0z2hnw932e9r102ren4ywfs","actor_id":"01m0z2hnvyvyqt2bjp9mx7n8c4","target":"User:01m0z2hnvyvyqt2bjp9mx7n8c4","request_id":"a50d7367-bfce-4eb7-a1b9-a1f87586e129"} 
[2026-08-26 18:45:59] testing.INFO: auth.login_blocked_suspended {"audit_id":"01m0z2hp2nbshwh49tjqejqhda","actor_id":"01m0z2hp2ezgyb2w4457h296p9","target":"User:01m0z2hp2ezgyb2w4457h296p9","request_id":"7180fcdc-2670-4033-ba64-0604db4f61d2"} 
[2026-08-26 18:45:59] testing.INFO: auth.logged_out {"audit_id":"01m0z2hp9bsv2qdpe0br2zwx9y","actor_id":"01m0z2hp941a1d67hx63356k05","target":"User:01m0z2hp941a1d67hx63356k05","request_id":"6e7c2b9f-2f81-4468-96fa-7b490ae8420a"} 
[2026-08-26 18:45:59] testing.INFO: auth.logged_in {"audit_id":"01m0z2hpda3ccs52tnbw3sv7e8","actor_id":"01m0z2hpd3a0cfvn4608w98bz3","target":"User:01m0z2hpd3a0cfvn4608w98bz3","request_id":"96b701d7-4aa0-4f71-9ec4-4b429ee71506"} 
[2026-08-26 18:46:00] testing.INFO: payment.approved {"audit_id":"01m0z2hpqxwm2ezdakk2gdmt6q","actor_id":"01m0z2hphqb3xvmfzddb1dy79t","target":"Payment:01m0z2hphrnndhr3vc8mkxxm1m","request_id":"354185b8-766f-44d9-bbb5-09efd7d91528"} 
[2026-08-26 18:46:00] testing.INFO: payment.approved {"audit_id":"01m0z2hq28778nsw15cp0j3ddg","actor_id":"01m0z2hpvj7neyhzjca0kc9w2y","target":"Payment:01m0z2hpvkr4xet9rk3zphr957","request_id":"a5d3a6ce-a959-4840-91d2-1b95ade8cb2f"} 
[2026-08-26 18:46:00] testing.INFO: payment.approved {"audit_id":"01m0z2hqnq8wct3kwg09gpncft","actor_id":"01m0z2hqfm8smbpswxw1r8wh14","target":"Payment:01m0z2hqfqe2cewczy07a13fjy","request_id":"aa2a6399-708f-429d-bdc8-078e774d4f1b"} 
[2026-08-26 18:46:01] testing.INFO: payment.rejected {"audit_id":"01m0z2hqxed951qkbgkvbrf246","actor_id":"01m0z2hqx0jsdeesn7xzpdyp6t","target":"Payment:01m0z2hqx2vm0rpgpx3pe1n03b","request_id":"35ca581e-66e3-4a7f-a3fc-e892d5df4946"} 
[2026-08-26 18:46:01] testing.INFO: refund.recorded {"audit_id":"01m0z2hra9rg6h7xjcpx4vws5p","actor_id":"01m0z2hr7za68cdpk0ah15ggyv","target":"Refund:01m0z2hra8an4nzjhdvbqf8snw","request_id":"f703f5e0-1c7d-47b2-b1e8-8d8ce6cbecbe"} 
[2026-08-26 18:46:01] testing.INFO: refund.processed {"audit_id":"01m0z2hrate607jkcc1a50bqxz","actor_id":"01m0z2hr813e09wg3fpr7f77s6","target":"Refund:01m0z2hra8an4nzjhdvbqf8snw","request_id":"41a4514b-5040-4e74-8e24-ce18a15f6133"} 
[2026-08-26 18:46:03] testing.INFO: user.suspend {"audit_id":"01m0z2hswg2ehf57ab9ep1zx9q","actor_id":"01m0z2hsvp6dswrfqwbhzv606x","target":"User:01m0z2hsvvtzc7312f9pd7nfbf","request_id":"fcbca805-40a3-4f3e-97cd-77d3739ba486"} 
[2026-08-26 18:46:03] testing.INFO: user.archived {"audit_id":"01m0z2ht2kptd9f5rhs8khn3qj","actor_id":"01m0z2ht0jb0z2mcrkzcmpbphh","target":"User:01m0z2ht10me614xvmryrj38z1","request_id":"f8674207-52e3-4438-95a5-fd1e115fa8f1"} 
[2026-08-26 18:46:03] testing.INFO: user.archived {"audit_id":"01m0z2ht69pdk9hnr4z3ansnc8","actor_id":"01m0z2ht631yfjqtvrse11m9ts","target":"User:01m0z2ht5qtra884svyym1sckj","request_id":"6f317bc4-2a02-4341-af90-1c0cb68e5f91"} 
[2026-08-26 18:46:03] testing.INFO: user.updated {"audit_id":"01m0z2ht9rpmnk1aqqtdbxn0ny","actor_id":"01m0z2ht9dr2qqcjrr0jvb6594","target":"User:01m0z2ht9fbr7zn128fyz4pw7w","request_id":"35c4130b-2fda-432f-8afe-0aa57798c13c"} 
[2026-08-26 18:46:04] testing.INFO: test.published {"audit_id":"01m0z2hts810ea9nyb84kkvftx","actor_id":"01m0z2htrbxyqdkd1j35ag7334","target":"Test:01m0z2htrf81yhczpeq3k0bhxj","request_id":"27e93754-1c2e-47a4-b5f3-088f9d5bb4de"} 
[2026-08-26 18:46:04] testing.INFO: course.thumbnail_updated {"audit_id":"01m0z2hv2tdrc91nfrkjnz4810","actor_id":"01m0z2hv256k0rj3d8pbkxexg3","target":"Course:01m0z2hv26jp1etja4j32g11k2","request_id":"fd5b67ad-eef5-4d60-a815-95eaea596fe4"} 
[2026-08-26 18:46:04] testing.INFO: course.updated {"audit_id":"01m0z2hv7gyhhrak6k7p4avwcs","actor_id":"01m0z2hv6tvn54wn9gvqf7w6ka","target":"Course:01m0z2hv6vj7en8fx25t09t8fn","request_id":"a56b8772-ace1-4ce5-9152-7f9ae2bf9644"} 
[2026-08-26 18:46:04] testing.INFO: settings.payment_method_qr_updated {"audit_id":"01m0z2hvb17g6e0t3p8y4sdxt0","actor_id":"01m0z2hvak00vjw0gt7ay8r1xq","target":"PaymentMethod:01m0z2hvagzn9dh1z31pg40625","request_id":"f3844d5c-ceab-49a6-8afb-76690d5a3b62"} 
[2026-08-26 18:46:04] testing.INFO: settings.institution_logo_updated {"audit_id":"01m0z2hvehmm34dbey8d8rj1f9","actor_id":"01m0z2hve3cmzkw9yfqm6abbt7","target":":","request_id":"15f89a65-446c-45c6-94c5-c21841816eae"} 
[2026-08-26 18:46:06] testing.INFO: payment.submitted {"audit_id":"01m0z2hwxb89t2tzhmrd8dvbkt","actor_id":"01m0z2hwwgv1mc2r1gq1r90jkq","target":"Payment:01m0z2hwxatcwbxys90m021ctk","request_id":"f1aa0c66-026c-47fb-ba8f-08d7b15305de"} 
[2026-08-26 18:46:06] testing.INFO: payment.approved_at_capture {"audit_id":"01m0z2hx39sm50zhah4ve5g78y","actor_id":"01m0z2hwwgv1mc2r1gq1r90jkq","target":"Payment:01m0z2hwxatcwbxys90m021ctk","request_id":"f1aa0c66-026c-47fb-ba8f-08d7b15305de"} 
[2026-08-26 18:46:06] testing.INFO: payment.submitted {"audit_id":"01m0z2hx7kpqtdfcgprh7qyw5e","actor_id":"01m0z2hx6sjq84rshq8mnrxsa7","target":"Payment:01m0z2hx7h6mkmxxvgfdv5t8ar","request_id":"de755234-4214-4cef-9131-eb913acbeb8c"} 
[2026-08-26 18:46:06] testing.INFO: payment.approved {"audit_id":"01m0z2hxdyf0gttmn360xys9a2","actor_id":"01m0z2hx6vr5mgk3c4sb40bgv2","target":"Payment:01m0z2hx7h6mkmxxvgfdv5t8ar","request_id":"0cde3c76-9a38-49af-bea9-2078729d95b5"} 
[2026-08-26 18:46:07] testing.INFO: payment.submitted {"audit_id":"01m0z2hxj5ycgtpj7fdaczmft4","actor_id":"01m0z2hxhbmcd12bavwze2q7ts","target":"Payment:01m0z2hxj4971t0z32jspm9ahr","request_id":"3a8e0830-fba2-4664-8465-34d74cd22140"} 
[2026-08-26 18:46:07] testing.INFO: payment.approved_at_capture {"audit_id":"01m0z2hxqy5ydeamsxvs6rkmnj","actor_id":"01m0z2hxhbmcd12bavwze2q7ts","target":"Payment:01m0z2hxj4971t0z32jspm9ahr","request_id":"3a8e0830-fba2-4664-8465-34d74cd22140"} 
[2026-08-26 18:46:07] testing.INFO: payment.submitted {"audit_id":"01m0z2hxrkp9ce4fd2xcdf0fa4","actor_id":"01m0z2hxhbmcd12bavwze2q7ts","target":"Payment:01m0z2hxrhg7k4bya32mdztp4r","request_id":"e23ba7ce-5e47-4395-8101-e5c3e7522e27"} 
[2026-08-26 18:46:07] testing.INFO: payment.approved {"audit_id":"01m0z2hxyrtnxcst4jcgd1rvk9","actor_id":"01m0z2hxhdbp7kqdaryxnpgr5t","target":"Payment:01m0z2hxrhg7k4bya32mdztp4r","request_id":"f40793f0-afe8-49da-babc-eb33860230d8"} 
[2026-08-26 18:46:07] testing.INFO: course.created {"audit_id":"01m0z2hy2sqe8vk1q79dexdy2m","actor_id":"01m0z2hy27t0acem30jym3g798","target":"Course:01m0z2hy2rjp50s97ye3z5ssnt","request_id":"fbf4fef7-f0b3-4d24-a4a1-e6741f35708e"} 
[2026-08-26 18:46:07] testing.INFO: category.created {"audit_id":"01m0z2hy71ss7mkmpm4kvs4zey","actor_id":"01m0z2hy5sdt6f1z0tpk0ddhh2","target":"Category:01m0z2hy71ss7mkmpm4kvs4zex","request_id":"2036af0d-a303-43d0-9d8d-17b64235ce54"} 
[2026-08-26 18:46:07] testing.INFO: syllabus.updated {"audit_id":"01m0z2hybbgmr0725dpg03t38m","actor_id":"01m0z2hy9yrdj0hy0q17s6jwex","target":"Course:01m0z2hya0f940v6eknmr39maw","request_id":"6def2b42-3353-4635-bd06-492fb8e79565"} 
[2026-08-26 18:46:07] testing.INFO: export.generated {"audit_id":"01m0z2hyg4kaydsmbcq04qfdf8","actor_id":"01m0z2hyeqttrd4rth40bkfw1g","target":":","request_id":"60537ebc-ffd4-4897-98cf-5704c1244392"} 
[2026-08-26 18:46:08] testing.INFO: payment.proof_viewed {"audit_id":"01m0z2hzazd9b408rey539b8dp","actor_id":"01m0z2hzag8ggqz72m1w98q42y","target":"Payment:01m0z2hzaqr6fvdzwt47c59zp7","request_id":"47ff5213-9a5e-4bf4-8332-5283b7c3a698"} 
[2026-08-26 18:46:09] testing.INFO: payment.approved {"audit_id":"01m0z2hzv9qy9pzfjgn12g4k9s","actor_id":"01m0z2hzna0k8xcmm5pkzhwvwr","target":"Payment:01m0z2hzncwb9b211yc4fyfwhd","request_id":"6061d3d4-656d-456e-9be7-07d60fd94c2d"} 
[2026-08-26 18:46:10] testing.INFO: recording.deleted {"audit_id":"01m0z2j0sz9my9s8vmm9mtfdxe","actor_id":"01m0z2j0sghg4qe0zrv98mfn2w","target":"Recording:01m0z2j0sj90pj4c38ztdtk5wa","request_id":"abb48cd8-9d0f-4112-8c33-e161d67acc55"} 
[2026-08-26 18:46:10] testing.INFO: recording.resynced {"audit_id":"01m0z2j0xg8mf9jkcfwvtd99xm","actor_id":"01m0z2j0x41e4szsn9vx0spbaw","target":"Recording:01m0z2j0x6x6azqa8cq98pzdqx","request_id":"a188b919-23cf-493f-9e3e-f4ef30c09c88"} 
[2026-08-26 19:00:26] local.INFO: integration.connect {"audit_id":"01m0z3c4svgaqknww3dmgfetxq","actor_id":"01m09q7kvqfnm27cyeyww19n7h","target":":","request_id":"00fe83a0-2f89-465b-84d7-c0f5f585009e"} 
[2026-08-26 19:01:03] local.INFO: recording.resynced {"audit_id":"01m0z3d9aapgq1es95x9cef0mc","actor_id":"01m09q7kvqfnm27cyeyww19n7h","target":"Recording:01m0y4jbnfmh0s06t8kkqmgnpz","request_id":"a86fe952-7fbc-40e9-b7e7-84490a518256"} 
[2026-08-26 19:01:31] local.INFO: recording.created {"audit_id":"01m0z3e4eptjs1dc126syey834","actor_id":"01m09q7kvqfnm27cyeyww19n7h","target":"Recording:01m0z3e4edxxnjhdzn4p89ssxk","request_id":"a523d14a-27e5-4084-88f9-584dd4dff760"} 
[2026-08-26 19:01:37] local.INFO: recording.resynced {"audit_id":"01m0z3e9rpsjqyfxeahwaxs5gb","actor_id":"01m09q7kvqfnm27cyeyww19n7h","target":"Recording:01m0z3e4edxxnjhdzn4p89ssxk","request_id":"5cf68cc9-644d-42ba-bfd4-8618d64042a1"} 
[2026-08-26 19:05:11] local.INFO: recording.deleted {"audit_id":"01m0z3mv6pw8xja7je6v6gv5b0","actor_id":"01m09q7kvqfnm27cyeyww19n7h","target":"Recording:01m09xznjjmta75cg122x4zz98","request_id":"d50f6359-f60d-41b7-8539-784ad0b567d9"} 
[2026-08-26 19:05:16] local.INFO: recording.deleted {"audit_id":"01m0z3mzwfr02c384m60yd26h7","actor_id":"01m09q7kvqfnm27cyeyww19n7h","target":"Recording:01m09xznjdv44gqn49g4rcqqbr","request_id":"429a21b2-8e2d-44c6-83da-8178d4bdb73e"} 
[2026-08-26 19:05:21] local.INFO: recording.deleted {"audit_id":"01m0z3n4vm9g0dfn5106hpdnt3","actor_id":"01m09q7kvqfnm27cyeyww19n7h","target":"Recording:01m0w8an5ncv151sdahfhk6482","request_id":"86d5fe6d-a523-493e-8963-33aa9a5e6f30"} 
[2026-08-26 19:05:26] local.INFO: recording.deleted {"audit_id":"01m0z3n9r2kby50y542gx9qd1v","actor_id":"01m09q7kvqfnm27cyeyww19n7h","target":"Recording:01m0y3w2grf38sdzewyahcstg4","request_id":"7c8dc9a4-588f-46af-81ff-72d7bfb6d1be"} 
[2026-08-26 19:05:31] local.INFO: recording.deleted {"audit_id":"01m0z3nejmctsm79sw8g59qaxk","actor_id":"01m09q7kvqfnm27cyeyww19n7h","target":"Recording:01m0y3wcem527p700d70kxrkmt","request_id":"d0f16215-962b-4fc6-bfe0-eb98b6dfc82c"} 
[2026-08-26 19:10:35] testing.INFO: recording.deleted {"audit_id":"01m0z3yr0t281etnpgf4gbjkn6","actor_id":"01m0z3yqzhyt86drtt6b1ry0z6","target":"Recording:01m0z3yqzm94hekd4rgswexecd","request_id":"855e110b-ed34-4111-af95-b85a43caf5bb"} 
[2026-08-26 19:10:36] testing.INFO: recording.resynced {"audit_id":"01m0z3yr6j44v736z0qv7h882e","actor_id":"01m0z3yr64hjanz307prxc50jk","target":"Recording:01m0z3yr66kha90zhn56pa21f6","request_id":"4810e427-f7c6-4aba-8a4b-801a646116cb"} 
[2026-08-26 19:11:12] testing.INFO: recording.deleted {"audit_id":"01m0z3zvcbqccjzn036ka6gw7v","actor_id":"01m0z3zvb6ez7mp04y8yjfxwqa","target":"Recording:01m0z3zvb95csbcwxqc9j0wk0d","request_id":"74675a8e-b4a5-4376-9372-4e421780afa9"} 
[2026-08-26 19:11:12] testing.INFO: recording.resynced {"audit_id":"01m0z3zvj60zzq473495hmc0gt","actor_id":"01m0z3zvht1hp3k395rq4jafpy","target":"Recording:01m0z3zvhv1j3je3d1m6q7d5wy","request_id":"f261728e-c222-499f-b1ac-eddeed84cc30"} 
[2026-08-26 19:11:12] testing.INFO: recording.created {"audit_id":"01m0z3zvnxxbe3wjx8s4t0y5t1","actor_id":"01m0z3zvna7w09e0y5kgvqycdc","target":"Recording:01m0z3zvnwczeh6q8scgrd8nnh","request_id":"1304f07c-26dd-43ac-8f6d-0c95d5c0ddce"} 
[2026-08-26 19:11:21] testing.INFO: account.password_changed {"audit_id":"01m0z404kn0sy8m162phpaaynx","actor_id":"01m0z404j6q701gbyz1jeq37n6","target":"User:01m0z404j6q701gbyz1jeq37n6","request_id":"d5aa18fa-5716-4c7f-b267-3280471709e2"} 
[2026-08-26 19:11:21] testing.INFO: account.password_changed {"audit_id":"01m0z404r12xxcndahe18a7d9c","actor_id":"01m0z404qb5964jd8dyxrr56bx","target":"User:01m0z404qb5964jd8dyxrr56bx","request_id":"e91d7b4c-dc2f-4851-a08f-e95dc8d5569d"} 
[2026-08-26 19:11:21] testing.INFO: account.two_factor_enabled {"audit_id":"01m0z404wnghkhtwsetefmqn7p","actor_id":"01m0z404w3gxkj9ttzqsj32kdf","target":"User:01m0z404w3gxkj9ttzqsj32kdf","request_id":"345a9232-c11c-49d2-82b8-4d81b37250cb"} 
[2026-08-26 19:11:22] testing.INFO: account.sessions_revoked {"audit_id":"01m0z40534swzgeq8xk024zse7","actor_id":"01m0z4052vs2hasqwv07gjz23j","target":"User:01m0z4052vs2hasqwv07gjz23j","request_id":"6dec74d0-ff6b-4dc2-bf70-001688a1def7"} 
[2026-08-26 19:11:22] testing.INFO: settings.updated {"audit_id":"01m0z40570cwnhw6mgksgyync9","actor_id":"01m0z40566svm5ewqyf1gb2j7y","target":":","request_id":"bd7c4b03-cf7d-44ec-b3e9-e8cb2bbd4a6d"} 
[2026-08-26 19:11:22] testing.INFO: settings.updated {"audit_id":"01m0z405e5b1108vhdmqbjhv6d","actor_id":"01m0z405dwfv3sr3c84s3wydyn","target":":","request_id":"91801f73-7e53-43ba-901a-d3758add9811"} 
[2026-08-26 19:11:22] testing.INFO: role.updated {"audit_id":"01m0z405mx8wjfgf6q9w90p039","actor_id":"01m0z405mkpjydy3y49xrn6xhv","target":"Role:01m0z405k6hc41yz97hm3vp4tr","request_id":"d1e6d022-f974-4330-a64d-f5200ae666f8"} 
[2026-08-26 19:11:22] testing.INFO: settings.payment_method_qr_updated {"audit_id":"01m0z405sbn01qdm5j9c5rqang","actor_id":"01m0z405qwa3vdwymb7aegkcf1","target":"PaymentMethod:01m0z405qpgtqhyqr9xgb68ws7","request_id":"629deafc-426d-4f80-8e05-40530a26a64d"} 
[2026-08-26 19:11:22] testing.INFO: settings.payment_method_qr_removed {"audit_id":"01m0z405sqzxvywfr8m9mwea6a","actor_id":"01m0z405qwa3vdwymb7aegkcf1","target":"PaymentMethod:01m0z405qpgtqhyqr9xgb68ws7","request_id":"a205163b-f89b-48bd-a3c4-f36d9581351a"} 
[2026-08-26 19:11:22] testing.INFO: settings.payment_method_qr_updated {"audit_id":"01m0z405x58ejcwgnq3jmv4y2n","actor_id":"01m0z405wnc8m3ftev9t02q7xh","target":"PaymentMethod:01m0z405whh0yed84q2sk2rb31","request_id":"548818f5-8a0b-459f-b4e9-665457a08a0a"} 
[2026-08-26 19:11:22] testing.INFO: settings.updated {"audit_id":"01m0z4060hyfe8xh1ffqtc5xaf","actor_id":"01m0z40607pbhjy7a1kwx0g0x2","target":":","request_id":"4e32203f-2428-4997-b4b1-da71d8cfa397"} 
[2026-08-26 19:11:23] testing.INFO: faq.created {"audit_id":"01m0z4064dkzn834e894whcvzn","actor_id":"01m0z40640qbwta6hc6jb906vf","target":"Faq:01m0z4064c75nnv3kqv39d56jn","request_id":"112a1692-aaaf-435a-90c5-1827a4b4d9ed"} 
[2026-08-26 19:11:23] testing.INFO: faq.updated {"audit_id":"01m0z4064mwcxf9ecef2g627my","actor_id":"01m0z40640qbwta6hc6jb906vf","target":"Faq:01m0z4064c75nnv3kqv39d56jn","request_id":"2a2bd076-6546-4836-a76d-973a50de3365"} 
[2026-08-26 19:11:23] testing.INFO: faq.deleted {"audit_id":"01m0z406508gymg3rx4w6efxpj","actor_id":"01m0z40640qbwta6hc6jb906vf","target":"Faq:01m0z4064c75nnv3kqv39d56jn","request_id":"1765ed65-4e3e-48da-b859-f25e36ae7a1d"} 
[2026-08-26 19:11:23] testing.INFO: attempt.started {"audit_id":"01m0z406eszmx7at0rnhvfdsn9","actor_id":"01m0z406eas5tq98tdmqzxkgpd","target":"TestAttempt:01m0z406erjws2cex7d9f1wq9v","request_id":"2aef0a00-0bc1-450a-8620-d48551bd7bf2"} 
[2026-08-26 19:11:23] testing.INFO: attempt.started {"audit_id":"01m0z406nhjxfexqemzwbqfc6n","actor_id":"01m0z406n4rvt4ta3m7ne1ywcn","target":"TestAttempt:01m0z406ngpcjmvd4bx8edkypw","request_id":"b1ed662b-6318-4388-aae8-99e758bc0735"} 
[2026-08-26 19:11:23] testing.INFO: attempt.started {"audit_id":"01m0z406nswjsa8f81rqd7tv8g","actor_id":"01m0z406n4rvt4ta3m7ne1ywcn","target":"TestAttempt:01m0z406ngpcjmvd4bx8edkypw","request_id":"0eaa77dd-928f-463d-ad93-e998762b818d"} 
[2026-08-26 19:11:23] testing.INFO: attempt.started {"audit_id":"01m0z406s35833yaf7jx5sbmkk","actor_id":"01m0z406rqghb9s31pkffvsqj1","target":"TestAttempt:01m0z406s2mx72jze7raqfxwa7","request_id":"8221790c-d895-44b3-8d18-14dddd49c22e"} 
[2026-08-26 19:11:23] testing.INFO: attempt.started {"audit_id":"01m0z406x2sqr8jjxstfbkdjc5","actor_id":"01m0z406wnv9ay3e5p27bqds5f","target":"TestAttempt:01m0z406x1skr18kyzhbj5fh1b","request_id":"2abeb40e-e2b9-456d-ba03-06616c0f2028"} 
[2026-08-26 19:11:23] testing.INFO: attempt.submitted {"audit_id":"01m0z406xjwws5ef0j2ehk65r1","actor_id":"01m0z406wnv9ay3e5p27bqds5f","target":"TestAttempt:01m0z406x1skr18kyzhbj5fh1b","request_id":"8b308b2b-a691-4176-a504-770de7efe9dc"} 
[2026-08-26 19:11:24] testing.INFO: attendance.imported {"audit_id":"01m0z40759dnspv6h7as039qcs","actor_id":"01m0z407461sddr1f4vk7y4m76","target":"ClassSession:01m0z4074e8y438z18kfjj8py5","request_id":"9a52e606-f6a6-459e-82ce-4f2f7db069cd"} 
[2026-08-26 19:11:24] testing.INFO: auth.registered {"audit_id":"01m0z40793fctw6fhq27tmcbfz","actor_id":"01m0z40792c2t91rbqav78gtgm","target":"User:01m0z40792c2t91rbqav78gtgm","request_id":"91de9474-57fd-4eed-82c8-d05402c2ca57"} 
[2026-08-26 19:11:24] testing.INFO: auth.logged_in {"audit_id":"01m0z407fr96krgw1w8ykkb7ze","actor_id":"01m0z407fftrmpy9qz56p3g3bc","target":"User:01m0z407fftrmpy9qz56p3g3bc","request_id":"90a3b440-826c-4872-af70-4d74842caac2"} 
[2026-08-26 19:11:24] testing.INFO: auth.logged_out {"audit_id":"01m0z407g1wt4jb9t49e1edkqy","actor_id":"01m0z407fftrmpy9qz56p3g3bc","target":"User:01m0z407fftrmpy9qz56p3g3bc","request_id":"29498968-8710-4363-bf13-6e6387a7b3fb"} 
[2026-08-26 19:11:24] testing.INFO: auth.logged_in {"audit_id":"01m0z407g75sawf0ss9h1jt1hx","actor_id":"01m0z407fftrmpy9qz56p3g3bc","target":"User:01m0z407fftrmpy9qz56p3g3bc","request_id":"79948d27-0db9-4112-a46d-5309147c0ac8"} 
[2026-08-26 19:11:24] testing.INFO: auth.account_locked {"audit_id":"01m0z407q4nd9mrznz4yjc1prp","actor_id":"01m0z407pdbfz5vt81wb4d6ayj","target":"User:01m0z407pdbfz5vt81wb4d6ayj","request_id":"3f88529d-60bd-4aaa-8d5c-11c2094a3fba"} 
[2026-08-26 19:11:24] testing.INFO: auth.password_changed {"audit_id":"01m0z407tk0d9x9q8rz2yxnmwc","actor_id":"01m0z407t5g6g4m8qgsqt3j1ky","target":"User:01m0z407t5g6g4m8qgsqt3j1ky","request_id":"0afc0f75-a9f5-47ac-8ae1-796af521e65c"} 
[2026-08-26 19:11:24] testing.INFO: account.profile_updated {"audit_id":"01m0z407xr2d3fhjx120h359y4","actor_id":"01m0z407xh16kh445gc8gpja8g","target":"User:01m0z407xh16kh445gc8gpja8g","request_id":"168e657e-f782-4b07-b9b8-0d41e0e61c9e"} 
[2026-08-26 19:11:25] testing.INFO: course.updated {"audit_id":"01m0z4084vpcf001gwza943hnr","actor_id":"01m0z4084bp779khq8p9tq09m9","target":"Course:01m0z4084d099v6ab94dxvpncc","request_id":"80f4d0d5-1c1e-4e15-99e5-cedfdb9d507c"} 
[2026-08-26 19:11:25] testing.INFO: course.updated {"audit_id":"01m0z4088njn3pfemhwfxckx5w","actor_id":"01m0z40887w66yq3je3qkvcgrh","target":"Course:01m0z4088a254qa3tz1wb2rt3k","request_id":"4c1e7ac4-5762-4ccd-8058-d93f0a53fde2"} 
[2026-08-26 19:11:25] testing.INFO: course.thumbnail_updated {"audit_id":"01m0z408czmbm5zdc499snzj02","actor_id":"01m0z408c0ab1tvk0stg5fpvn2","target":"Course:01m0z408c12em1k0qaempx3b7m","request_id":"40944430-830b-46e0-9873-776f50b7f3a9"} 
[2026-08-26 19:11:25] testing.INFO: course.thumbnail_updated {"audit_id":"01m0z408defv1nrbtcx6cb3w86","actor_id":"01m0z408c0ab1tvk0stg5fpvn2","target":"Course:01m0z408c12em1k0qaempx3b7m","request_id":"6bedcef6-6d2b-4ccb-a824-ee119eff6fa2"} 
[2026-08-26 19:11:25] testing.INFO: course.thumbnail_updated {"audit_id":"01m0z408h2z314w2917wpvcd33","actor_id":"01m0z408gh5433t2jwqke92r3n","target":"Course:01m0z408gke79jzc5cqzd4yn3z","request_id":"eb3f6abd-dd08-4a93-9d6a-d9030c584476"} 
[2026-08-26 19:11:25] testing.INFO: course.thumbnail_removed {"audit_id":"01m0z408hb6bwa9vmrkyx6w52q","actor_id":"01m0z408gh5433t2jwqke92r3n","target":"Course:01m0z408gke79jzc5cqzd4yn3z","request_id":"f2aa16ce-7e03-4368-9948-0667bfcf1aa5"} 
[2026-08-26 19:11:25] testing.INFO: course.thumbnail_updated {"audit_id":"01m0z408n1x2zdd40kpfbc71bn","actor_id":"01m0z408mggqwvrtwdnr7fmfsn","target":"Course:01m0z408mjv011pdfveasphaer","request_id":"06e5119a-e280-4aed-9cdf-a9581d378e36"} 
[2026-08-26 19:11:26] testing.INFO: payment.approved {"audit_id":"01m0z409aj32md52ek610xws33","actor_id":"01m0z408ze06xy0vaa4162ezxs","target":"Payment:01m0z408zm05gm0jvxb2wb0zvn","request_id":"24465851-116a-4bbb-a108-219ac0f9089e"} 
[2026-08-26 19:11:26] testing.INFO: auth.logged_in {"audit_id":"01m0z409hvh13mk6ew1ejb9gb8","actor_id":"01m0z409hh9rn2z7y4w4x1b1rk","target":"User:01m0z409hh9rn2z7y4w4x1b1rk","request_id":"9d634086-7c65-4ffc-b793-bf19e9e1e99c"} 
[2026-08-26 19:11:26] testing.INFO: auth.logged_out {"audit_id":"01m0z409j1wjar738x9hwebtms","actor_id":"01m0z409hh9rn2z7y4w4x1b1rk","target":"User:01m0z409hh9rn2z7y4w4x1b1rk","request_id":"1bbb9c92-207e-4667-b9ce-7b1acce8fe13"} 
[2026-08-26 19:11:26] testing.INFO: auth.logged_in {"audit_id":"01m0z409j888s65z5ef10vjcer","actor_id":"01m0z409hh9rn2z7y4w4x1b1rk","target":"User:01m0z409hh9rn2z7y4w4x1b1rk","request_id":"20d7be28-183e-4dce-8a13-e8e53764f0dd"} 
[2026-08-26 19:11:26] testing.INFO: auth.logged_in {"audit_id":"01m0z409nv1bjbq88a63txa3qh","actor_id":"01m0z409nj5kf0vjqkxgkkcvvt","target":"User:01m0z409nj5kf0vjqkxgkkcvvt","request_id":"e04890e8-b588-4f7a-9f44-942eaf9d6f69"} 
[2026-08-26 19:11:26] testing.INFO: user.devices_reset {"audit_id":"01m0z409sejn0dk5r1k3pf8ew3","actor_id":"01m0z409rzjrkq12fh9ee3fymy","target":"User:01m0z409s2xhq4c17zgjyjffv9","request_id":"129c3f3d-8eea-4ece-aaeb-1b9c4582b532"} 
[2026-08-26 19:11:27] testing.INFO: settings.updated {"audit_id":"01m0z40a75r8rqec736m6v4hzh","actor_id":"01m0z40a6tn8wvzrtwb4ed5rge","target":":","request_id":"7cff898e-455b-4c80-890e-1172bb662529"} 
[2026-08-26 19:11:27] testing.INFO: settings.updated {"audit_id":"01m0z40ab2m0b6s95x2kapz3w1","actor_id":"01m0z40aas7w668qwzm4wgt3ba","target":":","request_id":"65818ebf-4bb5-4d34-a22d-abbf5ce98ac6"} 
[2026-08-26 19:11:27] testing.INFO: settings.updated {"audit_id":"01m0z40abbv9cjgwb6bgh6vvec","actor_id":"01m0z40aas7w668qwzm4wgt3ba","target":":","request_id":"bfdac5fc-616b-41ce-a728-93e0e649e9f0"} 
[2026-08-26 19:11:27] testing.INFO: settings.institution_logo_updated {"audit_id":"01m0z40aj6ff7nybk6fawsx16v","actor_id":"01m0z40ahqm7d243fbt9spn7xm","target":":","request_id":"5bbcb1ab-5ada-4d10-9632-f03d7e7cf1da"} 
[2026-08-26 19:11:27] testing.INFO: settings.institution_logo_updated {"audit_id":"01m0z40ajme2dbp2hjd9t0qke8","actor_id":"01m0z40ahqm7d243fbt9spn7xm","target":":","request_id":"f9d5de21-cc71-4a67-8e76-74cc8904eb96"} 
[2026-08-26 19:11:27] testing.INFO: settings.institution_logo_removed {"audit_id":"01m0z40ajvqxggt2efs9k2m0m0","actor_id":"01m0z40ahqm7d243fbt9spn7xm","target":":","request_id":"d1559d7f-5cb8-4a5c-9122-a2d2c454fa98"} 
[2026-08-26 19:11:27] testing.INFO: settings.institution_favicon_updated {"audit_id":"01m0z40ap9a6cr6veh164pkhj6","actor_id":"01m0z40anxd6rt0z28rxhv8f0g","target":":","request_id":"450909a4-8d75-4b6f-b6b6-5eeab1c28d8e"} 
[2026-08-26 19:11:27] testing.INFO: settings.updated {"audit_id":"01m0z40asvvbwy0xfbwv5wbh57","actor_id":"01m0z40asjpadvcchb37hj80gr","target":":","request_id":"ff0795e4-2125-4999-a356-6762c5b29426"} 
[2026-08-26 19:11:28] testing.INFO: settings.institution_logo_updated {"audit_id":"01m0z40axhk0227y70358c7fj4","actor_id":"01m0z40awz538fekf1nf045z6n","target":":","request_id":"818e71ca-dba7-4680-a6a4-5ec9cdb53ac3"} 
[2026-08-26 19:11:28] testing.INFO: auth.logged_in {"audit_id":"01m0z40bav956dwkhb9cm3acxh","actor_id":"01m0z40bagwec2apaynwhgssr9","target":"User:01m0z40bagwec2apaynwhgssr9","request_id":"34088b9b-c2e5-49bb-be8c-3b1985a4e1a8"} 
[2026-08-26 19:11:28] testing.INFO: auth.login_blocked_suspended {"audit_id":"01m0z40bkaw604rbpzq533spny","actor_id":"01m0z40bk2jkj65b4kxect36k9","target":"User:01m0z40bk2jkj65b4kxect36k9","request_id":"f8616c5e-1307-4e33-ac54-f4fcf0811540"} 
[2026-08-26 19:11:28] testing.INFO: auth.logged_out {"audit_id":"01m0z40bss4ke7wwdjvnn4hnck","actor_id":"01m0z40bsjsx762177s47m98sy","target":"User:01m0z40bsjsx762177s47m98sy","request_id":"e4930355-c74d-46c3-9a83-096396d33185"} 
[2026-08-26 19:11:29] testing.INFO: auth.logged_in {"audit_id":"01m0z40bx85tvv51aphkqwrrvq","actor_id":"01m0z40bx0cc274xv2xwg358w4","target":"User:01m0z40bx0cc274xv2xwg358w4","request_id":"e4ea8eed-5de4-4cd6-880e-2273e9b074f3"} 
[2026-08-26 19:11:29] testing.INFO: payment.approved {"audit_id":"01m0z40c6qkvfydkjyf6397xa9","actor_id":"01m0z40c0p4t97ycyrg67cm8b9","target":"Payment:01m0z40c0qmpnes9vfsvhta8an","request_id":"e2fcd338-f173-4978-ba7e-211ecc41d0e0"} 
[2026-08-26 19:11:29] testing.INFO: payment.approved {"audit_id":"01m0z40cg8sxpwehcm284d7bca","actor_id":"01m0z40c9tqzw2zswxhwhx1rc4","target":"Payment:01m0z40c9wd670zpcytmncyacp","request_id":"60a736ad-1f58-4ca8-a5b7-c1ca624fd5cd"} 
[2026-08-26 19:11:30] testing.INFO: payment.approved {"audit_id":"01m0z40cwtep36v113x04ckdh3","actor_id":"01m0z40cq5nyjw5v8eyr2cw1gm","target":"Payment:01m0z40cq6f4ydccarwkde08gg","request_id":"5226cda3-d354-45ab-92ee-c76d937f517d"} 
[2026-08-26 19:11:30] testing.INFO: payment.rejected {"audit_id":"01m0z40d0df3dstc3y8s1tragr","actor_id":"01m0z40czz4kk5hqx2yrxrraeg","target":"Payment:01m0z40d00f7fxyg9y9xaa18nt","request_id":"4f25c35d-aed1-4dbd-bf11-675202976974"} 
[2026-08-26 19:11:30] testing.INFO: refund.recorded {"audit_id":"01m0z40dazbnzq60b96af0cd9v","actor_id":"01m0z40dad9w74xz0jzbw7ryg1","target":"Refund:01m0z40dax83e7j81adc2a18sh","request_id":"33895351-0b73-430e-885b-6e74ef004ab1"} 
[2026-08-26 19:11:30] testing.INFO: refund.processed {"audit_id":"01m0z40dbfctqy1170jac7vr96","actor_id":"01m0z40dafdzh5jkhs574sapa8","target":"Refund:01m0z40dax83e7j81adc2a18sh","request_id":"ded2541b-5450-4c37-bd05-ae21a5558626"} 
[2026-08-26 19:11:32] testing.INFO: user.suspend {"audit_id":"01m0z40et9jhwhsqk2dv6j9d2q","actor_id":"01m0z40esd64tc4genv6fvk8ps","target":"User:01m0z40esjbzy5wzhw2m1f106z","request_id":"6d84de08-6d4e-4ff5-a289-9fdebf0ba667"} 
[2026-08-26 19:11:32] testing.INFO: user.archived {"audit_id":"01m0z40eyx6e8fx54w52v32ptr","actor_id":"01m0z40exx7w65wjtfp65js75e","target":"User:01m0z40ey4mgz648ccastdxeas","request_id":"602b5d78-1080-4ffa-910e-2be0de186590"} 
[2026-08-26 19:11:32] testing.INFO: user.archived {"audit_id":"01m0z40f2x8p205d50e1ahn9fs","actor_id":"01m0z40f2n94y2535xvaf3wex9","target":"User:01m0z40f29kkv2pr2qx2vdr6rj","request_id":"0bc3daa1-9243-4d07-b98d-e36ff95479d2"} 
[2026-08-26 19:11:32] testing.INFO: user.updated {"audit_id":"01m0z40f6qgpr4dvm6n91atmt0","actor_id":"01m0z40f6bmy01jvxn48n8vbap","target":"User:01m0z40f6ecwz087f5yq2wyz72","request_id":"d71b9b12-e821-470f-bd64-b491aabcaefc"} 
[2026-08-26 19:11:32] testing.INFO: test.published {"audit_id":"01m0z40fqx4rnr15dsptbxh69x","actor_id":"01m0z40fpy27sdqrqmhp0f5cpy","target":"Test:01m0z40fq49hz4yamn513v4jb9","request_id":"7efc8e77-27e0-4bf9-9bc2-e3d820dfbbc4"} 
[2026-08-26 19:11:33] testing.INFO: course.thumbnail_updated {"audit_id":"01m0z40fz5zjnkxax89t2sj7jd","actor_id":"01m0z40fyjf2dr0z0xscxntdrk","target":"Course:01m0z40fym14krvm12f9r39g03","request_id":"78eec032-1ec5-46d9-9fc2-d46fffef555a"} 
[2026-08-26 19:11:33] testing.INFO: course.updated {"audit_id":"01m0z40g31ew2fmk3kjv59hxkg","actor_id":"01m0z40g28pcjrgn200hg2myn5","target":"Course:01m0z40g2axscd65crnskwaym6","request_id":"a371ed7f-c791-420a-9b0d-e76d9e4e8100"} 
[2026-08-26 19:11:33] testing.INFO: settings.payment_method_qr_updated {"audit_id":"01m0z40g6fg76x6wsz80xtneax","actor_id":"01m0z40g6242c2455m2bwqr359","target":"PaymentMethod:01m0z40g5y5cjkg58sb7pt8zky","request_id":"95ef834b-e6d0-4880-8f18-92b0d55729ae"} 
[2026-08-26 19:11:33] testing.INFO: settings.institution_logo_updated {"audit_id":"01m0z40g9y7sc3xwmckd0436fp","actor_id":"01m0z40g9gc9hy3vresw20gk7g","target":":","request_id":"d2b50350-b33c-4976-a88c-af0f682fe03f"} 
[2026-08-26 19:11:35] testing.INFO: payment.submitted {"audit_id":"01m0z40hrg2v9w460xmx2y7p4a","actor_id":"01m0z40hqmcfrms7816a8dhs55","target":"Payment:01m0z40hrekyy4cw5wwqvj17fp","request_id":"6aa86068-7fb7-4390-ab5a-5ca5ac7bc9c7"} 
[2026-08-26 19:11:35] testing.INFO: payment.approved_at_capture {"audit_id":"01m0z40hyar81aj8rhnwhk063d","actor_id":"01m0z40hqmcfrms7816a8dhs55","target":"Payment:01m0z40hrekyy4cw5wwqvj17fp","request_id":"6aa86068-7fb7-4390-ab5a-5ca5ac7bc9c7"} 
[2026-08-26 19:11:35] testing.INFO: payment.submitted {"audit_id":"01m0z40j2fsxdf4n8zs6tzb36g","actor_id":"01m0z40j1p38pwgq335v4wdk65","target":"Payment:01m0z40j2djx6ssv49rfgr02z5","request_id":"38e84715-d420-4a0e-a860-b0f87ced0d46"} 
[2026-08-26 19:11:35] testing.INFO: payment.approved {"audit_id":"01m0z40j8r3z745pd53x8www44","actor_id":"01m0z40j1rth3b30f3n4rsps4k","target":"Payment:01m0z40j2djx6ssv49rfgr02z5","request_id":"dc291e75-2868-40a9-93df-9d18098464a8"} 
[2026-08-26 19:11:35] testing.INFO: payment.submitted {"audit_id":"01m0z40jcxg0ferr9nb4va8vea","actor_id":"01m0z40jc4fvedzcn4xc2h9bqc","target":"Payment:01m0z40jcwfn208hbh4mh4vc05","request_id":"c21b7655-5fbc-440f-af57-8d1985a716a9"} 
[2026-08-26 19:11:35] testing.INFO: payment.approved_at_capture {"audit_id":"01m0z40jjkspjah4nw483pnj9z","actor_id":"01m0z40jc4fvedzcn4xc2h9bqc","target":"Payment:01m0z40jcwfn208hbh4mh4vc05","request_id":"c21b7655-5fbc-440f-af57-8d1985a716a9"} 
[2026-08-26 19:11:35] testing.INFO: payment.submitted {"audit_id":"01m0z40jk8q6xh057sgqqsebf8","actor_id":"01m0z40jc4fvedzcn4xc2h9bqc","target":"Payment:01m0z40jk7ch1zfzrntj37pxgp","request_id":"cc3c9e16-b19e-4b0b-bdff-648205e140fe"} 
[2026-08-26 19:11:36] testing.INFO: payment.approved {"audit_id":"01m0z40jsay51a84gmw8m1ps4w","actor_id":"01m0z40jc6azjzv1ywczrhcx3e","target":"Payment:01m0z40jk7ch1zfzrntj37pxgp","request_id":"cd60c89f-e5ea-46b0-9007-b07f950499e4"} 
[2026-08-26 19:11:36] testing.INFO: course.created {"audit_id":"01m0z40jx9tck8ww1e6r59ezr2","actor_id":"01m0z40jwsvzmrqgkfpwfjmyj2","target":"Course:01m0z40jx73df1rsq930r9kfxc","request_id":"cb0a2294-2d06-46a7-889f-4ce14e48643d"} 
[2026-08-26 19:11:36] testing.INFO: category.created {"audit_id":"01m0z40k0g7j2hkgx7j1vp4d6z","actor_id":"01m0z40k047d1qbyc9k0rga1k8","target":"Category:01m0z40k0fczevjw7vzhhzmz9w","request_id":"2909fca9-5abb-42b3-81f0-b3558e7dad7f"} 
[2026-08-26 19:11:36] testing.INFO: syllabus.updated {"audit_id":"01m0z40k3t6t2g3r9s8gjhpbcz","actor_id":"01m0z40k3dj74j5dzev4ph96kb","target":"Course:01m0z40k3ehx4czm0d1evx1zhn","request_id":"85eb93ac-74e6-44d8-b4a2-5853d79f034c"} 
[2026-08-26 19:11:36] testing.INFO: export.generated {"audit_id":"01m0z40k7k34g5mhfmng2h9yzs","actor_id":"01m0z40k7597mm557rgzbmmhdx","target":":","request_id":"384b0177-7e35-427f-a20e-d39ab5edd6b2"} 
[2026-08-26 19:11:37] testing.INFO: payment.proof_viewed {"audit_id":"01m0z40m0gqk7w9h0jb551qdb5","actor_id":"01m0z40m02h3jqe0e2s3mn0878","target":"Payment:01m0z40m09ceak5gkm6hydrvpn","request_id":"ac1079fb-e3f1-4b34-9c9d-40ecf5d68cbf"} 
[2026-08-26 19:11:37] testing.INFO: payment.approved {"audit_id":"01m0z40mgsa9zkax7tevn88g4h","actor_id":"01m0z40map3yy9ntzptzwd8zd5","target":"Payment:01m0z40maqqsk1jybg0jsab9zd","request_id":"6a7548ad-735e-41ab-bb8c-ab7bbb5d12ec"} 
[2026-08-26 19:11:38] testing.INFO: recording.deleted {"audit_id":"01m0z40nbqvx8xbrwmn7grm8fc","actor_id":"01m0z40nb9sfdz2damxe5efngj","target":"Recording:01m0z40nbbxvzp0cvncgrr85q6","request_id":"97f53015-c2c9-4ca1-bc60-afda22d04dc0"} 
[2026-08-26 19:11:38] testing.INFO: recording.resynced {"audit_id":"01m0z40nf8szxedwbmx65bre5s","actor_id":"01m0z40newyt9tzba14p9dzq3g","target":"Recording:01m0z40nezcnrb1tfp8cdr1acs","request_id":"51617936-eeaf-4261-8eac-d6501df16d28"} 
[2026-08-26 19:11:38] testing.INFO: recording.created {"audit_id":"01m0z40njna5k5tpxp9kyfradt","actor_id":"01m0z40nj8t76rd5twmm6w74k9","target":"Recording:01m0z40njk9t67ehaa49fz369b","request_id":"7fc8966e-9639-4d92-8ae8-b88e22502001"} 
[2026-08-26 19:16:58] testing.INFO: account.password_changed {"audit_id":"01m0z4ae13z6m3467mh2fcsrj8","actor_id":"01m0z4ady7wa9569zk62g15thf","target":"User:01m0z4ady7wa9569zk62g15thf","request_id":"42e647da-f0ee-4ec6-8fa8-82ab430fab0a"} 
[2026-08-26 19:16:59] testing.INFO: account.password_changed {"audit_id":"01m0z4ae7ygwtsjn9p2wx22qse","actor_id":"01m0z4ae7c31dwwwfz3f6x8fej","target":"User:01m0z4ae7c31dwwwfz3f6x8fej","request_id":"2b2eb8bc-e66e-40be-a998-1bf8e7f43fb7"} 
[2026-08-26 19:16:59] testing.INFO: account.two_factor_enabled {"audit_id":"01m0z4aechgapeb9kmetxcxf9d","actor_id":"01m0z4aebybrvggcbxrdr4bmmw","target":"User:01m0z4aebybrvggcbxrdr4bmmw","request_id":"78cc0c09-16ee-427f-b644-396e2cbde57f"} 
[2026-08-26 19:16:59] testing.INFO: account.sessions_revoked {"audit_id":"01m0z4aen468zd3ey059p9bk0g","actor_id":"01m0z4aemr0bxwxdw6w1et0a63","target":"User:01m0z4aemr0bxwxdw6w1et0a63","request_id":"86b1c941-c797-4556-8ff2-74f3a22054c9"} 
[2026-08-26 19:16:59] testing.INFO: settings.updated {"audit_id":"01m0z4aeta90685tt8sbpq0623","actor_id":"01m0z4aesbyywjzpab18bsbj1t","target":":","request_id":"03d0b67a-b63d-47cb-932a-fa065fdd15cf"} 
[2026-08-26 19:17:00] testing.INFO: settings.updated {"audit_id":"01m0z4af54gzk087shcdfg562n","actor_id":"01m0z4af4twvnc4xxee6swpztp","target":":","request_id":"9a39c478-3d5b-43a2-a8ed-ad7fd6bc3be0"} 
[2026-08-26 19:17:00] testing.INFO: role.updated {"audit_id":"01m0z4afevwrzkkynyazt09vtg","actor_id":"01m0z4afedss7p61548msc36ar","target":"Role:01m0z4afby13yd7rz1hyxztrb5","request_id":"2aa4845a-748d-48b1-9811-d0da90d0e17d"} 
[2026-08-26 19:17:00] testing.INFO: settings.payment_method_qr_updated {"audit_id":"01m0z4afngwd3dp5rwcrnez5gj","actor_id":"01m0z4afm4wkzx9fh45c82ra3y","target":"PaymentMethod:01m0z4afkvzn4wyy84s0qtr1d1","request_id":"bfe78aab-420f-4e9c-a98e-9641f7392970"} 
[2026-08-26 19:17:00] testing.INFO: settings.payment_method_qr_removed {"audit_id":"01m0z4afntkzmr6zmmqryz8500","actor_id":"01m0z4afm4wkzx9fh45c82ra3y","target":"PaymentMethod:01m0z4afkvzn4wyy84s0qtr1d1","request_id":"88b08bc9-c971-49ac-b231-64b918521719"} 
[2026-08-26 19:17:00] testing.INFO: settings.payment_method_qr_updated {"audit_id":"01m0z4afv7rthbrq765ytewa0g","actor_id":"01m0z4aftdh97gr6xbf4x3daa0","target":"PaymentMethod:01m0z4aft7etkd9t4y8hnn9qw4","request_id":"6e6934a1-91b0-4d75-87b5-f6066b31941a"} 
[2026-08-26 19:17:00] testing.INFO: settings.updated {"audit_id":"01m0z4ag0mbgvyfg5gz1pdwtb1","actor_id":"01m0z4ag03agjz4gf7w6eemp3x","target":":","request_id":"3bc8df86-fee1-41e0-be7a-89dd26db51b1"} 
[2026-08-26 19:17:01] testing.INFO: faq.created {"audit_id":"01m0z4ag68hb7qxvatkh3a7dww","actor_id":"01m0z4ag5mpxgtjndgz52tag27","target":"Faq:01m0z4ag66w7p629ersh4fbnp7","request_id":"c851cf28-abeb-40e1-b384-fff3f7436aba"} 
[2026-08-26 19:17:01] testing.INFO: faq.updated {"audit_id":"01m0z4ag6n0n0dhh6nsrnxx3yb","actor_id":"01m0z4ag5mpxgtjndgz52tag27","target":"Faq:01m0z4ag66w7p629ersh4fbnp7","request_id":"3cc4b860-b1a0-4613-b05d-e11356065e73"} 
[2026-08-26 19:17:01] testing.INFO: faq.deleted {"audit_id":"01m0z4ag75e60ymea9sjhfwnga","actor_id":"01m0z4ag5mpxgtjndgz52tag27","target":"Faq:01m0z4ag66w7p629ersh4fbnp7","request_id":"c0ea7516-9cdc-4be6-90d8-dabb9cd45fca"} 
[2026-08-26 19:17:01] testing.INFO: attempt.started {"audit_id":"01m0z4agp62vv8bfgz82cjprnx","actor_id":"01m0z4agnbpe2mtr3w45xzatmj","target":"TestAttempt:01m0z4agp50a1p29h4z1eg7hsm","request_id":"4bc24497-a194-4bc5-9d9a-44c53de68b8d"} 
[2026-08-26 19:17:01] testing.INFO: attempt.started {"audit_id":"01m0z4ah0qmz9db6a39c2046v7","actor_id":"01m0z4ah04zgfy0vytwh3fasx4","target":"TestAttempt:01m0z4ah0na5618dynr57mxa2y","request_id":"8ecc3e9c-1880-4f28-b50e-1db7ea77e7a9"} 
[2026-08-26 19:17:01] testing.INFO: attempt.started {"audit_id":"01m0z4ah174p0qt0f6kdkx8x3d","actor_id":"01m0z4ah04zgfy0vytwh3fasx4","target":"TestAttempt:01m0z4ah0na5618dynr57mxa2y","request_id":"6f096c24-42f6-4f23-9156-d51fdc38a39c"} 
[2026-08-26 19:17:02] testing.INFO: attempt.started {"audit_id":"01m0z4ah6629f319nsq5jaa6yj","actor_id":"01m0z4ah5kgd0cmyf8tdr9kcw3","target":"TestAttempt:01m0z4ah64hbqkgk781tmn9b6x","request_id":"b070e199-14f7-4ba5-8f68-cdebfbbb399b"} 
[2026-08-26 19:17:02] testing.INFO: attempt.started {"audit_id":"01m0z4ahe26nv2q5f0tc1hdrbh","actor_id":"01m0z4ahdcahyfhbd88stdprqy","target":"TestAttempt:01m0z4ahe0139n1b6cfq1hssqx","request_id":"cbbb9947-c854-4d77-92c0-4607f01450c2"} 
[2026-08-26 19:17:02] testing.INFO: attempt.submitted {"audit_id":"01m0z4ahetz48ddjanfvvfmgvs","actor_id":"01m0z4ahdcahyfhbd88stdprqy","target":"TestAttempt:01m0z4ahe0139n1b6cfq1hssqx","request_id":"8c2b2043-e849-4db0-82f9-0992672ae54c"} 
[2026-08-26 19:17:02] testing.INFO: attendance.imported {"audit_id":"01m0z4ahsjsk7vyzfjq3stkpc9","actor_id":"01m0z4ahr65ahz4x5s2abe35j2","target":"ClassSession:01m0z4ahrdbt892bv6yp09b711","request_id":"38cae101-9726-42b4-b6f9-455e114d2000"} 
[2026-08-26 19:17:02] testing.INFO: auth.registered {"audit_id":"01m0z4ahy2rg3t9rx9ekz30m7t","actor_id":"01m0z4ahxz2xymhznhrrzfpkgz","target":"User:01m0z4ahxz2xymhznhrrzfpkgz","request_id":"12673f73-d257-43a4-b7e8-aa8f1c118f1e"} 
[2026-08-26 19:17:03] testing.INFO: auth.logged_in {"audit_id":"01m0z4aj7ms6c7kxrw2gwkdx9m","actor_id":"01m0z4aj775s13gytkpp6sw6m9","target":"User:01m0z4aj775s13gytkpp6sw6m9","request_id":"2f5bc246-20da-457c-8c55-9d676e6511d3"} 
[2026-08-26 19:17:03] testing.INFO: auth.logged_out {"audit_id":"01m0z4aj7y9nez6f5tgcvpcny6","actor_id":"01m0z4aj775s13gytkpp6sw6m9","target":"User:01m0z4aj775s13gytkpp6sw6m9","request_id":"04293993-7b44-4584-8c55-396df529dfeb"} 
[2026-08-26 19:17:03] testing.INFO: auth.logged_in {"audit_id":"01m0z4aj85qpc6ds6c5kxwegge","actor_id":"01m0z4aj775s13gytkpp6sw6m9","target":"User:01m0z4aj775s13gytkpp6sw6m9","request_id":"323a6513-e17d-457d-a2f8-b9f7096ac55f"} 
[2026-08-26 19:17:03] testing.INFO: auth.account_locked {"audit_id":"01m0z4ajkzf2w402k9q8g9mwyd","actor_id":"01m0z4ajjy0837my969z78bat3","target":"User:01m0z4ajjy0837my969z78bat3","request_id":"9ffc3aac-813a-4f36-b280-8144841432e2"} 
[2026-08-26 19:17:03] testing.INFO: auth.password_changed {"audit_id":"01m0z4ajspw9jaxjhpet173pxn","actor_id":"01m0z4ajs2ktawd9zfppp9ds7z","target":"User:01m0z4ajs2ktawd9zfppp9ds7z","request_id":"178f7db2-1c73-4b3f-aa54-7755426270df"} 
[2026-08-26 19:17:03] testing.INFO: account.profile_updated {"audit_id":"01m0z4ajybg5sjrff8fbdc921n","actor_id":"01m0z4ajy3znh74eq10rwpv4v4","target":"User:01m0z4ajy3znh74eq10rwpv4v4","request_id":"7948a7ac-94fd-4358-8209-d5bf897e9e55"} 
[2026-08-26 19:17:04] testing.INFO: course.updated {"audit_id":"01m0z4ak80x2tnbg18p6bm3fre","actor_id":"01m0z4ak7830239y1qtnczj6w8","target":"Course:01m0z4ak791ks2s11shm6xsvgt","request_id":"8f3e331c-0df3-4144-9372-337aa2fefe24"} 
[2026-08-26 19:17:04] testing.INFO: course.updated {"audit_id":"01m0z4akd5f0711vdknyhhmeqz","actor_id":"01m0z4akcjkpk73yyftm5x0xtp","target":"Course:01m0z4akcmjjqfe2b32jccc4wv","request_id":"4571c08c-3742-452a-8a17-d13bf622e5f3"} 
[2026-08-26 19:17:04] testing.INFO: course.thumbnail_updated {"audit_id":"01m0z4akjqdnqcn80ydt9cf1na","actor_id":"01m0z4akhxxd5yydk9thhkyd7n","target":"Course:01m0z4akj0vhhvggjype63kd2g","request_id":"b94ff1af-8bd5-4547-9683-a9b141f25c7d"} 
[2026-08-26 19:17:04] testing.INFO: course.thumbnail_updated {"audit_id":"01m0z4akkcfy8966h6nqzg00xq","actor_id":"01m0z4akhxxd5yydk9thhkyd7n","target":"Course:01m0z4akj0vhhvggjype63kd2g","request_id":"ec30b017-a547-4dad-88b4-9973c3765b59"} 
[2026-08-26 19:17:04] testing.INFO: course.thumbnail_updated {"audit_id":"01m0z4akrkem7zck2mx3jcp1ys","actor_id":"01m0z4akqwe2dphqpnpw26z7s8","target":"Course:01m0z4akqy5ctvfmbfghspyd45","request_id":"e60e2e57-aa93-4774-841f-14f76185615a"} 
[2026-08-26 19:17:04] testing.INFO: course.thumbnail_removed {"audit_id":"01m0z4aks0dwmdc0w47jw5w7qt","actor_id":"01m0z4akqwe2dphqpnpw26z7s8","target":"Course:01m0z4akqy5ctvfmbfghspyd45","request_id":"ae19c1ef-25cf-4517-aaf1-85763fadb6f1"} 
[2026-08-26 19:17:04] testing.INFO: course.thumbnail_updated {"audit_id":"01m0z4akxj25751jcqgqta8095","actor_id":"01m0z4akwt4zn3qmm29ejhshd2","target":"Course:01m0z4akwwp8v25vcfjg4dq7ps","request_id":"b163da83-e585-4726-a112-00830d3167d4"} 
[2026-08-26 19:17:05] testing.INFO: payment.approved {"audit_id":"01m0z4amywmq20fh1t2qm7vkje","actor_id":"01m0z4amg23s762v5jqbkc15tw","target":"Payment:01m0z4amgf8gt387s74k0dnw0m","request_id":"b85cf09c-3ded-48bf-bbc5-db93ee78a170"} 
[2026-08-26 19:17:06] testing.INFO: auth.logged_in {"audit_id":"01m0z4an9322t06mhvsj0rzj5b","actor_id":"01m0z4an8q4s50k7bqapkab83c","target":"User:01m0z4an8q4s50k7bqapkab83c","request_id":"711ad26b-805b-4653-8ad8-e3882267870a"} 
[2026-08-26 19:17:06] testing.INFO: auth.logged_out {"audit_id":"01m0z4an99jkmdfppc2fm1zb54","actor_id":"01m0z4an8q4s50k7bqapkab83c","target":"User:01m0z4an8q4s50k7bqapkab83c","request_id":"8b03dd3e-056e-4b2c-b18e-0afcb9f9e2e1"} 
[2026-08-26 19:17:06] testing.INFO: auth.logged_in {"audit_id":"01m0z4an9j1jj66yrck1stbz4y","actor_id":"01m0z4an8q4s50k7bqapkab83c","target":"User:01m0z4an8q4s50k7bqapkab83c","request_id":"7859ed06-c2e9-43d0-a7de-8584faa1e446"} 
[2026-08-26 19:17:06] testing.INFO: auth.logged_in {"audit_id":"01m0z4ange24y04031rebz6x9c","actor_id":"01m0z4ang0vfqxjfc2bz5jdxym","target":"User:01m0z4ang0vfqxjfc2bz5jdxym","request_id":"dabdf718-e135-4e92-99e4-d9304de9b112"} 
[2026-08-26 19:17:06] testing.INFO: user.devices_reset {"audit_id":"01m0z4anqn1dz0wdy0j98kvwwa","actor_id":"01m0z4anp68a2v0geq49r9ce9m","target":"User:01m0z4anpcez9ed8nj4fx6gt9t","request_id":"d7c41525-3fc6-4f47-80f3-b8628358ef93"} 
[2026-08-26 19:17:07] testing.INFO: settings.updated {"audit_id":"01m0z4apegymmn7v12m7pks4kg","actor_id":"01m0z4ape1g822e3fkhx85bbgq","target":":","request_id":"3b163564-daa3-4dbf-8386-7956f3e2dfe4"} 
[2026-08-26 19:17:07] testing.INFO: settings.updated {"audit_id":"01m0z4apmj0rajztepyxgmztdy","actor_id":"01m0z4apkwtzhjpn5461hyj120","target":":","request_id":"f98e8a4a-7bdd-439c-aa5d-9e66cd902921"} 
[2026-08-26 19:17:07] testing.INFO: settings.updated {"audit_id":"01m0z4apn54nya41qvb5gz9san","actor_id":"01m0z4apkwtzhjpn5461hyj120","target":":","request_id":"94848bb5-a400-49d6-9591-d6cbb9901e31"} 
[2026-08-26 19:17:08] testing.INFO: settings.institution_logo_updated {"audit_id":"01m0z4apzkmzcqh4a6xjnx7a4c","actor_id":"01m0z4apz1h6g4sqhd06xxhg6q","target":":","request_id":"8e5a0833-77ae-4dcb-8a44-c9ac913dcaee"} 
[2026-08-26 19:17:08] testing.INFO: settings.institution_logo_updated {"audit_id":"01m0z4aq04w6rgcqs3faz3jpqc","actor_id":"01m0z4apz1h6g4sqhd06xxhg6q","target":":","request_id":"9bc57707-a707-49c0-a3fa-886c9d909b93"} 
[2026-08-26 19:17:08] testing.INFO: settings.institution_logo_removed {"audit_id":"01m0z4aq0djpsb9ckz3jpptjek","actor_id":"01m0z4apz1h6g4sqhd06xxhg6q","target":":","request_id":"7d792b0f-d2d1-4d92-a127-c74980c50abc"} 
[2026-08-26 19:17:08] testing.INFO: settings.institution_favicon_updated {"audit_id":"01m0z4aq56vk3r2n81pkj7a0ty","actor_id":"01m0z4aq4rmfkvfmter3rhmeey","target":":","request_id":"d08e442f-f85a-4ba3-8baf-dd92bd1763cd"} 
[2026-08-26 19:17:08] testing.INFO: settings.updated {"audit_id":"01m0z4aqa5zjte2rk7v7d91yfq","actor_id":"01m0z4aq9r49ksgg30msybebx5","target":":","request_id":"5a9349f6-e9e9-4adf-8668-db0856be6883"} 
[2026-08-26 19:17:08] testing.INFO: settings.institution_logo_updated {"audit_id":"01m0z4aqfy8h99w95dq2spndef","actor_id":"01m0z4aqf5wj7markyrpdt9621","target":":","request_id":"d30487fe-5cd7-4100-9bc8-8323a3d65617"} 
[2026-08-26 19:17:09] testing.INFO: auth.logged_in {"audit_id":"01m0z4ar3tnjpaqwmkajnx4m76","actor_id":"01m0z4ar3fpcq1cc5fj0gayw72","target":"User:01m0z4ar3fpcq1cc5fj0gayw72","request_id":"d792364b-7e75-4ebd-8739-fb16abc162ad"} 
[2026-08-26 19:17:09] testing.INFO: auth.login_blocked_suspended {"audit_id":"01m0z4ardbck6142vgwaf0kcwy","actor_id":"01m0z4arczpw3dp1h3hgezznx2","target":"User:01m0z4arczpw3dp1h3hgezznx2","request_id":"e733df1c-b2ed-47b6-a999-871881e21881"} 
[2026-08-26 19:17:09] testing.INFO: auth.logged_out {"audit_id":"01m0z4arqbpbpxbq2719mqaf9m","actor_id":"01m0z4arq1dgvcq2mc59v5m571","target":"User:01m0z4arq1dgvcq2mc59v5m571","request_id":"8d8487a6-95e9-40b8-b9ba-219d9e32368e"} 
[2026-08-26 19:17:10] testing.INFO: auth.logged_in {"audit_id":"01m0z4arwhyr1qfm2t7tde2agw","actor_id":"01m0z4arw8pd468w7eat12t2my","target":"User:01m0z4arw8pd468w7eat12t2my","request_id":"4cf4638e-27c5-4fd9-9ccf-e3cfdf5b53c7"} 
[2026-08-26 19:17:10] testing.INFO: payment.approved {"audit_id":"01m0z4asa3t1719f7zrk962ak9","actor_id":"01m0z4as1t1bfwr5mkpwgq4p5r","target":"Payment:01m0z4as1xrakf74ff6bnaq7ak","request_id":"bd6ae55b-2f50-416e-be5a-270e5278d1e4"} 
[2026-08-26 19:17:10] testing.INFO: payment.approved {"audit_id":"01m0z4asqgcvhqge689qv4bzfw","actor_id":"01m0z4asepdv4ws26fkbx95s9g","target":"Payment:01m0z4aser5m04w00he6e7c14p","request_id":"7d642e14-0c20-4302-a54b-ff467431a451"} 
[2026-08-26 19:17:11] testing.INFO: payment.approved {"audit_id":"01m0z4atawszzfspvcwrfvxxvs","actor_id":"01m0z4at3gx45nyav819c2z7nx","target":"Payment:01m0z4at3jbxdyndng3p8nc319","request_id":"de5f782f-58e0-4cc3-88a9-164c0e95a204"} 
[2026-08-26 19:17:11] testing.INFO: payment.rejected {"audit_id":"01m0z4atgd2jv7xw3szrqexp40","actor_id":"01m0z4atfrz3dpzgcqt6j4jp37","target":"Payment:01m0z4atfv6hhp7hfgprgdw0wd","request_id":"28812308-b0ff-4d46-b957-4236a21a7881"} 
[2026-08-26 19:17:12] testing.INFO: refund.recorded {"audit_id":"01m0z4atzsay3a9sjmm4v0hjxp","actor_id":"01m0z4atywj9pc0ds1n6evqm2y","target":"Refund:01m0z4atzpash9aa5ymytb5999","request_id":"2e61257b-3065-4e06-87ba-760dab9170ab"} 
[2026-08-26 19:17:12] testing.INFO: refund.processed {"audit_id":"01m0z4av0napbaq32qs89sy3dr","actor_id":"01m0z4atyz7x29bcm778hy2dqd","target":"Refund:01m0z4atzpash9aa5ymytb5999","request_id":"2ff89053-bd31-45af-8f09-3d01e585ce07"} 
[2026-08-26 19:17:14] testing.INFO: user.suspend {"audit_id":"01m0z4ax456m1n22catazrcmc2","actor_id":"01m0z4ax39m4djkj7exsjfdtrs","target":"User:01m0z4ax3drp14182xds2vhmfr","request_id":"096d9d93-1a0c-434e-a6b4-b5afe4fbb585"} 
[2026-08-26 19:17:14] testing.INFO: user.archived {"audit_id":"01m0z4ax8tep6pp532c0c4mbg7","actor_id":"01m0z4ax7qewypzkaff60arzb8","target":"User:01m0z4ax7x7fyj5zh45jwcnsht","request_id":"5c91beb4-8766-4e1c-b256-63524ab7c891"} 
[2026-08-26 19:17:14] testing.INFO: user.archived {"audit_id":"01m0z4axcmh4zdhydvkck1866f","actor_id":"01m0z4axce0w3rmv8tpx4452ss","target":"User:01m0z4axc2sj2g70y81he1bkm2","request_id":"bab225f3-e5b3-46cb-99a6-83b0bd01a28d"} 
[2026-08-26 19:17:14] testing.INFO: user.updated {"audit_id":"01m0z4axgbwwkqxv1nmvqnm0bn","actor_id":"01m0z4axg0b6w2371aprrz5d2y","target":"User:01m0z4axg2tpmfvzsjrtjyh7f3","request_id":"dd61429a-faf5-4c88-91c5-38cc976f230c"} 
[2026-08-26 19:17:15] testing.INFO: test.published {"audit_id":"01m0z4ay7vrcwr69rbc9m4hfy3","actor_id":"01m0z4ay6g6c0xd0kwn1b072h9","target":"Test:01m0z4ay6mttdr9xy581z53mnv","request_id":"d1d1ee19-b7bb-4aef-8969-850ba8dc0b1b"} 
[2026-08-26 19:17:15] testing.INFO: course.thumbnail_updated {"audit_id":"01m0z4aykh1vy2xhhxzp3s18y5","actor_id":"01m0z4ayj3r770chwx8qf2p1vh","target":"Course:01m0z4ayj58qgv13tpba4c01am","request_id":"5c651584-7522-4d5a-8df0-122fa859539c"} 
[2026-08-26 19:17:16] testing.INFO: course.updated {"audit_id":"01m0z4ayszq272v9ne7gdsr2rd","actor_id":"01m0z4ayrtv4yybcdvhnrbbttq","target":"Course:01m0z4ayrz51knd6fkk6acczz6","request_id":"e62063dd-58d4-4b5d-a707-e3e74ca31451"} 
[2026-08-26 19:17:16] testing.INFO: settings.payment_method_qr_updated {"audit_id":"01m0z4ayz95h5csp6pgw8v7t7x","actor_id":"01m0z4ayyq89dsqcv6enfr6a9s","target":"PaymentMethod:01m0z4ayykmptvzt09x66q47g6","request_id":"b89cb747-4cf5-4697-b0d0-81aaccaa12d3"} 
[2026-08-26 19:17:16] testing.INFO: settings.institution_logo_updated {"audit_id":"01m0z4az4dpag5871xevq7zfcy","actor_id":"01m0z4az3s3f1nrrfyb4eabhe3","target":":","request_id":"b53bf93c-ed1f-4bff-a105-7e2f0b582559"} 
[2026-08-26 19:17:18] testing.INFO: payment.submitted {"audit_id":"01m0z4b1b23c2rpssj9dez93wj","actor_id":"01m0z4b19zwbrn2nw05t0are14","target":"Payment:01m0z4b1b0tg3akdy9cyfd62qh","request_id":"15218fab-09cb-42b3-9faf-7f6588da6730"} 
[2026-08-26 19:17:18] testing.INFO: payment.approved_at_capture {"audit_id":"01m0z4b1jpafyjk2x82e8hre5q","actor_id":"01m0z4b19zwbrn2nw05t0are14","target":"Payment:01m0z4b1b0tg3akdy9cyfd62qh","request_id":"15218fab-09cb-42b3-9faf-7f6588da6730"} 
[2026-08-26 19:17:19] testing.INFO: payment.submitted {"audit_id":"01m0z4b1s8093cb19xrde419sp","actor_id":"01m0z4b1r6xr7xw1jhc5zhq5jr","target":"Payment:01m0z4b1s629v6xsbvgtdyzwjp","request_id":"5a7e416a-80fc-49fe-a141-cd0daafa915a"} 
[2026-08-26 19:17:19] testing.INFO: payment.approved {"audit_id":"01m0z4b222rh942nhe4j6hbsd3","actor_id":"01m0z4b1r8der8s205g5rs9xzb","target":"Payment:01m0z4b1s629v6xsbvgtdyzwjp","request_id":"5f1d1ec3-7296-43c9-9dec-7463e847dacf"} 
[2026-08-26 19:17:19] testing.INFO: payment.submitted {"audit_id":"01m0z4b2atavvhfsgepq04459k","actor_id":"01m0z4b29j9dnv2cf7bnm6bvr3","target":"Payment:01m0z4b2arexvsxp9w6fc3abjn","request_id":"0bb51562-f213-4583-b957-6ecbff8a24c5"} 
[2026-08-26 19:17:19] testing.INFO: payment.approved_at_capture {"audit_id":"01m0z4b2km6jqycwrkq1bmb48j","actor_id":"01m0z4b29j9dnv2cf7bnm6bvr3","target":"Payment:01m0z4b2arexvsxp9w6fc3abjn","request_id":"0bb51562-f213-4583-b957-6ecbff8a24c5"} 
[2026-08-26 19:17:19] testing.INFO: payment.submitted {"audit_id":"01m0z4b2mtmw7atjqqtpaa9gnp","actor_id":"01m0z4b29j9dnv2cf7bnm6bvr3","target":"Payment:01m0z4b2mrg18tjg7asrwchw96","request_id":"7ca58ebe-1a98-4ae0-86ac-338fdf86a40f"} 
[2026-08-26 19:17:20] testing.INFO: payment.approved {"audit_id":"01m0z4b2y8pn8gqjk6x1gr5fcz","actor_id":"01m0z4b29pbj61y66tj8hbbrns","target":"Payment:01m0z4b2mrg18tjg7asrwchw96","request_id":"c7754fc7-29dd-497c-b751-e4964eebb313"} 
[2026-08-26 19:17:20] testing.INFO: course.created {"audit_id":"01m0z4b35e0j67098qy85s1ezp","actor_id":"01m0z4b3466856tycwe1x93wfm","target":"Course:01m0z4b35bt6mykchy9mkh2pf0","request_id":"8c689f19-16ba-440f-9623-ff5697eaee18"} 
[2026-08-26 19:17:20] testing.INFO: category.created {"audit_id":"01m0z4b3agw1w6htcxj7wkc2ns","actor_id":"01m0z4b3a0hvgdqkrdqchvbvjz","target":"Category:01m0z4b3adbwm4h9eb8a7n0am2","request_id":"2d85ca12-765a-469f-913b-5bf50ca4bb8c"} 
[2026-08-26 19:17:20] testing.INFO: syllabus.updated {"audit_id":"01m0z4b3fd3qr23gatx2desj06","actor_id":"01m0z4b3eswrjd2z2xp44zs5eg","target":"Course:01m0z4b3evzbrg4hfxzpfg1m5a","request_id":"0ca5c2c4-9af5-4338-baf9-4d400f37adef"} 
[2026-08-26 19:17:21] testing.INFO: export.generated {"audit_id":"01m0z4b3n06tgvbddq4e53qr89","actor_id":"01m0z4b3mf8fpx8e23gphvb7gc","target":":","request_id":"75c4ef09-6d08-407f-adfa-40c3a75f8fe3"} 
[2026-08-26 19:17:22] testing.INFO: payment.proof_viewed {"audit_id":"01m0z4b4q1mtmnakkj89a3pev5","actor_id":"01m0z4b4penfwm5ft7njjhw29k","target":"Payment:01m0z4b4pq1m1fk900wxth36c1","request_id":"d9f2f5a8-bb7a-4c5e-8114-9e36a49e7f4c"} 
[2026-08-26 19:17:22] testing.INFO: payment.approved {"audit_id":"01m0z4b5d9d6vtc32xpbyz5ka2","actor_id":"01m0z4b55609h0qzpm4em9jgnx","target":"Payment:01m0z4b55a7vdph23f9gvxyaw6","request_id":"d2f5538e-57c0-4337-ad6e-ff417d8591d5"} 
[2026-08-26 19:17:23] testing.INFO: recording.deleted {"audit_id":"01m0z4b6ht0nrrsp9xbt4322ba","actor_id":"01m0z4b6h41pr6zac52yhdv9ng","target":"Recording:01m0z4b6h70z0cbdz3jtjn59t6","request_id":"87746205-400f-4b0c-a5a8-f1b8bf4458d0"} 
[2026-08-26 19:17:24] testing.INFO: recording.resynced {"audit_id":"01m0z4b6pgn7qfakd3zenrfk6q","actor_id":"01m0z4b6p0k6zq6ep89hnkrh75","target":"Recording:01m0z4b6p2q6pfm46nf9dcvgwx","request_id":"9672eadb-c05d-419a-bcba-9e43f1e93934"} 
[2026-08-26 19:17:24] testing.INFO: recording.created {"audit_id":"01m0z4b6vkh404mm2p44xkkby1","actor_id":"01m0z4b6v2c628x4nda05cp1j0","target":"Recording:01m0z4b6vjf8f0y9gt0qx5dmmd","request_id":"91e33e62-f7b4-4055-bdf0-31da7f3578ce"} 
[2026-08-26 19:29:47] testing.INFO: class.started {"audit_id":"01m0z51wpv93xfba275rvtqcqd","actor_id":"01m0z51wnf81rscjfwc3q3ey26","target":"ClassSession:01m0z51wnkfhyjbdkb8gg8jjbr","request_id":"9ade5232-4101-4e1a-b445-db45fca113c6"} 
[2026-08-26 19:29:56] testing.INFO: account.password_changed {"audit_id":"01m0z525q803nkp56a7qn6cwn5","actor_id":"01m0z525p2d22anncy589wkwyy","target":"User:01m0z525p2d22anncy589wkwyy","request_id":"b9eb98ae-f43b-4a8f-ba6d-5285d4bcd823"} 
[2026-08-26 19:29:56] testing.INFO: account.password_changed {"audit_id":"01m0z525vb180c8w1th43fw8j1","actor_id":"01m0z525v0gxdf495zwcwgqg0b","target":"User:01m0z525v0gxdf495zwcwgqg0b","request_id":"5191920b-34e2-495c-9af6-e487682b89ae"} 
[2026-08-26 19:29:57] testing.INFO: account.two_factor_enabled {"audit_id":"01m0z525yv2mtrc55r8jb7md2e","actor_id":"01m0z525yeyq81scp9y7avpaqz","target":"User:01m0z525yeyq81scp9y7avpaqz","request_id":"38688045-ad40-48e8-8ffe-622b0b97d200"} 
[2026-08-26 19:29:57] testing.INFO: account.sessions_revoked {"audit_id":"01m0z5264y88tdwqxygdhmf55g","actor_id":"01m0z5264ndtpanxnks0v82dtg","target":"User:01m0z5264ndtpanxnks0v82dtg","request_id":"268f97e1-1f84-4234-8100-6a570ec3c857"} 
[2026-08-26 19:29:57] testing.INFO: settings.updated {"audit_id":"01m0z5268jn2m20t16p970fj8b","actor_id":"01m0z52683vd41qs5a63zd9hbd","target":":","request_id":"6cd8a54d-05b8-48ec-b6cd-bf508e597062"} 
[2026-08-26 19:29:57] testing.INFO: settings.updated {"audit_id":"01m0z526fc9y9m4x8jyx7h1n8a","actor_id":"01m0z526f4veys9m0g8w9vprq7","target":":","request_id":"0a0dccd7-bc32-45a6-a461-a56aabfe9e5c"} 
[2026-08-26 19:29:57] testing.INFO: role.updated {"audit_id":"01m0z526nt6pcehcj2641db4ae","actor_id":"01m0z526ngw9s917d9gqhczwc4","target":"Role:01m0z526m6d935apgbr8193stw","request_id":"c439fceb-f503-4b23-866e-ef706ed182a0"} 
[2026-08-26 19:29:57] testing.INFO: settings.payment_method_qr_updated {"audit_id":"01m0z526sgvww4ada8njwaqc4f","actor_id":"01m0z526rrgq6mcavb6q5errbt","target":"PaymentMethod:01m0z526rkkrag73bjcshvsscc","request_id":"52570040-aa5b-43cb-8e47-056951b55415"} 
[2026-08-26 19:29:57] testing.INFO: settings.payment_method_qr_removed {"audit_id":"01m0z526sqf7cmezc707w4p6h2","actor_id":"01m0z526rrgq6mcavb6q5errbt","target":"PaymentMethod:01m0z526rkkrag73bjcshvsscc","request_id":"f162b4bd-fa97-450d-945c-2d7f154bc473"} 
[2026-08-26 19:29:58] testing.INFO: settings.payment_method_qr_updated {"audit_id":"01m0z526x72cv1153dn19yt5vt","actor_id":"01m0z526wq885mjpf1jn6aewej","target":"PaymentMethod:01m0z526wjqasfa0xnrpah7hzz","request_id":"05473638-3d5f-4f74-8e6d-9b8ada8bf2d4"} 
[2026-08-26 19:29:58] testing.INFO: settings.updated {"audit_id":"01m0z5270g5byjz214bkr1p1m2","actor_id":"01m0z52706212evnc2zyd8e071","target":":","request_id":"29432b68-7573-464b-ba2d-003769bdde7c"} 
[2026-08-26 19:29:58] testing.INFO: faq.created {"audit_id":"01m0z5274e329spapxhmqq7tnj","actor_id":"01m0z5273v08x5fb3e3jrf9jak","target":"Faq:01m0z5274djc28t24k52f60p82","request_id":"b7d677f4-a140-4e8f-95d4-4823f910ac88"} 
[2026-08-26 19:29:58] testing.INFO: faq.updated {"audit_id":"01m0z5274nctkfy9ykn4mxd7q5","actor_id":"01m0z5273v08x5fb3e3jrf9jak","target":"Faq:01m0z5274djc28t24k52f60p82","request_id":"c3ddee61-84f2-4b5e-a43e-7f0a0eb74bbb"} 
[2026-08-26 19:29:58] testing.INFO: faq.deleted {"audit_id":"01m0z527505z9t05vqbfj2fe2z","actor_id":"01m0z5273v08x5fb3e3jrf9jak","target":"Faq:01m0z5274djc28t24k52f60p82","request_id":"c8c786ff-30d5-4ba4-9202-6a87fa5b0f9f"} 
[2026-08-26 19:29:58] testing.INFO: attempt.started {"audit_id":"01m0z527emf1121ajs5s8twzbb","actor_id":"01m0z527e4e4gh0hdejzhz47q6","target":"TestAttempt:01m0z527ej038bsfgbajhyvv5p","request_id":"f7cc72de-b365-4784-adc3-9db872c021de"} 
[2026-08-26 19:29:58] testing.INFO: attempt.started {"audit_id":"01m0z527na2q3yah0rmvvr7bkg","actor_id":"01m0z527myhc98kh6nskg0ajrh","target":"TestAttempt:01m0z527n9wqkkakbgk6hrkxrh","request_id":"b673d199-4776-4f5d-a6b3-4aba3dceae6f"} 
[2026-08-26 19:29:58] testing.INFO: attempt.started {"audit_id":"01m0z527njpa1rsq0k51r0rkbj","actor_id":"01m0z527myhc98kh6nskg0ajrh","target":"TestAttempt:01m0z527n9wqkkakbgk6hrkxrh","request_id":"d09a21f4-fd12-4341-907d-0dbd840907de"} 
[2026-08-26 19:29:58] testing.INFO: attempt.started {"audit_id":"01m0z527s5qn0yjt5mn86cqjcb","actor_id":"01m0z527rsr7xw38vmbk43csct","target":"TestAttempt:01m0z527s4t4pnbrnsvbq5vp68","request_id":"41e07a04-fa52-4ae4-8a89-20b3aababc47"} 
[2026-08-26 19:29:59] testing.INFO: attempt.started {"audit_id":"01m0z527x2x4y800784xwgxjh4","actor_id":"01m0z527wnj11vmdk0b8hg0ndv","target":"TestAttempt:01m0z527x1jd97158jh3h83xr2","request_id":"a97f9f7f-7878-4c7e-a088-b1a2aebbeccf"} 
[2026-08-26 19:29:59] testing.INFO: attempt.submitted {"audit_id":"01m0z527xjs4dvxq0wngfn4hde","actor_id":"01m0z527wnj11vmdk0b8hg0ndv","target":"TestAttempt:01m0z527x1jd97158jh3h83xr2","request_id":"18510f88-e479-43d1-a206-fdb60d124a6a"} 
[2026-08-26 19:29:59] testing.INFO: attendance.imported {"audit_id":"01m0z52852mzk8gc2gx21q6avj","actor_id":"01m0z52843cje2v4s33b7wdfj0","target":"ClassSession:01m0z5284bsmsvek365dy0bwx5","request_id":"973d6c91-2941-4690-8ed8-7bf76b9ecea8"} 
[2026-08-26 19:29:59] testing.INFO: auth.registered {"audit_id":"01m0z5288qbfy7f50sxj8dxh1t","actor_id":"01m0z5288mv1cf90gtp9p3nmqw","target":"User:01m0z5288mv1cf90gtp9p3nmqw","request_id":"7a2ba72d-21c5-4f8e-9157-3291235eef1e"} 
[2026-08-26 19:29:59] testing.INFO: auth.logged_in {"audit_id":"01m0z528fe9nnaj1ecz832q49n","actor_id":"01m0z528f6nk38eawzmx7gm6eq","target":"User:01m0z528f6nk38eawzmx7gm6eq","request_id":"85bec13d-faac-40f9-a5aa-05d981abce05"} 
[2026-08-26 19:29:59] testing.INFO: auth.logged_out {"audit_id":"01m0z528fpj5ezj53gxryy3a6j","actor_id":"01m0z528f6nk38eawzmx7gm6eq","target":"User:01m0z528f6nk38eawzmx7gm6eq","request_id":"f1e16b8a-dd5c-4043-bbd3-959556c8539c"} 
[2026-08-26 19:29:59] testing.INFO: auth.logged_in {"audit_id":"01m0z528fte643v4grzjdwwb93","actor_id":"01m0z528f6nk38eawzmx7gm6eq","target":"User:01m0z528f6nk38eawzmx7gm6eq","request_id":"f8b7cae6-2c2a-4e7e-8dd2-f3ffabcb3ed5"} 
[2026-08-26 19:29:59] testing.INFO: auth.account_locked {"audit_id":"01m0z528pk8jwpjsx35zj1ze0n","actor_id":"01m0z528nxmjxp7t39674y1pgs","target":"User:01m0z528nxmjxp7t39674y1pgs","request_id":"4117aa49-c819-4606-a292-759597951f7b"} 
[2026-08-26 19:29:59] testing.INFO: auth.password_changed {"audit_id":"01m0z528t0zcgcfd15zrhmzesv","actor_id":"01m0z528sjq6y3e2dyzyzsdxrd","target":"User:01m0z528sjq6y3e2dyzyzsdxrd","request_id":"b05514ef-c1a7-4e91-93f4-60cc425e035b"} 
[2026-08-26 19:30:00] testing.INFO: account.profile_updated {"audit_id":"01m0z528x93h4jw1sgzzfz8v9m","actor_id":"01m0z528x294zmsmmr5smqhhwf","target":"User:01m0z528x294zmsmmr5smqhhwf","request_id":"6d50287f-3bd8-4965-a324-3182476da265"} 
[2026-08-26 19:30:00] testing.INFO: course.updated {"audit_id":"01m0z52940q5warv4dzh2h9m1c","actor_id":"01m0z5293h70yhjxw627m8szmq","target":"Course:01m0z5293jdnvnj8yd0ve0ftst","request_id":"319b4d48-d8b9-4afe-87ba-3c15908e8d69"} 
[2026-08-26 19:30:00] testing.INFO: course.updated {"audit_id":"01m0z5297hr30b78jm2dn8yp4t","actor_id":"01m0z52975vwvbz9heqvx49vsv","target":"Course:01m0z52976byq7v0qjxrxv7mw0","request_id":"b1a3239a-a9a8-416e-9ba3-a822a6b9f66d"} 
[2026-08-26 19:30:00] testing.INFO: course.thumbnail_updated {"audit_id":"01m0z529b70t1ahtvvskchz7kd","actor_id":"01m0z529akjjcgb739ze3wfsjw","target":"Course:01m0z529anwkm84kwg1w6czgv4","request_id":"af2b6f55-9dc9-4a1b-84c8-9f0e3522648a"} 
[2026-08-26 19:30:00] testing.INFO: course.thumbnail_updated {"audit_id":"01m0z529bqk4w5vmdvbshkf7fq","actor_id":"01m0z529akjjcgb739ze3wfsjw","target":"Course:01m0z529anwkm84kwg1w6czgv4","request_id":"bde4cef1-b7b2-4be6-be62-ebf1fa4b8fe1"} 
[2026-08-26 19:30:00] testing.INFO: course.thumbnail_updated {"audit_id":"01m0z529f8nge2kkfzmcyk1b22","actor_id":"01m0z529ep0m523xdgcqyprazy","target":"Course:01m0z529ery745dg9353v3nb7q","request_id":"e3372ee7-1a06-4d33-b8f7-0900aee98855"} 
[2026-08-26 19:30:00] testing.INFO: course.thumbnail_removed {"audit_id":"01m0z529fhjn9dpcgz10h51b55","actor_id":"01m0z529ep0m523xdgcqyprazy","target":"Course:01m0z529ery745dg9353v3nb7q","request_id":"ab14c68b-01bf-49b9-9ed6-15de9ca28988"} 
[2026-08-26 19:30:00] testing.INFO: course.thumbnail_updated {"audit_id":"01m0z529mdz070ecgg0e1c89fm","actor_id":"01m0z529kvydgd6sxrtw8t06kp","target":"Course:01m0z529kxyzn8eh0e0f8m9wk7","request_id":"ebb27780-8834-4a52-92d6-476850d82dba"} 
[2026-08-26 19:30:01] testing.INFO: payment.approved {"audit_id":"01m0z52a6zb0np99rq0x3z5sp3","actor_id":"01m0z529yp32c72zfczn3w6zap","target":"Payment:01m0z529ywhd3vqnntntjee38q","request_id":"e175710c-8449-4ee8-a4e2-d704be66486e"} 
[2026-08-26 19:30:01] testing.INFO: auth.logged_in {"audit_id":"01m0z52aebdr68hyfw7njhbn84","actor_id":"01m0z52ae2nx419ds98y82b5v8","target":"User:01m0z52ae2nx419ds98y82b5v8","request_id":"3a9193f0-4032-4776-9a15-0e8d2d5db585"} 
[2026-08-26 19:30:01] testing.INFO: auth.logged_out {"audit_id":"01m0z52aejy0975s0bnjpgt20n","actor_id":"01m0z52ae2nx419ds98y82b5v8","target":"User:01m0z52ae2nx419ds98y82b5v8","request_id":"2fbfcbf0-5c1a-4a64-96f4-0269a012a7f7"} 
[2026-08-26 19:30:01] testing.INFO: auth.logged_in {"audit_id":"01m0z52aeqg7zp074jk7933s01","actor_id":"01m0z52ae2nx419ds98y82b5v8","target":"User:01m0z52ae2nx419ds98y82b5v8","request_id":"739bc10d-d519-4b0c-9d53-8c2a4346b307"} 
[2026-08-26 19:30:01] testing.INFO: auth.logged_in {"audit_id":"01m0z52ahwncyt6x1ewmqgyw10","actor_id":"01m0z52ahnpjp0zd30ppfpq4pk","target":"User:01m0z52ahnpjp0zd30ppfpq4pk","request_id":"10e6166e-35c4-4228-8c8d-009dee05d310"} 
[2026-08-26 19:30:01] testing.INFO: user.devices_reset {"audit_id":"01m0z52an92rw0tpv54xwq3k8h","actor_id":"01m0z52amtr3jc8af4dxxgz3ew","target":"User:01m0z52amwjqcfzwwpvp03g9tr","request_id":"f5327de4-5bce-4c0b-a99a-9de623f81b53"} 
[2026-08-26 19:30:02] testing.INFO: settings.updated {"audit_id":"01m0z52b1cy1ar6hf2r2s1t735","actor_id":"01m0z52b0vxgpb2740d3b1jd1w","target":":","request_id":"525b9a31-c810-4674-ab98-3f543dbf5333"} 
[2026-08-26 19:30:02] testing.INFO: settings.updated {"audit_id":"01m0z52b4ns8x9myarwqamwnqw","actor_id":"01m0z52b4czqkzzy1ka89hhank","target":":","request_id":"2bb44ea1-e9c0-4e7a-88aa-34be5d491dc2"} 
[2026-08-26 19:30:02] testing.INFO: settings.updated {"audit_id":"01m0z52b4x7zbyvcmksvajzhk7","actor_id":"01m0z52b4czqkzzy1ka89hhank","target":":","request_id":"e5104b3f-8b24-48cb-a22c-7de41e67fc6a"} 
[2026-08-26 19:30:02] testing.INFO: settings.institution_logo_updated {"audit_id":"01m0z52bbg3ttax02v1crwpadk","actor_id":"01m0z52bb3gtmmbyghnyh2wv6g","target":":","request_id":"0209aade-24fe-49a1-b029-daa884d4d638"} 
[2026-08-26 19:30:02] testing.INFO: settings.institution_logo_updated {"audit_id":"01m0z52bby7vz4f9zr766j1g93","actor_id":"01m0z52bb3gtmmbyghnyh2wv6g","target":":","request_id":"21e70a7d-9df3-4409-a1cb-6c65195eb025"} 
[2026-08-26 19:30:02] testing.INFO: settings.institution_logo_removed {"audit_id":"01m0z52bc569g862qwng9w2yxz","actor_id":"01m0z52bb3gtmmbyghnyh2wv6g","target":":","request_id":"5121b81e-7b08-4c91-ae96-ed28207c2990"} 
[2026-08-26 19:30:02] testing.INFO: settings.institution_favicon_updated {"audit_id":"01m0z52bfrzwxgdbdacj8pkwev","actor_id":"01m0z52bfd7stpbzvdkp8s2mnv","target":":","request_id":"64bd05e9-4574-47be-b490-3e1afbc85fb4"} 
[2026-08-26 19:30:02] testing.INFO: settings.updated {"audit_id":"01m0z52bk80g96as1bh8jpsgxn","actor_id":"01m0z52bjz7yaz5e6z214db7ar","target":":","request_id":"55d9633f-4af9-476e-96f9-28bd0d2dcf92"} 
[2026-08-26 19:30:02] testing.INFO: settings.institution_logo_updated {"audit_id":"01m0z52bq1583h1s1000w0b7xt","actor_id":"01m0z52bphyhgms47xftqd21xj","target":":","request_id":"bd40c1b6-7296-4f60-8202-ce5fdc6f4fd3"} 
[2026-08-26 19:30:03] testing.INFO: auth.logged_in {"audit_id":"01m0z52c3x54fxt3hsqz7wh6h2","actor_id":"01m0z52c3khkwyhhqf174sssvm","target":"User:01m0z52c3khkwyhhqf174sssvm","request_id":"9871cf95-167e-4133-bd08-94bf7b7969da"} 
[2026-08-26 19:30:03] testing.INFO: auth.login_blocked_suspended {"audit_id":"01m0z52camy7m5g624by2taex6","actor_id":"01m0z52caeb0jqvbdpcz4qye2x","target":"User:01m0z52caeb0jqvbdpcz4qye2x","request_id":"645ae005-6513-4756-bcc9-5e5543ab9d76"} 
[2026-08-26 19:30:03] testing.INFO: auth.logged_out {"audit_id":"01m0z52cgxyw5vbwtthvhwbafe","actor_id":"01m0z52cgqj45nrj95sc3ekycq","target":"User:01m0z52cgqj45nrj95sc3ekycq","request_id":"33a9d09e-bf19-4570-805b-4c52d7317ea4"} 
[2026-08-26 19:30:03] testing.INFO: auth.logged_in {"audit_id":"01m0z52cm1w752g3vcaca0phn3","actor_id":"01m0z52ckt7d3ts1ed3ybww6ft","target":"User:01m0z52ckt7d3ts1ed3ybww6ft","request_id":"de78b17a-d1d0-4d23-a98d-17efe77e8b92"} 
[2026-08-26 19:30:04] testing.INFO: payment.approved {"audit_id":"01m0z52cxks5y5pmacrg00p5v2","actor_id":"01m0z52cqdc0dcbn4d7bm1f9rz","target":"Payment:01m0z52cqf5jtdwrdbf0pc651n","request_id":"88a5dfa8-e9f1-46bf-9ad4-a1ba7b68226f"} 
[2026-08-26 19:30:04] testing.INFO: payment.approved {"audit_id":"01m0z52d76z1cpchmmf8gz4bhq","actor_id":"01m0z52d14hhn88885r2202jnt","target":"Payment:01m0z52d16vncmy2sgbdh2p6q9","request_id":"e0fb337e-f333-481f-8233-73596ad5f996"} 
[2026-08-26 19:30:04] testing.INFO: payment.approved {"audit_id":"01m0z52dkqtree2c8bc6n82h43","actor_id":"01m0z52de1dwn1qxd1wryk2v2c","target":"Payment:01m0z52de2r6n7b14xrcq0h48d","request_id":"984d2142-e314-45f2-8d52-e28b91751cfe"} 
[2026-08-26 19:30:05] testing.INFO: payment.rejected {"audit_id":"01m0z52dqaajchvjfgtphg9bc0","actor_id":"01m0z52dpwnztcg7b3vgbbj37s","target":"Payment:01m0z52dpy9qvrxzaxrhr98ekc","request_id":"3f1c233e-64cf-4594-b127-cccc02b41df4"} 
[2026-08-26 19:30:05] testing.INFO: refund.recorded {"audit_id":"01m0z52e1vh3qh9xvpvpakf7c1","actor_id":"01m0z52e1awm2wxeefee35kaes","target":"Refund:01m0z52e1twrm4pbs2027e86th","request_id":"63cb3e34-2cc3-4e58-a64c-beaf5d8e1149"} 
[2026-08-26 19:30:05] testing.INFO: refund.processed {"audit_id":"01m0z52e2cpmx15rhnj34fptgq","actor_id":"01m0z52e1cpfy2jy7b1kwf7g59","target":"Refund:01m0z52e1twrm4pbs2027e86th","request_id":"8db9514a-37fa-440f-854f-1db33aa56552"} 
[2026-08-26 19:30:06] testing.INFO: user.suspend {"audit_id":"01m0z52fhdq8w0jrbz60qmyt8b","actor_id":"01m0z52fghwhtdqdp73naa42rh","target":"User:01m0z52fgn63g33ffv2x6s94e1","request_id":"2c9be251-f8a2-4252-86f5-927ee317e890"} 
[2026-08-26 19:30:06] testing.INFO: user.archived {"audit_id":"01m0z52fnjv7raes57y9c6qrw0","actor_id":"01m0z52fmkr62yaq0wakq7jx05","target":"User:01m0z52fmtevc4krsn4b8f4xa2","request_id":"a552ddf6-a66e-4f30-bb76-51487f339af0"} 
[2026-08-26 19:30:07] testing.INFO: user.archived {"audit_id":"01m0z52fsjvd8jdxc0q4ynzghp","actor_id":"01m0z52fsc103pkh0gxptt0zfd","target":"User:01m0z52fs02w8w5hdetmxxfsaz","request_id":"0ee6af70-f318-4e8c-b189-1d708d37518e"} 
[2026-08-26 19:30:07] testing.INFO: user.updated {"audit_id":"01m0z52fy553m9kewq00fancaz","actor_id":"01m0z52fxqhtjzx5vkk4zzysnq","target":"User:01m0z52fxtpfcqndesxb07dj4k","request_id":"a8dd3246-7142-4910-8305-7d8cc1382be5"} 
[2026-08-26 19:30:07] testing.INFO: test.published {"audit_id":"01m0z52gd48a1v0tcs32degnna","actor_id":"01m0z52gcajwrpqchgrzghk9sp","target":"Test:01m0z52gcdfq33zehhm6m4006r","request_id":"e515197c-7be6-4eb9-8cab-e5bdcb2ff68d"} 
[2026-08-26 19:30:07] testing.INFO: course.thumbnail_updated {"audit_id":"01m0z52gm8bevc0n9t1eckbnrd","actor_id":"01m0z52gkn2ndyctnk08ygth19","target":"Course:01m0z52gkq80e4xsbxwzef05fz","request_id":"48024c68-6a27-485c-ae69-9445496227de"} 
[2026-08-26 19:30:08] testing.INFO: course.updated {"audit_id":"01m0z52grgxctr2vskew9c7czr","actor_id":"01m0z52gr277jntxwfh0wkzsfm","target":"Course:01m0z52gr477v9pgsy8rv0rhrh","request_id":"9780e1fc-097f-4416-b778-ac8712a7dc51"} 
[2026-08-26 19:30:08] testing.INFO: settings.payment_method_qr_updated {"audit_id":"01m0z52gw74jp11pkggsahxv31","actor_id":"01m0z52gvs2h391njz15t1s9nn","target":"PaymentMethod:01m0z52gvnp094xefbhs9cxkmk","request_id":"c49ec2cb-3e12-4055-a994-7ad7e0ed8e11"} 
[2026-08-26 19:30:08] testing.INFO: settings.institution_logo_updated {"audit_id":"01m0z52gznbgd5pdpppf67gf6d","actor_id":"01m0z52gz7dp2thw2ne9qj9vcz","target":":","request_id":"454fef43-b706-42ee-b8da-ebd189444ef1"} 
[2026-08-26 19:30:09] testing.INFO: payment.submitted {"audit_id":"01m0z52jdzcxy4nb3gn796mmmk","actor_id":"01m0z52jd6tfg994ftjqba2h4q","target":"Payment:01m0z52jdypqxne8my66r90rwj","request_id":"d303ae91-9746-4267-9a2e-5bd3c99e0518"} 
[2026-08-26 19:30:10] testing.INFO: payment.approved_at_capture {"audit_id":"01m0z52jkx0h13r11fgamkgjdt","actor_id":"01m0z52jd6tfg994ftjqba2h4q","target":"Payment:01m0z52jdypqxne8my66r90rwj","request_id":"d303ae91-9746-4267-9a2e-5bd3c99e0518"} 
[2026-08-26 19:30:10] testing.INFO: payment.submitted {"audit_id":"01m0z52jr99bj4a4m94znm66pg","actor_id":"01m0z52jqjfz88q6wkr97xbhfe","target":"Payment:01m0z52jr8zcr1ycjtd9f8sr14","request_id":"9e4965ee-2683-4389-8b20-dcd36e02d153"} 
[2026-08-26 19:30:10] testing.INFO: payment.approved {"audit_id":"01m0z52jy9b9dew7yxg0qaj7a9","actor_id":"01m0z52jqmbpdkzbcwpk3d5xbx","target":"Payment:01m0z52jr8zcr1ycjtd9f8sr14","request_id":"d93639d6-dd66-4368-8d4b-d840d9f68fb3"} 
[2026-08-26 19:30:10] testing.INFO: payment.submitted {"audit_id":"01m0z52k2d11vfyxe80ymkq13c","actor_id":"01m0z52k1nwsjdmzbnkxr0cw6z","target":"Payment:01m0z52k2czdheew8nhkcsc59d","request_id":"74e15a74-ef3f-4e04-b367-b91cc2f5c3e3"} 
[2026-08-26 19:30:10] testing.INFO: payment.approved_at_capture {"audit_id":"01m0z52k82wyseg6vmx3dpw76w","actor_id":"01m0z52k1nwsjdmzbnkxr0cw6z","target":"Payment:01m0z52k2czdheew8nhkcsc59d","request_id":"74e15a74-ef3f-4e04-b367-b91cc2f5c3e3"} 
[2026-08-26 19:30:10] testing.INFO: payment.submitted {"audit_id":"01m0z52k8rp5s8sp1k0f2cqvtf","actor_id":"01m0z52k1nwsjdmzbnkxr0cw6z","target":"Payment:01m0z52k8pfyy2tbgqwe7txsw0","request_id":"5095d7a5-b1b7-4999-9529-d0be88006b27"} 
[2026-08-26 19:30:10] testing.INFO: payment.approved {"audit_id":"01m0z52kevmh89c884c616qj77","actor_id":"01m0z52k1qr7wdkfbqz9w4q72h","target":"Payment:01m0z52k8pfyy2tbgqwe7txsw0","request_id":"28c255f5-3e30-486e-b0f9-947de72d8783"} 
[2026-08-26 19:30:11] testing.INFO: course.created {"audit_id":"01m0z52kjraqc8qjjvceaaxwqm","actor_id":"01m0z52kj8z5v6ksdbr2jqba0r","target":"Course:01m0z52kjqt55pdbq904snwgm5","request_id":"9162873a-728f-427b-b239-ad3383e110db"} 
[2026-08-26 19:30:11] testing.INFO: category.created {"audit_id":"01m0z52kp6qza8a9xyana5kr3t","actor_id":"01m0z52knv4qaj6r2hzqvaryq1","target":"Category:01m0z52kp53bfq87wvnrg2s4hz","request_id":"467cc854-aa4b-46b0-9b4d-b2bc6dcfbfb4"} 
[2026-08-26 19:30:11] testing.INFO: syllabus.updated {"audit_id":"01m0z52kszj0n5cwsd9eg3tkfs","actor_id":"01m0z52kskzfd6wjzfq6rj0ev6","target":"Course:01m0z52ksmn64r5nns7s1d77yz","request_id":"f27cc815-4123-42cf-a7f5-a8e40a4c6ff0"} 
[2026-08-26 19:30:11] testing.INFO: export.generated {"audit_id":"01m0z52kx98gwtns9n3gr61mga","actor_id":"01m0z52kwvjejgfmchh6k2zebp","target":":","request_id":"2c16217e-ba84-4718-b790-cd9c00a25588"} 
[2026-08-26 19:30:12] testing.INFO: payment.proof_viewed {"audit_id":"01m0z52mne2s7fsnsa4jk99921","actor_id":"01m0z52mmyt46x8x55dkn3hvw9","target":"Payment:01m0z52mn76p8nrhz1de073h3d","request_id":"d3c2b479-20a9-471d-aa1b-da75fbe19893"} 
[2026-08-26 19:30:12] testing.INFO: payment.approved {"audit_id":"01m0z52n5hqmd7v5ngywqja983","actor_id":"01m0z52mzqp98sw7gesb5gw345","target":"Payment:01m0z52mzs4qbqgqpxsp8vvhcd","request_id":"bc35192c-2a7a-42a1-b4fd-e90942c05614"} 
[2026-08-26 19:30:13] testing.INFO: class.started {"audit_id":"01m0z52nzr5j0kh3yq5v8fw0jz","actor_id":"01m0z52nz7v9eagw3yp2adfdyr","target":"ClassSession:01m0z52nz93zdfq26pq2q9d28z","request_id":"4c10d36c-c1ba-475e-8986-041346cdfd0f"} 
[2026-08-26 19:30:13] testing.INFO: recording.deleted {"audit_id":"01m0z52p6hwh5zvppcxweetj9n","actor_id":"01m0z52p63h3ebsa0tntfd6fs1","target":"Recording:01m0z52p64c67xyap14kvbtdax","request_id":"97c9c1ec-0843-495e-b4e0-bd54b2e64656"} 
[2026-08-26 19:30:13] testing.INFO: recording.resynced {"audit_id":"01m0z52p9z01r42r58bzqnfjtd","actor_id":"01m0z52p9krweq9vjyenr2fed3","target":"Recording:01m0z52p9nza8qpazn0d0vfmab","request_id":"4a79fb6e-11b0-4808-bd3c-39955aaf3b2b"} 
[2026-08-26 19:30:13] testing.INFO: recording.created {"audit_id":"01m0z52pdcd5nmd0f7ssab47st","actor_id":"01m0z52pd0k54xbg46vahyh3mm","target":"Recording:01m0z52pdbbg81e1cc1kcq8x5d","request_id":"3f8220ad-fb4c-4776-bb6b-ee6219c0c2d9"} 
[2026-08-26 20:13:33] local.INFO: recording.resynced {"audit_id":"01m0z7j030skvpva3mz82n4qxa","actor_id":"01m09q7kvqfnm27cyeyww19n7h","target":"Recording:01m0z3e4edxxnjhdzn4p89ssxk","request_id":"616be470-09a6-4497-9055-44e798a410b5"} 
[2026-08-26 20:13:45] local.INFO: recording.resynced {"audit_id":"01m0z7jd3x5dz1j090eqzfbm2v","actor_id":"01m09q7kvqfnm27cyeyww19n7h","target":"Recording:01m0y4jbnfmh0s06t8kkqmgnpz","request_id":"fecfa90c-775d-405e-8148-c8ad0844ab53"} 
[2026-08-26 20:13:47] local.INFO: recording.resynced {"audit_id":"01m0z7jemsa93sxs6fesypg5r5","actor_id":"01m09q7kvqfnm27cyeyww19n7h","target":"Recording:01m0y4h76tec90mtsjg0q50hy1","request_id":"4bbbdb22-4dcb-40a6-a759-97227fabd02b"} 
[2026-08-26 20:13:55] local.INFO: auth.logged_out {"audit_id":"01m0z7jp7z4661k1d1rrrzqfv2","actor_id":"01m09q7kvqfnm27cyeyww19n7h","target":"User:01m09q7kvqfnm27cyeyww19n7h","request_id":"5d62a278-e169-429d-8841-d673fa45a616"} 
[2026-08-26 20:14:03] local.INFO: auth.logged_in {"audit_id":"01m0z7jyfd38rq0v4xfa70zgbq","actor_id":"01m09q7v3xq02bgadbj9an0w3q","target":"User:01m09q7v3xq02bgadbj9an0w3q","request_id":"ac803eff-c9fd-4129-8514-578292bbcc57"} 
[2026-08-26 20:37:45] testing.INFO: recording.deleted {"audit_id":"01m0z8yasxpqgh0nc4fqaw4qa8","actor_id":"01m0z8yaptsxabn5gqrm2dvb01","target":"Recording:01m0z8yaqyz6k2fcqjbn2qgg74","request_id":"6f445806-1bdc-4721-b44a-d38b02a9e531"} 
[2026-08-26 20:37:46] testing.INFO: recording.resynced {"audit_id":"01m0z8yc2qh93g97fhm9z9egpk","actor_id":"01m0z8yc29h3ns9vzw2fzvs2b3","target":"Recording:01m0z8yc2bcs400cv7gyn2ftwj","request_id":"aa5c78f6-adfb-4755-bcc2-b4cefed49970"} 
[2026-08-26 20:37:47] testing.INFO: recording.created {"audit_id":"01m0z8ycj7sv004d4a8j4p6vnk","actor_id":"01m0z8ycegqv9pn626q4cjp0gc","target":"Recording:01m0z8ycj6r9hw7gh079q66mpa","request_id":"b2769bce-c36f-405c-9f61-fb1b608a242d"} 
[2026-08-26 20:38:18] testing.INFO: recording.created {"audit_id":"01m0z8zbc2csesnx7r873tzpb3","actor_id":"01m0z8zbb3vc4mxkmnpj9spfnw","target":"Recording:01m0z8zbc0bk2fc3wkjs3va050","request_id":"c2de1f00-215c-4867-8cf3-dba4eeddaf8c"} 
[2026-08-26 20:38:20] testing.INFO: resource.uploaded {"audit_id":"01m0z8zcv1ghycqwvjgkchbhmc","actor_id":"01m0z8zce24j61amxtwx8m5bcx","target":"Resource:01m0z8zcv0dp4vbvfeyj73yp7p","request_id":"d90d3943-d4f9-4df9-be30-59a3e535ec0b"} 
[2026-08-26 20:38:48] testing.INFO: recording.created {"audit_id":"01m0z908n9n612a69a5nvy6df7","actor_id":"01m0z908mbfyddv1kt54298ax7","target":"Recording:01m0z908n7f0cm8f0spcwh478c","request_id":"bcd980b1-f234-4a1f-8c05-f0013ccc5598"} 
[2026-08-26 20:38:48] testing.INFO: resource.uploaded {"audit_id":"01m0z908zyemed5jkxz98k9hf9","actor_id":"01m0z908z3bw8t7bb0c8ks8kcj","target":"Resource:01m0z908zx49kcg7h5pfjbt5dk","request_id":"b70b21ab-1567-4a30-b764-6cc9a85b2ef2"} 
[2026-08-26 20:38:59] testing.INFO: account.password_changed {"audit_id":"01m0z90kffqnf5mps3k9xxgm5m","actor_id":"01m0z90k4gfen9yd61nyrxzzwe","target":"User:01m0z90k4gfen9yd61nyrxzzwe","request_id":"90fd0889-bac1-45b6-8772-35e34663c26a"} 
[2026-08-26 20:38:59] testing.INFO: account.password_changed {"audit_id":"01m0z90kn6ffqerkfxqa18kv9t","actor_id":"01m0z90kmm370gf1h5ptm9wab8","target":"User:01m0z90kmm370gf1h5ptm9wab8","request_id":"efd5c671-6dda-4a2d-97f2-63101e3d8dc4"} 
[2026-08-26 20:39:00] testing.INFO: account.two_factor_enabled {"audit_id":"01m0z90kwc9avfnxncwb4tr92g","actor_id":"01m0z90ks4b30zh5br8538wsta","target":"User:01m0z90ks4b30zh5br8538wsta","request_id":"7b206286-ea35-44f8-bbb6-aabb4fca1c75"} 
[2026-08-26 20:39:00] testing.INFO: account.sessions_revoked {"audit_id":"01m0z90m56mbt0kbzm84jnth2b","actor_id":"01m0z90m4wzegh37pqcnrw5kg2","target":"User:01m0z90m4wzegh37pqcnrw5kg2","request_id":"f6500ee8-c73c-4e77-b32b-e05cdfbbc3ac"} 
[2026-08-26 20:39:00] testing.INFO: settings.updated {"audit_id":"01m0z90mh0s5c161qfevcpcrtb","actor_id":"01m0z90m8m37eh1eabaqs9qz2z","target":":","request_id":"52d4e1cb-1db3-43d7-805e-9b2e7f7f2fe8"} 
[2026-08-26 20:39:01] testing.INFO: settings.updated {"audit_id":"01m0z90msj46jqxqfw0a9f4hyq","actor_id":"01m0z90ms6y9mb9s0pvb01vqg6","target":":","request_id":"c6a06f53-7cc8-4918-bf6f-7f5a726bbe93"} 
[2026-08-26 20:39:01] testing.INFO: role.updated {"audit_id":"01m0z90n1vq7ftd22z4r53685f","actor_id":"01m0z90n1fhjnaagh2ze3v180z","target":"Role:01m0z90mzv0ft261egftm9j1c1","request_id":"6ee378ff-6d70-4553-a6d2-a896f52227d6"} 
[2026-08-26 20:39:01] testing.INFO: settings.payment_method_qr_updated {"audit_id":"01m0z90n6f5vqr3bzdye18h5hj","actor_id":"01m0z90n5bga2wkf5m8f3te053","target":"PaymentMethod:01m0z90n55z2tz7neaazgdfy8a","request_id":"7fd3a102-6019-4480-90d5-4ec9cb8fc308"} 
[2026-08-26 20:39:01] testing.INFO: settings.payment_method_qr_removed {"audit_id":"01m0z90n6tz1nhpf82es6qdfeg","actor_id":"01m0z90n5bga2wkf5m8f3te053","target":"PaymentMethod:01m0z90n55z2tz7neaazgdfy8a","request_id":"4c182926-1ff4-4541-bb08-4e55109169e8"} 
[2026-08-26 20:39:01] testing.INFO: settings.payment_method_qr_updated {"audit_id":"01m0z90nas8xavnhh62rjdqzvk","actor_id":"01m0z90na7n3nb0vj62f7vq9yf","target":"PaymentMethod:01m0z90na36pnkf7ha2g0mcy1g","request_id":"b0884060-04b6-4fb6-8aa2-f3add7fd9977"} 
[2026-08-26 20:39:01] testing.INFO: settings.updated {"audit_id":"01m0z90nhed7pc2bcn3jgw1p6a","actor_id":"01m0z90ng7yf3c1mm00xqkaw1v","target":":","request_id":"8fb6bc6e-73f6-4f32-9a39-4afa53ac15fd"} 
[2026-08-26 20:39:01] testing.INFO: faq.created {"audit_id":"01m0z90nq7akyec7g7fxn0wwdg","actor_id":"01m0z90nnhb12x4dvzs8hc9nvx","target":"Faq:01m0z90nq6vk50rymx7rj5qkyd","request_id":"561de14b-3c03-4d1f-89f6-7b910a235e2e"} 
[2026-08-26 20:39:01] testing.INFO: faq.updated {"audit_id":"01m0z90nqffb21n7s62da5jdbg","actor_id":"01m0z90nnhb12x4dvzs8hc9nvx","target":"Faq:01m0z90nq6vk50rymx7rj5qkyd","request_id":"de2ba172-cd97-4f77-9a9a-dd431949a897"} 
[2026-08-26 20:39:02] testing.INFO: faq.deleted {"audit_id":"01m0z90nw6444tzq6mnqjddh5s","actor_id":"01m0z90nnhb12x4dvzs8hc9nvx","target":"Faq:01m0z90nq6vk50rymx7rj5qkyd","request_id":"ea472f42-f3ab-402c-a23a-12657899c89e"} 
[2026-08-26 20:39:02] testing.INFO: attempt.started {"audit_id":"01m0z90pahkhe60x5mbzrat5tp","actor_id":"01m0z90p77f7nm784j706gyaec","target":"TestAttempt:01m0z90paf8k60wzxwrztafx2b","request_id":"bb7c169c-cec5-4a51-af50-67e64bd4d32f"} 
[2026-08-26 20:39:02] testing.INFO: attempt.started {"audit_id":"01m0z90pmt4h9mt4b1y3mbtg5y","actor_id":"01m0z90pm95qp6vvxf9fgxvd1v","target":"TestAttempt:01m0z90pmrkrmv40va3xdtecs7","request_id":"ec01d2a4-fb8a-495e-afbe-23283b11caf8"} 
[2026-08-26 20:39:02] testing.INFO: attempt.started {"audit_id":"01m0z90pn4kshv4s2z0ycr5cfs","actor_id":"01m0z90pm95qp6vvxf9fgxvd1v","target":"TestAttempt:01m0z90pmrkrmv40va3xdtecs7","request_id":"a1a2220b-5790-49b8-ae1d-68363d92815c"} 
[2026-08-26 20:39:03] testing.INFO: attempt.started {"audit_id":"01m0z90pskf76ayt9xd6txb1bk","actor_id":"01m0z90ps22kc4k4e9j5nqve5r","target":"TestAttempt:01m0z90pshb2rpac1fjnw7xhtg","request_id":"dc4a8312-51e6-499b-9e9b-aff1d4577de7"} 
[2026-08-26 20:39:03] testing.INFO: attempt.started {"audit_id":"01m0z90pzyc4e41vmm1arsy8gc","actor_id":"01m0z90pze2xanm79sp1q6fkap","target":"TestAttempt:01m0z90pzxd3nbn09bjfpwa4ah","request_id":"dd0cc568-2607-4920-b9c1-b58b55590518"} 
[2026-08-26 20:39:03] testing.INFO: attempt.submitted {"audit_id":"01m0z90q0mdw9b3dzdckwz8j8r","actor_id":"01m0z90pze2xanm79sp1q6fkap","target":"TestAttempt:01m0z90pzxd3nbn09bjfpwa4ah","request_id":"a9d99066-2745-4d21-9721-4e394f248e75"} 
[2026-08-26 20:39:03] testing.INFO: attendance.imported {"audit_id":"01m0z90qcm1zahdwm96mysn693","actor_id":"01m0z90q8t54x8b4a7m6y6msj4","target":"ClassSession:01m0z90q92egrjfrah7mvxzs0f","request_id":"5a08159f-328f-4c9d-8af7-4318c065b8c9"} 
[2026-08-26 20:39:03] testing.INFO: auth.registered {"audit_id":"01m0z90qkdzvvb14rngsh15zm6","actor_id":"01m0z90qkayr42c6jm5wzqvn8p","target":"User:01m0z90qkayr42c6jm5wzqvn8p","request_id":"eafc30a8-9853-4861-8097-3c08cba268ba"} 
[2026-08-26 20:39:04] testing.INFO: auth.logged_in {"audit_id":"01m0z90qw7czv7w88wj7pccnwf","actor_id":"01m0z90qvyt3p4f6dner7bqmzg","target":"User:01m0z90qvyt3p4f6dner7bqmzg","request_id":"6e7c5c55-d29e-4308-83e7-208a93792982"} 
[2026-08-26 20:39:04] testing.INFO: auth.logged_out {"audit_id":"01m0z90qwj3t5pknhrdn5hfrem","actor_id":"01m0z90qvyt3p4f6dner7bqmzg","target":"User:01m0z90qvyt3p4f6dner7bqmzg","request_id":"c668f2a1-2f4e-4063-8eaf-2fbd1d43c82e"} 
[2026-08-26 20:39:04] testing.INFO: auth.logged_in {"audit_id":"01m0z90qwp3jcwz9sqeay5ca1e","actor_id":"01m0z90qvyt3p4f6dner7bqmzg","target":"User:01m0z90qvyt3p4f6dner7bqmzg","request_id":"a26ce348-13a4-4448-84a1-68a29f5fe022"} 
[2026-08-26 20:39:04] testing.INFO: auth.account_locked {"audit_id":"01m0z90r4xnxjksqss8ax6r435","actor_id":"01m0z90r42zgpwyrearx993mvh","target":"User:01m0z90r42zgpwyrearx993mvh","request_id":"01e85395-f7b8-4f15-a385-74bde2e09b60"} 
[2026-08-26 20:39:04] testing.INFO: auth.password_changed {"audit_id":"01m0z90rb24zg9wfc95m3369ss","actor_id":"01m0z90ragp7b9vcjcezbe0mzp","target":"User:01m0z90ragp7b9vcjcezbe0mzp","request_id":"12137ddb-b888-4c6a-a2b7-f91475a4eee1"} 
[2026-08-26 20:39:04] testing.INFO: account.profile_updated {"audit_id":"01m0z90rf2z8t1phq52828w9rr","actor_id":"01m0z90res7f39x6npraq2efpj","target":"User:01m0z90res7f39x6npraq2efpj","request_id":"12db385f-52d5-4178-b0f3-7520c7cb5ae6"} 
[2026-08-26 20:39:05] testing.INFO: course.updated {"audit_id":"01m0z90rrwrh0qanxqzy1r1a86","actor_id":"01m0z90rqbyzjvkjnsdqfv356t","target":"Course:01m0z90rqdkbyxvr88h21khmj0","request_id":"d1496126-cc93-41b7-b741-72499c06d37d"} 
[2026-08-26 20:39:05] testing.INFO: course.updated {"audit_id":"01m0z90rx4vgwddcthr3bf9tnf","actor_id":"01m0z90rwpnzdhrc6e7b56mcmf","target":"Course:01m0z90rwrve02xd89117j06w7","request_id":"bd350281-2334-4e75-ba19-2fe71511c0cf"} 
[2026-08-26 20:39:05] testing.INFO: course.thumbnail_updated {"audit_id":"01m0z90s1vx8nr7mj25jxvemt9","actor_id":"01m0z90s0xm12t86y78gex9azm","target":"Course:01m0z90s0zmrh5ebq9675k6mj6","request_id":"5ee336bb-3500-47b8-a06b-31ab243f228b"} 
[2026-08-26 20:39:05] testing.INFO: course.thumbnail_updated {"audit_id":"01m0z90s2eht5zbhe4fs50234a","actor_id":"01m0z90s0xm12t86y78gex9azm","target":"Course:01m0z90s0zmrh5ebq9675k6mj6","request_id":"3247a707-dfc0-4834-bdec-02e69dfa84b2"} 
[2026-08-26 20:39:05] testing.INFO: course.thumbnail_updated {"audit_id":"01m0z90s6qv843fyvpbf509qqv","actor_id":"01m0z90s64k33dtw6aqr6bvtas","target":"Course:01m0z90s667tgjyje74jk87qwc","request_id":"5a249b28-85ce-41ec-ad4d-4f58b93a6466"} 
[2026-08-26 20:39:05] testing.INFO: course.thumbnail_removed {"audit_id":"01m0z90s7238z4mgv3xxd2sg7n","actor_id":"01m0z90s64k33dtw6aqr6bvtas","target":"Course:01m0z90s667tgjyje74jk87qwc","request_id":"4b668d6e-1aea-48d1-9229-aa1ded2640df"} 
[2026-08-26 20:39:05] testing.INFO: course.thumbnail_updated {"audit_id":"01m0z90sb6q6szs1vg0vdw4370","actor_id":"01m0z90sahq40799avayyjf8fs","target":"Course:01m0z90saks4gra85p90j4bct2","request_id":"c088fe87-976b-4fbe-855b-96c703680daa"} 
[2026-08-26 20:39:10] testing.INFO: payment.approved {"audit_id":"01m0z90y78gtd1ts7ks673tks5","actor_id":"01m0z90srcjbdfc5py8ecmf7r5","target":"Payment:01m0z90srjbm4qqppej3cgsnn4","request_id":"0e7c651b-dde3-4371-afaf-138f6f8fc421"} 
[2026-08-26 20:39:10] testing.INFO: auth.logged_in {"audit_id":"01m0z90yg5qx4c8k4056m8rd6w","actor_id":"01m0z90yftcdbfh88d1sgvmjwn","target":"User:01m0z90yftcdbfh88d1sgvmjwn","request_id":"3b6b37b2-bbd8-4822-b2b3-2f2a38a136c5"} 
[2026-08-26 20:39:10] testing.INFO: auth.logged_out {"audit_id":"01m0z90ygd8556525q5e1py7gz","actor_id":"01m0z90yftcdbfh88d1sgvmjwn","target":"User:01m0z90yftcdbfh88d1sgvmjwn","request_id":"70127b4f-5540-4b2c-b401-c9094126142c"} 
[2026-08-26 20:39:10] testing.INFO: auth.logged_in {"audit_id":"01m0z90ygk44m6synzfew1j9y3","actor_id":"01m0z90yftcdbfh88d1sgvmjwn","target":"User:01m0z90yftcdbfh88d1sgvmjwn","request_id":"4d34ce20-8743-41ce-804e-c5e36973224f"} 
[2026-08-26 20:39:11] testing.INFO: auth.logged_in {"audit_id":"01m0z90ymcmxfjx0kfgzf38dwn","actor_id":"01m0z90ym3m0587ya45rvdfrn8","target":"User:01m0z90ym3m0587ya45rvdfrn8","request_id":"caa5d1d3-5dd3-47c4-be9f-d2480abef223"} 
[2026-08-26 20:39:11] testing.INFO: user.devices_reset {"audit_id":"01m0z90yrhdmgxhm4p334pkae7","actor_id":"01m0z90yr0sjmdjfa1n2q2pg1q","target":"User:01m0z90yr39xajfaekbteggbhd","request_id":"ae97dd3b-c92c-4939-a91b-8d8e986349ba"} 
[2026-08-26 20:39:11] testing.INFO: settings.updated {"audit_id":"01m0z90z9q2hdjyggdmpqemxxz","actor_id":"01m0z90z8zmjdg4gprj0s83r6c","target":":","request_id":"5a308ad6-ffc4-4ec3-bd5e-45d4d13e535f"} 
[2026-08-26 20:39:11] testing.INFO: settings.updated {"audit_id":"01m0z90zenw5ym58re2c8df17y","actor_id":"01m0z90ze9cac0q057gwffsaqk","target":":","request_id":"8ac3cafc-f06b-4e2e-bcc3-b8f7463f6e2c"} 
[2026-08-26 20:39:11] testing.INFO: settings.updated {"audit_id":"01m0z90zf1z21xvtc30a8zwe9p","actor_id":"01m0z90ze9cac0q057gwffsaqk","target":":","request_id":"21f9817e-fac6-4829-9b58-b738b23b7bd2"} 
[2026-08-26 20:39:12] testing.INFO: settings.institution_logo_updated {"audit_id":"01m0z90zr275ehzptswv2dkg9n","actor_id":"01m0z90zqjmj5v2a8mnar49zpr","target":":","request_id":"be2661a3-1561-47b7-b234-e9130162d2b9"} 
[2026-08-26 20:39:12] testing.INFO: settings.institution_logo_updated {"audit_id":"01m0z90zrkpt1gw6b03yfzyh5p","actor_id":"01m0z90zqjmj5v2a8mnar49zpr","target":":","request_id":"934afa30-7097-4f66-94ab-623f11c5e78e"} 
[2026-08-26 20:39:12] testing.INFO: settings.institution_logo_removed {"audit_id":"01m0z90zrvy9aca09e6m2t8rvn","actor_id":"01m0z90zqjmj5v2a8mnar49zpr","target":":","request_id":"561a247b-66df-4f80-821b-06aaf9273bd9"} 
[2026-08-26 20:39:12] testing.INFO: settings.institution_favicon_updated {"audit_id":"01m0z90zx89xe1kqmz58zb21jy","actor_id":"01m0z90zwvs2rgjs5vj3ctdwae","target":":","request_id":"a37d1ca0-2895-4b07-94a4-6fefa21ffd17"} 
[2026-08-26 20:39:12] testing.INFO: settings.updated {"audit_id":"01m0z9101pvrgxw4d3ngptth4g","actor_id":"01m0z91019hyztmat0j0ekd8qg","target":":","request_id":"bc24f7b8-71f5-4de9-a0e7-ec25f7a1fd1a"} 
[2026-08-26 20:39:12] testing.INFO: settings.institution_logo_updated {"audit_id":"01m0z9106zp0bev9s268vjpyww","actor_id":"01m0z9106cxqvcpt8jbn9bv2nb","target":":","request_id":"114e2b21-c1f8-4110-840b-9128381eecb8"} 
[2026-08-26 20:39:13] testing.INFO: auth.logged_in {"audit_id":"01m0z910qctt1q0es7cw0ekgf3","actor_id":"01m0z910q2k0w13m2e5jc98ctd","target":"User:01m0z910q2k0w13m2e5jc98ctd","request_id":"88f7fa9f-88a2-4fe3-a6b8-2628742b12d0"} 
[2026-08-26 20:39:13] testing.INFO: auth.login_blocked_suspended {"audit_id":"01m0z910zfdhyw17fp6d6453a9","actor_id":"01m0z910z71v9vpggg1w6khhh4","target":"User:01m0z910z71v9vpggg1w6khhh4","request_id":"9dc3fafe-0567-418b-b6e9-3830926eeee9"} 
[2026-08-26 20:39:13] testing.INFO: auth.logged_out {"audit_id":"01m0z91183t0kcszcpgz9xvhe5","actor_id":"01m0z9117s0j26tz0npgyqjv9f","target":"User:01m0z9117s0j26tz0npgyqjv9f","request_id":"20aafcf4-19dd-4e0d-ab52-29e6913964f0"} 
[2026-08-26 20:39:13] testing.INFO: auth.logged_in {"audit_id":"01m0z911d74mysg0tnxvtaf3dw","actor_id":"01m0z911cwrhtqb24w6mkf441q","target":"User:01m0z911cwrhtqb24w6mkf441q","request_id":"e20f23d8-078c-4c03-b9c2-e44259dc1c89"} 
[2026-08-26 20:39:14] testing.INFO: payment.approved {"audit_id":"01m0z911v1gcscyb2ejfg5srgw","actor_id":"01m0z911kh6tsby5axqk6zw307","target":"Payment:01m0z911kjv82h1bbhkc1hetdj","request_id":"4fe3d684-a0c5-4377-b37c-463a772b8f39"} 
[2026-08-26 20:39:14] testing.INFO: payment.approved {"audit_id":"01m0z9126sjt3q1m30cw10fgwh","actor_id":"01m0z911zeb9fgv4zcyjp9cyz5","target":"Payment:01m0z911zg55sgfzzpzbm6erhd","request_id":"716c2787-8712-474f-8159-2623be684a5b"} 
[2026-08-26 20:39:15] testing.INFO: payment.approved {"audit_id":"01m0z912zedkzfsw4zx9z5gaek","actor_id":"01m0z912rs5zfhc91fdspc2v24","target":"Payment:01m0z912rw9ttq1f3zs4q0pj5e","request_id":"1e186e38-9845-4382-a222-90d5fac07ef4"} 
[2026-08-26 20:39:15] testing.INFO: payment.rejected {"audit_id":"01m0z9137a5ar818r74pp5b8my","actor_id":"01m0z9136sn7e9grjgz40ht87q","target":"Payment:01m0z9136v3ewqx6e9jttgv93s","request_id":"6791d9a5-cc21-414b-b9a5-5e9e168fe285"} 
[2026-08-26 20:39:16] testing.INFO: refund.recorded {"audit_id":"01m0z913nkybpka09kyfxzz4n5","actor_id":"01m0z913jvtwf12a7r1hnkdtj9","target":"Refund:01m0z913nh5myencenczwk6fa9","request_id":"9b99e64e-271d-4bf4-9fcf-b9827f52a108"} 
[2026-08-26 20:39:16] testing.INFO: refund.processed {"audit_id":"01m0z913p5vefmv927fsc91br9","actor_id":"01m0z913jydthkajybdp16w25r","target":"Refund:01m0z913nh5myencenczwk6fa9","request_id":"294e3483-c942-44f1-9224-2b3c1be18b7c"} 
[2026-08-26 20:39:18] testing.INFO: user.suspend {"audit_id":"01m0z915wet7cmwxe1jjrae0ew","actor_id":"01m0z915vc524tev6phnyfy8sp","target":"User:01m0z915vh3xs1tyvkrzwbqtfw","request_id":"9b151585-82e5-4118-bb5d-64b9a592cddb"} 
[2026-08-26 20:39:18] testing.INFO: user.archived {"audit_id":"01m0z9161ex5c15zxfv5g7a8gm","actor_id":"01m0z9160bnr6xrg6sksg718en","target":"User:01m0z9160j9epdgr07jzms80ep","request_id":"91392e40-6c60-4420-aed1-90183ee21313"} 
[2026-08-26 20:39:18] testing.INFO: user.archived {"audit_id":"01m0z91660gp8m8gb2d8qv7sh4","actor_id":"01m0z9165rfdrwt6k2yg8dpbkz","target":"User:01m0z9165c5bw7whb95yghk3xw","request_id":"d0a1e5fe-95ec-437a-95fa-b821e73b11b5"} 
[2026-08-26 20:39:18] testing.INFO: user.updated {"audit_id":"01m0z916a6ar6m2afymbt3jce9","actor_id":"01m0z9169rmeqxj9avyqep4vw2","target":"User:01m0z9169v515v6c521e91btzd","request_id":"c1651d18-b5d8-4cf9-8dfc-c3af248727e9"} 
[2026-08-26 20:39:19] testing.INFO: test.published {"audit_id":"01m0z916xta1wrzyqjhfx53wkb","actor_id":"01m0z916wssnwqew4m4nzn7kxq","target":"Test:01m0z916wyw4zwmtg70gzsnqh2","request_id":"7428b24b-b22d-4d9a-b08f-be4c4746ab40"} 
[2026-08-26 20:39:19] testing.INFO: course.thumbnail_updated {"audit_id":"01m0z9179h8z4pytng1mr46xyh","actor_id":"01m0z9178w3rxvex5gz6k3zedp","target":"Course:01m0z9178yqv5cf05emrgmp172","request_id":"b397f815-ab01-4764-9538-3ba74997bf0b"} 
[2026-08-26 20:39:20] testing.INFO: course.updated {"audit_id":"01m0z917eycyqdgyr5hb40zg2h","actor_id":"01m0z917e9fcrz5p4cptdpcrrv","target":"Course:01m0z917ecvbkw0r68c5sx5s59","request_id":"9b552413-d826-4fea-9dc7-4814c2528ef2"} 
[2026-08-26 20:39:20] testing.INFO: settings.payment_method_qr_updated {"audit_id":"01m0z917mkmjbefw1skzqspxmp","actor_id":"01m0z917m0d8ge4143rghfpzfd","target":"PaymentMethod:01m0z917kwwqpezs53m002fjvh","request_id":"c672c159-2223-42c2-940f-8e4c65420898"} 
[2026-08-26 20:39:20] testing.INFO: settings.institution_logo_updated {"audit_id":"01m0z917s5249b6vh4k4e4hxyt","actor_id":"01m0z917re5baqvz7eebw76hnf","target":":","request_id":"d356b64b-c427-4c8f-a18c-1a6bd08c9cd6"} 
[2026-08-26 20:39:22] testing.INFO: payment.submitted {"audit_id":"01m0z919kpb546fvy8z9b2qdv5","actor_id":"01m0z919jrypfesy15qrngetya","target":"Payment:01m0z919kncr8zvsz9xa9s9ycd","request_id":"772ba4d5-33d8-4e0a-9c5c-17479caff058"} 
[2026-08-26 20:39:22] testing.INFO: payment.approved_at_capture {"audit_id":"01m0z919tt2bxwxsp611rbb68z","actor_id":"01m0z919jrypfesy15qrngetya","target":"Payment:01m0z919kncr8zvsz9xa9s9ycd","request_id":"772ba4d5-33d8-4e0a-9c5c-17479caff058"} 
[2026-08-26 20:39:22] testing.INFO: payment.submitted {"audit_id":"01m0z91a0d6bd624qqyzfbn1z6","actor_id":"01m0z919zgsx7qefmxmw6fnztm","target":"Payment:01m0z91a0c1by23cyjaae2z0bh","request_id":"3d3c429b-3687-4dbf-a753-47bbac417521"} 
[2026-08-26 20:39:22] testing.INFO: payment.approved {"audit_id":"01m0z91a7nwya5y39zz17dh6ae","actor_id":"01m0z919zk21dmw2e0wvd533he","target":"Payment:01m0z91a0c1by23cyjaae2z0bh","request_id":"bd374069-64d8-4fa7-adb8-356a4ea6c151"} 
[2026-08-26 20:39:23] testing.INFO: payment.submitted {"audit_id":"01m0z91ad0qa3xt0kxthh7cq2k","actor_id":"01m0z91ac4pvyh06083rgzrnd2","target":"Payment:01m0z91aczhnf213emn3qeawha","request_id":"d7cd9489-d08a-4ce3-914a-a0e38e410812"} 
[2026-08-26 20:39:23] testing.INFO: payment.approved_at_capture {"audit_id":"01m0z91akz5rc6cy2023dxkbb9","actor_id":"01m0z91ac4pvyh06083rgzrnd2","target":"Payment:01m0z91aczhnf213emn3qeawha","request_id":"d7cd9489-d08a-4ce3-914a-a0e38e410812"} 
[2026-08-26 20:39:23] testing.INFO: payment.submitted {"audit_id":"01m0z91amq8mmsx3rnypgr5z0n","actor_id":"01m0z91ac4pvyh06083rgzrnd2","target":"Payment:01m0z91ampmk5nkkrr31az9ydy","request_id":"afda2cdc-9433-40fb-943e-cc8031fb8a69"} 
[2026-08-26 20:39:23] testing.INFO: payment.approved {"audit_id":"01m0z91aw0qmzbdgnc1svrmfx4","actor_id":"01m0z91ac7ywt58qsw3293b7qf","target":"Payment:01m0z91ampmk5nkkrr31az9ydy","request_id":"d6ff0ed0-95c4-4fb5-8023-0e973d5e876a"} 
[2026-08-26 20:39:23] testing.INFO: course.created {"audit_id":"01m0z91b127c92mpn43k4ptt4d","actor_id":"01m0z91b0edtjm5tgjht2xvg20","target":"Course:01m0z91b0znz36ssy6tcmdw3hj","request_id":"a9d7e6d2-83a5-4c8c-9cf9-315b22de8082"} 
[2026-08-26 20:39:23] testing.INFO: category.created {"audit_id":"01m0z91b6sberw8dsh3w5y5vx5","actor_id":"01m0z91b522wwsggvvzf3jvwsa","target":"Category:01m0z91b6r3w890b6gmhjm43c9","request_id":"04647be9-5081-4eab-adbc-3de8c4e173ab"} 
[2026-08-26 20:39:24] testing.INFO: syllabus.updated {"audit_id":"01m0z91bctzkwrkgae9wz0ysa9","actor_id":"01m0z91bc5pcn9s80x1bqp2nm2","target":"Course:01m0z91bc8xcvmgaz4v7e80c2w","request_id":"650d34ed-9acb-4ed9-91c0-da94f397d228"} 
[2026-08-26 20:39:24] testing.INFO: export.generated {"audit_id":"01m0z91bk0hew6eryw1hn96qv5","actor_id":"01m0z91bh0qbv834vc4ytqyaxx","target":":","request_id":"6eb48017-32f0-4dbc-938d-83d8513e9d40"} 
[2026-08-26 20:39:25] testing.INFO: payment.proof_viewed {"audit_id":"01m0z91cspvkych8qsqywr28k1","actor_id":"01m0z91crra9r34zd1rbn71y77","target":"Payment:01m0z91cs34ffht7756x95t341","request_id":"9f2ce0ab-ef2e-428f-bdaf-652ad8b8295b"} 
[2026-08-26 20:39:26] testing.INFO: payment.approved {"audit_id":"01m0z91dmn67eb8w5enmqx4k5x","actor_id":"01m0z91ddas0ttynbk7ht7q7y1","target":"Payment:01m0z91ddc918wy7aftxca7g80","request_id":"d3372e48-8d48-4a62-8eb6-f8f788ebe78a"} 
[2026-08-26 20:39:27] testing.INFO: recording.created {"audit_id":"01m0z91escexpry9r107msa1pf","actor_id":"01m0z91ertnmazpw4rq669gjpz","target":"Recording:01m0z91esb5fpyf7wnpvf2gcrv","request_id":"828707bb-523c-4955-b2a0-85a07a246773"} 
[2026-08-26 20:39:27] testing.INFO: resource.uploaded {"audit_id":"01m0z91f1q0nzjxnn4q4p5zvk9","actor_id":"01m0z91f14xvq8e6hepc5q6y89","target":"Resource:01m0z91f1pqbdfx258sqqd7ryt","request_id":"4684eb6a-9e70-48e2-b2ce-abce83f99efc"} 
[2026-08-26 20:39:28] testing.INFO: class.started {"audit_id":"01m0z91fd7s2b1x82v0nn1dsa8","actor_id":"01m0z91fcmbrj8epj4858z2ktb","target":"ClassSession:01m0z91fcp2ats2kkp31evj40f","request_id":"48ab266e-67c8-4bff-ac28-14edb28d941e"} 
[2026-08-26 20:39:28] testing.INFO: recording.deleted {"audit_id":"01m0z91fpmtyt27c7td7jpg9mn","actor_id":"01m0z91fp38vj3aw07f25spw7s","target":"Recording:01m0z91fp5a9kkrh741xymhr34","request_id":"a78bd5fc-4653-46f0-b880-f11a08ca3f5c"} 
[2026-08-26 20:39:28] testing.INFO: recording.resynced {"audit_id":"01m0z91fwm5cjfpvkqpf89kfe2","actor_id":"01m0z91fw1q8t4bm29w2mj2xrn","target":"Recording:01m0z91fw60m8235fgy09qf4z7","request_id":"cb21f92b-d981-4819-be2d-2af6829ae34f"} 
[2026-08-26 20:39:29] testing.INFO: recording.created {"audit_id":"01m0z91g75ee30qxj175z6bc3g","actor_id":"01m0z91g67e73jjd32mahcykq8","target":"Recording:01m0z91g72wm9qsk6x6cpwgjef","request_id":"be3febb9-007b-49c2-aa7f-d091905937b6"} 
[2026-08-26 20:47:42] testing.INFO: account.password_changed {"audit_id":"01m0z9gjaxpnh458b6mqpva60v","actor_id":"01m0z9gj85ehbgqye4r6je4b0v","target":"User:01m0z9gj85ehbgqye4r6je4b0v","request_id":"eca265cb-ff42-43eb-bb81-847b8b56f369"} 
[2026-08-26 20:47:43] testing.INFO: account.password_changed {"audit_id":"01m0z9gjjccf2qz9efz6htmkv3","actor_id":"01m0z9gjhv5cezpkr7b9rbnsjg","target":"User:01m0z9gjhv5cezpkr7b9rbnsjg","request_id":"13394c4e-9c9b-4d77-870e-434783008c5b"} 
[2026-08-26 20:47:43] testing.INFO: account.two_factor_enabled {"audit_id":"01m0z9gjpr6pjwm8kn35cr63g5","actor_id":"01m0z9gjp6saav0q9x0g36pxtf","target":"User:01m0z9gjp6saav0q9x0g36pxtf","request_id":"069fc359-9f1d-4a3d-8925-093156da098b"} 
[2026-08-26 20:47:43] testing.INFO: account.sessions_revoked {"audit_id":"01m0z9gjy1qkb9909t5bq7ykwd","actor_id":"01m0z9gjxnw4k9p224yr1pm8j3","target":"User:01m0z9gjxnw4k9p224yr1pm8j3","request_id":"65228c15-58a1-4e6c-991e-e2fcc93603ec"} 
[2026-08-26 20:47:43] testing.INFO: settings.updated {"audit_id":"01m0z9gk2656c290xmabbq2v3t","actor_id":"01m0z9gk1c4csqxrx2hzjw7724","target":":","request_id":"5dd3745e-c011-4347-b188-74c7cd832b56"} 
[2026-08-26 20:47:43] testing.INFO: settings.updated {"audit_id":"01m0z9gka7488xc5kz2x11x9qd","actor_id":"01m0z9gk9wjzhte9az5d7pxx7q","target":":","request_id":"d7eb86ca-7876-406d-b15a-df9d7464460e"} 
[2026-08-26 20:47:44] testing.INFO: role.updated {"audit_id":"01m0z9gkhjmk373ber109wby89","actor_id":"01m0z9gkh695k979695qyy5jss","target":"Role:01m0z9gkfkye0tszt5ssma1c3x","request_id":"81924948-46df-4f04-8c78-458afc581d8e"} 
[2026-08-26 20:47:44] testing.INFO: settings.payment_method_qr_updated {"audit_id":"01m0z9gkphp8hetzj2g8hszmsk","actor_id":"01m0z9gkn5artbgxv5eacysk9a","target":"PaymentMethod:01m0z9gkmz72hxc4t50shcc0qs","request_id":"80ff7fba-d1ff-441f-b06e-0ee3040fae0e"} 
[2026-08-26 20:47:44] testing.INFO: settings.payment_method_qr_removed {"audit_id":"01m0z9gkpvq75m86dez3d93zgz","actor_id":"01m0z9gkn5artbgxv5eacysk9a","target":"PaymentMethod:01m0z9gkmz72hxc4t50shcc0qs","request_id":"7ba1fb51-6b93-4235-9dd5-cf0da656279a"} 
[2026-08-26 20:47:44] testing.INFO: settings.payment_method_qr_updated {"audit_id":"01m0z9gktvbx1916mycm0c5p0m","actor_id":"01m0z9gkt93b7z2hye4tgs62k6","target":"PaymentMethod:01m0z9gkt56yjk11394s25nqdd","request_id":"11b3b50a-5c26-42fd-9f92-37c7b639dae0"} 
[2026-08-26 20:47:44] testing.INFO: settings.updated {"audit_id":"01m0z9gkyy8nf4bey95kgm584s","actor_id":"01m0z9gkyh0hk1kjttwvpq93cn","target":":","request_id":"ce314540-170c-4fa0-8dee-b0bf911bd68a"} 
[2026-08-26 20:47:44] testing.INFO: faq.created {"audit_id":"01m0z9gm40rr81ktawfradvea3","actor_id":"01m0z9gm38dbjv10wmz6pdj9xc","target":"Faq:01m0z9gm3ymvzkzzwaqbax0frs","request_id":"f2a62d60-469d-478b-aacf-761c9f838557"} 
[2026-08-26 20:47:44] testing.INFO: faq.updated {"audit_id":"01m0z9gm4abwgae0t1h5dc5m8j","actor_id":"01m0z9gm38dbjv10wmz6pdj9xc","target":"Faq:01m0z9gm3ymvzkzzwaqbax0frs","request_id":"919c2e77-1f78-4376-bf41-7268c49ecfb5"} 
[2026-08-26 20:47:44] testing.INFO: faq.deleted {"audit_id":"01m0z9gm4qwr8adwnnrk282psb","actor_id":"01m0z9gm38dbjv10wmz6pdj9xc","target":"Faq:01m0z9gm3ymvzkzzwaqbax0frs","request_id":"24d5f24a-dcb2-4fa5-a60a-a7c8b261b742"} 
[2026-08-26 20:47:45] testing.INFO: attempt.started {"audit_id":"01m0z9gmg9ggt4y7s4vyh6t8hf","actor_id":"01m0z9gmfmp329fk4mh14qe0jv","target":"TestAttempt:01m0z9gmg8p0e3k9bmdsr1d4z9","request_id":"5ab45799-74a1-4d21-b609-cf8b074eeaf6"} 
[2026-08-26 20:47:45] testing.INFO: attempt.started {"audit_id":"01m0z9gmrg1nd1sx39n3g6jw8b","actor_id":"01m0z9gmr2w1b3tpdhh63gajvr","target":"TestAttempt:01m0z9gmrfjq8kf4vx2f0t0ms8","request_id":"fb0ec4aa-37e2-4c6c-b60a-79781a409f58"} 
[2026-08-26 20:47:45] testing.INFO: attempt.started {"audit_id":"01m0z9gmrtf0qjka8az3q8h6as","actor_id":"01m0z9gmr2w1b3tpdhh63gajvr","target":"TestAttempt:01m0z9gmrfjq8kf4vx2f0t0ms8","request_id":"ccb654d1-1d67-492b-a707-26d9caded49f"} 
[2026-08-26 20:47:45] testing.INFO: attempt.started {"audit_id":"01m0z9gmwvr9xkfxg870sr8cqn","actor_id":"01m0z9gmwce4k9srycv4g7mr5n","target":"TestAttempt:01m0z9gmwsx8r3qap8rq7cjhgz","request_id":"8cdfa167-b38b-4582-947d-1e32156f2d09"} 
[2026-08-26 20:47:45] testing.INFO: attempt.started {"audit_id":"01m0z9gn18twdnwpd2y00teppq","actor_id":"01m0z9gn0tcz0sa1ktps7bk9fj","target":"TestAttempt:01m0z9gn17t771fkdephtb5c0p","request_id":"8e4a0061-4de6-4e81-ae55-25f726387230"} 
[2026-08-26 20:47:45] testing.INFO: attempt.submitted {"audit_id":"01m0z9gn1yj5nhn3sqh23csbkb","actor_id":"01m0z9gn0tcz0sa1ktps7bk9fj","target":"TestAttempt:01m0z9gn17t771fkdephtb5c0p","request_id":"dc588cf6-7915-4959-9ec9-706157a26127"} 
[2026-08-26 20:47:45] testing.INFO: attendance.imported {"audit_id":"01m0z9gnb418fkpa3we6rexgpw","actor_id":"01m0z9gn9raw4fpj3ewpztg1mn","target":"ClassSession:01m0z9gn9z30mbwnt5qqvr5dkr","request_id":"06ec932c-140d-49da-b552-88670e93826f"} 
[2026-08-26 20:47:45] testing.INFO: auth.registered {"audit_id":"01m0z9gnesqvwe0bxmp04y33ge","actor_id":"01m0z9gneqgsx3gj1vhy0hcdr6","target":"User:01m0z9gneqgsx3gj1vhy0hcdr6","request_id":"1dd9d9b9-3c99-4560-b74f-df438ae45855"} 
[2026-08-26 20:47:46] testing.INFO: auth.logged_in {"audit_id":"01m0z9gnp8qzgzh8y5m3dnb4w5","actor_id":"01m0z9gnnxeaxx36p6z47r8b88","target":"User:01m0z9gnnxeaxx36p6z47r8b88","request_id":"f5e2b735-4417-4449-847b-6a5959d04dea"} 
[2026-08-26 20:47:46] testing.INFO: auth.logged_out {"audit_id":"01m0z9gnpjcy37n75ydnvexdtr","actor_id":"01m0z9gnnxeaxx36p6z47r8b88","target":"User:01m0z9gnnxeaxx36p6z47r8b88","request_id":"df280d2e-caec-4df3-ad8d-e8f66818ff23"} 
[2026-08-26 20:47:46] testing.INFO: auth.logged_in {"audit_id":"01m0z9gnpp4nezxn8rtw3nman2","actor_id":"01m0z9gnnxeaxx36p6z47r8b88","target":"User:01m0z9gnnxeaxx36p6z47r8b88","request_id":"d3c9ade5-17f7-4d5a-9cc5-2897d078a9f9"} 
[2026-08-26 20:47:46] testing.INFO: auth.account_locked {"audit_id":"01m0z9gny2wf65ejeh26naxfnr","actor_id":"01m0z9gnx89hbyqk8aze154x3c","target":"User:01m0z9gnx89hbyqk8aze154x3c","request_id":"80adf69c-d41a-486a-b1e1-ea2d3781faa1"} 
[2026-08-26 20:47:46] testing.INFO: auth.password_changed {"audit_id":"01m0z9gp23ajzk9v3hr1k6x7ax","actor_id":"01m0z9gp1kx51bp6ye49shh9hd","target":"User:01m0z9gp1kx51bp6ye49shh9hd","request_id":"613c5c98-541b-4554-8df1-214dc8e66d69"} 
[2026-08-26 20:47:46] testing.INFO: account.profile_updated {"audit_id":"01m0z9gp5r7a3kx2mypt663w04","actor_id":"01m0z9gp5gejvgbrpbh7ae01s1","target":"User:01m0z9gp5gejvgbrpbh7ae01s1","request_id":"a8fa515a-9f3d-47c3-934f-2565376b760c"} 
[2026-08-26 20:47:46] testing.INFO: course.updated {"audit_id":"01m0z9gpda0gh41cv26nq1qtz0","actor_id":"01m0z9gpcqq1ka5dzymcwdtrtw","target":"Course:01m0z9gpcsb6ks37v16bbhc4nh","request_id":"7d0854c0-4be1-4250-a85c-a8a6f1a54c5b"} 
[2026-08-26 20:47:47] testing.INFO: course.updated {"audit_id":"01m0z9gphdgp8g7wnf6b5qx5n6","actor_id":"01m0z9gpgyrq3sct5cjcn2xm3k","target":"Course:01m0z9gph0kw0b27t56ybxjc0x","request_id":"31e96a30-4be2-43ad-a16f-081198edb26c"} 
[2026-08-26 20:47:47] testing.INFO: course.thumbnail_updated {"audit_id":"01m0z9gpnm59svskh2qr9wsjt4","actor_id":"01m0z9gpmtkps9z9rx0wa1v8kj","target":"Course:01m0z9gpmw6rcdbbqqgek9jdyc","request_id":"d4447034-9736-45c7-b8c4-368d60844582"} 
[2026-08-26 20:47:47] testing.INFO: course.thumbnail_updated {"audit_id":"01m0z9gpp5rbxy001xc6ef4qk4","actor_id":"01m0z9gpmtkps9z9rx0wa1v8kj","target":"Course:01m0z9gpmw6rcdbbqqgek9jdyc","request_id":"edd41240-74a6-4306-b296-2a195e6efcbc"} 
[2026-08-26 20:47:47] testing.INFO: course.thumbnail_updated {"audit_id":"01m0z9gpt802q3gz75p18r16c2","actor_id":"01m0z9gpsp6aahrw4hfzgbkzzp","target":"Course:01m0z9gpsqxdqm6dd94acbhh6c","request_id":"614235fa-dd55-481d-a8c2-1fa2062bb166"} 
[2026-08-26 20:47:47] testing.INFO: course.thumbnail_removed {"audit_id":"01m0z9gptj6kvna0zfkmjm5bgn","actor_id":"01m0z9gpsp6aahrw4hfzgbkzzp","target":"Course:01m0z9gpsqxdqm6dd94acbhh6c","request_id":"d5f3c14e-09cf-4b4a-9d06-53765dfc6aab"} 
[2026-08-26 20:47:47] testing.INFO: course.thumbnail_updated {"audit_id":"01m0z9gpyja8ynqap1np60k1ft","actor_id":"01m0z9gpxw2h98fbwp7656at4w","target":"Course:01m0z9gpxx8h1jkp2x875nyv89","request_id":"24f3224b-d22f-47d1-9bc4-cbcc1662e0a4"} 
[2026-08-26 20:47:48] testing.INFO: payment.approved {"audit_id":"01m0z9gqpa4jp6dws1wmmay2p9","actor_id":"01m0z9gqadj86khhm3ec39seg8","target":"Payment:01m0z9gqajecas5ygp755yc3gd","request_id":"d8ffe997-bc15-42ed-845d-11b18e03db48"} 
[2026-08-26 20:47:48] testing.INFO: auth.logged_in {"audit_id":"01m0z9gqz1er5p7q44xnvw45n1","actor_id":"01m0z9gqyqf6680za9hxks7qqf","target":"User:01m0z9gqyqf6680za9hxks7qqf","request_id":"5c414e49-bfff-4841-9b8d-24747ef22d34"} 
[2026-08-26 20:47:48] testing.INFO: auth.logged_out {"audit_id":"01m0z9gqz723vy8mpmt45c5a1c","actor_id":"01m0z9gqyqf6680za9hxks7qqf","target":"User:01m0z9gqyqf6680za9hxks7qqf","request_id":"a109af81-495f-4d36-9fcc-343683da991d"} 
[2026-08-26 20:47:48] testing.INFO: auth.logged_in {"audit_id":"01m0z9gqzf3zdb7s62ne1mmkz9","actor_id":"01m0z9gqyqf6680za9hxks7qqf","target":"User:01m0z9gqyqf6680za9hxks7qqf","request_id":"dd373786-59b4-411c-8e5e-649716fe0fd3"} 
[2026-08-26 20:47:48] testing.INFO: auth.logged_in {"audit_id":"01m0z9gr33xk6k08gmm82z2032","actor_id":"01m0z9gr2sgfz4yb4r8hqn4skz","target":"User:01m0z9gr2sgfz4yb4r8hqn4skz","request_id":"ad9949bb-2a62-47e4-9131-d22e89e063e1"} 
[2026-08-26 20:47:48] testing.INFO: user.devices_reset {"audit_id":"01m0z9gr72zkfbqfgk1a057eb7","actor_id":"01m0z9gr6jazg27be8pgygarx0","target":"User:01m0z9gr6m9775y11dxsvtmr8f","request_id":"50103e2b-f7a1-4311-8e34-39c87266271e"} 
[2026-08-26 20:47:49] testing.INFO: settings.updated {"audit_id":"01m0z9grn4b1b6xpsk3xkeszec","actor_id":"01m0z9grmja7qnq3r2qerpeh2f","target":":","request_id":"2226862f-f4cc-487c-bf05-57ca6453bd81"} 
[2026-08-26 20:47:49] testing.INFO: settings.updated {"audit_id":"01m0z9grrwabgts7mn15qn6ys5","actor_id":"01m0z9grrjw9bzqbeas75tfyp7","target":":","request_id":"eb715bb3-7174-4e11-88a5-bd3b55eec400"} 
[2026-08-26 20:47:49] testing.INFO: settings.updated {"audit_id":"01m0z9grs87a1ktxh4pqt4g8px","actor_id":"01m0z9grrjw9bzqbeas75tfyp7","target":":","request_id":"dc25aba9-70bb-4d03-8384-a1fd1cd4cf77"} 
[2026-08-26 20:47:49] testing.INFO: settings.institution_logo_updated {"audit_id":"01m0z9gs1ee1wb1n5jw19z5cmw","actor_id":"01m0z9gs0tvegsptwmkj7hhddv","target":":","request_id":"ba68b6bb-5eab-4b1f-8bad-45fa87e109c7"} 
[2026-08-26 20:47:49] testing.INFO: settings.institution_logo_updated {"audit_id":"01m0z9gs202vqftqrjc0zxcm1y","actor_id":"01m0z9gs0tvegsptwmkj7hhddv","target":":","request_id":"a1fb77d5-9e6f-4e64-87d2-b79780b3c6d7"} 
[2026-08-26 20:47:49] testing.INFO: settings.institution_logo_removed {"audit_id":"01m0z9gs27fgap1e8qchy57jn3","actor_id":"01m0z9gs0tvegsptwmkj7hhddv","target":":","request_id":"b6c5767c-08fd-45df-bba1-abc6a0ca461f"} 
[2026-08-26 20:47:49] testing.INFO: settings.institution_favicon_updated {"audit_id":"01m0z9gs6hhj8adq5gyd0rv1ew","actor_id":"01m0z9gs64htfsr9fvqfg03aa1","target":":","request_id":"98dc13a4-35d4-4bcc-8e76-8e326e89414d"} 
[2026-08-26 20:47:49] testing.INFO: settings.updated {"audit_id":"01m0z9gsajew1nft8ar279z872","actor_id":"01m0z9gsa74pn98grvz13j9z66","target":":","request_id":"861e1351-569c-449d-8b2a-a64bb1e2e80e"} 
[2026-08-26 20:47:50] testing.INFO: settings.institution_logo_updated {"audit_id":"01m0z9gsf05cpfnzw88md9h2cd","actor_id":"01m0z9gsedf6xanqgn513ewv2b","target":":","request_id":"82b6cbec-ca4d-402e-a571-19bd02fc25fe"} 
[2026-08-26 20:47:50] testing.INFO: auth.logged_in {"audit_id":"01m0z9gsxmay7ax9nma8xcxtk8","actor_id":"01m0z9gsx919bwvt2rh6f5zvmj","target":"User:01m0z9gsx919bwvt2rh6f5zvmj","request_id":"67bd10af-da17-46fc-b1fc-e8e13a49f0b8"} 
[2026-08-26 20:47:50] testing.INFO: auth.login_blocked_suspended {"audit_id":"01m0z9gt5e7dp1zvzzjxqn5f30","actor_id":"01m0z9gt55jvf24j7705tbmzjg","target":"User:01m0z9gt55jvf24j7705tbmzjg","request_id":"6bdc1837-5152-443d-aa24-eb48d09e8f4a"} 
[2026-08-26 20:47:51] testing.INFO: auth.logged_out {"audit_id":"01m0z9gtcmfshx8qn557cjem5x","actor_id":"01m0z9gtcbwztgq0xz6xztjbcj","target":"User:01m0z9gtcbwztgq0xz6xztjbcj","request_id":"01c0271c-1d34-4cd1-9985-bfcdc3a2435d"} 
[2026-08-26 20:47:51] testing.INFO: auth.logged_in {"audit_id":"01m0z9gtg8n4fba4dcqzr410rd","actor_id":"01m0z9gtfzvde02y826r8dk7e5","target":"User:01m0z9gtfzvde02y826r8dk7e5","request_id":"8cc36749-6716-4780-88cf-cd6bb023adee"} 
[2026-08-26 20:47:51] testing.INFO: payment.approved {"audit_id":"01m0z9gtvbkw638ds40d37wfte","actor_id":"01m0z9gtm0qf6c965mvh516dz8","target":"Payment:01m0z9gtm20d46x3924s10nv8b","request_id":"4cc1d4e4-320c-41ba-bd60-9acc94b36350"} 
[2026-08-26 20:47:51] testing.INFO: payment.approved {"audit_id":"01m0z9gv71w8myk9p4pa7nad78","actor_id":"01m0z9gv05g35mf1wqstnnf85e","target":"Payment:01m0z9gv06y321avf9cvbz5aq2","request_id":"4e3956d8-4c43-413a-8870-13d39ecbf963"} 
[2026-08-26 20:47:52] testing.INFO: payment.approved {"audit_id":"01m0z9gvpe7m8ndb64y7dyy4py","actor_id":"01m0z9gveyg1ty46kqjx7s2bmf","target":"Payment:01m0z9gvf030xsb2wjq6ngfebs","request_id":"caa0b3aa-44ad-4b91-9c9f-2fbd64b18ebd"} 
[2026-08-26 20:47:52] testing.INFO: payment.rejected {"audit_id":"01m0z9gvtdd4prb319emgvpmp2","actor_id":"01m0z9gvszxdxg1e9jvekytp7z","target":"Payment:01m0z9gvt0zcxhx9pttrn7w1qk","request_id":"3c94a1e1-e592-48fd-9b97-ea5af93b498c"} 
[2026-08-26 20:47:52] testing.INFO: refund.recorded {"audit_id":"01m0z9gw5y5z1gkt276fvjtp25","actor_id":"01m0z9gw5b7mcn0en196frqbe4","target":"Refund:01m0z9gw5xpyc8q2bmbtdwt29n","request_id":"8e24972e-bf49-4081-aed8-e523164f7533"} 
[2026-08-26 20:47:52] testing.INFO: refund.processed {"audit_id":"01m0z9gw6g732y9vr0brgd1wne","actor_id":"01m0z9gw5d14nna83446adsf0x","target":"Refund:01m0z9gw5xpyc8q2bmbtdwt29n","request_id":"6ca07c86-4543-474b-bc70-9300f269f054"} 
[2026-08-26 20:47:54] testing.INFO: user.suspend {"audit_id":"01m0z9gxvtxzqnfa17yf551dj6","actor_id":"01m0z9gxty9r2sf6tddjxrm1x3","target":"User:01m0z9gxv3nx3vq5abzgn6pbve","request_id":"b919cecd-80e2-4dd3-a4e7-d7a890f92010"} 
[2026-08-26 20:47:54] testing.INFO: user.archived {"audit_id":"01m0z9gy11c20th0mcwt1djpc9","actor_id":"01m0z9gxzyq8qekkrc8835t1er","target":"User:01m0z9gy05b5np9wk2rdt7a7ev","request_id":"521f7835-bdac-468f-86eb-deb6c5a50aae"} 
[2026-08-26 20:47:54] testing.INFO: user.archived {"audit_id":"01m0z9gy5dhmhkpspgkd7pmm1s","actor_id":"01m0z9gy56hvqkv8j916drppgq","target":"User:01m0z9gy4tzr5p3w3hackkytjg","request_id":"fab14eea-fc40-4e0a-a0b7-1a75b1a72a59"} 
[2026-08-26 20:47:55] testing.INFO: user.updated {"audit_id":"01m0z9gy993en1zydng24t08y2","actor_id":"01m0z9gy8w0xy0pybeekdf7vgz","target":"User:01m0z9gy8zprmsxzp9wz8rx0mn","request_id":"b7cf635b-65d7-43bd-9e84-d1f36795e41b"} 
[2026-08-26 20:47:55] testing.INFO: test.published {"audit_id":"01m0z9gytc160qjv5nxjg94yr0","actor_id":"01m0z9gysg3fe1wygz30adpwbv","target":"Test:01m0z9gysmbf9t171sypjgnfdd","request_id":"46353618-bfa0-4886-87b9-eeefe1f9d263"} 
[2026-08-26 20:47:55] testing.INFO: course.thumbnail_updated {"audit_id":"01m0z9gz2jq08zkhdzghb2a7fx","actor_id":"01m0z9gz1y0cmakyxntejvxatp","target":"Course:01m0z9gz207w6a15g1t15dv456","request_id":"dc5fedcb-eeac-46e2-8a99-8c341f122edc"} 
[2026-08-26 20:47:55] testing.INFO: course.updated {"audit_id":"01m0z9gz6crt5v26ne19sa97vv","actor_id":"01m0z9gz5yfk67ze26zym22bx4","target":"Course:01m0z9gz5z8ayw14fkf0cvcrqa","request_id":"769a2624-de43-480f-a466-582bb1dc7605"} 
[2026-08-26 20:47:56] testing.INFO: settings.payment_method_qr_updated {"audit_id":"01m0z9gza6rmhda3pjbkfr63xk","actor_id":"01m0z9gz9qnsnz8hqamavn2yhf","target":"PaymentMethod:01m0z9gz9mnv261g9a8q9h2ma9","request_id":"b114097d-bab0-4d46-96bb-745e592c7e99"} 
[2026-08-26 20:47:56] testing.INFO: settings.institution_logo_updated {"audit_id":"01m0z9gze38kn3bhr9nfhfjbbs","actor_id":"01m0z9gzdjt352v8v8bz22azmf","target":":","request_id":"69a12c08-cb07-4036-b459-95836b252cdf"} 
[2026-08-26 20:47:57] testing.INFO: payment.submitted {"audit_id":"01m0z9h13z6pmryben0xktj3tm","actor_id":"01m0z9h13132b5bk33937k6672","target":"Payment:01m0z9h13x8qhcx7kt8db2z875","request_id":"7ff95f5b-6248-4dbf-990a-158daadc09ed"} 
[2026-08-26 20:47:58] testing.INFO: payment.approved_at_capture {"audit_id":"01m0z9h1b0vsr02kvbapk9spqk","actor_id":"01m0z9h13132b5bk33937k6672","target":"Payment:01m0z9h13x8qhcx7kt8db2z875","request_id":"7ff95f5b-6248-4dbf-990a-158daadc09ed"} 
[2026-08-26 20:47:58] testing.INFO: payment.submitted {"audit_id":"01m0z9h1gxd0w0fka043b0w375","actor_id":"01m0z9h1g3hnparb7h81memfy4","target":"Payment:01m0z9h1gwyrhqxng9w7a8m2m3","request_id":"a0fe9b91-24b1-4345-a443-36dccbd44e8d"} 
[2026-08-26 20:47:58] testing.INFO: payment.approved {"audit_id":"01m0z9h1qcjdpw7jj5nhdpkqf2","actor_id":"01m0z9h1g5czcdc91agz8vsvg5","target":"Payment:01m0z9h1gwyrhqxng9w7a8m2m3","request_id":"295c7add-3312-4760-a8d6-aa66a99ee3fc"} 
[2026-08-26 20:47:58] testing.INFO: payment.submitted {"audit_id":"01m0z9h1w589z3aksy32xtkbqc","actor_id":"01m0z9h1v9nqsmfbqncxfdz26f","target":"Payment:01m0z9h1w3j0rgkd4nst804h1q","request_id":"f4d8d052-6bde-4b56-81f3-9f777c110391"} 
[2026-08-26 20:47:58] testing.INFO: payment.approved_at_capture {"audit_id":"01m0z9h22nn2jwj2xzs6rzq5mq","actor_id":"01m0z9h1v9nqsmfbqncxfdz26f","target":"Payment:01m0z9h1w3j0rgkd4nst804h1q","request_id":"f4d8d052-6bde-4b56-81f3-9f777c110391"} 
[2026-08-26 20:47:58] testing.INFO: payment.submitted {"audit_id":"01m0z9h23fqmjpfgfsdhj3hrhd","actor_id":"01m0z9h1v9nqsmfbqncxfdz26f","target":"Payment:01m0z9h23efhszg3mevy5gnm2w","request_id":"67f5a113-488f-4fa6-823e-9226836bb8cb"} 
[2026-08-26 20:47:59] testing.INFO: payment.approved {"audit_id":"01m0z9h2a2ahx3pgjnf1ka6zes","actor_id":"01m0z9h1vcdr92pqctfgkv985e","target":"Payment:01m0z9h23efhszg3mevy5gnm2w","request_id":"8c6a0e23-a287-4633-86c0-566acb60addb"} 
[2026-08-26 20:47:59] testing.INFO: course.created {"audit_id":"01m0z9h2e8rex8pe6vvw99pz6k","actor_id":"01m0z9h2dnx94kv7t23f0vn7bd","target":"Course:01m0z9h2e62sdpfa3tbwsc880f","request_id":"b0374318-3acc-4825-b5ba-dd107632eeb4"} 
[2026-08-26 20:47:59] testing.INFO: category.created {"audit_id":"01m0z9h2j1qm08scfa27y3m08t","actor_id":"01m0z9h2hmn53w64n0fdzbsqc0","target":"Category:01m0z9h2j0h1krk84mgkcmpcmc","request_id":"4795d2c3-979c-42dc-a725-7f12eccc9473"} 
[2026-08-26 20:47:59] testing.INFO: syllabus.updated {"audit_id":"01m0z9h2p1867cp5qyesnrn37s","actor_id":"01m0z9h2njm9btc5b73ep2q57x","target":"Course:01m0z9h2nncqetfwfeja0bj9z3","request_id":"a8b6a04a-1b68-4d01-bd84-b0988053655c"} 
[2026-08-26 20:47:59] testing.INFO: export.generated {"audit_id":"01m0z9h2t0h7x4gprz3r7k0kbx","actor_id":"01m0z9h2sffqt8s1424nxpn684","target":":","request_id":"acef7883-380a-4ffc-bd42-2625ffdb6781"} 
[2026-08-26 20:48:00] testing.INFO: payment.proof_viewed {"audit_id":"01m0z9h3rm6bqg37r9c0vahxb8","actor_id":"01m0z9h3qzzrdcscaqmg78qfty","target":"Payment:01m0z9h3r9s3a6d9th048b5qz4","request_id":"d3d37a90-9e0e-4b15-8d10-131816716cd9"} 
[2026-08-26 20:48:01] testing.INFO: payment.approved {"audit_id":"01m0z9h4brcbyq860evyd42czs","actor_id":"01m0z9h455wt54g58jvc4xxas5","target":"Payment:01m0z9h458fgqzs80rvvrq1qf9","request_id":"b166371d-7664-4a47-8646-3bb5c6e45a3f"} 
[2026-08-26 20:48:02] testing.INFO: recording.created {"audit_id":"01m0z9h570rd3znknjb3y7n634","actor_id":"01m0z9h56f27mb6tknz1731hmg","target":"Recording:01m0z9h56zchcshzyxantqbna8","request_id":"5af8ef83-6261-41f9-97a9-bf53283fde28"} 
[2026-08-26 20:48:02] testing.INFO: resource.uploaded {"audit_id":"01m0z9h5egg9njpnfaxvrh30fa","actor_id":"01m0z9h5dycav93mg9z736c0fj","target":"Resource:01m0z9h5efkys2xs3wy3m61dj6","request_id":"e755b3c0-8938-4d84-bf25-53c82e4cb3a0"} 
[2026-08-26 20:48:02] testing.INFO: class.started {"audit_id":"01m0z9h5r5gdra8g0djqg7w064","actor_id":"01m0z9h5qh5zzmcbakavpxxded","target":"ClassSession:01m0z9h5qk4w6ej39401drrmty","request_id":"35cfe0bc-b32a-4eb3-ab39-0ede88a9c2d3"} 
[2026-08-26 20:48:02] testing.INFO: recording.deleted {"audit_id":"01m0z9h603z8d2brhxhkb5fhwp","actor_id":"01m0z9h5znnyy1q1jnmy3ebrv5","target":"Recording:01m0z9h5zpe57qzbkbsh3jd9nm","request_id":"f6830b39-5d1f-406d-a155-5e27364be2c0"} 
[2026-08-26 20:48:03] testing.INFO: recording.resynced {"audit_id":"01m0z9h642qwjd5ss2msb64t8f","actor_id":"01m0z9h63myfjxhyr06k41ysrf","target":"Recording:01m0z9h63q8h2zse38aejzctea","request_id":"c26f55ff-cae7-4afa-bd85-65959a95e128"} 
[2026-08-26 20:48:03] testing.INFO: recording.created {"audit_id":"01m0z9h685pa4kzjq081x4ts2z","actor_id":"01m0z9h67qb7w5n2qftxaektcr","target":"Recording:01m0z9h683bzr5chh7azc3xgss","request_id":"84e143f1-7a66-4025-8c22-e247cf34be60"} 
[2026-08-26 21:19:13] testing.INFO: recording.created {"audit_id":"01m0zba89nq7sw0m0aghc7dkg8","actor_id":"01m0zba88mpkvkr7n9wrek0a31","target":"Recording:01m0zba89k4yat5zxjhhnq35x1","request_id":"7093a241-70ad-4bf7-8c02-10a3cf7faacf"} 
[2026-08-26 21:19:13] testing.INFO: resource.uploaded {"audit_id":"01m0zba8ka9pwt9apvtp2h6w48","actor_id":"01m0zba8j305aan4nr3sf85fcs","target":"Resource:01m0zba8k9509sb5zzd2p9g6pd","request_id":"e7824d61-e67a-4036-a309-741ac47628cc"} 
[2026-08-26 21:19:22] testing.INFO: account.password_changed {"audit_id":"01m0zbahsy9p1hr0q939e3k44v","actor_id":"01m0zbahrfdgqa5tjq6gfhnmnb","target":"User:01m0zbahrfdgqa5tjq6gfhnmnb","request_id":"f180441c-865b-4b93-8937-fb7b9fcd9ee0"} 
[2026-08-26 21:19:22] testing.INFO: account.password_changed {"audit_id":"01m0zbahy987ahhypv2ragkk96","actor_id":"01m0zbahxqskh56778mmacspah","target":"User:01m0zbahxqskh56778mmacspah","request_id":"f73587cd-c2f4-4a44-bc48-ecf39b433744"} 
[2026-08-26 21:19:23] testing.INFO: account.two_factor_enabled {"audit_id":"01m0zbaj1wtm0cjbyvfsb5h0cn","actor_id":"01m0zbaj1ekznk6f45r4g87m7a","target":"User:01m0zbaj1ekznk6f45r4g87m7a","request_id":"78a04ca0-3874-4a4a-a923-7f2e011e6e0a"} 
[2026-08-26 21:19:23] testing.INFO: account.sessions_revoked {"audit_id":"01m0zbaj7z3d9z3vek8azdqc04","actor_id":"01m0zbaj7pt7zrwwp8m4y2vpb1","target":"User:01m0zbaj7pt7zrwwp8m4y2vpb1","request_id":"c6a45963-51ed-49f3-8056-c346ed9d5a0c"} 
[2026-08-26 21:19:23] testing.INFO: settings.updated {"audit_id":"01m0zbajbnh3d1amp1fwt0zt02","actor_id":"01m0zbajay8fh1wb48gw0vqfvj","target":":","request_id":"58285a19-0bf3-43dc-b104-329931c83c81"} 
[2026-08-26 21:19:23] testing.INFO: settings.updated {"audit_id":"01m0zbajk4c30seny9npyjxgdg","actor_id":"01m0zbajjvt2rt3bge7ctjbn3g","target":":","request_id":"852e4f0a-8110-4148-9d0c-694e682598d3"} 
[2026-08-26 21:19:23] testing.INFO: role.updated {"audit_id":"01m0zbajshdhqws2zt0r9bmhb4","actor_id":"01m0zbajs7g1mgxcanq74jrbgq","target":"Role:01m0zbajqwvabjpbpqf55q9tc5","request_id":"fb270226-78a9-4b25-aa96-d1c49937fabb"} 
[2026-08-26 21:19:23] testing.INFO: settings.payment_method_qr_updated {"audit_id":"01m0zbajxky95xavj21ej8eg13","actor_id":"01m0zbajwctnwz0wcyhv9b8wba","target":"PaymentMethod:01m0zbajw74djfax801h2kvj7m","request_id":"eeb4e8dc-a9a8-4ea6-98b3-e7a444af2f6a"} 
[2026-08-26 21:19:23] testing.INFO: settings.payment_method_qr_removed {"audit_id":"01m0zbajxvv13p7d2tcf0ykzpw","actor_id":"01m0zbajwctnwz0wcyhv9b8wba","target":"PaymentMethod:01m0zbajw74djfax801h2kvj7m","request_id":"3b279906-8166-48e3-969b-e3237c043a21"} 
[2026-08-26 21:19:24] testing.INFO: settings.payment_method_qr_updated {"audit_id":"01m0zbak1b33g875b8f6s78jbq","actor_id":"01m0zbak0tpxkdv4cffmax87r5","target":"PaymentMethod:01m0zbak0nb38xn1r5ve28egyv","request_id":"4c5e7bea-723a-462a-8ccc-39db7f1ff3e2"} 
[2026-08-26 21:19:24] testing.INFO: settings.updated {"audit_id":"01m0zbak4gzsxyt600cv76kftx","actor_id":"01m0zbak462tqgrqbp0jxy235y","target":":","request_id":"e5d3e076-5e15-4f9e-a395-12dd8e67428b"} 
[2026-08-26 21:19:24] testing.INFO: faq.created {"audit_id":"01m0zbak8bw7y8yd5328esbx2p","actor_id":"01m0zbak7zpchhq23z15jsz6p5","target":"Faq:01m0zbak8akqx53jy54zspjqmh","request_id":"4276b09b-d4e3-44c2-99b6-88479df1894d"} 
[2026-08-26 21:19:24] testing.INFO: faq.updated {"audit_id":"01m0zbak8ksvp9c9c2tqwn6szy","actor_id":"01m0zbak7zpchhq23z15jsz6p5","target":"Faq:01m0zbak8akqx53jy54zspjqmh","request_id":"e1ef8305-2a84-41c8-b99d-c58c05642ec5"} 
[2026-08-26 21:19:24] testing.INFO: faq.deleted {"audit_id":"01m0zbak8ydqv2rxbakngfzgmh","actor_id":"01m0zbak7zpchhq23z15jsz6p5","target":"Faq:01m0zbak8akqx53jy54zspjqmh","request_id":"ecb7a999-7b22-40bf-afed-0944fa27a06a"} 
[2026-08-26 21:19:24] testing.INFO: attempt.started {"audit_id":"01m0zbakjgedzstwq9snrdfpmf","actor_id":"01m0zbakj1mb14hemsydtxpqbc","target":"TestAttempt:01m0zbakjfvv2sb8gdtgxkv4wf","request_id":"199a4eb9-32d8-424f-bd75-fe0dd579af16"} 
[2026-08-26 21:19:24] testing.INFO: attempt.started {"audit_id":"01m0zbaksebdnfehram7cb1tr8","actor_id":"01m0zbaks08r3f3ghbys95c8k1","target":"TestAttempt:01m0zbaksd4rfg04h72r06c0m6","request_id":"7a92c9aa-3a43-4594-8d54-64a88fb47a1b"} 
[2026-08-26 21:19:24] testing.INFO: attempt.started {"audit_id":"01m0zbaksq601vs7tffhhx1kr7","actor_id":"01m0zbaks08r3f3ghbys95c8k1","target":"TestAttempt:01m0zbaksd4rfg04h72r06c0m6","request_id":"da579521-e03d-47b0-b03a-97adacedbba9"} 
[2026-08-26 21:19:24] testing.INFO: attempt.started {"audit_id":"01m0zbakxkvv4mw3c2eg98ybqn","actor_id":"01m0zbakx6x1gw1nzx7sve99jq","target":"TestAttempt:01m0zbakxjymrhn03va3y106rz","request_id":"1fda6468-27d3-42e5-ab74-4aa9552b07a1"} 
[2026-08-26 21:19:25] testing.INFO: attempt.started {"audit_id":"01m0zbam1wnfatbr2pe4t4509h","actor_id":"01m0zbam1gad1efajwtv3kwbt3","target":"TestAttempt:01m0zbam1va9jzecx626naaf9z","request_id":"0e781991-fa54-40a6-9263-87042cb75143"} 
[2026-08-26 21:19:25] testing.INFO: attempt.submitted {"audit_id":"01m0zbam2cpxax8athapyfn7pf","actor_id":"01m0zbam1gad1efajwtv3kwbt3","target":"TestAttempt:01m0zbam1va9jzecx626naaf9z","request_id":"5068068c-eedb-474f-a1fc-65cd69eada8e"} 
[2026-08-26 21:19:25] testing.INFO: attendance.imported {"audit_id":"01m0zbamaay8bfane3v7kv52bw","actor_id":"01m0zbam95pre6ffw278480cex","target":"ClassSession:01m0zbam9ctqhh0zn25hyxetb9","request_id":"65488c56-3e2d-45fb-ab47-23b9e4bf79ab"} 
[2026-08-26 21:19:25] testing.INFO: auth.registered {"audit_id":"01m0zbamdk5je8mfybmd93e0bb","actor_id":"01m0zbamdj80p301kxj0qyspd6","target":"User:01m0zbamdj80p301kxj0qyspd6","request_id":"40a09352-65d9-46a2-b207-60a317cd969c"} 
[2026-08-26 21:19:25] testing.INFO: auth.logged_in {"audit_id":"01m0zbammrrbp9fnbeab0mwbth","actor_id":"01m0zbamm3vpc4jkpnrkayd0km","target":"User:01m0zbamm3vpc4jkpnrkayd0km","request_id":"e88db578-9a74-4cf0-bde0-a92ab1d9930a"} 
[2026-08-26 21:19:25] testing.INFO: auth.logged_out {"audit_id":"01m0zbamn8g5nqy5zrw1mv47aw","actor_id":"01m0zbamm3vpc4jkpnrkayd0km","target":"User:01m0zbamm3vpc4jkpnrkayd0km","request_id":"0d09b9d8-0c38-4e88-9b96-c97ff30151bb"} 
[2026-08-26 21:19:25] testing.INFO: auth.logged_in {"audit_id":"01m0zbamngba1p92hxt1hzt6zd","actor_id":"01m0zbamm3vpc4jkpnrkayd0km","target":"User:01m0zbamm3vpc4jkpnrkayd0km","request_id":"af6e2c84-65ee-45bc-b1fa-bbae6f6e5391"} 
[2026-08-26 21:19:25] testing.INFO: auth.account_locked {"audit_id":"01m0zbamx2tq47jpefw76z2qf9","actor_id":"01m0zbamwbh6zvppran21pcz28","target":"User:01m0zbamwbh6zvppran21pcz28","request_id":"8f3aa469-cd9e-4066-8928-f18a9be12352"} 
[2026-08-26 21:19:26] testing.INFO: auth.password_changed {"audit_id":"01m0zban0hg10v6mr93mxw8dhv","actor_id":"01m0zban036639wty53yrbfqxh","target":"User:01m0zban036639wty53yrbfqxh","request_id":"bf7dae89-60bd-4fdb-b925-c54a69ce656c"} 
[2026-08-26 21:19:26] testing.INFO: account.profile_updated {"audit_id":"01m0zban3n1r24ex7c7whz92ar","actor_id":"01m0zban3ec91r166az5y331je","target":"User:01m0zban3ec91r166az5y331je","request_id":"42b7212c-3238-42ea-9062-f16833d8a03c"} 
[2026-08-26 21:19:26] testing.INFO: course.updated {"audit_id":"01m0zbanae94p2f88kb1zyse5a","actor_id":"01m0zban9v7zs5nh3dwdtxx99a","target":"Course:01m0zban9wpkz6zrfjcgddsggd","request_id":"41953f0e-6a4c-492d-b016-4b59ea77046f"} 
[2026-08-26 21:19:26] testing.INFO: course.updated {"audit_id":"01m0zbandxar8vtwqb582ndq5s","actor_id":"01m0zbandhp3qcwcvgfn5tfe4r","target":"Course:01m0zbandjjp9w93exr8mc54mt","request_id":"f68a357e-0f62-4984-99c1-92feb30c0579"} 
[2026-08-26 21:19:26] testing.INFO: course.thumbnail_updated {"audit_id":"01m0zbanhrasfyagr81193keqw","actor_id":"01m0zbangz4f7tnx2a7g12sbsw","target":"Course:01m0zbanh1jtaq7sadp8cx0nk6","request_id":"f2c24790-0ca4-46db-a189-975af0e4e938"} 
[2026-08-26 21:19:26] testing.INFO: course.thumbnail_updated {"audit_id":"01m0zbanj87xxzxk84egp7y0v5","actor_id":"01m0zbangz4f7tnx2a7g12sbsw","target":"Course:01m0zbanh1jtaq7sadp8cx0nk6","request_id":"f2cbe9a2-05f8-4aa4-a692-8707fd2db3bd"} 
[2026-08-26 21:19:26] testing.INFO: course.thumbnail_updated {"audit_id":"01m0zbannvt3h2a7j250g9sw4n","actor_id":"01m0zbann9npjjrgtrjy9j9e0b","target":"Course:01m0zbannbtkvdwyjcpphdkshh","request_id":"7a18106d-3cb6-4c10-a145-47f9402af55b"} 
[2026-08-26 21:19:26] testing.INFO: course.thumbnail_removed {"audit_id":"01m0zbanp5wfhxk0d53kc5z4q9","actor_id":"01m0zbann9npjjrgtrjy9j9e0b","target":"Course:01m0zbannbtkvdwyjcpphdkshh","request_id":"51c72fa7-5406-4112-a671-16141218dbaa"} 
[2026-08-26 21:19:26] testing.INFO: course.thumbnail_updated {"audit_id":"01m0zbanspe28qb64hjdbvszc0","actor_id":"01m0zbans53sbhhbznmjn9n6d6","target":"Course:01m0zbans7145m3bp2jz92j696","request_id":"a97db8f8-fe62-4415-8c9d-245b0da18b90"} 
[2026-08-26 21:19:27] testing.INFO: payment.approved {"audit_id":"01m0zbapfsthzaendnhbvwe4he","actor_id":"01m0zbap462bj072te36rhmqpd","target":"Payment:01m0zbap4bgq05n61s878bkt79","request_id":"335e21f3-e063-4bee-83ea-44cb362c70a1"} 
[2026-08-26 21:19:27] testing.INFO: auth.logged_in {"audit_id":"01m0zbapqebf1eg0nzsetjzphh","actor_id":"01m0zbapq47ycgwsngvm5635yn","target":"User:01m0zbapq47ycgwsngvm5635yn","request_id":"631c6f31-ca50-4dea-be20-ff2603fd9b71"} 
[2026-08-26 21:19:27] testing.INFO: auth.logged_out {"audit_id":"01m0zbapqkda2m960xxek2v02k","actor_id":"01m0zbapq47ycgwsngvm5635yn","target":"User:01m0zbapq47ycgwsngvm5635yn","request_id":"4cd06508-ec09-47a6-aca6-a70df5ea262f"} 
[2026-08-26 21:19:27] testing.INFO: auth.logged_in {"audit_id":"01m0zbapqsp40z4vjjh6nmwaza","actor_id":"01m0zbapq47ycgwsngvm5635yn","target":"User:01m0zbapq47ycgwsngvm5635yn","request_id":"954c1310-89f8-4caf-b3b9-b87bb0a70861"} 
[2026-08-26 21:19:27] testing.INFO: auth.logged_in {"audit_id":"01m0zbaptzcwbjc267h5xwp8ap","actor_id":"01m0zbaptqjp7srx8bgnw1rh3v","target":"User:01m0zbaptqjp7srx8bgnw1rh3v","request_id":"397587a8-b968-4408-a3c3-bd94c58af3e2"} 
[2026-08-26 21:19:28] testing.INFO: user.devices_reset {"audit_id":"01m0zbapyeqd9hmh3f4zsbg73v","actor_id":"01m0zbapxz7f39bdqytgh9eryc","target":"User:01m0zbapy1jc7mqmgf0enqd8v2","request_id":"d2c842ae-b7a4-4c10-8b25-e1fe76daa2b6"} 
[2026-08-26 21:19:28] testing.INFO: settings.updated {"audit_id":"01m0zbaqar6qxga4r9f6cqc4qb","actor_id":"01m0zbaqa7prjaq67435ng630y","target":":","request_id":"fbfa5acf-a3e9-4245-a203-b7fd35600159"} 
[2026-08-26 21:19:28] testing.INFO: settings.updated {"audit_id":"01m0zbaqe2z6rd192f5mszkwt3","actor_id":"01m0zbaqdsns95jg4wrjwpj7tx","target":":","request_id":"eb721280-829d-40a5-9431-dcd444d46498"} 
[2026-08-26 21:19:28] testing.INFO: settings.updated {"audit_id":"01m0zbaqea8h40n3hnpz3gy8y5","actor_id":"01m0zbaqdsns95jg4wrjwpj7tx","target":":","request_id":"fa1ec024-073a-427e-8e4c-c03fbea9b02e"} 
[2026-08-26 21:19:28] testing.INFO: settings.institution_logo_updated {"audit_id":"01m0zbaqmy0x7x1wj0s3966nk1","actor_id":"01m0zbaqmgyvrm24k33kq30akn","target":":","request_id":"98d21245-c6b2-4957-a37c-d336a99a23b2"} 
[2026-08-26 21:19:28] testing.INFO: settings.institution_logo_updated {"audit_id":"01m0zbaqncwx68g1wrmxkk9xgh","actor_id":"01m0zbaqmgyvrm24k33kq30akn","target":":","request_id":"dd9f34e4-9156-4db0-9b7e-139c4e2ee601"} 
[2026-08-26 21:19:28] testing.INFO: settings.institution_logo_removed {"audit_id":"01m0zbaqnkgdxsy313ysecjpxg","actor_id":"01m0zbaqmgyvrm24k33kq30akn","target":":","request_id":"84310517-ac8f-46ef-a398-54fc9be0cabe"} 
[2026-08-26 21:19:28] testing.INFO: settings.institution_favicon_updated {"audit_id":"01m0zbaqrzznc11gk7psrna6b2","actor_id":"01m0zbaqrm671fyypgdpqcsdc3","target":":","request_id":"1236b8b8-c8f5-4ce0-8f85-ae0c76bea025"} 
[2026-08-26 21:19:29] testing.INFO: settings.updated {"audit_id":"01m0zbaqwkx3hg2tz8b9cp5bp4","actor_id":"01m0zbaqw92ef58yfxbxsw7pnr","target":":","request_id":"9861f4e6-bcb2-4966-b8a3-6b7b23f20ab2"} 
[2026-08-26 21:19:29] testing.INFO: settings.institution_logo_updated {"audit_id":"01m0zbar0ebnkex0g6v032y2vt","actor_id":"01m0zbaqzyb2h505v7crw5h0vx","target":":","request_id":"cf8aefbe-6124-4762-971b-cb459f50b932"} 
[2026-08-26 21:19:29] testing.INFO: auth.logged_in {"audit_id":"01m0zbard4xc6bwnvqfc5wgas8","actor_id":"01m0zbarcvfa81h0299y27m7yc","target":"User:01m0zbarcvfa81h0299y27m7yc","request_id":"daa6b49b-498c-4a9e-aa92-e7956e845be4"} 
[2026-08-26 21:19:29] testing.INFO: auth.login_blocked_suspended {"audit_id":"01m0zbarm6zcrqb4sxdh4qfwvf","actor_id":"01m0zbarm0jf63de3kaaxnmhfq","target":"User:01m0zbarm0jf63de3kaaxnmhfq","request_id":"d5678c6d-3114-4df3-9234-c0710e77a0ca"} 
[2026-08-26 21:19:29] testing.INFO: auth.logged_out {"audit_id":"01m0zbarteztmfm11tsrxxf2gc","actor_id":"01m0zbart6q0gnmj1395xxfx1e","target":"User:01m0zbart6q0gnmj1395xxfx1e","request_id":"fd100441-b09d-4366-aed0-387b9f12dd82"} 
[2026-08-26 21:19:30] testing.INFO: auth.logged_in {"audit_id":"01m0zbarxwpy8qnx6qeja5tcyz","actor_id":"01m0zbarxks6pfn1ykprdkt1kz","target":"User:01m0zbarxks6pfn1ykprdkt1kz","request_id":"6f44e5ef-3250-4b8e-9978-10a9590fcb60"} 
[2026-08-26 21:19:30] testing.INFO: payment.approved {"audit_id":"01m0zbas7dqdcbrymec5gzg5dd","actor_id":"01m0zbas1e6t1yaszbmnt0sxvy","target":"Payment:01m0zbas1fahgk6r91ggfeeavb","request_id":"2202ab50-e22b-4a4a-bc38-8e1bbcc90cce"} 
[2026-08-26 21:19:30] testing.INFO: payment.approved {"audit_id":"01m0zbasgwthvq5tn2ayad1251","actor_id":"01m0zbasax5f9b9a9ay2ad5y5t","target":"Payment:01m0zbasazvrjm7n7pzr57h705","request_id":"2041f236-44a5-4ab2-ae8f-7d4f2fbed082"} 
[2026-08-26 21:19:31] testing.INFO: payment.approved {"audit_id":"01m0zbasxqd694dtmf02fzq3ay","actor_id":"01m0zbasr0n62r8qfxednxk16w","target":"Payment:01m0zbasr1xz9kwdsmsfftdr9q","request_id":"4109347b-5042-4f69-9df0-b47506f45eb1"} 
[2026-08-26 21:19:31] testing.INFO: payment.rejected {"audit_id":"01m0zbat18p5a03wv9p64x00bv","actor_id":"01m0zbat0vbga1cma8sjnjvv4h","target":"Payment:01m0zbat0ww5wqs7ew2g5qtv7f","request_id":"01df524c-7071-4a36-8746-cf91a2b68df6"} 
[2026-08-26 21:19:31] testing.INFO: refund.recorded {"audit_id":"01m0zbatbfwe7mem1qja53sf48","actor_id":"01m0zbatatmccgch95t5n2xjpf","target":"Refund:01m0zbatbe9qggc380stxq792m","request_id":"5d3a9eac-dcf1-4561-b5bd-d20ab65c74f8"} 
[2026-08-26 21:19:31] testing.INFO: refund.processed {"audit_id":"01m0zbatc1cm7my7qms1g6aqc3","actor_id":"01m0zbatawwcc8a4w725fagenq","target":"Refund:01m0zbatbe9qggc380stxq792m","request_id":"9ffbd2aa-9342-4857-9132-bc8c02ef89c8"} 
[2026-08-26 21:19:33] testing.INFO: user.suspend {"audit_id":"01m0zbavwc32m1434rgwep836w","actor_id":"01m0zbavvf4h7b82apzzgagh3v","target":"User:01m0zbavvmwzrc0c81dkrwb6j1","request_id":"070d4254-b342-4d1d-98df-f63aa499a98b"} 
[2026-08-26 21:19:33] testing.INFO: user.archived {"audit_id":"01m0zbaw0vzazv8m8jdtzvmjnc","actor_id":"01m0zbavzvw7n0aptj0s503xxk","target":"User:01m0zbaw028ypwwrnxfa82p1hn","request_id":"1b39ccd2-cf36-4d11-8217-688f45e75f90"} 
[2026-08-26 21:19:33] testing.INFO: user.archived {"audit_id":"01m0zbaw4p91qsg8nnwt5b408a","actor_id":"01m0zbaw4g6qc2symqkps6v228","target":"User:01m0zbaw44mwpwdewb72xpqct4","request_id":"f6f2e41b-53a0-4538-8b0e-53244c7bc252"} 
[2026-08-26 21:19:33] testing.INFO: user.updated {"audit_id":"01m0zbaw7z34gzgkbc57x3bkqs","actor_id":"01m0zbaw7nmekb9mvs54ctbf2p","target":"User:01m0zbaw7qbxcb4h7zk3q2y7x7","request_id":"572d94ec-16bc-4bed-a190-a2f0e2ae9ae3"} 
[2026-08-26 21:19:33] testing.INFO: test.published {"audit_id":"01m0zbawpsd13dh5sj6qmycrtn","actor_id":"01m0zbawnz7yb1z4z2dxm7zpq7","target":"Test:01m0zbawp3c6wn07ac4zzqrhbj","request_id":"67a9001f-2591-42ef-b03e-4402d4bfeeb5"} 
[2026-08-26 21:19:34] testing.INFO: course.thumbnail_updated {"audit_id":"01m0zbawy64m62zxrxj0z9wgfz","actor_id":"01m0zbawxjy8k0w5kqdd3pc6jq","target":"Course:01m0zbawxmw0qz9bjhr5949ppb","request_id":"585b77c6-4f17-4151-8ddd-ee6bbe83eca4"} 
[2026-08-26 21:19:34] testing.INFO: course.updated {"audit_id":"01m0zbax1pxw81sy99p6cjhwpy","actor_id":"01m0zbax1a3akg7jg4afeapx51","target":"Course:01m0zbax1bwxejggcntmng87fv","request_id":"6bfa5d8e-e9ca-4e96-83b1-7883118acbcd"} 
[2026-08-26 21:19:34] testing.INFO: settings.payment_method_qr_updated {"audit_id":"01m0zbax54xk5trhdt2nwseqep","actor_id":"01m0zbax4p9e8pkpwxk2cy7rgm","target":"PaymentMethod:01m0zbax4kz2mvs48q7v4g8fcp","request_id":"03ec2eb6-c48a-4d4b-89a5-cf048b49ee4e"} 
[2026-08-26 21:19:34] testing.INFO: settings.institution_logo_updated {"audit_id":"01m0zbax8g0dmxt0c93dkwpxxc","actor_id":"01m0zbax81q8a6y1k82p6c8vy0","target":":","request_id":"1651fd0a-caf6-4398-90fd-334f3a2ceb96"} 
[2026-08-26 21:19:35] testing.INFO: payment.submitted {"audit_id":"01m0zbaypsmct98arkxgyztegc","actor_id":"01m0zbayp297j0syvy8c64v1f5","target":"Payment:01m0zbayprdshdvrq1bm7dbmnn","request_id":"55596cb6-dc87-4fac-aa72-d0b790ce30d9"} 
[2026-08-26 21:19:36] testing.INFO: payment.approved_at_capture {"audit_id":"01m0zbaywzvt7ta2d22t4r5mtj","actor_id":"01m0zbayp297j0syvy8c64v1f5","target":"Payment:01m0zbayprdshdvrq1bm7dbmnn","request_id":"55596cb6-dc87-4fac-aa72-d0b790ce30d9"} 
[2026-08-26 21:19:36] testing.INFO: payment.submitted {"audit_id":"01m0zbaz202pcrfqv2t4azh4fv","actor_id":"01m0zbaz15n1dg0kxaacm21g6e","target":"Payment:01m0zbaz1xtdmsa42j2n4tbxzy","request_id":"4326c911-d1f6-47cb-8387-bfcd7be829e1"} 
[2026-08-26 21:19:36] testing.INFO: payment.approved {"audit_id":"01m0zbaz7v7srxdvcn9hs9dpjd","actor_id":"01m0zbaz17zy9beyay4t0fw3dy","target":"Payment:01m0zbaz1xtdmsa42j2n4tbxzy","request_id":"eeb073f2-61d9-4d72-a1b7-ac1b7585e0e2"} 
[2026-08-26 21:19:36] testing.INFO: payment.submitted {"audit_id":"01m0zbazc07mc2xkw00377kkxv","actor_id":"01m0zbazb8q6nts599vheh9468","target":"Payment:01m0zbazbze556vs21rhk1tbxd","request_id":"8fcdda8c-ae64-472e-8045-2769e10291d9"} 
[2026-08-26 21:19:36] testing.INFO: payment.approved_at_capture {"audit_id":"01m0zbazhnqaj04akthbsahykk","actor_id":"01m0zbazb8q6nts599vheh9468","target":"Payment:01m0zbazbze556vs21rhk1tbxd","request_id":"8fcdda8c-ae64-472e-8045-2769e10291d9"} 
[2026-08-26 21:19:36] testing.INFO: payment.submitted {"audit_id":"01m0zbazjckwnbhrwnn06htn3p","actor_id":"01m0zbazb8q6nts599vheh9468","target":"Payment:01m0zbazjbpjx719k0pq6nw9a4","request_id":"da5529af-7287-4ed3-b4bf-44457b474a0f"} 
[2026-08-26 21:19:37] testing.INFO: payment.approved {"audit_id":"01m0zbazrga16q82vrnrrat204","actor_id":"01m0zbazbaccs9h1deyta39ac9","target":"Payment:01m0zbazjbpjx719k0pq6nw9a4","request_id":"1d49ca1f-7092-46dd-a1ee-fddaf01d51f1"} 
[2026-08-26 21:19:37] testing.INFO: course.created {"audit_id":"01m0zbazw4kej262mtk3gyjwza","actor_id":"01m0zbazvn90wdwz6v7gpdkvxr","target":"Course:01m0zbazw3hhv7xqrxxb3hf0c2","request_id":"c4291ac3-bcb4-483a-9265-8bdef5518c72"} 
[2026-08-26 21:19:37] testing.INFO: category.created {"audit_id":"01m0zbazzc9c7qaer3j2jb78r4","actor_id":"01m0zbazz1qgdy3h47h5ymb385","target":"Category:01m0zbazzbh1c7mbtf4bhx6mrb","request_id":"2e09b3ee-fa47-4169-bdb7-13f6110e92a5"} 
[2026-08-26 21:19:37] testing.INFO: syllabus.updated {"audit_id":"01m0zbb036qe9g6kmdm0ap7k20","actor_id":"01m0zbb02r9k4z0n08ken5vak2","target":"Course:01m0zbb02t1ywcxkkkn0kwx744","request_id":"fe918b13-e72e-4940-9952-10a8cd46c208"} 
[2026-08-26 21:19:37] testing.INFO: export.generated {"audit_id":"01m0zbb06e5ay9kz5gat6w8p92","actor_id":"01m0zbb060frsngxg5rjjsbpds","target":":","request_id":"bf1b4475-559b-411b-a4ac-43869764ff12"} 
[2026-08-26 21:19:38] testing.INFO: payment.proof_viewed {"audit_id":"01m0zbb0yqyj1k3fq1r11709gm","actor_id":"01m0zbb0y73pws383jjbc9p3e7","target":"Payment:01m0zbb0yhz5ghdg8x760xkxqf","request_id":"d63a83b0-0095-4dcb-a6d0-004e8e23098f"} 
[2026-08-26 21:19:38] testing.INFO: payment.approved {"audit_id":"01m0zbb1f8ezwrj01x3h75bw9v","actor_id":"01m0zbb1953m2rb0rtfb8h79s8","target":"Payment:01m0zbb196fjgvga3hznd7sgzd","request_id":"8b3c5a8c-35d7-4ded-91e6-44c2c15a7bc3"} 
[2026-08-26 21:19:39] testing.INFO: recording.created {"audit_id":"01m0zbb27xsznykmtmxjxdr1dt","actor_id":"01m0zbb27fd2jf2nsffent55wz","target":"Recording:01m0zbb27w5pm76cjy9pqg0efz","request_id":"934b4639-8ad6-4745-abf3-e83a20c30f25"} 
[2026-08-26 21:19:39] testing.INFO: resource.uploaded {"audit_id":"01m0zbb2etfhx5eq55ztd8fs58","actor_id":"01m0zbb2e9m82vb7tzz0evqfxc","target":"Resource:01m0zbb2es3r7h5qnw62dzxyk8","request_id":"7b56efc4-d960-47b7-94c3-480a3c699210"} 
[2026-08-26 21:19:40] testing.INFO: class.started {"audit_id":"01m0zbb2vdwr2a60vhrtev9q18","actor_id":"01m0zbb2tk6pp3ezvga5z07bva","target":"ClassSession:01m0zbb2tnbqyhwxs7q5esfjar","request_id":"0695a4cf-0b17-4a22-bf63-9dd950fc9216"} 
[2026-08-26 21:19:40] testing.INFO: recording.deleted {"audit_id":"01m0zbb326mh5f5rz93pvf94gv","actor_id":"01m0zbb31tqtqwftgjwmeahr9v","target":"Recording:01m0zbb31vmx5b331y0hwq6tmt","request_id":"a209f8d4-7924-4a6b-ac60-d7398e156635"} 
[2026-08-26 21:19:40] testing.INFO: recording.resynced {"audit_id":"01m0zbb35pzp4cvg0qaqc1znyg","actor_id":"01m0zbb35a4aqgwb0w8kpq9zjy","target":"Recording:01m0zbb35c92fy949qwe3m87ex","request_id":"42cd2f71-a558-4a16-b543-5458ee850265"} 
[2026-08-26 21:19:40] testing.INFO: recording.created {"audit_id":"01m0zbb39411e0pb8beyt3gn2q","actor_id":"01m0zbb38r23rkzjz35k74qcdj","target":"Recording:01m0zbb393rp2614nzjavh9z1t","request_id":"fc4719a5-f9ea-4ec8-8062-3451b6465c71"} 
[2026-08-26 21:28:57] testing.INFO: account.password_changed {"audit_id":"01m0zbw2wx73rqn35r1dh13eat","actor_id":"01m0zbw2t1th1ebpxtxwntf8vm","target":"User:01m0zbw2t1th1ebpxtxwntf8vm","request_id":"a15b4747-5ac7-47ce-92a7-3c19893556e0"} 
[2026-08-26 21:28:57] testing.INFO: account.password_changed {"audit_id":"01m0zbw3379jx36xdhyqbzmth9","actor_id":"01m0zbw32cjeexs0pme9nfsck8","target":"User:01m0zbw32cjeexs0pme9nfsck8","request_id":"cb34347d-1062-4542-a8f1-2425fc2994ca"} 
[2026-08-26 21:28:57] testing.INFO: account.two_factor_enabled {"audit_id":"01m0zbw379ep4z0yceyag312zs","actor_id":"01m0zbw36qzyc3fp0sbaw7yz9t","target":"User:01m0zbw36qzyc3fp0sbaw7yz9t","request_id":"bfc5cb0b-53ef-406e-b485-8848e9d5f91c"} 
[2026-08-26 21:28:57] testing.INFO: account.sessions_revoked {"audit_id":"01m0zbw3g8nr0fj8v971yf573t","actor_id":"01m0zbw3fxwpk4b9es1sp3g8p9","target":"User:01m0zbw3fxwpk4b9es1sp3g8p9","request_id":"468ff11d-d5a2-4107-9b11-3e13cbd43c56"} 
[2026-08-26 21:28:58] testing.INFO: settings.updated {"audit_id":"01m0zbw3msegyajwejnaxq4krp","actor_id":"01m0zbw3kx169qygdd080y9jcq","target":":","request_id":"0de00c99-caf4-488e-a515-9cf9eadc20b1"} 
[2026-08-26 21:28:58] testing.INFO: settings.updated {"audit_id":"01m0zbw3x8dp882fm9a0g989dx","actor_id":"01m0zbw3wy86g82ppkbg086xxv","target":":","request_id":"b562b57a-1d82-41b3-9a65-0d26a7c80cf8"} 
[2026-08-26 21:28:58] testing.INFO: role.updated {"audit_id":"01m0zbw445r7vpccyt1d73dwg8","actor_id":"01m0zbw43vetvrfs4cw0c7ffxn","target":"Role:01m0zbw42dan063agfe32n2dr5","request_id":"de38a9aa-5c41-4584-8461-871f1e2c4c17"} 
[2026-08-26 21:28:58] testing.INFO: settings.payment_method_qr_updated {"audit_id":"01m0zbw48s1w90995rzcbtyjw9","actor_id":"01m0zbw47hc8b24exzsrfg7azf","target":"PaymentMethod:01m0zbw47axj7wawfmkjp50h07","request_id":"9cceeb82-6fd8-4b6d-ae1d-03e36366b6c6"} 
[2026-08-26 21:28:58] testing.INFO: settings.payment_method_qr_removed {"audit_id":"01m0zbw49673kgv0ctazm5wtdq","actor_id":"01m0zbw47hc8b24exzsrfg7azf","target":"PaymentMethod:01m0zbw47axj7wawfmkjp50h07","request_id":"1a0cfb58-064a-42cc-85b5-e23208c307e4"} 
[2026-08-26 21:28:58] testing.INFO: settings.payment_method_qr_updated {"audit_id":"01m0zbw4d6knn2kf7g5s9hgjj1","actor_id":"01m0zbw4cn2bztz7k23wg3fa4n","target":"PaymentMethod:01m0zbw4cgax0c3bgv89a2t95y","request_id":"6670594d-e41c-42c1-ac18-25506edff57b"} 
[2026-08-26 21:28:59] testing.INFO: settings.updated {"audit_id":"01m0zbw4gzpfr23x2fm2665nsd","actor_id":"01m0zbw4gj045wqac5yfb5qkqj","target":":","request_id":"2150252d-482b-42d0-a8ac-df5d8efd349d"} 
[2026-08-26 21:28:59] testing.INFO: faq.created {"audit_id":"01m0zbw4nprvkxe7xzpjr23j96","actor_id":"01m0zbw4n62anwnc1s6reebdvc","target":"Faq:01m0zbw4nmz889yrfjn2g6h029","request_id":"6eb090ba-c734-4bb0-aa44-9b7fea395de9"} 
[2026-08-26 21:28:59] testing.INFO: faq.updated {"audit_id":"01m0zbw4nz26mgkxheggy22d4k","actor_id":"01m0zbw4n62anwnc1s6reebdvc","target":"Faq:01m0zbw4nmz889yrfjn2g6h029","request_id":"93882a99-d56c-46e9-9467-db77e4053191"} 
[2026-08-26 21:28:59] testing.INFO: faq.deleted {"audit_id":"01m0zbw4pc4wq3n0zbzw825cg4","actor_id":"01m0zbw4n62anwnc1s6reebdvc","target":"Faq:01m0zbw4nmz889yrfjn2g6h029","request_id":"7d0d70cb-c357-416f-ada0-8062bd3d5cdf"} 
[2026-08-26 21:28:59] testing.INFO: attempt.started {"audit_id":"01m0zbw51bkjjczgmbgvcd19mt","actor_id":"01m0zbw50p8zme75w1x4j8ay39","target":"TestAttempt:01m0zbw51awde7ty9nyr63mydz","request_id":"a68c0727-5dae-4f37-8a0d-3d19f1b7518e"} 
[2026-08-26 21:28:59] testing.INFO: attempt.started {"audit_id":"01m0zbw595x98bc50rak8b3myf","actor_id":"01m0zbw58nnv6v56frfv3ea8sw","target":"TestAttempt:01m0zbw594104011rdche4w9np","request_id":"8971eeb9-4d6b-4a4b-9563-362f9f0fdf0b"} 
[2026-08-26 21:28:59] testing.INFO: attempt.started {"audit_id":"01m0zbw59fsacyk0shys8ba2z5","actor_id":"01m0zbw58nnv6v56frfv3ea8sw","target":"TestAttempt:01m0zbw594104011rdche4w9np","request_id":"81395b5e-f88b-4d98-99a2-fa8bcfc10da0"} 
[2026-08-26 21:28:59] testing.INFO: attempt.started {"audit_id":"01m0zbw5dk7chr73a3a5navxcj","actor_id":"01m0zbw5d4n7w5934tj7c0yrn7","target":"TestAttempt:01m0zbw5djte51nvnazgahfa7t","request_id":"d6f9eb9d-180e-4a90-a0cb-b83f859ba22d"} 
[2026-08-26 21:29:00] testing.INFO: attempt.started {"audit_id":"01m0zbw5jad41jjmzt94n7mvjb","actor_id":"01m0zbw5hsts3vegb94hbg5mv4","target":"TestAttempt:01m0zbw5j85w6rgmt85vxgaz1y","request_id":"1e54211b-307a-41d8-b099-2dab23bfabd6"} 
[2026-08-26 21:29:00] testing.INFO: attempt.submitted {"audit_id":"01m0zbw5jzzk0zc7qgzme0evcr","actor_id":"01m0zbw5hsts3vegb94hbg5mv4","target":"TestAttempt:01m0zbw5j85w6rgmt85vxgaz1y","request_id":"7df8d93a-af9d-404c-9460-2f2d9977f170"} 
[2026-08-26 21:29:00] testing.INFO: attendance.imported {"audit_id":"01m0zbw5vq7kbgzs3x0pd41dsw","actor_id":"01m0zbw5tex4vqgcct4mzh6sz1","target":"ClassSession:01m0zbw5tn7dyrgyynpzwchyem","request_id":"f34ab864-306d-43be-9069-a7e322416b71"} 
[2026-08-26 21:29:00] testing.INFO: auth.registered {"audit_id":"01m0zbw5zb2qrw8mhm0sn9ft6a","actor_id":"01m0zbw5z9q1mss84casyegqce","target":"User:01m0zbw5z9q1mss84casyegqce","request_id":"ad5fa9c6-d974-4235-be9e-76df87201714"} 
[2026-08-26 21:29:00] testing.INFO: auth.logged_in {"audit_id":"01m0zbw672kn0a2gzpenm3y31p","actor_id":"01m0zbw66rk6q7bk5snkqjk9yt","target":"User:01m0zbw66rk6q7bk5snkqjk9yt","request_id":"267377aa-e3d5-431c-b292-3e79aa546b97"} 
[2026-08-26 21:29:00] testing.INFO: auth.logged_out {"audit_id":"01m0zbw67bjtvsdaab8557bvq2","actor_id":"01m0zbw66rk6q7bk5snkqjk9yt","target":"User:01m0zbw66rk6q7bk5snkqjk9yt","request_id":"7dd77dac-8b5d-4215-8169-5c69b3e60cda"} 
[2026-08-26 21:29:00] testing.INFO: auth.logged_in {"audit_id":"01m0zbw67gq3nvvskm9cd1tp97","actor_id":"01m0zbw66rk6q7bk5snkqjk9yt","target":"User:01m0zbw66rk6q7bk5snkqjk9yt","request_id":"5f381df8-f28c-4229-8118-c6fe917b09fd"} 
[2026-08-26 21:29:00] testing.INFO: auth.account_locked {"audit_id":"01m0zbw6f4jx256kkmaqgvaegj","actor_id":"01m0zbw6e938p01tweb8ywnzcz","target":"User:01m0zbw6e938p01tweb8ywnzcz","request_id":"a5ba1d44-4e9c-40fb-8b19-c451b674dbe5"} 
[2026-08-26 21:29:01] testing.INFO: auth.password_changed {"audit_id":"01m0zbw6kawmsmkq827pc137cg","actor_id":"01m0zbw6js5zpnynqvew4k9g7r","target":"User:01m0zbw6js5zpnynqvew4k9g7r","request_id":"289a5f39-25f0-4794-a9df-0a657fbeee42"} 
[2026-08-26 21:29:01] testing.INFO: account.profile_updated {"audit_id":"01m0zbw6pyr2d1sqvrsy29ke0z","actor_id":"01m0zbw6ppcz6n1rz16m4cqqgy","target":"User:01m0zbw6ppcz6n1rz16m4cqqgy","request_id":"0d9e0149-d171-4a82-ac37-e3da13c35909"} 
[2026-08-26 21:29:01] testing.INFO: course.updated {"audit_id":"01m0zbw6yskxzcysasz1kbstr2","actor_id":"01m0zbw6y5y5xm2gegm527j7p6","target":"Course:01m0zbw6y7ms9k240ka71xc7kf","request_id":"4342d969-f3fe-44ee-85ae-2f883d05cbea"} 
[2026-08-26 21:29:01] testing.INFO: course.updated {"audit_id":"01m0zbw72x5h7rdpbg7xhg3gjb","actor_id":"01m0zbw72fagw9fjg4w91vcf1q","target":"Course:01m0zbw72hvt4j9jxm3nngtvgf","request_id":"316f654d-734e-4581-a949-49c63505227e"} 
[2026-08-26 21:29:01] testing.INFO: course.thumbnail_updated {"audit_id":"01m0zbw779hkq97qds9sc2p2gz","actor_id":"01m0zbw76feegqd02r5zxn7221","target":"Course:01m0zbw76h8kd5ah56dsr9by9b","request_id":"9671087d-8b47-4840-817f-766e89b6fb36"} 
[2026-08-26 21:29:01] testing.INFO: course.thumbnail_updated {"audit_id":"01m0zbw77te5vr77hgmpebtsrg","actor_id":"01m0zbw76feegqd02r5zxn7221","target":"Course:01m0zbw76h8kd5ah56dsr9by9b","request_id":"455939d7-55f1-4469-b712-fd9b90d83341"} 
[2026-08-26 21:29:01] testing.INFO: course.thumbnail_updated {"audit_id":"01m0zbw7bskhvcrr0256xs6msp","actor_id":"01m0zbw7b4qqx60vvh6zsmf80r","target":"Course:01m0zbw7b6j0nn19wa4hwmf1jh","request_id":"3e86be24-f638-4560-907a-b1755a8da7d8"} 
[2026-08-26 21:29:01] testing.INFO: course.thumbnail_removed {"audit_id":"01m0zbw7c492wk93j9eze8da2s","actor_id":"01m0zbw7b4qqx60vvh6zsmf80r","target":"Course:01m0zbw7b6j0nn19wa4hwmf1jh","request_id":"14d52892-4f31-4041-b43f-0b64e4668fa7"} 
[2026-08-26 21:29:02] testing.INFO: course.thumbnail_updated {"audit_id":"01m0zbw7g7723cckgzdhvs6zrn","actor_id":"01m0zbw7fm9n04xe563pyqfx4q","target":"Course:01m0zbw7fp9w3qkwbmc36460r1","request_id":"dbecf0d9-25e9-4bf9-b763-205aa301b430"} 
[2026-08-26 21:29:02] testing.INFO: payment.approved {"audit_id":"01m0zbw87bxdzbdydz4dp47f1k","actor_id":"01m0zbw7vgg265wmz234qg5anx","target":"Payment:01m0zbw7vpvnnv9c5nhqttkras","request_id":"d5d05b78-0dd5-4d89-a0f9-6323ff25eee7"} 
[2026-08-26 21:29:03] testing.INFO: auth.logged_in {"audit_id":"01m0zbw8fhbhz9h5a2ps254v3w","actor_id":"01m0zbw8f6er9k4xbwgfg5tjkk","target":"User:01m0zbw8f6er9k4xbwgfg5tjkk","request_id":"5c9b0964-b496-405f-93a1-a7ae10ea0503"} 
[2026-08-26 21:29:03] testing.INFO: auth.logged_out {"audit_id":"01m0zbw8fq54q5g5d69f8hv87k","actor_id":"01m0zbw8f6er9k4xbwgfg5tjkk","target":"User:01m0zbw8f6er9k4xbwgfg5tjkk","request_id":"e6a12c2a-eff2-4ad3-a909-16b5def69ac4"} 
[2026-08-26 21:29:03] testing.INFO: auth.logged_in {"audit_id":"01m0zbw8fyw9dagstkfq2kkj6h","actor_id":"01m0zbw8f6er9k4xbwgfg5tjkk","target":"User:01m0zbw8f6er9k4xbwgfg5tjkk","request_id":"9941875a-df7b-4ad7-8e2b-464b93075375"} 
[2026-08-26 21:29:03] testing.INFO: auth.logged_in {"audit_id":"01m0zbw8ktp8c66h5w7va2gkry","actor_id":"01m0zbw8kjp15ap8awrmqbx6a0","target":"User:01m0zbw8kjp15ap8awrmqbx6a0","request_id":"df5f0e89-85a9-4c76-8a89-503975b6a62b"} 
[2026-08-26 21:29:03] testing.INFO: user.devices_reset {"audit_id":"01m0zbw8sdnd80zte7fdbcprmr","actor_id":"01m0zbw8rw7hq38b6g6j7r6zf4","target":"User:01m0zbw8ry1t2x1p0vk0gfqeq3","request_id":"91982fed-51b4-46da-bd8c-e97f9bcdf449"} 
[2026-08-26 21:29:03] testing.INFO: settings.updated {"audit_id":"01m0zbw97jhsyryfb4fawf7zez","actor_id":"01m0zbw96w3ga9xya3hn4kxsce","target":":","request_id":"55b21ddb-bff2-4632-816a-e8f1ce63d5ba"} 
[2026-08-26 21:29:03] testing.INFO: settings.updated {"audit_id":"01m0zbw9bew2bs80fcdkrvshwc","actor_id":"01m0zbw9b3axsar2qy3db32z89","target":":","request_id":"5a20e424-7cf6-4d76-9dca-c018b82c4407"} 
[2026-08-26 21:29:03] testing.INFO: settings.updated {"audit_id":"01m0zbw9brfybr1nrcq8xtdp6c","actor_id":"01m0zbw9b3axsar2qy3db32z89","target":":","request_id":"bfcf9775-66cf-499e-bec0-7014ebfce5ad"} 
[2026-08-26 21:29:04] testing.INFO: settings.institution_logo_updated {"audit_id":"01m0zbw9kf6rv305qds80qxebw","actor_id":"01m0zbw9k0jfbtr619z3p2j1sy","target":":","request_id":"4a6ca990-d88c-4e4d-bfeb-2f7d6da0f467"} 
[2026-08-26 21:29:04] testing.INFO: settings.institution_logo_updated {"audit_id":"01m0zbw9ky4cs0jmcgrq4yef73","actor_id":"01m0zbw9k0jfbtr619z3p2j1sy","target":":","request_id":"6c0238b9-c538-4bab-8351-671edaafe074"} 
[2026-08-26 21:29:04] testing.INFO: settings.institution_logo_removed {"audit_id":"01m0zbw9m6k52pwercf7j0tmsz","actor_id":"01m0zbw9k0jfbtr619z3p2j1sy","target":":","request_id":"df03c6fc-fa68-4ae0-bbb9-7e78a2325ead"} 
[2026-08-26 21:29:04] testing.INFO: settings.institution_favicon_updated {"audit_id":"01m0zbw9r4f3jy12rz675y50q5","actor_id":"01m0zbw9qqzv46br37w756f5ca","target":":","request_id":"7b895067-af4a-482b-a3aa-6cb46b79e6d0"} 
[2026-08-26 21:29:04] testing.INFO: settings.updated {"audit_id":"01m0zbw9w3ta1qdngv827z126v","actor_id":"01m0zbw9vs7zn0ves2s65rxgek","target":":","request_id":"08c196e0-0084-4fd6-ab84-05fe615be5e8"} 
[2026-08-26 21:29:04] testing.INFO: settings.institution_logo_updated {"audit_id":"01m0zbwa0q2sp533dsjc7wxy6r","actor_id":"01m0zbwa06rxk34f5hw2q96sfs","target":":","request_id":"593003d9-8777-457c-8dd9-38f9464c1c12"} 
[2026-08-26 21:29:05] testing.INFO: auth.logged_in {"audit_id":"01m0zbwaeny7eh46c91skrg719","actor_id":"01m0zbwaeazcsmzddqstdm5e98","target":"User:01m0zbwaeazcsmzddqstdm5e98","request_id":"5e8af7dd-aeb3-43b2-9ea7-bc82d571dbe8"} 
[2026-08-26 21:29:05] testing.INFO: auth.login_blocked_suspended {"audit_id":"01m0zbwanx1qbcbtvr2tbder5z","actor_id":"01m0zbwanmw0d7r4vmv71w9rf8","target":"User:01m0zbwanmw0d7r4vmv71w9rf8","request_id":"05bf60ad-bfa9-4098-b5b1-6f527b81974a"} 
[2026-08-26 21:29:05] testing.INFO: auth.logged_out {"audit_id":"01m0zbwax7v2szhh0ey3ppx6yr","actor_id":"01m0zbwawvvnrma34m6r6bxeye","target":"User:01m0zbwawvvnrma34m6r6bxeye","request_id":"51e750cc-4bbc-4a79-9221-f8439c1399c7"} 
[2026-08-26 21:29:05] testing.INFO: auth.logged_in {"audit_id":"01m0zbwb0xbqnr1qgg87vwnm74","actor_id":"01m0zbwb0nky5sjxvfm8gvvbwd","target":"User:01m0zbwb0nky5sjxvfm8gvvbwd","request_id":"b0979d2d-cd14-47d2-a226-3d4e0fdfa147"} 
[2026-08-26 21:29:05] testing.INFO: payment.approved {"audit_id":"01m0zbwbb5brabt093tda6n7se","actor_id":"01m0zbwb4jk2dym1hwwqcx0qvb","target":"Payment:01m0zbwb4mkhw5m5dq5fc9ehg7","request_id":"d6504cf0-622b-4763-afab-589b078b8e9f"} 
[2026-08-26 21:29:06] testing.INFO: payment.approved {"audit_id":"01m0zbwbnnnrcsh9cg9r66k4tv","actor_id":"01m0zbwbezmrrc9wc9ewdqwrwz","target":"Payment:01m0zbwbf1wc3219g47pj7t38a","request_id":"e9795c3c-50e2-41de-969a-b6fa3299c1d2"} 
[2026-08-26 21:29:06] testing.INFO: payment.approved {"audit_id":"01m0zbwc3kt9r6hhb5vj7rfmmd","actor_id":"01m0zbwbxa2hf5bgq8bvmntjv9","target":"Payment:01m0zbwbxbrrp9wbtj3wdb6kra","request_id":"78a2a367-6576-4cd1-a008-e4ee030ba120"} 
[2026-08-26 21:29:06] testing.INFO: payment.rejected {"audit_id":"01m0zbwc7kp9vw2p4daxax9nx7","actor_id":"01m0zbwc74j84xb22h6sd6jwn9","target":"Payment:01m0zbwc76gq4vd40ejm4st8pm","request_id":"f9cdd434-c5ce-4d99-9f59-a22ceba851f9"} 
[2026-08-26 21:29:07] testing.INFO: refund.recorded {"audit_id":"01m0zbwck7rd4dgjd26hx8e9a3","actor_id":"01m0zbwcjkf6ta0kyx1c9c5q4r","target":"Refund:01m0zbwck6ba6ee3s69sjmsfdh","request_id":"feb3e954-7885-4e37-9a41-9456341c614c"} 
[2026-08-26 21:29:07] testing.INFO: refund.processed {"audit_id":"01m0zbwckrcj9fmq07jdztatx2","actor_id":"01m0zbwcjn6dnyk4ras50ky0kc","target":"Refund:01m0zbwck6ba6ee3s69sjmsfdh","request_id":"70549aad-2a49-49a7-8ca4-c4988a234176"} 
[2026-08-26 21:29:09] testing.INFO: user.suspend {"audit_id":"01m0zbwea5dxtcjck6114bvgk7","actor_id":"01m0zbwe92cf5ptrbws4gqaj4d","target":"User:01m0zbwe98rch15gd1pq2zbsa7","request_id":"cf199515-af81-4cb2-b84f-6deb977862b1"} 
[2026-08-26 21:29:09] testing.INFO: user.archived {"audit_id":"01m0zbwefecvnm2dkjtygcnq2w","actor_id":"01m0zbwee9tts0q2kwm7shfcta","target":"User:01m0zbweegz0d4edp3973pqj8z","request_id":"203c9e60-9bf5-484e-b2e1-201c5faa9cb9"} 
[2026-08-26 21:29:09] testing.INFO: user.archived {"audit_id":"01m0zbwen516sbmrkkhq84mncj","actor_id":"01m0zbwemzje4rjdj4t8jmrszp","target":"User:01m0zbwemj4gcx4w6m55hm2bq6","request_id":"9a418d76-5ec3-46f8-8e2d-d785db34312e"} 
[2026-08-26 21:29:09] testing.INFO: user.updated {"audit_id":"01m0zbwernq0gywg8tnakmf0hj","actor_id":"01m0zbweraej91gwzyfcjkahjn","target":"User:01m0zbwerdnvj1vr58sbwd4chj","request_id":"9041e3f0-b8e7-41dd-968e-b4934de235ec"} 
[2026-08-26 21:29:10] testing.INFO: test.published {"audit_id":"01m0zbwf949svv52539fcvzf3n","actor_id":"01m0zbwf85spqs13ep3ynh64pe","target":"Test:01m0zbwf899dx42qd36fgm4mmj","request_id":"53fd883d-2b72-474e-b11a-4090545a8e12"} 
[2026-08-26 21:29:10] testing.INFO: course.thumbnail_updated {"audit_id":"01m0zbwfhc1ptavc5p3j70yfrp","actor_id":"01m0zbwfgmrftrq6btjvghg83y","target":"Course:01m0zbwfgpk015zbwrycbqj64n","request_id":"df613ce2-d5c6-4350-9a18-0a614cf66eaf"} 
[2026-08-26 21:29:10] testing.INFO: course.updated {"audit_id":"01m0zbwfn73efngs2af3b9mmg5","actor_id":"01m0zbwfmrws5dxwqtgqx3yv8a","target":"Course:01m0zbwfmtmapxz8a8kwdg94k6","request_id":"b153fdfd-ee09-42b9-afc0-b9820f3e71c7"} 
[2026-08-26 21:29:10] testing.INFO: settings.payment_method_qr_updated {"audit_id":"01m0zbwfrzvy55qe3cf0zctdj6","actor_id":"01m0zbwfrg0tr4ghqc3qxwmcf6","target":"PaymentMethod:01m0zbwfrd9psyr1hah27tt3rb","request_id":"e3526ea5-6487-4df3-ada3-808c823a85b4"} 
[2026-08-26 21:29:10] testing.INFO: settings.institution_logo_updated {"audit_id":"01m0zbwfwnhhc6apprnsak70se","actor_id":"01m0zbwfw52tvrbzxgt0hjpdfa","target":":","request_id":"082ee8b0-3ddd-47ae-9cf6-aa405602168f"} 
[2026-08-26 21:29:12] testing.INFO: payment.submitted {"audit_id":"01m0zbwhmcjz1t64mrkw8gaypt","actor_id":"01m0zbwhkgfc2y7zakbed6t7pd","target":"Payment:01m0zbwhmb9cyabjv1zvkmg7qb","request_id":"f4e8a567-0fa6-4680-9a89-2677ddde7c83"} 
[2026-08-26 21:29:12] testing.INFO: payment.approved_at_capture {"audit_id":"01m0zbwhtpzd4yycb9970pxdf4","actor_id":"01m0zbwhkgfc2y7zakbed6t7pd","target":"Payment:01m0zbwhmb9cyabjv1zvkmg7qb","request_id":"f4e8a567-0fa6-4680-9a89-2677ddde7c83"} 
[2026-08-26 21:29:12] testing.INFO: payment.submitted {"audit_id":"01m0zbwhzr2sagbev6hh5m3zdg","actor_id":"01m0zbwhyp0bpykstczpf6ntvg","target":"Payment:01m0zbwhzptjd9r98fagmw1x4b","request_id":"c2ef6f92-3eea-4ad5-a0ba-fb14aa5fef18"} 
[2026-08-26 21:29:13] testing.INFO: payment.approved {"audit_id":"01m0zbwj6dr23zy65j9m9rw1qs","actor_id":"01m0zbwhyr70pem9rdkgeaabj7","target":"Payment:01m0zbwhzptjd9r98fagmw1x4b","request_id":"ee0db49f-5993-4fc2-92d7-80aed33c6ac5"} 
[2026-08-26 21:29:13] testing.INFO: payment.submitted {"audit_id":"01m0zbwjb3037mk89px0tjrbyt","actor_id":"01m0zbwja1d56xb45rsbtwjqtr","target":"Payment:01m0zbwjb1hr3p6ps25scea2vp","request_id":"46c1beef-79df-4339-9edb-bbf9b5b5f190"} 
[2026-08-26 21:29:13] testing.INFO: payment.approved_at_capture {"audit_id":"01m0zbwjhec5v9mw1qvgdm912k","actor_id":"01m0zbwja1d56xb45rsbtwjqtr","target":"Payment:01m0zbwjb1hr3p6ps25scea2vp","request_id":"46c1beef-79df-4339-9edb-bbf9b5b5f190"} 
[2026-08-26 21:29:13] testing.INFO: payment.submitted {"audit_id":"01m0zbwjj7wj705xxy0khe8jjx","actor_id":"01m0zbwja1d56xb45rsbtwjqtr","target":"Payment:01m0zbwjj5q4dwr2fe2ahx665j","request_id":"d91d9d70-7817-4da1-a6d6-e274d7342729"} 
[2026-08-26 21:29:13] testing.INFO: payment.approved {"audit_id":"01m0zbwjs5hhayscr3vfbc8yfp","actor_id":"01m0zbwja4nhgrs2cvwy8bpz5r","target":"Payment:01m0zbwjj5q4dwr2fe2ahx665j","request_id":"5d9baffc-86dd-4d2f-83e3-4b7f9360a6d9"} 
[2026-08-26 21:29:13] testing.INFO: course.created {"audit_id":"01m0zbwjxg76h7jd3mqjm4svs0","actor_id":"01m0zbwjwy43zhgeqgcxskx0nb","target":"Course:01m0zbwjxfyg9egzaa1kjc2g6e","request_id":"a07231e3-ddc7-4075-a77e-ec802e8337a4"} 
[2026-08-26 21:29:13] testing.INFO: category.created {"audit_id":"01m0zbwk11aebtyccchqrwvfxs","actor_id":"01m0zbwk0m8cpvgs9yz50b3n4f","target":"Category:01m0zbwk1002pdyavnrkc04hdy","request_id":"0085090b-4f94-4bb9-84f9-a5bfccb1592f"} 
[2026-08-26 21:29:13] testing.INFO: syllabus.updated {"audit_id":"01m0zbwk598x8ap6p7rt8rgk3s","actor_id":"01m0zbwk4tn3g66466v6q09gpv","target":"Course:01m0zbwk4vy1kwh5chr00xnbw3","request_id":"6128d993-205f-4e01-a900-078fa56a50ee"} 
[2026-08-26 21:29:14] testing.INFO: export.generated {"audit_id":"01m0zbwk91sgbt98ed9z53z0cx","actor_id":"01m0zbwk8ha2fn9ssrdvn62ete","target":":","request_id":"5f8af673-49ce-4dd9-b8ea-9cf342c76e4c"} 
[2026-08-26 21:29:14] testing.INFO: payment.proof_viewed {"audit_id":"01m0zbwm43krha2sg05q40kznt","actor_id":"01m0zbwm3h2seqh8s450j61624","target":"Payment:01m0zbwm3vsmeybqkbjvaxahsn","request_id":"51d82dd1-01a5-4f00-bc7f-9fee0067ec75"} 
[2026-08-26 21:29:15] testing.INFO: payment.approved {"audit_id":"01m0zbwmp3gj29ttxjgeq1gegv","actor_id":"01m0zbwmfh4sqg1s130n4n33dc","target":"Payment:01m0zbwmfkpxm0bn0j8srkav6x","request_id":"dd883205-4e96-445d-83a9-46ea93c16c94"} 
[2026-08-26 21:29:16] testing.INFO: recording.created {"audit_id":"01m0zbwnjpmb4h9nj7q2767qcp","actor_id":"01m0zbwnj4axtsasn1mvw9z27h","target":"Recording:01m0zbwnjnzz7x4rf92aqm5rjf","request_id":"060f8b64-652b-495d-b1b2-66c631d18efa"} 
[2026-08-26 21:29:16] testing.INFO: resource.uploaded {"audit_id":"01m0zbwntez2tjemtbsz7ektcb","actor_id":"01m0zbwnsqm3vaw63bkzvnw6jj","target":"Resource:01m0zbwntcz8avgtfq149ysvzk","request_id":"48ccc588-f81b-4355-91f0-ac6da3f38765"} 
[2026-08-26 21:29:17] testing.INFO: class.started {"audit_id":"01m0zbwp8nhx4efn48dmhd32pn","actor_id":"01m0zbwp7q119z4p8nhq45fvy3","target":"ClassSession:01m0zbwp7te7n7c8aee59f23b6","request_id":"d5cf0b26-2d59-4c01-8bc7-e16e0117e96e"} 
[2026-08-26 21:29:17] testing.INFO: recording.deleted {"audit_id":"01m0zbwphqdzdsnsm32j0aq151","actor_id":"01m0zbwpgs4sat0x3w2906a7sy","target":"Recording:01m0zbwpgxhfe7rzkrp96wr33w","request_id":"7aaa045f-9cbe-4d76-adfd-ab1d786077d8"} 
[2026-08-26 21:29:17] testing.INFO: recording.resynced {"audit_id":"01m0zbwppp5s0cskar7b2ey5hs","actor_id":"01m0zbwpp82bygmn397gk6k8cr","target":"Recording:01m0zbwpp97k56yts21btxpnmm","request_id":"e2fa22bf-6618-4adf-b865-a0323ec7af9d"} 
[2026-08-26 21:29:17] testing.INFO: recording.created {"audit_id":"01m0zbwptnnpvpr8h8w41sz7qb","actor_id":"01m0zbwpt7r5gtsate1vq9x19p","target":"Recording:01m0zbwptkkgew9fcdangwym74","request_id":"6358dc89-c1ed-4d3e-bb84-f87ab91709f3"} 
